{"type":"FeatureCollection","metadata":{"date":"2026-09-19","active_alerts":[{"alert_id":"7734739b34a12289","source":"nowcasting","alert_type":"nowcasting","interval_text":"","interval_start":"2026-09-19T00:40:00","interval_end":"2026-09-19T06:00:00","durata_ore":5.3,"valid_from":"2026-09-19T00:40:00","valid_to":"2026-09-19T06:00:00","cod_culoare_max":1,"fenomene_pe_cod":{"1":"Ceață ce determină vizibilitate redusă, local sub 200 m și izolat sub 50 m."},"judete_afectate":["MS"],"judete_count":1,"judete_culori":{"MS":1},"color_counts":{"1":1},"text_alerta_html":"","message":"Ceață ce determină vizibilitate redusă, local sub 200 m și izolat sub 50 m.","feature_meta":{"MS":{"county_code":"MS","county_name":"Mureș","zone_name":"Mureș - localitati","display_name":"Mureș - localitati","localities":["Luduș","Sarmașu","Râciu","Zau de Câmpie","Valea Largă","Sânpetru de Câmpie","Chețani","Miheșu de Câmpie","Sânger","Șăulia","Pogăceaua","Tăureni"],"geometry_source":"coordGis","match_confidence":"high"}},"source_url":"","source_label":"","notes":""},{"alert_id":"7275d4f69253dde4","source":"nowcasting","alert_type":"nowcasting","interval_text":"","interval_start":"2026-09-18T23:10:00","interval_end":"2026-09-19T06:00:00","durata_ore":6.8,"valid_from":"2026-09-18T23:10:00","valid_to":"2026-09-19T06:00:00","cod_culoare_max":1,"fenomene_pe_cod":{"1":"Local ceață ce determină vizibilitate redusă sub 200 m și izolat sub 50 m."},"judete_afectate":["BN","SJ"],"judete_count":2,"judete_culori":{"SJ":1,"BN":1},"color_counts":{"1":2},"text_alerta_html":"","message":"Local ceață ce determină vizibilitate redusă sub 200 m și izolat sub 50 m.","feature_meta":{"SJ":{"county_code":"SJ","county_name":"Sălaj","zone_name":"Sălaj - localitati","display_name":"Sălaj - localitati","localities":["Bălan","Surduc","Hida","Creaca","Almașu","Românași","Gârbou","Gâlgău","Ileanda","Letca","Cuzăplac","Băbeni","Sânmihaiu Almașului","Cristolț","Fildu de Jos","Șimișna","Dragu","Poiana Blenchii","Zalha","Zimbor","Rus","Lozna"],"geometry_source":"uat_match","match_confidence":"medium"},"BN":{"county_code":"BN","county_name":"Bistrița-Năsăud","zone_name":"Bistrița-Năsăud - localitati","display_name":"Bistrița-Năsăud - localitati","localities":["Bistrița","Beclean","Teaca","Lechința","Nimigea","Căianu Mic","Șintereag","Chiochiș","Braniștea","Petru Rareș","Uriu","Șieu-Măgheruș","Nușeni","Matei","Șieu-Odorhei","Mărișelu","Galații Bistriței","Urmeniș","Chiuza","Budești","Ciceu-Giurgești","Sânmihaiu de Câmpie","Miceștii de Câmpie","Ciceu - Mihăiești","Silivașu de Câmpie"],"geometry_source":"uat_match","match_confidence":"medium"}},"source_url":"","source_label":"","notes":""}],"alert_count":2,"general_alert_count":0,"nowcasting_alert_count":2,"manual_nowcasting_alert_count":0,"feature_count":3,"general_feature_count":0,"nowcasting_feature_count":3,"max_color":1,"general_max_color":0,"nowcasting_count":2,"has_nowcasting":true,"has_manual_nowcasting":false,"calendar_badge":"NC","sources":["nowcasting"],"alerts_by_county":{"BN":[{"alert_id":"7275d4f69253dde4","cod":"Galben","culoare":"1","fenomen_group":"ceata","source":"nowcasting"}],"MS":[{"alert_id":"7734739b34a12289","cod":"Galben","culoare":"1","fenomen_group":"ceata","source":"nowcasting"}],"SJ":[{"alert_id":"7275d4f69253dde4","cod":"Galben","culoare":"1","fenomen_group":"ceata","source":"nowcasting"}]},"max_by_county":{"BN":{"max_color":1,"alert_count":1,"phenomena":["ceata"]},"MS":{"max_color":1,"alert_count":1,"phenomena":["ceata"]},"SJ":{"max_color":1,"alert_count":1,"phenomena":["ceata"]}}},"features":[{"type":"Feature","geometry":{"type":"MultiPolygon","coordinates":[[[[24.000962,46.438709],[24.001457,46.439129],[24.001738,46.439379],[24.002435,46.440035],[24.002599,46.440202],[24.002684,46.440282],[24.002762,46.440336],[24.003001,46.440427],[24.003173,46.44051],[24.003387,46.44064],[24.003624,46.440888],[24.00482,46.442172],[23.999609,46.445073],[23.999306,46.445236],[23.999391,46.445316],[23.999474,46.445399],[23.99913,46.445607],[23.99811,46.446243],[23.997659,46.446592],[23.99727,46.446895],[23.996888,46.447198],[23.996501,46.447502],[23.996194,46.447755],[23.995887,46.448008],[23.99567,46.448191],[23.995352,46.448428],[23.99514,46.448564],[23.995024,46.448623],[23.994606,46.448752],[23.993435,46.448715],[23.992861,46.448632],[23.992181,46.448476],[23.99173,46.448314],[23.990718,46.447874],[23.989818,46.447451],[23.989497,46.44724],[23.989376,46.447542],[23.989272,46.44776],[23.989111,46.448211],[23.9887,46.449015],[23.988003,46.449067],[23.987317,46.449034],[23.986231,46.448956],[23.986135,46.44904],[23.986055,46.449139],[23.985875,46.449222],[23.985576,46.449296],[23.985304,46.449367],[23.98515,46.449428],[23.985081,46.449523],[23.985103,46.449648],[23.985204,46.449762],[23.985567,46.450198],[23.985932,46.450772],[23.986045,46.450923],[23.986216,46.450975],[23.986963,46.450888],[23.987362,46.450796],[23.988068,46.450764],[23.988775,46.450943],[23.989604,46.451305],[23.989904,46.451606],[23.990081,46.451887],[23.989927,46.452603],[23.989565,46.452995],[23.989279,46.453259],[23.988825,46.453576],[23.988411,46.453828],[23.988066,46.454],[23.987624,46.45413],[23.98715,46.454172],[23.986812,46.454073],[23.986413,46.453879],[23.986133,46.453743],[23.985917,46.453606],[23.985701,46.453469],[23.985652,46.453443],[23.985526,46.453359],[23.9854,46.453274],[23.984917,46.452996],[23.984182,46.452576],[23.983929,46.452434],[23.98349,46.452107],[23.983424,46.452087],[23.983369,46.452081],[23.983336,46.452088],[23.982819,46.452247],[23.981786,46.452572],[23.981365,46.452716],[23.979509,46.453276],[23.979207,46.454646],[23.97914,46.45536],[23.979377,46.456067],[23.979934,46.456469],[23.98071,46.456593],[23.981325,46.456332],[23.981839,46.455957],[23.982513,46.456463],[23.984222,46.457617],[23.984868,46.458744],[23.984108,46.45905],[23.983522,46.45894],[23.982449,46.458811],[23.981393,46.458793],[23.980443,46.458141],[23.977329,46.45855],[23.97659,46.458551],[23.975768,46.458477],[23.975173,46.458309],[23.974699,46.458236],[23.974044,46.45823],[23.973263,46.458327],[23.972345,46.458419],[23.971857,46.458572],[23.971543,46.458648],[23.971206,46.458951],[23.970749,46.459352],[23.970878,46.460384],[23.972058,46.462186],[23.970774,46.463872],[23.969267,46.462953],[23.968885,46.464884],[23.968897,46.465568],[23.9688,46.467301],[23.968609,46.467411],[23.968394,46.467483],[23.968188,46.46757],[23.968067,46.467673],[23.967946,46.467776],[23.967917,46.467865],[23.967887,46.468011],[23.967791,46.468864],[23.967824,46.469904],[23.967857,46.470995],[23.967836,46.471351],[23.967822,46.472115],[23.967732,46.472515],[23.967551,46.47261],[23.967143,46.472686],[23.966798,46.472873],[23.966667,46.472894],[23.966059,46.472776],[23.965701,46.472789],[23.965052,46.472672],[23.96481,46.472699],[23.964383,46.473251],[23.964219,46.473624],[23.964086,46.474372],[23.963976,46.474673],[23.963881,46.474793],[23.96379,46.47489],[23.96342,46.475235],[23.963281,46.475365],[23.96308,46.475485],[23.962972,46.475547],[23.962844,46.475631],[23.963058,46.476341],[23.964339,46.47717],[23.965463,46.477879],[23.966901,46.478581],[23.968464,46.479382],[23.969064,46.479668],[23.969847,46.480033],[23.970466,46.480372],[23.970476,46.480377],[23.971462,46.480927],[23.973669,46.481922],[23.973646,46.481964],[23.972912,46.482893],[23.972614,46.483354],[23.972177,46.483712],[23.97211,46.484249],[23.971868,46.484611],[23.971562,46.484692],[23.971435,46.484986],[23.971137,46.485375],[23.971041,46.485519],[23.971025,46.485747],[23.970897,46.486268],[23.97076,46.486728],[23.970658,46.487432],[23.970412,46.488102],[23.970242,46.488458],[23.970071,46.488795],[23.969743,46.489155],[23.969415,46.489515],[23.969313,46.48975],[23.968769,46.490324],[23.968552,46.490813],[23.968092,46.491364],[23.96774,46.491725],[23.967546,46.492113],[23.967,46.49271],[23.96712,46.492815],[23.967092,46.492922],[23.966989,46.492989],[23.966856,46.492996],[23.966658,46.493228],[23.966144,46.493985],[23.966006,46.494416],[23.965758,46.494708],[23.965405,46.49522],[23.965397,46.495482],[23.965505,46.495611],[23.965599,46.495699],[23.965576,46.495726],[23.96552,46.495796],[23.965438,46.495898],[23.965429,46.495952],[23.965483,46.496051],[23.965688,46.496352],[23.965672,46.496537],[23.965523,46.496803],[23.96549,46.497053],[23.965119,46.497329],[23.965025,46.497516],[23.964667,46.49774],[23.964175,46.498403],[23.964928,46.499293],[23.965237,46.49966],[23.965755,46.500357],[23.965852,46.500406],[23.966164,46.500478],[23.967032,46.500581],[23.968547,46.500458],[23.969461,46.501679],[23.970267,46.502728],[23.969244,46.503178],[23.968325,46.503704],[23.967769,46.504007],[23.968038,46.504158],[23.968591,46.504511],[23.968775,46.504732],[23.968889,46.504884],[23.968957,46.50494],[23.969466,46.504839],[23.969963,46.504781],[23.970617,46.504809],[23.970915,46.50484],[23.971387,46.504815],[23.971797,46.504826],[23.972309,46.504761],[23.972592,46.50471],[23.973866,46.504625],[23.974994,46.504555],[23.974,46.505104],[23.971951,46.505918],[23.971418,46.506167],[23.971028,46.506333],[23.970637,46.506498],[23.969505,46.507017],[23.969093,46.507181],[23.968758,46.507255],[23.968412,46.507298],[23.968194,46.507361],[23.967773,46.507596],[23.967443,46.507899],[23.966895,46.50834],[23.96674,46.508491],[23.966384,46.508831],[23.965784,46.509134],[23.965647,46.509205],[23.965299,46.50946],[23.96512,46.509649],[23.965035,46.509903],[23.965044,46.510138],[23.965007,46.51034],[23.964923,46.510548],[23.964772,46.510723],[23.964528,46.510919],[23.964425,46.511052],[23.964419,46.511111],[23.964047,46.511191],[23.963456,46.511243],[23.963258,46.511369],[23.9632,46.511499],[23.963144,46.511634],[23.963197,46.511946],[23.96298,46.512028],[23.962795,46.512032],[23.962448,46.51216],[23.962273,46.512287],[23.962102,46.512367],[23.961827,46.512401],[23.961325,46.512366],[23.960829,46.512716],[23.960631,46.512997],[23.960096,46.513286],[23.959854,46.513385],[23.959254,46.513973],[23.959057,46.514254],[23.959001,46.514424],[23.959112,46.514887],[23.958999,46.515271],[23.959015,46.515352],[23.959045,46.515436],[23.9591,46.515531],[23.959557,46.51614],[23.959882,46.51663],[23.96004,46.516913],[23.960138,46.517142],[23.960249,46.517362],[23.960718,46.517954],[23.960802,46.518051],[23.961066,46.518247],[23.961182,46.518318],[23.961413,46.518442],[23.961611,46.518515],[23.961909,46.518627],[23.962294,46.518737],[23.962614,46.518838],[23.962845,46.518893],[23.963094,46.518947],[23.96327,46.518978],[23.964186,46.51912],[23.965642,46.519439],[23.966038,46.51955],[23.966545,46.519775],[23.966891,46.519994],[23.967076,46.520119],[23.967121,46.520137],[23.967177,46.520206],[23.967229,46.520252],[23.967347,46.520374],[23.967454,46.520466],[23.967482,46.520503],[23.967491,46.520528],[23.967563,46.520599],[23.968272,46.521245],[23.968582,46.521516],[23.969226,46.522057],[23.969627,46.522498],[23.969663,46.522529],[23.969699,46.522579],[23.969827,46.522718],[23.970178,46.523045],[23.970192,46.523068],[23.970186,46.523085],[23.970164,46.523098],[23.969943,46.523186],[23.969827,46.523231],[23.969783,46.523258],[23.96968,46.523365],[23.969622,46.52341],[23.969584,46.523464],[23.969351,46.5237],[23.969075,46.523997],[23.969044,46.524036],[23.969022,46.524112],[23.96902,46.524165],[23.969028,46.524203],[23.96905,46.524257],[23.969152,46.524404],[23.969449,46.524778],[23.969576,46.524952],[23.969584,46.524968],[23.969606,46.525219],[23.969659,46.525372],[23.969687,46.525433],[23.969825,46.525619],[23.969889,46.525695],[23.970497,46.526316],[23.97129,46.526975],[23.971554,46.527195],[23.972304,46.527792],[23.972368,46.527855],[23.97283,46.528233],[23.973063,46.528443],[23.973184,46.52859],[23.973339,46.528911],[23.97345,46.529102],[23.973525,46.529203],[23.973597,46.529259],[23.974023,46.529504],[23.974377,46.529741],[23.975063,46.530043],[23.97524,46.530139],[23.975298,46.530185],[23.97537,46.530261],[23.975429,46.530391],[23.975462,46.530483],[23.975461,46.530506],[23.97549,46.530635],[23.975523,46.530887],[23.975509,46.531047],[23.975471,46.531254],[23.975457,46.531393],[23.975529,46.531498],[23.975576,46.53159],[23.975723,46.531819],[23.975841,46.531964],[23.976121,46.532357],[23.976343,46.532642],[23.976459,46.532772],[23.97652,46.532831],[23.976553,46.532846],[23.97683,46.532868],[23.976951,46.532864],[23.977272,46.532912],[23.977579,46.533025],[23.977798,46.533142],[23.978089,46.533329],[23.978166,46.533389],[23.978482,46.533725],[23.97867,46.533924],[23.978736,46.534006],[23.978933,46.534342],[23.979174,46.534876],[23.97924,46.535006],[23.979285,46.535077],[23.979343,46.535148],[23.979492,46.535312],[23.979761,46.535562],[23.979952,46.535753],[23.980096,46.535881],[23.980987,46.536504],[23.98169,46.536975],[23.981903,46.537133],[23.982008,46.537225],[23.982241,46.537432],[23.982306,46.537512],[23.982335,46.537537],[23.982606,46.538018],[23.982714,46.538178],[23.983168,46.538707],[23.983636,46.539227],[23.983949,46.539596],[23.984115,46.539764],[23.984428,46.54006],[23.984785,46.540425],[23.984935,46.540601],[23.985076,46.540866],[23.985295,46.541025],[23.985347,46.541078],[23.98553,46.541199],[23.985655,46.541292],[23.985685,46.541308],[23.985694,46.541335],[23.985768,46.541349],[23.986256,46.541755],[23.986693,46.542051],[23.986898,46.542219],[23.98694,46.542229],[23.987042,46.542237],[23.987075,46.542247],[23.987527,46.542304],[23.987616,46.54232],[23.987814,46.542378],[23.988477,46.542664],[23.989025,46.54291],[23.989256,46.542978],[23.989708,46.543077],[23.989995,46.543104],[23.990459,46.5431],[23.991122,46.543067],[23.99162,46.543043],[23.99236,46.543102],[23.992659,46.543135],[23.992792,46.542953],[23.992981,46.542764],[23.99314,46.542662],[23.993264,46.542615],[23.993397,46.542577],[23.99343,46.542579],[23.993453,46.542562],[23.994848,46.542222],[23.995722,46.542017],[23.996497,46.541844],[23.997682,46.541582],[23.998169,46.541488],[23.998373,46.541437],[23.99853,46.541418],[23.998696,46.541399],[23.999259,46.541388],[23.999491,46.541389],[23.99983,46.541402],[23.999855,46.541399],[24.000153,46.541426],[24.000402,46.541447],[24.000435,46.541455],[24.000501,46.541449],[24.000557,46.541434],[24.000965,46.541364],[24.001063,46.541338],[24.00127,46.541317],[24.001289,46.541313],[24.001472,46.541293],[24.002555,46.541191],[24.002931,46.541159],[24.003148,46.541132],[24.003065,46.540801],[24.003053,46.54071],[24.003068,46.540637],[24.003093,46.540612],[24.003134,46.540587],[24.00352,46.540441],[24.003773,46.540365],[24.003818,46.540361],[24.003862,46.540342],[24.003944,46.540322],[24.00422,46.540237],[24.004504,46.540137],[24.004666,46.540069],[24.005259,46.539716],[24.006017,46.539245],[24.006454,46.538802],[24.006799,46.538464],[24.006958,46.538336],[24.007005,46.538309],[24.007019,46.538294],[24.007766,46.537911],[24.008731,46.537177],[24.008893,46.537045],[24.009164,46.536788],[24.009635,46.536425],[24.00972,46.536352],[24.00981,46.53626],[24.01016,46.535862],[24.010309,46.535724],[24.010417,46.535628],[24.010564,46.535463],[24.010785,46.535197],[24.010829,46.535154],[24.010859,46.535137],[24.010867,46.535114],[24.011361,46.534547],[24.011492,46.53438],[24.011514,46.534369],[24.011519,46.53434],[24.011584,46.534258],[24.011677,46.53416],[24.011822,46.533982],[24.011961,46.533855],[24.012309,46.533548],[24.012605,46.533318],[24.012769,46.533199],[24.012981,46.533078],[24.013591,46.53277],[24.013682,46.532734],[24.013745,46.532704],[24.014057,46.532602],[24.014313,46.532501],[24.014845,46.532346],[24.015872,46.531993],[24.016437,46.531843],[24.016831,46.531729],[24.017731,46.531513],[24.017775,46.531507],[24.018676,46.531298],[24.01879,46.531272],[24.019044,46.531231],[24.019354,46.531243],[24.019542,46.531259],[24.019686,46.531287],[24.021115,46.531457],[24.021492,46.531478],[24.022045,46.531491],[24.022371,46.531489],[24.022715,46.531499],[24.023213,46.531558],[24.023645,46.531596],[24.024121,46.531648],[24.024221,46.531657],[24.024354,46.531679],[24.025663,46.531945],[24.026761,46.532154],[24.026794,46.532154],[24.02696,46.532193],[24.027149,46.532266],[24.028224,46.532817],[24.028246,46.532823],[24.028424,46.53291],[24.028457,46.532918],[24.029036,46.533196],[24.02927,46.53333],[24.029594,46.533583],[24.029631,46.5336],[24.029655,46.533669],[24.030002,46.534008],[24.030253,46.53424],[24.03083,46.534886],[24.031134,46.535286],[24.031552,46.535809],[24.031737,46.536054],[24.03247,46.536966],[24.032731,46.537266],[24.032903,46.537497],[24.033184,46.537888],[24.033266,46.537965],[24.033731,46.538324],[24.033796,46.538386],[24.033843,46.53844],[24.033853,46.538463],[24.03384,46.538592],[24.033621,46.539228],[24.033614,46.539327],[24.033816,46.540245],[24.033889,46.540613],[24.033883,46.540624],[24.033907,46.540685],[24.033945,46.540945],[24.034081,46.541337],[24.034116,46.541363],[24.034134,46.541407],[24.034158,46.541507],[24.034165,46.541591],[24.03425,46.542018],[24.03426,46.542057],[24.034271,46.542065],[24.034282,46.542074],[24.034894,46.542163],[24.034924,46.542173],[24.034971,46.542175],[24.035302,46.542224],[24.035533,46.542265],[24.03659,46.542503],[24.036997,46.542631],[24.037203,46.542703],[24.037458,46.54278],[24.037505,46.542801],[24.037711,46.542866],[24.038082,46.543012],[24.038674,46.543258],[24.038685,46.543262],[24.038697,46.543254],[24.03871,46.543258],[24.038785,46.543293],[24.039413,46.543551],[24.039619,46.543625],[24.039893,46.543742],[24.040204,46.543851],[24.040457,46.543936],[24.040741,46.543974],[24.041119,46.543982],[24.04155,46.543951],[24.041948,46.543932],[24.041992,46.543925],[24.04282,46.543935],[24.042942,46.543926],[24.043041,46.543916],[24.043075,46.543906],[24.043306,46.543762],[24.043494,46.543937],[24.043726,46.544114],[24.04409,46.544354],[24.044183,46.544405],[24.044575,46.544629],[24.045338,46.545016],[24.045109,46.545286],[24.044803,46.545679],[24.04375,46.547434],[24.043474,46.54773],[24.043425,46.547774],[24.043052,46.548369],[24.043035,46.548407],[24.043023,46.548484],[24.042926,46.548662],[24.042815,46.548905],[24.042657,46.549315],[24.042369,46.549762],[24.042208,46.550039],[24.04145,46.551209],[24.041327,46.551399],[24.040855,46.551978],[24.040347,46.552488],[24.040121,46.552848],[24.039926,46.553049],[24.039947,46.553052],[24.040049,46.553058],[24.04009,46.553068],[24.040101,46.55308],[24.040098,46.553097],[24.039788,46.55371],[24.039719,46.553915],[24.039696,46.55396],[24.039607,46.554386],[24.0395,46.554644],[24.039433,46.554804],[24.039108,46.555346],[24.038922,46.555588],[24.038773,46.555774],[24.038725,46.555817],[24.038523,46.55604],[24.038416,46.556171],[24.037438,46.557239],[24.0375,46.557264],[24.038476,46.557606],[24.038487,46.557597],[24.038595,46.557636],[24.038979,46.557767],[24.039125,46.557803],[24.039959,46.55799],[24.040411,46.558059],[24.040623,46.558072],[24.040899,46.558078],[24.041982,46.55805],[24.042126,46.558059],[24.042523,46.558065],[24.044088,46.558411],[24.044429,46.558473],[24.044936,46.558504],[24.045655,46.558444],[24.046915,46.55841],[24.047799,46.558393],[24.047821,46.558399],[24.047942,46.558465],[24.049563,46.559386],[24.049917,46.559583],[24.049956,46.559612],[24.050199,46.559755],[24.050827,46.560111],[24.051098,46.560278],[24.051481,46.560538],[24.051791,46.560852],[24.052244,46.561489],[24.052554,46.561774],[24.052584,46.56182],[24.052643,46.561957],[24.052672,46.56208],[24.052673,46.562133],[24.052686,46.562165],[24.052656,46.562213],[24.052661,46.562229],[24.05264,46.562339],[24.052643,46.562442],[24.052844,46.563409],[24.052871,46.563684],[24.052886,46.564049],[24.052881,46.564076],[24.052886,46.564084],[24.052876,46.564114],[24.052801,46.564179],[24.052788,46.564217],[24.052787,46.564552],[24.052768,46.564667],[24.052764,46.565474],[24.052751,46.565772],[24.052762,46.565932],[24.052784,46.566282],[24.052841,46.566579],[24.052886,46.566762],[24.053034,46.567531],[24.053024,46.567699],[24.05296,46.568164],[24.052939,46.568453],[24.052782,46.569071],[24.052772,46.569284],[24.052784,46.569726],[24.052813,46.570732],[24.052842,46.570953],[24.052917,46.571189],[24.053085,46.571493],[24.053154,46.571607],[24.053202,46.571668],[24.053469,46.571988],[24.054205,46.572779],[24.054236,46.572832],[24.054356,46.573107],[24.054373,46.573267],[24.054383,46.57351],[24.054393,46.57383],[24.054393,46.573849],[24.054384,46.573857],[24.053216,46.574423],[24.052429,46.574931],[24.052849,46.575517],[24.053231,46.575989],[24.053558,46.576403],[24.053669,46.576559],[24.053981,46.577062],[24.054271,46.577556],[24.054441,46.577823],[24.054594,46.578021],[24.054816,46.578264],[24.054955,46.578462],[24.05522,46.578942],[24.055478,46.579604],[24.0556,46.579786],[24.055726,46.579969],[24.055743,46.580015],[24.055865,46.580205],[24.055879,46.580251],[24.055907,46.58027],[24.056041,46.580499],[24.056166,46.580765],[24.056353,46.581089],[24.057313,46.582432],[24.057717,46.582957],[24.057747,46.583001],[24.05781,46.583144],[24.057827,46.583427],[24.057854,46.58361],[24.057871,46.583629],[24.057933,46.583805],[24.058157,46.584324],[24.058539,46.585279],[24.059028,46.586814],[24.059174,46.587372],[24.059587,46.588841],[24.059606,46.588948],[24.059616,46.588986],[24.059625,46.58899],[24.059651,46.589124],[24.059678,46.589269],[24.059678,46.589307],[24.059692,46.589377],[24.059772,46.589799],[24.059783,46.58983],[24.059794,46.589944],[24.059815,46.590047],[24.060008,46.590605],[24.060022,46.590666],[24.060142,46.590979],[24.0602,46.591056],[24.060885,46.59173],[24.061011,46.591855],[24.061507,46.592437],[24.061818,46.592781],[24.061961,46.592926],[24.06225,46.593187],[24.062923,46.593654],[24.06324,46.593934],[24.063333,46.594025],[24.063394,46.594102],[24.064277,46.595073],[24.06447,46.595326],[24.064634,46.595525],[24.06494,46.595884],[24.065657,46.596413],[24.066062,46.596811],[24.066382,46.597022],[24.066524,46.597335],[24.066557,46.597396],[24.06659,46.597457],[24.066853,46.597696],[24.06692,46.597758],[24.067116,46.597936],[24.067531,46.598404],[24.067545,46.598632],[24.067565,46.598959],[24.067553,46.59918],[24.067514,46.599298],[24.067259,46.600072],[24.067241,46.600193],[24.067241,46.600331],[24.067262,46.600499],[24.06732,46.60056],[24.067452,46.600675],[24.067499,46.600728],[24.067488,46.600789],[24.06742,46.600995],[24.067431,46.601033],[24.067459,46.601091],[24.067427,46.60125],[24.067413,46.601319],[24.067406,46.601339],[24.067368,46.601452],[24.067284,46.601727],[24.067236,46.601994],[24.06721,46.602211],[24.067191,46.602607],[24.067191,46.602729],[24.067228,46.603012],[24.067224,46.603042],[24.067233,46.603065],[24.067142,46.603603],[24.067141,46.60374],[24.067155,46.603757],[24.067205,46.603776],[24.067572,46.603841],[24.067738,46.60388],[24.068654,46.604114],[24.06869,46.604136],[24.068682,46.604202],[24.068689,46.604256],[24.068631,46.60432],[24.068495,46.604442],[24.068475,46.604468],[24.068464,46.60451],[24.068726,46.604984],[24.068802,46.605091],[24.068805,46.605107],[24.068786,46.605137],[24.068736,46.605177],[24.068586,46.605253],[24.068539,46.605287],[24.068522,46.60531],[24.068499,46.605411],[24.06844,46.605483],[24.068418,46.605526],[24.068418,46.605547],[24.068429,46.605586],[24.068467,46.605639],[24.068549,46.605708],[24.068613,46.60575],[24.068844,46.605875],[24.069026,46.605984],[24.069006,46.605991],[24.06889,46.606032],[24.068643,46.606107],[24.068347,46.606161],[24.068209,46.606168],[24.06801,46.606156],[24.067888,46.606136],[24.067703,46.606107],[24.067685,46.606288],[24.067638,46.606803],[24.067614,46.606944],[24.0676,46.606993],[24.067589,46.607007],[24.067575,46.60701],[24.067539,46.607005],[24.067484,46.606951],[24.06744,46.606932],[24.06741,46.606935],[24.06736,46.606956],[24.067271,46.607051],[24.067136,46.607369],[24.067105,46.607407],[24.067008,46.607498],[24.066822,46.607602],[24.066702,46.607659],[24.066683,46.607676],[24.066095,46.608002],[24.065984,46.608054],[24.065753,46.608183],[24.065339,46.608475],[24.064592,46.609037],[24.064372,46.609184],[24.064194,46.60926],[24.063989,46.609299],[24.06358,46.609322],[24.06295,46.609279],[24.061801,46.609118],[24.060878,46.608997],[24.060466,46.608915],[24.060444,46.60909],[24.060411,46.609143],[24.060305,46.609201],[24.060275,46.609211],[24.060219,46.609224],[24.06012,46.609231],[24.059678,46.609091],[24.059396,46.609114],[24.059152,46.609117],[24.05892,46.609077],[24.058744,46.609],[24.058512,46.608884],[24.058368,46.608821],[24.057398,46.608694],[24.056893,46.608621],[24.056793,46.608613],[24.056776,46.608606],[24.056527,46.608571],[24.056399,46.608259],[24.056258,46.607946],[24.056134,46.607663],[24.05611,46.607467],[24.05611,46.607427],[24.056184,46.60703],[24.05618,46.606832],[24.056169,46.606717],[24.056155,46.606661],[24.056097,46.606749],[24.056047,46.606849],[24.056002,46.60706],[24.055923,46.607243],[24.055868,46.607342],[24.055795,46.607502],[24.055626,46.607978],[24.055386,46.608557],[24.055346,46.608677],[24.055281,46.608934],[24.055238,46.609239],[24.055207,46.60938],[24.055134,46.609605],[24.055075,46.609731],[24.055048,46.609761],[24.054995,46.609765],[24.054708,46.609714],[24.054365,46.609685],[24.054243,46.609676],[24.054033,46.609675],[24.053474,46.609685],[24.052844,46.60972],[24.052351,46.60975],[24.05187,46.60975],[24.051356,46.60971],[24.0513,46.609712],[24.051234,46.609702],[24.050957,46.609686],[24.050659,46.60966],[24.050598,46.609663],[24.050487,46.609651],[24.050178,46.609639],[24.048176,46.609521],[24.047916,46.609528],[24.047501,46.609595],[24.047385,46.609626],[24.047279,46.609655],[24.047252,46.609657],[24.047207,46.609674],[24.047124,46.609687],[24.046803,46.609774],[24.046348,46.609982],[24.046015,46.610185],[24.045618,46.61054],[24.045026,46.61111],[24.04442,46.611653],[24.044109,46.611934],[24.043909,46.612094],[24.043531,46.612344],[24.043179,46.612547],[24.042658,46.612778],[24.042167,46.612959],[24.041594,46.613125],[24.040949,46.613269],[24.04065,46.613322],[24.040342,46.613383],[24.039768,46.613482],[24.038313,46.613731],[24.038302,46.613744],[24.037344,46.61391],[24.037194,46.61394],[24.036873,46.614027],[24.036674,46.614087],[24.036336,46.61421],[24.036097,46.614316],[24.036008,46.614378],[24.035865,46.614439],[24.035889,46.614513],[24.035888,46.614536],[24.035869,46.614549],[24.035708,46.614602],[24.035431,46.614674],[24.034982,46.614806],[24.034628,46.614902],[24.034024,46.615065],[24.033985,46.61508],[24.033777,46.615129],[24.033227,46.615222],[24.031599,46.615521],[24.031035,46.615613],[24.031019,46.615565],[24.030591,46.615561],[24.030243,46.615577],[24.030109,46.615578],[24.029819,46.615579],[24.029637,46.615564],[24.029371,46.615517],[24.028957,46.615433],[24.028668,46.615365],[24.028257,46.615268],[24.027826,46.615246],[24.027008,46.615234],[24.02651,46.615187],[24.026389,46.615181],[24.025482,46.615372],[24.025213,46.61543],[24.025155,46.615444],[24.025218,46.615588],[24.025534,46.616207],[24.025909,46.61707],[24.026132,46.617581],[24.026145,46.617597],[24.026034,46.617718],[24.026001,46.617764],[24.025973,46.617825],[24.025945,46.617901],[24.025945,46.618107],[24.025906,46.618199],[24.025847,46.61829],[24.025606,46.61861],[24.024805,46.619775],[24.024775,46.619805],[24.024689,46.619927],[24.024469,46.620178],[24.024161,46.620445],[24.024022,46.620726],[24.023955,46.620841],[24.023931,46.62086],[24.023853,46.620955],[24.023428,46.621389],[24.022984,46.621868],[24.022656,46.622294],[24.022634,46.62234],[24.022217,46.622942],[24.022173,46.62301],[24.022078,46.623193],[24.021955,46.62346],[24.021663,46.624054],[24.021582,46.624244],[24.021554,46.62429],[24.021465,46.624519],[24.021422,46.624671],[24.021424,46.62469],[24.021416,46.624706],[24.021388,46.624887],[24.021353,46.62517],[24.021345,46.62525],[24.021322,46.625342],[24.021254,46.62586],[24.021147,46.626443],[24.021016,46.626914],[24.020982,46.627002],[24.020939,46.627101],[24.020852,46.627253],[24.020801,46.627319],[24.020792,46.627344],[24.020629,46.627548],[24.020495,46.627683],[24.020467,46.627702],[24.020196,46.627827],[24.020246,46.627862],[24.0204,46.627936],[24.020991,46.628197],[24.021008,46.628211],[24.021516,46.628427],[24.021736,46.628519],[24.021786,46.628533],[24.021907,46.628555],[24.02217,46.628566],[24.022394,46.628543],[24.022402,46.628549],[24.022538,46.628523],[24.022859,46.628488],[24.023313,46.628455],[24.023645,46.628453],[24.024984,46.628425],[24.025426,46.628424],[24.026306,46.628393],[24.026771,46.628385],[24.026959,46.62839],[24.027023,46.628402],[24.02711,46.628408],[24.027201,46.628432],[24.027411,46.628502],[24.027576,46.628576],[24.027693,46.628643],[24.027902,46.628799],[24.028626,46.629422],[24.028829,46.629607],[24.028965,46.62976],[24.029158,46.630013],[24.029383,46.630335],[24.029424,46.630381],[24.029578,46.630657],[24.029584,46.630665],[24.029623,46.630698],[24.029648,46.630821],[24.02977,46.631],[24.029957,46.631329],[24.030231,46.631849],[24.030599,46.632454],[24.030857,46.632853],[24.031093,46.633182],[24.031177,46.633262],[24.031418,46.633501],[24.031505,46.633574],[24.031628,46.633705],[24.031752,46.633911],[24.031828,46.634064],[24.031913,46.634309],[24.031979,46.634698],[24.031992,46.635369],[24.031986,46.6354],[24.032012,46.635514],[24.032071,46.63566],[24.03227,46.636065],[24.032507,46.636578],[24.032608,46.636883],[24.032686,46.63709],[24.032768,46.637312],[24.032848,46.637739],[24.032939,46.637976],[24.033,46.638167],[24.033254,46.639207],[24.033287,46.639204],[24.033868,46.639162],[24.034065,46.639551],[24.034092,46.639635],[24.034111,46.639826],[24.034332,46.640468],[24.034425,46.640751],[24.034522,46.640942],[24.034648,46.641233],[24.03468,46.641545],[24.034679,46.641606],[24.034733,46.641927],[24.034731,46.642041],[24.034677,46.642115],[24.03468,46.642121],[24.034602,46.642204],[24.034428,46.642325],[24.03423,46.642445],[24.034147,46.642508],[24.034029,46.642636],[24.033899,46.642845],[24.033867,46.642931],[24.033838,46.643224],[24.033793,46.643397],[24.033718,46.643688],[24.033687,46.643836],[24.033655,46.643985],[24.033639,46.644046],[24.033631,46.644251],[24.033607,46.644487],[24.033584,46.644723],[24.033544,46.645066],[24.036066,46.645381],[24.038088,46.645643],[24.03838,46.645717],[24.038673,46.645791],[24.038773,46.645814],[24.039041,46.645876],[24.039485,46.646],[24.039995,46.64613],[24.040705,46.646398],[24.041138,46.646519],[24.041687,46.646747],[24.042112,46.64693],[24.04245,46.647084],[24.042842,46.647246],[24.043533,46.647537],[24.044829,46.648121],[24.045528,46.648415],[24.045645,46.64847],[24.046291,46.64873],[24.046613,46.648852],[24.046741,46.648894],[24.046921,46.648941],[24.047664,46.649104],[24.048016,46.649172],[24.048373,46.649219],[24.048584,46.649249],[24.04916,46.649376],[24.049991,46.649487],[24.050746,46.649665],[24.051489,46.64985],[24.052173,46.650036],[24.052575,46.650138],[24.053075,46.650282],[24.053407,46.650371],[24.053518,46.650398],[24.053696,46.65042],[24.053892,46.650454],[24.055569,46.650739],[24.056032,46.650803],[24.057295,46.650934],[24.057993,46.650994],[24.058427,46.651005],[24.058561,46.651008],[24.058782,46.651004],[24.058812,46.651005],[24.058842,46.651007],[24.058992,46.65186],[24.059175,46.652503],[24.059282,46.65271],[24.059361,46.652862],[24.059439,46.652982],[24.059621,46.653259],[24.059845,46.653526],[24.059972,46.653677],[24.060323,46.654016],[24.060874,46.654502],[24.060908,46.654513],[24.060958,46.654548],[24.061388,46.654792],[24.061774,46.654986],[24.062395,46.655239],[24.062445,46.655277],[24.062454,46.655294],[24.062509,46.655348],[24.063265,46.656049],[24.06372,46.656392],[24.063784,46.656438],[24.064036,46.656463],[24.064538,46.656459],[24.064814,46.656437],[24.065169,46.656401],[24.065357,46.65637],[24.065722,46.656239],[24.065866,46.656198],[24.066087,46.656161],[24.066375,46.656114],[24.067095,46.656015],[24.068069,46.655833],[24.068412,46.655749],[24.068943,46.655579],[24.068985,46.655552],[24.069629,46.655342],[24.069861,46.655284],[24.070039,46.655269],[24.070271,46.655265],[24.070415,46.655273],[24.070537,46.655292],[24.071158,46.65544],[24.071602,46.655583],[24.071787,46.655642],[24.071901,46.655657],[24.073042,46.655724],[24.073386,46.65574],[24.073474,46.655751],[24.074372,46.655922],[24.075181,46.65609],[24.075314,46.656112],[24.075425,46.656139],[24.075772,46.656286],[24.075811,46.656295],[24.076088,46.656352],[24.07639,46.656402],[24.07652,46.656432],[24.076579,46.656438],[24.076612,46.656451],[24.076944,46.656523],[24.077707,46.656706],[24.078586,46.656906],[24.078862,46.656968],[24.079403,46.657076],[24.079428,46.657088],[24.079661,46.657143],[24.079944,46.657246],[24.080166,46.657364],[24.080377,46.65749],[24.08079,46.657785],[24.08119,46.657983],[24.081331,46.658046],[24.081742,46.658269],[24.081873,46.658328],[24.08202,46.658368],[24.082815,46.658529],[24.083635,46.658685],[24.084104,46.658754],[24.084292,46.658778],[24.084625,46.658791],[24.085378,46.658756],[24.085632,46.658725],[24.085776,46.658689],[24.086673,46.658494],[24.086983,46.658444],[24.08726,46.658417],[24.087448,46.658392],[24.088123,46.658218],[24.089063,46.657964],[24.089307,46.657922],[24.08944,46.657891],[24.089617,46.657863],[24.090657,46.657678],[24.091554,46.65747],[24.092128,46.657347],[24.092236,46.657316],[24.092853,46.657192],[24.093118,46.657163],[24.093593,46.657117],[24.094324,46.657108],[24.094524,46.657118],[24.09459,46.657127],[24.094746,46.657152],[24.094868,46.657182],[24.095125,46.657273],[24.095358,46.657374],[24.095422,46.657413],[24.095437,46.65743],[24.095454,46.657481],[24.095472,46.65774],[24.095456,46.657884],[24.095459,46.657915],[24.095352,46.658296],[24.095159,46.658795],[24.095119,46.658878],[24.095067,46.658982],[24.094401,46.659742],[24.094191,46.660006],[24.09406,46.660199],[24.093995,46.660363],[24.093916,46.660652],[24.09383,46.661003],[24.09373,46.661469],[24.093814,46.661472],[24.094279,46.661461],[24.095198,46.66145],[24.095962,46.66144],[24.097292,46.661468],[24.097901,46.661473],[24.098012,46.661479],[24.098034,46.661474],[24.098189,46.661476],[24.098386,46.661486],[24.0985,46.661485],[24.100129,46.661531],[24.100207,46.661531],[24.100215,46.661521],[24.100284,46.661519],[24.100727,46.661528],[24.101026,46.661536],[24.101071,46.661532],[24.101414,46.661548],[24.101946,46.661561],[24.102354,46.661578],[24.102359,46.661595],[24.102431,46.661901],[24.102555,46.662242],[24.102768,46.662887],[24.102952,46.663402],[24.103188,46.664009],[24.103274,46.664252],[24.103648,46.665305],[24.103776,46.665882],[24.10381,46.66592],[24.104049,46.666085],[24.104149,46.666183],[24.104177,46.666221],[24.104219,46.666251],[24.104274,46.666322],[24.104344,46.666364],[24.104584,46.666632],[24.104988,46.667054],[24.105282,46.667319],[24.105575,46.667583],[24.105575,46.667593],[24.105613,46.667614],[24.105889,46.667844],[24.106049,46.667936],[24.106565,46.668188],[24.10681,46.66832],[24.106797,46.668334],[24.106546,46.668606],[24.106365,46.668836],[24.106082,46.669252],[24.106052,46.669277],[24.10581,46.669398],[24.105435,46.66962],[24.105226,46.669766],[24.105206,46.669794],[24.105192,46.669855],[24.105227,46.669993],[24.105268,46.670107],[24.105271,46.670138],[24.105353,46.670298],[24.105534,46.670581],[24.105546,46.670613],[24.105578,46.670666],[24.105618,46.67078],[24.105711,46.670994],[24.105861,46.671399],[24.105905,46.671476],[24.106204,46.671935],[24.106438,46.672226],[24.107009,46.673014],[24.107223,46.673328],[24.107503,46.673764],[24.107503,46.673779],[24.107574,46.673909],[24.107601,46.673978],[24.107625,46.67407],[24.107646,46.674276],[24.107679,46.674368],[24.107708,46.67442],[24.107715,46.674444],[24.107835,46.674651],[24.107898,46.674826],[24.107928,46.674941],[24.108078,46.675193],[24.108358,46.675793],[24.108382,46.675855],[24.108387,46.675862],[24.108398,46.675862],[24.108395,46.675874],[24.108535,46.676199],[24.108581,46.676367],[24.108602,46.676481],[24.108601,46.676603],[24.108561,46.676916],[24.108374,46.678111],[24.108456,46.678134],[24.10889,46.678251],[24.109474,46.678368],[24.110584,46.67855],[24.11083,46.67859],[24.110816,46.678627],[24.110748,46.678875],[24.110632,46.679233],[24.110452,46.679694],[24.110407,46.679822],[24.110407,46.679842],[24.110423,46.67986],[24.11052,46.679908],[24.110614,46.68],[24.110732,46.680092],[24.110785,46.680123],[24.110865,46.680152],[24.110959,46.680173],[24.111084,46.680179],[24.111161,46.680172],[24.111416,46.680127],[24.111549,46.680124],[24.111649,46.680149],[24.111704,46.680178],[24.111765,46.680197],[24.111892,46.680206],[24.112003,46.680223],[24.112092,46.680258],[24.112213,46.680321],[24.112296,46.680377],[24.112334,46.680415],[24.11234,46.680469],[24.11224,46.680873],[24.112257,46.680903],[24.112317,46.680972],[24.112336,46.681095],[24.112355,46.681118],[24.11241,46.681152],[24.112428,46.681389],[24.112446,46.681648],[24.112462,46.681747],[24.112568,46.682061],[24.112664,46.682282],[24.112688,46.682321],[24.112713,46.682338],[24.112802,46.682357],[24.112926,46.682371],[24.112968,46.682389],[24.112982,46.682402],[24.113209,46.682838],[24.113247,46.682937],[24.113318,46.683166],[24.113407,46.683579],[24.113656,46.685083],[24.113717,46.685404],[24.113761,46.685801],[24.113749,46.68651],[24.113709,46.687098],[24.113712,46.68717],[24.11373,46.687313],[24.113721,46.687328],[24.113732,46.687359],[24.113749,46.687946],[24.113701,46.688309],[24.113971,46.688429],[24.114441,46.688658],[24.114924,46.688891],[24.11542,46.689143],[24.115436,46.689183],[24.115378,46.68977],[24.115376,46.69019],[24.115353,46.69061],[24.115348,46.691022],[24.115323,46.69167],[24.115315,46.69171],[24.115311,46.691837],[24.115245,46.691848],[24.114672,46.691917],[24.114181,46.691975],[24.114176,46.692002],[24.114157,46.692219],[24.114157,46.692318],[24.114145,46.692372],[24.114151,46.692707],[24.114146,46.692742],[24.114154,46.692887],[24.114148,46.692978],[24.114157,46.693238],[24.114173,46.693329],[24.114165,46.693413],[24.114218,46.693814],[24.114184,46.69385],[24.113904,46.694003],[24.113924,46.694016],[24.113974,46.694054],[24.114051,46.6941],[24.114362,46.694272],[24.114866,46.694516],[24.115537,46.694808],[24.115869,46.694938],[24.118212,46.695876],[24.118774,46.695519],[24.119205,46.695674],[24.119698,46.695867],[24.11979,46.695898],[24.120053,46.696031],[24.120117,46.696071],[24.120674,46.69635],[24.120796,46.696403],[24.121054,46.696503],[24.121407,46.696598],[24.121466,46.696612],[24.121674,46.696688],[24.122752,46.697221],[24.122761,46.69723],[24.122946,46.697322],[24.122982,46.697347],[24.12321,46.697862],[24.123326,46.698152],[24.123335,46.698167],[24.123368,46.69821],[24.123412,46.6984],[24.123457,46.698507],[24.123514,46.698731],[24.12361,46.698959],[24.123798,46.699268],[24.123871,46.699365],[24.124303,46.70001],[24.124326,46.700061],[24.123847,46.700122],[24.123768,46.700137],[24.123535,46.700173],[24.123413,46.700204],[24.123371,46.70024],[24.123108,46.700292],[24.123058,46.700313],[24.123008,46.700338],[24.122864,46.700465],[24.12282,46.700471],[24.122687,46.70045],[24.12262,46.700462],[24.122573,46.700492],[24.12249,46.700582],[24.122373,46.700652],[24.122182,46.700734],[24.122082,46.700761],[24.121944,46.70078],[24.121828,46.700818],[24.121667,46.700906],[24.121468,46.700978],[24.121384,46.700976],[24.12134,46.700961],[24.121307,46.700963],[24.121096,46.701031],[24.120908,46.701069],[24.120664,46.70113],[24.120378,46.70122],[24.119916,46.701338],[24.119533,46.70146],[24.119217,46.701568],[24.118985,46.701667],[24.118505,46.701925],[24.118411,46.702012],[24.11812,46.702327],[24.117837,46.702542],[24.117607,46.702765],[24.117485,46.70284],[24.117402,46.70288],[24.117022,46.703095],[24.116518,46.703373],[24.116097,46.703644],[24.115845,46.70377],[24.114939,46.704193],[24.114562,46.704484],[24.114301,46.704717],[24.114307,46.704774],[24.114673,46.705217],[24.114897,46.705522],[24.115187,46.706148],[24.115396,46.706606],[24.115454,46.706705],[24.115457,46.706728],[24.115624,46.706962],[24.115604,46.706972],[24.114889,46.70735],[24.114559,46.707559],[24.114476,46.70763],[24.114329,46.707775],[24.114171,46.707998],[24.114123,46.708116],[24.114022,46.708238],[24.113933,46.708306],[24.11378,46.708403],[24.113538,46.70852],[24.112724,46.708781],[24.111994,46.708988],[24.111547,46.709107],[24.111069,46.709295],[24.111041,46.709313],[24.111019,46.709316],[24.11073,46.709426],[24.110619,46.709458],[24.109759,46.709583],[24.109726,46.709577],[24.109726,46.709582],[24.109698,46.709592],[24.109421,46.709636],[24.108647,46.709769],[24.108283,46.70981],[24.107956,46.709837],[24.107646,46.709748],[24.107104,46.709636],[24.106551,46.709386],[24.106285,46.709293],[24.105267,46.709001],[24.105112,46.708968],[24.104891,46.70895],[24.104536,46.708932],[24.104005,46.708788],[24.10344,46.70864],[24.103086,46.708555],[24.10292,46.708523],[24.102721,46.708475],[24.102643,46.708471],[24.102618,46.708484],[24.102599,46.708539],[24.102579,46.708557],[24.102507,46.708575],[24.102068,46.708669],[24.100994,46.708875],[24.100201,46.709044],[24.100151,46.709055],[24.100114,46.709078],[24.099701,46.709172],[24.099102,46.709327],[24.098929,46.709371],[24.098629,46.709465],[24.097379,46.709912],[24.096709,46.710187],[24.096395,46.710269],[24.09624,46.710324],[24.095995,46.710441],[24.095856,46.710521],[24.095525,46.710764],[24.095449,46.710794],[24.095427,46.710796],[24.095261,46.710767],[24.09494,46.710699],[24.09484,46.710691],[24.094741,46.710706],[24.094474,46.710817],[24.094357,46.710853],[24.094313,46.710851],[24.094246,46.710837],[24.09418,46.710814],[24.094105,46.710777],[24.094047,46.710755],[24.093882,46.710657],[24.093814,46.710626],[24.093657,46.71074],[24.093443,46.710802],[24.092891,46.710874],[24.0925,46.710915],[24.092195,46.710954],[24.092117,46.710957],[24.092086,46.710947],[24.092031,46.710936],[24.091932,46.710893],[24.091613,46.710779],[24.091503,46.710747],[24.091403,46.710731],[24.091326,46.710728],[24.091237,46.710736],[24.091114,46.710765],[24.090836,46.710815],[24.090678,46.710825],[24.090471,46.710784],[24.090207,46.710705],[24.090096,46.710688],[24.090008,46.710687],[24.089963,46.710694],[24.089907,46.710713],[24.08965,46.71082],[24.089538,46.710846],[24.08946,46.710856],[24.089315,46.710894],[24.089226,46.710933],[24.089038,46.711031],[24.088799,46.711169],[24.088096,46.711605],[24.087733,46.711843],[24.087533,46.711985],[24.086754,46.712571],[24.085717,46.713284],[24.085334,46.713539],[24.085091,46.713711],[24.085031,46.713802],[24.085001,46.713901],[24.084962,46.714145],[24.084912,46.714602],[24.084894,46.714686],[24.084871,46.714739],[24.084829,46.714845],[24.084795,46.714891],[24.084738,46.714957],[24.084644,46.715034],[24.084588,46.715064],[24.084376,46.715141],[24.083813,46.715365],[24.083763,46.715401],[24.083692,46.715477],[24.083555,46.716322],[24.08335,46.717151],[24.083407,46.717541],[24.083415,46.717663],[24.083418,46.717801],[24.083389,46.718098],[24.083363,46.718237],[24.083359,46.71826],[24.083221,46.718279],[24.08262,46.718362],[24.081963,46.718463],[24.081836,46.718476],[24.081768,46.718504],[24.081743,46.718525],[24.081632,46.718981],[24.081496,46.719338],[24.081461,46.719422],[24.08104,46.720218],[24.080873,46.720491],[24.080385,46.721073],[24.080199,46.721308],[24.080065,46.721473],[24.079846,46.721623],[24.079673,46.721751],[24.079572,46.721841],[24.079432,46.721992],[24.079352,46.722083],[24.07903,46.722567],[24.078796,46.722878],[24.078517,46.723187],[24.078023,46.723654],[24.077947,46.723722],[24.077888,46.723759],[24.077783,46.723842],[24.077495,46.724083],[24.077154,46.724411],[24.077123,46.724422],[24.077081,46.724475],[24.076673,46.724844],[24.076491,46.725002],[24.07641,46.725063],[24.076209,46.725214],[24.075998,46.725343],[24.07557,46.725624],[24.075102,46.726168],[24.075057,46.726206],[24.074824,46.726462],[24.074539,46.726756],[24.074259,46.727119],[24.073684,46.727769],[24.073615,46.727859],[24.07335,46.728276],[24.073264,46.728389],[24.073109,46.728624],[24.072988,46.728815],[24.072983,46.728838],[24.072874,46.728942],[24.072473,46.729323],[24.071503,46.730066],[24.071138,46.73038],[24.07072,46.730852],[24.0707,46.730863],[24.070571,46.730989],[24.070509,46.731026],[24.070086,46.73124],[24.070055,46.731268],[24.06986,46.731362],[24.069779,46.731395],[24.069614,46.731448],[24.069493,46.731467],[24.068295,46.731689],[24.068098,46.731751],[24.06775,46.731886],[24.06764,46.731967],[24.067508,46.732075],[24.067225,46.73233],[24.06701,46.732561],[24.066802,46.732821],[24.066519,46.733316],[24.066471,46.733405],[24.066475,46.733407],[24.06684,46.733653],[24.067516,46.734086],[24.067541,46.73411],[24.067602,46.734146],[24.067776,46.734347],[24.068542,46.735459],[24.068593,46.735521],[24.068706,46.735705],[24.068954,46.736076],[24.06923,46.736439],[24.069245,46.736477],[24.069554,46.736955],[24.069811,46.737379],[24.069912,46.737514],[24.070182,46.737946],[24.070428,46.738339],[24.070868,46.73901],[24.070983,46.739211],[24.071302,46.739719],[24.071559,46.740151],[24.071852,46.740575],[24.071985,46.740753],[24.072405,46.741439],[24.072435,46.741494],[24.072053,46.741598],[24.071561,46.741728],[24.071247,46.741839],[24.07098,46.741939],[24.071013,46.741973],[24.071903,46.742873],[24.0727,46.743649],[24.072821,46.74378],[24.07358,46.744533],[24.074041,46.744976],[24.074426,46.74534],[24.074462,46.745358],[24.074584,46.745337],[24.075166,46.745179],[24.075423,46.745141],[24.075879,46.745088],[24.076157,46.745062],[24.076213,46.745051],[24.076572,46.744927],[24.076762,46.744869],[24.077053,46.7448],[24.077254,46.744759],[24.077465,46.744736],[24.077687,46.744732],[24.078162,46.744801],[24.078247,46.744821],[24.078977,46.744955],[24.079481,46.745103],[24.080434,46.745418],[24.081096,46.745601],[24.081536,46.745695],[24.082781,46.745943],[24.083163,46.746046],[24.083254,46.746065],[24.083408,46.746085],[24.08384,46.746107],[24.084095,46.746126],[24.084415,46.746166],[24.084622,46.746198],[24.084896,46.746227],[24.08488,46.74626],[24.084855,46.746312],[24.084858,46.746343],[24.08477,46.74667],[24.084683,46.746939],[24.084662,46.746977],[24.084665,46.746992],[24.084532,46.747383],[24.084411,46.747778],[24.084252,46.748145],[24.084059,46.748636],[24.084139,46.748637],[24.08425,46.748633],[24.084327,46.748642],[24.084363,46.748638],[24.084354,46.748664],[24.084203,46.749109],[24.084197,46.749125],[24.084175,46.749139],[24.084133,46.749137],[24.083988,46.749148],[24.083888,46.74916],[24.083857,46.749172],[24.083834,46.749218],[24.083778,46.749377],[24.083872,46.74939],[24.084384,46.74943],[24.084691,46.749455],[24.085291,46.749492],[24.086023,46.749505],[24.086266,46.749521],[24.086476,46.749539],[24.086683,46.74957],[24.086995,46.749603],[24.087183,46.749635],[24.087349,46.749672],[24.087381,46.749699],[24.087525,46.749757],[24.087619,46.749803],[24.087599,46.749852],[24.087539,46.750092],[24.087515,46.750283],[24.087511,46.750458],[24.087532,46.750634],[24.087553,46.750733],[24.087572,46.750775],[24.087569,46.750787],[24.08761,46.750878],[24.087706,46.751013],[24.087662,46.751022],[24.087392,46.75107],[24.087292,46.751098],[24.086894,46.751294],[24.086328,46.751456],[24.086473,46.751689],[24.086503,46.75175],[24.086538,46.751796],[24.086549,46.751834],[24.086553,46.751972],[24.086586,46.752014],[24.086636,46.752044],[24.086708,46.752068],[24.086763,46.752072],[24.086794,46.752085],[24.08703,46.752454],[24.087267,46.752822],[24.087453,46.753116],[24.087853,46.753535],[24.088071,46.753491],[24.088471,46.753394],[24.089794,46.753015],[24.090938,46.752703],[24.090994,46.752693],[24.091194,46.752633],[24.091338,46.7526],[24.09175,46.752472],[24.093054,46.751939],[24.092063,46.750719],[24.092064,46.750683],[24.091969,46.750433],[24.091961,46.750392],[24.091983,46.750372],[24.092089,46.750336],[24.092118,46.75033],[24.092146,46.750314],[24.092257,46.75028],[24.09228,46.750278],[24.092313,46.750263],[24.09277,46.750135],[24.093535,46.749922],[24.094379,46.749702],[24.094447,46.749678],[24.094485,46.749639],[24.094579,46.749607],[24.095041,46.749465],[24.095347,46.749379],[24.09558,46.749323],[24.09607,46.749181],[24.096433,46.749083],[24.097116,46.748899],[24.098067,46.748819],[24.098618,46.748853],[24.09915,46.748871],[24.09946,46.748875],[24.099641,46.748843],[24.100038,46.748758],[24.100332,46.748725],[24.100751,46.74869],[24.100776,46.748684],[24.100788,46.748671],[24.101354,46.748594],[24.101393,46.748598],[24.101509,46.748589],[24.101742,46.748591],[24.101941,46.748624],[24.102361,46.748726],[24.102593,46.748765],[24.102815,46.748812],[24.102892,46.748837],[24.102936,46.748861],[24.103052,46.748943],[24.103074,46.748945],[24.103107,46.748938],[24.10338,46.748854],[24.103614,46.748723],[24.104484,46.748305],[24.105868,46.747735],[24.106445,46.747458],[24.106863,46.747251],[24.107002,46.747191],[24.10723,46.747104],[24.107442,46.747031],[24.107725,46.746956],[24.107839,46.746932],[24.107856,46.746921],[24.107997,46.746666],[24.108048,46.746602],[24.108099,46.746512],[24.108292,46.746304],[24.108368,46.74623],[24.108645,46.746001],[24.108872,46.745828],[24.10902,46.745732],[24.109582,46.745516],[24.109805,46.745437],[24.109893,46.745415],[24.110472,46.745233],[24.110717,46.745164],[24.111301,46.744998],[24.112129,46.744779],[24.112477,46.744646],[24.112767,46.744499],[24.112845,46.744448],[24.112937,46.744372],[24.113195,46.744118],[24.113577,46.743714],[24.113703,46.743594],[24.113893,46.743445],[24.114446,46.743078],[24.114561,46.742989],[24.114932,46.742698],[24.115024,46.742639],[24.115169,46.742573],[24.115408,46.742494],[24.115687,46.742418],[24.115842,46.742382],[24.115986,46.74236],[24.11612,46.742348],[24.116253,46.742347],[24.116297,46.742358],[24.116335,46.742404],[24.116596,46.743111],[24.116618,46.743146],[24.116648,46.743161],[24.116703,46.743165],[24.116986,46.743127],[24.117269,46.743125],[24.117579,46.743134],[24.118311,46.743169],[24.118909,46.743239],[24.119075,46.743259],[24.119616,46.74338],[24.119782,46.743425],[24.119815,46.743431],[24.119832,46.743425],[24.119854,46.743429],[24.120053,46.743478],[24.120175,46.743515],[24.120572,46.743677],[24.121124,46.743852],[24.121389,46.743945],[24.121439,46.743951],[24.121533,46.743986],[24.122483,46.744275],[24.122582,46.744312],[24.122734,46.744398],[24.122761,46.744442],[24.122754,46.744572],[24.122759,46.744633],[24.122769,46.744704],[24.122804,46.744826],[24.122866,46.744948],[24.122951,46.745069],[24.123041,46.74522],[24.123068,46.745255],[24.123098,46.745272],[24.12314,46.745253],[24.123165,46.745247],[24.123179,46.745253],[24.123228,46.745318],[24.123312,46.745471],[24.123334,46.745494],[24.123382,46.74549],[24.12345,46.745509],[24.123953,46.745698],[24.124337,46.745857],[24.12481,46.745984],[24.126088,46.746421],[24.126067,46.746456],[24.125813,46.746884],[24.125763,46.746968],[24.125347,46.747676],[24.125,46.748298],[24.124836,46.748639],[24.124814,46.748708],[24.124771,46.748783],[24.124716,46.748827],[24.123919,46.749559],[24.123874,46.749603],[24.123869,46.74961],[24.123864,46.749676],[24.123705,46.749979],[24.123576,46.750223],[24.123536,46.750314],[24.123368,46.750655],[24.123322,46.750701],[24.123308,46.750716],[24.123252,46.750808],[24.123085,46.751028],[24.122723,46.751416],[24.122547,46.751633],[24.122171,46.75212],[24.121939,46.752447],[24.121884,46.752538],[24.121797,46.752645],[24.121713,46.752774],[24.121465,46.753155],[24.121298,46.753444],[24.121119,46.753832],[24.120825,46.754419],[24.120721,46.754731],[24.120634,46.755097],[24.120579,46.755608],[24.120525,46.756012],[24.120516,46.756027],[24.120485,46.756309],[24.120453,46.756492],[24.120428,46.756568],[24.120364,46.756767],[24.120181,46.757239],[24.12005,46.757513],[24.119905,46.757764],[24.119785,46.757966],[24.119776,46.757977],[24.119768,46.757977],[24.119737,46.758046],[24.119609,46.758259],[24.119559,46.758327],[24.119257,46.758807],[24.119062,46.759047],[24.119056,46.759067],[24.119034,46.759081],[24.118753,46.759431],[24.118672,46.759583],[24.118576,46.759827],[24.118559,46.759918],[24.118542,46.760048],[24.118548,46.760364],[24.118555,46.760906],[24.118446,46.761897],[24.118365,46.762118],[24.118244,46.762324],[24.118088,46.762529],[24.117748,46.762909],[24.117665,46.763],[24.117598,46.763092],[24.117258,46.763594],[24.117037,46.763891],[24.116603,46.764271],[24.116321,46.764621],[24.116293,46.764666],[24.116137,46.764864],[24.115842,46.765222],[24.115749,46.765334],[24.115773,46.765582],[24.115684,46.765944],[24.115524,46.766342],[24.115515,46.766395],[24.115506,46.766677],[24.115497,46.766891],[24.115488,46.766906],[24.115493,46.76699],[24.115512,46.767135],[24.115589,46.767448],[24.115593,46.767669],[24.115576,46.767776],[24.115469,46.768195],[24.115396,46.76853],[24.115395,46.768607],[24.115414,46.76879],[24.115485,46.769112],[24.11563,46.769479],[24.115685,46.769578],[24.115818,46.769783],[24.116059,46.770147],[24.11622,46.770481],[24.116581,46.771123],[24.116756,46.771421],[24.116876,46.771634],[24.116943,46.771808],[24.117036,46.772139],[24.11705,46.772405],[24.11704,46.772659],[24.117041,46.772773],[24.117042,46.772887],[24.117107,46.773091],[24.117277,46.773391],[24.117417,46.773564],[24.117557,46.773737],[24.11777,46.773919],[24.118323,46.774299],[24.118412,46.774349],[24.118459,46.774362],[24.118648,46.774384],[24.118715,46.774403],[24.11877,46.774411],[24.119367,46.774543],[24.119545,46.77457],[24.119892,46.774609],[24.120558,46.774657],[24.120836,46.77465],[24.121236,46.774626],[24.122436,46.774537],[24.122759,46.774486],[24.123126,46.774405],[24.123367,46.774364],[24.123563,46.774335],[24.123674,46.774339],[24.123841,46.774366],[24.124085,46.774423],[24.124341,46.77451],[24.124652,46.774646],[24.124816,46.774726],[24.125,46.774831],[24.125634,46.775372],[24.125832,46.775505],[24.126096,46.775667],[24.126457,46.775909],[24.126721,46.77605],[24.126835,46.776102],[24.126994,46.776151],[24.127305,46.776222],[24.127747,46.776272],[24.127927,46.776268],[24.12876,46.77622],[24.130104,46.776155],[24.13056,46.776125],[24.130615,46.776115],[24.131459,46.775915],[24.131948,46.775776],[24.132037,46.775731],[24.132048,46.775732],[24.132625,46.775548],[24.133813,46.775254],[24.134146,46.775109],[24.134235,46.775075],[24.134293,46.775061],[24.134346,46.775045],[24.134479,46.775037],[24.134624,46.775039],[24.134746,46.775052],[24.13561,46.775252],[24.136235,46.775327],[24.13661,46.775397],[24.137213,46.775492],[24.137658,46.775574],[24.138222,46.77566],[24.138925,46.775734],[24.139524,46.775734],[24.139824,46.775712],[24.139913,46.775708],[24.139969,46.775696],[24.140252,46.775629],[24.141113,46.776508],[24.141275,46.776756],[24.141393,46.777343],[24.142221,46.777743],[24.14278,46.778014],[24.14309,46.778135],[24.143908,46.778456],[24.144743,46.778662],[24.146506,46.778929],[24.147078,46.779084],[24.147817,46.779502],[24.148328,46.779742],[24.148632,46.779862],[24.148908,46.77997],[24.149249,46.78003],[24.149625,46.780074],[24.149958,46.780077],[24.150239,46.780063],[24.15058,46.780045],[24.151231,46.780084],[24.152473,46.780265],[24.152962,46.780265],[24.153806,46.780278],[24.154351,46.780244],[24.15445,46.780242],[24.154623,46.780254],[24.154924,46.780374],[24.154969,46.780381],[24.155784,46.78065],[24.156041,46.78074],[24.15612,46.780791],[24.156159,46.780831],[24.156232,46.780834],[24.156553,46.780803],[24.157262,46.780681],[24.158336,46.780437],[24.158912,46.7803],[24.159498,46.780173],[24.159886,46.78012],[24.160008,46.780112],[24.160075,46.780112],[24.160197,46.780129],[24.160977,46.780239],[24.161379,46.780339],[24.161636,46.780414],[24.162438,46.780574],[24.163073,46.780692],[24.163218,46.780727],[24.163241,46.780731],[24.163249,46.780722],[24.163798,46.780859],[24.164857,46.781029],[24.164882,46.781041],[24.165213,46.781096],[24.165247,46.781095],[24.165536,46.781143],[24.165748,46.781167],[24.166249,46.781222],[24.16636,46.781229],[24.166449,46.781228],[24.166826,46.781173],[24.166981,46.781156],[24.167292,46.781149],[24.167503,46.781164],[24.167598,46.781198],[24.167747,46.781264],[24.168124,46.781566],[24.168379,46.781728],[24.168547,46.781811],[24.169076,46.782008],[24.169252,46.782081],[24.169345,46.782145],[24.169407,46.782221],[24.169433,46.782266],[24.1695,46.782655],[24.169531,46.782967],[24.169542,46.783135],[24.169527,46.783417],[24.169486,46.784263],[24.169475,46.784645],[24.169534,46.785025],[24.1696,46.785132],[24.169748,46.785336],[24.170037,46.785693],[24.170204,46.785875],[24.170348,46.786003],[24.170432,46.786064],[24.170508,46.786117],[24.170758,46.786267],[24.170982,46.786359],[24.171071,46.786382],[24.171191,46.7864],[24.171246,46.786401],[24.172142,46.78639],[24.17215,46.786441],[24.17217,46.786471],[24.172206,46.786481],[24.172292,46.786476],[24.172658,46.78644],[24.173234,46.786352],[24.173622,46.786243],[24.173777,46.786242],[24.173811,46.786247],[24.173945,46.786292],[24.17404,46.786331],[24.174594,46.786722],[24.175053,46.786944],[24.17524,46.787013],[24.175408,46.787069],[24.175511,46.787095],[24.17596,46.787197],[24.176038,46.78721],[24.176236,46.78726],[24.176684,46.787478],[24.176751,46.787503],[24.176877,46.787534],[24.176977,46.787552],[24.177122,46.787565],[24.177355,46.787563],[24.177611,46.787551],[24.178144,46.787533],[24.178288,46.787534],[24.17831,46.78754],[24.178377,46.787532],[24.178421,46.787537],[24.179263,46.787367],[24.179739,46.787252],[24.180116,46.787171],[24.180393,46.787156],[24.180549,46.787195],[24.180701,46.787289],[24.181073,46.787603],[24.18128,46.787682],[24.181403,46.787759],[24.181468,46.787835],[24.181495,46.787919],[24.181519,46.78804],[24.181545,46.788101],[24.1816,46.788192],[24.181656,46.788261],[24.181794,46.788353],[24.181862,46.788412],[24.181921,46.78848],[24.182171,46.788866],[24.182514,46.78936],[24.182534,46.789375],[24.182744,46.789633],[24.183661,46.790679],[24.183781,46.790853],[24.183884,46.791028],[24.183963,46.791096],[24.184131,46.791205],[24.184238,46.791289],[24.184314,46.791341],[24.184374,46.791365],[24.184407,46.791386],[24.184476,46.791419],[24.184576,46.791442],[24.184687,46.791458],[24.185094,46.791467],[24.185619,46.791489],[24.185797,46.791485],[24.185869,46.791499],[24.185898,46.791507],[24.186083,46.791636],[24.186197,46.791722],[24.186343,46.791848],[24.186567,46.792002],[24.186697,46.792115],[24.18694,46.79227],[24.187189,46.79246],[24.187606,46.792703],[24.187891,46.79292],[24.18795,46.79298],[24.188007,46.793046],[24.188005,46.793195],[24.187999,46.793408],[24.187977,46.793477],[24.187926,46.793568],[24.187711,46.793834],[24.187633,46.793918],[24.187555,46.793986],[24.187535,46.794024],[24.187488,46.79407],[24.187359,46.794252],[24.187281,46.794328],[24.187253,46.794374],[24.187216,46.794503],[24.187204,46.794686],[24.187153,46.794877],[24.187136,46.795052],[24.187096,46.795181],[24.187046,46.79528],[24.186847,46.795524],[24.186647,46.795702],[24.186613,46.795748],[24.186471,46.7959],[24.18644,46.795945],[24.186351,46.796037],[24.186128,46.796225],[24.186011,46.7963],[24.185924,46.796376],[24.18587,46.796402],[24.185698,46.796523],[24.185375,46.796702],[24.185259,46.796759],[24.185184,46.796812],[24.185153,46.796858],[24.185147,46.796911],[24.185152,46.796941],[24.185248,46.797224],[24.185257,46.797271],[24.185289,46.797361],[24.185297,46.797415],[24.185289,46.797529],[24.185269,46.797567],[24.185255,46.797643],[24.185218,46.79773],[24.18512,46.797974],[24.18512,46.797997],[24.185075,46.798134],[24.185075,46.798211],[24.185171,46.798478],[24.185278,46.798669],[24.185317,46.79876],[24.185331,46.798814],[24.185327,46.798936],[24.185309,46.799042],[24.185276,46.79918],[24.185203,46.799385],[24.185178,46.799431],[24.185164,46.7995],[24.18513,46.799583],[24.185085,46.799774],[24.18509,46.799921],[24.185133,46.800247],[24.185115,46.800536],[24.18509,46.800634],[24.185076,46.800653],[24.185043,46.800668],[24.184876,46.800702],[24.184598,46.800771],[24.184511,46.800801],[24.184128,46.801009],[24.183754,46.801152],[24.183407,46.801248],[24.183054,46.801248],[24.182931,46.801234],[24.182876,46.801217],[24.182815,46.801205],[24.182754,46.801194],[24.182621,46.801184],[24.182466,46.801161],[24.182388,46.80113],[24.182266,46.801101],[24.182033,46.801028],[24.181967,46.80102],[24.181868,46.801033],[24.181789,46.801033],[24.181736,46.801046],[24.181695,46.801063],[24.181664,46.801084],[24.18162,46.80113],[24.181547,46.801229],[24.181516,46.801297],[24.181488,46.801404],[24.181438,46.80151],[24.181362,46.801608],[24.181304,46.801659],[24.181248,46.801692],[24.181156,46.80177],[24.181041,46.801848],[24.180927,46.801926],[24.180766,46.802066],[24.180596,46.802324],[24.180268,46.802729],[24.179932,46.803206],[24.179566,46.804109],[24.179544,46.804341],[24.179511,46.804485],[24.179478,46.80463],[24.179541,46.804663],[24.179621,46.8046],[24.179763,46.804489],[24.179987,46.804292],[24.180081,46.804209],[24.180243,46.804091],[24.180588,46.803807],[24.180955,46.803451],[24.181503,46.802889],[24.181545,46.802846],[24.181751,46.802633],[24.181907,46.802438],[24.181977,46.802372],[24.182104,46.802296],[24.182202,46.802249],[24.182467,46.802194],[24.182788,46.802158],[24.183108,46.802127],[24.183401,46.802095],[24.184502,46.802012],[24.185442,46.801962],[24.185869,46.80194],[24.186503,46.801933],[24.187191,46.801913],[24.187369,46.801894],[24.187767,46.801844],[24.188165,46.801794],[24.188779,46.801684],[24.190218,46.801425],[24.19148,46.801168],[24.192411,46.800982],[24.193171,46.800814],[24.193423,46.800747],[24.19369,46.8007],[24.193845,46.800673],[24.194432,46.800517],[24.195092,46.800367],[24.195544,46.800252],[24.196266,46.800098],[24.196798,46.800031],[24.197699,46.799887],[24.198239,46.799754],[24.1983,46.799736],[24.198393,46.799698],[24.198414,46.799663],[24.198359,46.799603],[24.198308,46.799536],[24.198212,46.79943],[24.198306,46.799328],[24.198374,46.799234],[24.198462,46.799147],[24.198561,46.799053],[24.198706,46.79891],[24.199003,46.798643],[24.199156,46.798536],[24.199258,46.798461],[24.199306,46.798421],[24.19937,46.798375],[24.199451,46.798314],[24.199523,46.798261],[24.199689,46.798155],[24.199862,46.798044],[24.200016,46.797981],[24.200207,46.7979],[24.200339,46.797853],[24.20026,46.797772],[24.200142,46.797613],[24.200043,46.797534],[24.200003,46.797441],[24.199925,46.797341],[24.199901,46.79731],[24.199867,46.797277],[24.199899,46.797227],[24.199952,46.797128],[24.200236,46.796766],[24.200333,46.796731],[24.200482,46.796671],[24.200751,46.796551],[24.200986,46.796454],[24.201188,46.79636],[24.201329,46.796244],[24.201608,46.796005],[24.2021,46.795622],[24.202823,46.795232],[24.20357,46.794917],[24.203861,46.794788],[24.204559,46.794491],[24.205548,46.794083],[24.205779,46.793937],[24.205905,46.793828],[24.206131,46.793622],[24.206417,46.793383],[24.206708,46.793162],[24.207067,46.792981],[24.207267,46.792907],[24.207446,46.792865],[24.207824,46.792796],[24.208178,46.792772],[24.208542,46.792761],[24.208814,46.792745],[24.209092,46.792704],[24.209376,46.792618],[24.209517,46.79256],[24.209581,46.792641],[24.210081,46.792371],[24.209448,46.791342],[24.209273,46.790937],[24.210033,46.79067],[24.211096,46.790293],[24.212877,46.789647],[24.212986,46.789597],[24.213389,46.789421],[24.213658,46.78932],[24.213886,46.789243],[24.21409,46.789157],[24.214581,46.788955],[24.214898,46.788827],[24.215168,46.788722],[24.215525,46.788562],[24.215714,46.788457],[24.216026,46.788288],[24.216394,46.788116],[24.216657,46.787975],[24.216933,46.787824],[24.216779,46.787617],[24.216561,46.787388],[24.2164,46.787257],[24.216251,46.787101],[24.216224,46.786986],[24.216167,46.786901],[24.216099,46.786853],[24.215996,46.786802],[24.215841,46.786684],[24.215725,46.786576],[24.215597,46.786427],[24.215465,46.786088],[24.215348,46.785613],[24.215248,46.785299],[24.21517,46.784841],[24.215078,46.784433],[24.214698,46.784284],[24.214434,46.784194],[24.214162,46.784181],[24.213947,46.784171],[24.213679,46.784094],[24.213556,46.784044],[24.213413,46.784034],[24.213263,46.784033],[24.213139,46.784055],[24.213022,46.784041],[24.212918,46.784017],[24.212762,46.783967],[24.212477,46.783871],[24.212055,46.783721],[24.211321,46.783501],[24.211971,46.783355],[24.212615,46.783232],[24.213485,46.783071],[24.214101,46.782909],[24.214196,46.782983],[24.214629,46.782899],[24.215257,46.782766],[24.215323,46.782704],[24.215286,46.78257],[24.215235,46.782462],[24.215145,46.782407],[24.215047,46.782371],[24.214931,46.78229],[24.214745,46.7821],[24.214863,46.782016],[24.215117,46.781878],[24.215338,46.78178],[24.215533,46.781707],[24.215688,46.781707],[24.215868,46.781649],[24.216088,46.781621],[24.21631,46.781605],[24.216382,46.781588],[24.21712,46.781328],[24.217567,46.781189],[24.217785,46.78112],[24.217921,46.7811],[24.218056,46.781081],[24.218234,46.781062],[24.21842,46.78105],[24.218607,46.781038],[24.218909,46.78104],[24.21907,46.781029],[24.219231,46.781017],[24.219259,46.781004],[24.219451,46.780917],[24.219599,46.780838],[24.219912,46.780806],[24.220289,46.780751],[24.220437,46.780787],[24.220585,46.780824],[24.220785,46.780934],[24.221073,46.780963],[24.221347,46.780961],[24.221781,46.780976],[24.221954,46.781003],[24.222388,46.781057],[24.222599,46.781059],[24.222811,46.781026],[24.222972,46.781023],[24.223221,46.780999],[24.223544,46.780984],[24.223805,46.780952],[24.22396,46.780961],[24.224097,46.780941],[24.22448,46.780871],[24.224874,46.780691],[24.225103,46.780537],[24.225293,46.78042],[24.225411,46.780324],[24.225522,46.780234],[24.225703,46.780165],[24.225932,46.780043],[24.226248,46.779819],[24.226501,46.779671],[24.226824,46.779522],[24.227124,46.779363],[24.227385,46.779204],[24.227637,46.779076],[24.227803,46.778986],[24.227929,46.778901],[24.22803,46.778868],[24.22813,46.778843],[24.228224,46.778737],[24.228437,46.77861],[24.228664,46.778532],[24.228948,46.77844],[24.2292,46.778265],[24.229367,46.778115],[24.229465,46.777984],[24.229933,46.777911],[24.230401,46.777849],[24.230937,46.777805],[24.231199,46.77775],[24.231625,46.777696],[24.23195,46.777698],[24.232144,46.777644],[24.232312,46.777598],[24.232567,46.777557],[24.232772,46.777529],[24.233034,46.777475],[24.233196,46.777404],[24.233378,46.777281],[24.23354,46.777231],[24.233741,46.777105],[24.233891,46.777033],[24.234029,46.776893],[24.234204,46.776792],[24.234355,46.776704],[24.234573,46.776607],[24.234785,46.776536],[24.235134,46.776453],[24.235489,46.776366],[24.235763,46.776304],[24.2366,46.775977],[24.237172,46.775639],[24.237946,46.775347],[24.238623,46.775071],[24.239033,46.774958],[24.239202,46.774918],[24.239661,46.774739],[24.24,46.774568],[24.240206,46.774511],[24.240129,46.774454],[24.240086,46.774422],[24.239718,46.774312],[24.239352,46.774233],[24.238889,46.77414],[24.238483,46.774038],[24.238308,46.773883],[24.238135,46.773826],[24.237956,46.773757],[24.23766,46.773644],[24.237481,46.773579],[24.23722,46.773547],[24.236948,46.773515],[24.236581,46.773517],[24.236258,46.773532],[24.236023,46.773522],[24.235837,46.773504],[24.235577,46.773451],[24.235298,46.773389],[24.235063,46.773354],[24.234796,46.773331],[24.234492,46.773324],[24.234225,46.773314],[24.23402,46.773321],[24.233871,46.77332],[24.234147,46.773156],[24.234509,46.772983],[24.234834,46.77284],[24.235252,46.772728],[24.235594,46.772658],[24.235993,46.772554],[24.236237,46.772514],[24.23648,46.772456],[24.236729,46.772373],[24.236972,46.77231],[24.237153,46.772213],[24.237404,46.772074],[24.237678,46.772021],[24.237977,46.771929],[24.238295,46.771829],[24.238457,46.771749],[24.23865,46.771729],[24.238892,46.771722],[24.239104,46.771715],[24.239421,46.771657],[24.239738,46.771612],[24.240037,46.771542],[24.240243,46.771449],[24.240374,46.771403],[24.240524,46.771387],[24.240653,46.771435],[24.240864,46.771453],[24.241137,46.771434],[24.241393,46.771393],[24.241729,46.771318],[24.242243,46.771133],[24.242655,46.770978],[24.24303,46.770789],[24.243286,46.770663],[24.243591,46.770597],[24.243803,46.770555],[24.243947,46.770508],[24.244503,46.770346],[24.244823,46.770185],[24.245064,46.769984],[24.24525,46.769697],[24.24538,46.769316],[24.245439,46.769106],[24.245677,46.769185],[24.245858,46.769171],[24.246075,46.769094],[24.246365,46.768918],[24.246867,46.768816],[24.247142,46.768735],[24.247423,46.768668],[24.247691,46.768731],[24.247184,46.769042],[24.246771,46.769461],[24.246474,46.769711],[24.246169,46.770057],[24.246046,46.770364],[24.246031,46.770508],[24.245447,46.771086],[24.245258,46.771223],[24.245937,46.771768],[24.246348,46.772116],[24.246811,46.772506],[24.247249,46.77267],[24.247453,46.77279],[24.247527,46.772843],[24.247555,46.772862],[24.248371,46.77243],[24.248713,46.772215],[24.249129,46.772047],[24.249124,46.771904],[24.249392,46.771788],[24.249652,46.771742],[24.249856,46.771639],[24.250404,46.771326],[24.250895,46.77114],[24.251055,46.771015],[24.251209,46.770825],[24.251369,46.77074],[24.251756,46.770607],[24.251971,46.770622],[24.252104,46.770666],[24.252218,46.770623],[24.252327,46.770524],[24.252511,46.770491],[24.253039,46.770553],[24.253159,46.770569],[24.253275,46.770573],[24.253396,46.770555],[24.253495,46.770509],[24.253974,46.770282],[24.254361,46.770116],[24.254843,46.769929],[24.255304,46.769736],[24.255494,46.769686],[24.255635,46.769651],[24.255702,46.769599],[24.255706,46.769598],[24.256028,46.769514],[24.256316,46.769426],[24.256671,46.769308],[24.256992,46.769226],[24.257023,46.769207],[24.257525,46.769041],[24.257868,46.768913],[24.258288,46.768786],[24.258419,46.768758],[24.258639,46.768697],[24.258841,46.768655],[24.2591,46.768612],[24.259424,46.768532],[24.259496,46.768455],[24.259629,46.768203],[24.259869,46.767851],[24.260058,46.767604],[24.260132,46.767468],[24.260205,46.767317],[24.260227,46.76711],[24.26023,46.766935],[24.260253,46.766793],[24.260297,46.76668],[24.260471,46.766593],[24.260626,46.766538],[24.261065,46.766458],[24.26135,46.766412],[24.261153,46.766216],[24.261656,46.765806],[24.26187,46.765691],[24.262148,46.765597],[24.262409,46.76553],[24.262638,46.765507],[24.26284,46.765501],[24.263019,46.765505],[24.263162,46.765539],[24.263389,46.765619],[24.263542,46.765672],[24.263724,46.765711],[24.263974,46.765715],[24.264156,46.7657],[24.264379,46.765643],[24.264677,46.765556],[24.265033,46.765345],[24.265341,46.765184],[24.265692,46.765016],[24.266449,46.764678],[24.266732,46.764546],[24.267083,46.764322],[24.267393,46.764095],[24.267503,46.763992],[24.26781,46.763781],[24.268029,46.763652],[24.268454,46.763509],[24.268957,46.763335],[24.269353,46.763204],[24.269955,46.762996],[24.270411,46.762871],[24.27095,46.762711],[24.27151,46.762523],[24.272061,46.762373],[24.272869,46.762137],[24.273694,46.761938],[24.274296,46.761656],[24.276367,46.760961],[24.276506,46.760852],[24.27718,46.760674],[24.277897,46.760631],[24.278338,46.760625],[24.27873,46.76063],[24.279001,46.760634],[24.279258,46.760665],[24.279414,46.760695],[24.279621,46.760684],[24.280641,46.760669],[24.281282,46.760704],[24.281794,46.760728],[24.282197,46.760685],[24.282392,46.760632],[24.282645,46.760554],[24.2828,46.760495],[24.283293,46.760306],[24.283772,46.760185],[24.28396,46.760165],[24.284125,46.760171],[24.284326,46.760189],[24.284615,46.760208],[24.285201,46.760248],[24.285594,46.760274],[24.285954,46.760293],[24.286282,46.760292],[24.286588,46.760275],[24.286741,46.760297],[24.287149,46.760196],[24.287242,46.760157],[24.287517,46.760098],[24.287673,46.760045],[24.287801,46.760021],[24.287943,46.759986],[24.288076,46.759968],[24.288297,46.759924],[24.288614,46.759841],[24.288872,46.759777],[24.289159,46.759674],[24.289392,46.759568],[24.289474,46.759531],[24.28971,46.759417],[24.289833,46.759337],[24.290014,46.759241],[24.290172,46.759139],[24.290482,46.75899],[24.29069,46.758876],[24.290886,46.758796],[24.291032,46.758706],[24.29119,46.758597],[24.291333,46.758471],[24.291572,46.758211],[24.291739,46.75806],[24.29182,46.757987],[24.291901,46.757914],[24.292052,46.757746],[24.292171,46.757575],[24.292319,46.75737],[24.292524,46.757114],[24.292658,46.756977],[24.292736,46.756892],[24.292814,46.756807],[24.293069,46.756686],[24.293167,46.756647],[24.293644,46.756422],[24.293852,46.756322],[24.294592,46.755951],[24.294799,46.755822],[24.295044,46.755671],[24.295356,46.755495],[24.295568,46.755368],[24.295772,46.755209],[24.296119,46.755031],[24.296227,46.754962],[24.29632,46.754922],[24.296457,46.75484],[24.296882,46.754622],[24.297048,46.754643],[24.29734,46.754483],[24.297473,46.754463],[24.297887,46.754326],[24.298087,46.754248],[24.298218,46.754217],[24.298473,46.754163],[24.298651,46.754133],[24.298851,46.754085],[24.298985,46.754044],[24.299174,46.753972],[24.299308,46.753902],[24.299408,46.753839],[24.30111,46.753105],[24.301307,46.753213],[24.301538,46.753386],[24.301686,46.753547],[24.301835,46.753714],[24.301895,46.7538],[24.302049,46.753896],[24.302233,46.753986],[24.302327,46.754057],[24.302528,46.754186],[24.302725,46.754294],[24.302798,46.754282],[24.302928,46.754345],[24.303467,46.75462],[24.303795,46.754826],[24.30395,46.754933],[24.304233,46.755152],[24.304383,46.75529],[24.304532,46.755525],[24.304663,46.755734],[24.30475,46.755857],[24.304942,46.755885],[24.305252,46.755984],[24.305614,46.756078],[24.305922,46.756163],[24.306136,46.756242],[24.306268,46.756343],[24.306648,46.756612],[24.306937,46.756852],[24.307207,46.757084],[24.30738,46.757256],[24.307558,46.757391],[24.307733,46.757522],[24.308073,46.757781],[24.308314,46.757989],[24.308506,46.758111],[24.30874,46.7582],[24.30896,46.758198],[24.309214,46.758136],[24.309397,46.758083],[24.309608,46.758028],[24.30969,46.758005],[24.309902,46.757963],[24.310058,46.757924],[24.310503,46.757817],[24.310622,46.757925],[24.310871,46.75793],[24.311134,46.757878],[24.311346,46.757848],[24.311573,46.757853],[24.311843,46.757951],[24.312175,46.757996],[24.312429,46.757968],[24.312837,46.757895],[24.313046,46.757897],[24.313643,46.757978],[24.313956,46.758018],[24.314152,46.758023],[24.314348,46.758028],[24.31516,46.758099],[24.315579,46.758189],[24.315893,46.7581],[24.316201,46.758042],[24.316273,46.758028],[24.316429,46.758008],[24.316518,46.758006],[24.316529,46.75801],[24.31654,46.758004],[24.316562,46.758014],[24.316596,46.758004],[24.31674,46.757999],[24.317075,46.75795],[24.317198,46.757922],[24.317322,46.757881],[24.317491,46.757814],[24.31791,46.757606],[24.318057,46.757548],[24.318204,46.757479],[24.318453,46.75735],[24.318703,46.7572],[24.319044,46.757003],[24.319475,46.756785],[24.319634,46.756681],[24.319823,46.756538],[24.319962,46.756449],[24.320003,46.756412],[24.320166,46.756293],[24.320401,46.756151],[24.320671,46.756008],[24.320876,46.755878],[24.32117,46.755668],[24.321594,46.755341],[24.321756,46.755241],[24.322078,46.755007],[24.322252,46.754902],[24.32249,46.754781],[24.322564,46.754723],[24.322701,46.754635],[24.322865,46.75455],[24.322979,46.754482],[24.323114,46.75442],[24.323564,46.754282],[24.324003,46.754128],[24.324181,46.754099],[24.324248,46.754098],[24.324326,46.754096],[24.324392,46.754103],[24.32448,46.754128],[24.324576,46.754166],[24.324641,46.754202],[24.324727,46.754265],[24.324821,46.754348],[24.324918,46.754415],[24.325027,46.754475],[24.325789,46.75492],[24.325892,46.754839],[24.326372,46.755073],[24.327182,46.755546],[24.327908,46.755932],[24.328508,46.756229],[24.328786,46.756323],[24.329274,46.756454],[24.330153,46.756662],[24.330703,46.756818],[24.331187,46.756948],[24.331609,46.757032],[24.332217,46.757121],[24.332698,46.757231],[24.333177,46.757329],[24.333564,46.757371],[24.334219,46.757413],[24.33484,46.757435],[24.335206,46.757444],[24.335449,46.757467],[24.335907,46.75754],[24.336268,46.757592],[24.336741,46.757627],[24.337009,46.757664],[24.337256,46.757726],[24.337549,46.757784],[24.33791,46.757804],[24.3384,46.757793],[24.338845,46.75776],[24.339217,46.757702],[24.339526,46.757625],[24.339869,46.757471],[24.340144,46.757352],[24.340429,46.75725],[24.340719,46.757167],[24.341056,46.757024],[24.3413,46.756894],[24.341535,46.75669],[24.341689,46.756533],[24.342122,46.756264],[24.342591,46.75591],[24.342995,46.755713],[24.343455,46.755494],[24.343869,46.755312],[24.344165,46.755241],[24.344453,46.755207],[24.3448,46.755136],[24.345124,46.755031],[24.345388,46.754871],[24.345747,46.754651],[24.346208,46.754375],[24.346587,46.754199],[24.346911,46.754101],[24.347336,46.753985],[24.347677,46.753906],[24.348001,46.753809],[24.348444,46.753635],[24.34876,46.753517],[24.349079,46.753434],[24.349303,46.753332],[24.349685,46.753089],[24.350034,46.752804],[24.350544,46.752322],[24.350887,46.752017],[24.351117,46.751873],[24.351297,46.751779],[24.351678,46.751624],[24.352271,46.751374],[24.35297,46.751031],[24.353165,46.750907],[24.353866,46.750562],[24.020688,46.452512],[24.00219,46.438173],[24.000962,46.438709]]]]},"properties":{"alert_id":"7734739b34a12289","source":"nowcasting","alert_type":"nowcasting","feature_id":"ae76a234778987ab6f","judet_cod":"MS","judet_nume":"Mureș","county_code":"MS","county_name":"Mureș","cod_judet":"MS","cod_culoare":1,"cod_culoare_nume":"Galben","culoare":"1","cod":"Galben","fenomen_principal":"Ceață ce determină vizibilitate redusă, local sub 200 m și izolat sub 50 m.","fenomen_group":"ceata","zona_text":"Județul Mureş: Luduș, Sarmașu, Râciu, Zau de Câmpie, Valea Largă, Sânpetru de Câmpie, Chețani, Miheșu de Câmpie, Sânger, Șăulia, Pogăceaua, Tăureni;<br>","zona_nume":"Mureș - localitati","zone_name":"Mureș - localitati","display_name":"Mureș - localitati","localities":["Luduș","Sarmașu","Râciu","Zau de Câmpie","Valea Largă","Sânpetru de Câmpie","Chețani","Miheșu de Câmpie","Sânger","Șăulia","Pogăceaua","Tăureni"],"geometry_source":"coordGis","match_confidence":"high","interval_text":"","interval_start":"2026-09-19T00:40:00","valid_from":"2026-09-19T00:40:00","valid_to":"2026-09-19T06:00:00","interval_valabilitate_text":"","interval_end":"2026-09-19T06:00:00","data_expirare":"2026-09-19T06:00:00","mesaj_plain":"Ceață ce determină vizibilitate redusă, local sub 200 m și izolat sub 50 m.","source_url":"","source_label":"","notes":"","durata_ore":5.3,"zi":"2026-09-19"}},{"type":"Feature","geometry":{"type":"MultiPolygon","coordinates":[[[[24.547064786096325,47.22603763547447],[24.55528250852947,47.22807372194471],[24.553180931625015,47.22519787679411],[24.558934621881743,47.217664673510285],[24.54770968087542,47.21049515553737],[24.547708503741955,47.199710572008705],[24.54355425414122,47.19689994984985],[24.54449787528586,47.1927039647976],[24.548844284031304,47.1918471733881],[24.555428958573447,47.18302716279301],[24.553133298434403,47.174389047113],[24.549784729337173,47.17232226335584],[24.55503532069585,47.162120251543584],[24.55844077787283,47.15919042664612],[24.56723417653468,47.15774058850271],[24.575908874110564,47.15011408049851],[24.582980320278242,47.154373400006875],[24.598240401103755,47.15719155681386],[24.60536910668117,47.16262752228165],[24.614347329197706,47.160688788070516],[24.622306116651227,47.16380486379693],[24.628149254512593,47.160396056113285],[24.63362217667031,47.15052484602231],[24.651537921572015,47.1446473349126],[24.65167075507076,47.13724783128992],[24.644541318395277,47.13747072521299],[24.64496210010274,47.135040444158285],[24.636467939558617,47.13500338652804],[24.610498256258026,47.12560704270746],[24.60001301739152,47.12500559818278],[24.595377778943124,47.12851827896344],[24.586394231452644,47.130202167495945],[24.57712792641464,47.12890957650692],[24.568143033728905,47.131033391270314],[24.55209407542576,47.1278994048677],[24.54531945779155,47.13075093303175],[24.5226751443073,47.118325400959044],[24.518103980345398,47.10841475831728],[24.51020265413241,47.10638945126662],[24.509621161955543,47.1096709721224],[24.506639151967974,47.1084306657743],[24.503485799900446,47.109980315174866],[24.498182862121986,47.10629970399373],[24.505245250778074,47.094010929720646],[24.486713009707735,47.08717681169791],[24.47405501881131,47.09632094329945],[24.460712377412932,47.0881103470841],[24.462352994117587,47.0822847099202],[24.453765951032718,47.0726502078254],[24.45989268637613,47.06053987041321],[24.46015630480875,47.053435728702986],[24.45718276466931,47.0540573572455],[24.456346670879356,47.052238796311016],[24.45345244761825,47.053565216819955],[24.447230465206708,47.05054751770981],[24.4439374287933,47.05394738964437],[24.44102002468573,47.053703143787494],[24.440481489563812,47.05611355945866],[24.436270571345798,47.054939886091326],[24.42908503980237,47.05876190216385],[24.418154328288477,47.05677659970256],[24.42192150217704,47.06386044987292],[24.431477905492905,47.06333916412698],[24.432600972337127,47.06827137234475],[24.42633525939346,47.070200118876464],[24.43028942180193,47.079307591889766],[24.42267087857228,47.08231258088627],[24.41688083851898,47.082321062442986],[24.413908317251618,47.08532898401905],[24.410370626798347,47.09203277627476],[24.418447159239783,47.09801243872125],[24.420343171316194,47.10293677722404],[24.417671366263725,47.10747923547867],[24.40925979931388,47.109432508464174],[24.402667757699863,47.11718991000149],[24.41091869820255,47.1228801346916],[24.415426575767547,47.122185955863344],[24.420787142562126,47.125311404510576],[24.426507213640605,47.12193347461255],[24.430785757809748,47.12592026986511],[24.420283824830747,47.12678875434552],[24.41189986804639,47.12283417894331],[24.411824323389524,47.1246382585149],[24.41530650196249,47.12494726729853],[24.410613182351682,47.13001940879189],[24.407775906397756,47.126777136102056],[24.39011597522446,47.126012869768076],[24.386817186608628,47.12920685819648],[24.390093235956563,47.13308626178224],[24.40965046452402,47.14256650793311],[24.408370666212203,47.15140427465683],[24.41591048266806,47.16408153242272],[24.428730238572395,47.16533056337078],[24.430420777800773,47.16293556285339],[24.433867974045384,47.163330717703666],[24.444758015597838,47.16811863486955],[24.43931098580879,47.172502077366936],[24.442277920589294,47.17959203972],[24.457983284751975,47.17772423601366],[24.47824603466088,47.186058142077826],[24.484917224330097,47.191236216197595],[24.491388666103116,47.19092012006575],[24.497248435449617,47.20387284403466],[24.49455306759326,47.21036558945339],[24.49647033858199,47.21332323445823],[24.510189601371465,47.21667741627884],[24.520068381596296,47.22669430561313],[24.535124657906167,47.22851092341265],[24.547064786096325,47.22603763547447]]],[[[24.182965532672792,47.19993848165343],[24.191114162891097,47.1998442534425],[24.195744525804095,47.194330070753885],[24.1999439955373,47.19646259431523],[24.204779505611032,47.191537405303436],[24.197544227506672,47.18991902820904],[24.198054583683394,47.188385401083096],[24.204775553299545,47.18833297146732],[24.21602184467929,47.19492225956745],[24.222586581383183,47.188799936297066],[24.23011987796684,47.1866574335623],[24.22998187134756,47.18306155011401],[24.239235061368902,47.182598205274424],[24.239650862284634,47.172185096665075],[24.2313084164066,47.16916970412699],[24.230101214971583,47.163084899551194],[24.225666255655113,47.16631783338856],[24.220216232667184,47.16660818873585],[24.216056536909225,47.16222768343118],[24.22208329824135,47.15641588116963],[24.2204153154322,47.154333896983786],[24.22894018381753,47.14074324043167],[24.22595522094504,47.13624615490452],[24.228230143432594,47.13343847151062],[24.220550260576093,47.123747167970244],[24.215298572557398,47.12168512090513],[24.202166982328908,47.125771953589165],[24.186508596972516,47.13435166373538],[24.187200591954113,47.13870955376299],[24.176004003483655,47.13884868958414],[24.17286872859898,47.135221444843005],[24.175449937134864,47.13151907901226],[24.157607726622064,47.12921295322552],[24.145099167149997,47.139221788782386],[24.143215654866214,47.144759492221844],[24.134518620167636,47.14679940062075],[24.13299749102513,47.14513256339142],[24.12729397741473,47.14619360931952],[24.12615163983585,47.142916219801705],[24.12085589637653,47.14263860561042],[24.120641098995872,47.13375212204244],[24.111060635346004,47.130101307561496],[24.108082388146396,47.13549878735515],[24.11359076022911,47.13828569164403],[24.11102227167217,47.144188584088965],[24.119576667571486,47.15002222473699],[24.11983731212863,47.15732633659826],[24.133887764681266,47.165204681475316],[24.13453683266132,47.16806612617544],[24.139357904277823,47.16795232129567],[24.131168465476733,47.173623680914986],[24.12674111194381,47.16985147491355],[24.117094066179767,47.17098206637798],[24.11516376680585,47.17392813461727],[24.118264580675845,47.18159449706124],[24.112926755062865,47.18334124652147],[24.11400909892216,47.18986137455535],[24.127380426571637,47.197556994449286],[24.131629840906253,47.19610738353785],[24.12684918716561,47.19176382402845],[24.133006479012366,47.19031741719098],[24.13887086450388,47.195485645416504],[24.13703940315367,47.19996676308937],[24.143443126513546,47.19926274924293],[24.152925569452282,47.20535788615103],[24.1692698668042,47.20646511839729],[24.17495650801126,47.20474401207482],[24.17121490560171,47.196627175134026],[24.173394734948392,47.19159231207947],[24.178339383022127,47.19163097159603],[24.175853084197122,47.19471955215269],[24.182965532672792,47.19993848165343]]],[[[24.558445324671787,46.98231932058026],[24.565738696963084,46.972045294182536],[24.56025202460634,46.96411467913037],[24.547667662750808,46.95928850284221],[24.544255144256194,46.95257569425775],[24.555237310672418,46.95034243227584],[24.569987168231705,46.95434707453792],[24.583437788568382,46.94473304345337],[24.58050878862744,46.93848343603999],[24.57307473485643,46.9322871873751],[24.574412817183088,46.928606855536984],[24.585301729277685,46.92121796905996],[24.584537165586028,46.91518749226588],[24.570125532989817,46.91453387304505],[24.564943017988938,46.912379198384656],[24.568935749924783,46.90860164800971],[24.56565602437743,46.90898150484377],[24.560438747483193,46.9054212070254],[24.551058504308326,46.90643244401003],[24.547348793601973,46.904920520828995],[24.5324376964436,46.907037272541224],[24.53375473571029,46.900945547142],[24.531787677865122,46.89899741410102],[24.54028496977565,46.89125148846566],[24.53203873286608,46.88116141623293],[24.53891082393432,46.876429691752016],[24.535018473669695,46.87271604813188],[24.538257362151707,46.86784483304318],[24.532806875286052,46.870465137631506],[24.527187190803286,46.85398259141204],[24.524418469698194,46.85253597472974],[24.522999895536596,46.85449362526057],[24.52258498894253,46.85227927754155],[24.50988734629815,46.85038024960401],[24.509122264080723,46.84879956385148],[24.50658112575639,46.8526415449307],[24.503267867831493,46.851373822725535],[24.502883674793907,46.846239533547134],[24.50613525319954,46.84621764220851],[24.50365214431836,46.83957891210016],[24.490379369544854,46.840121464268364],[24.489183071642987,46.83572305873194],[24.480557696655605,46.83116121191792],[24.46721175877565,46.82844125524884],[24.46442321010506,46.8221135566813],[24.460741753361276,46.81948644330864],[24.458157878214795,46.82008106452654],[24.456497660758153,46.82170715951389],[24.46282655224711,46.827263756694364],[24.450560589216884,46.82941868051309],[24.448407717416746,46.83231243518455],[24.450427425410354,46.83778891249278],[24.445787343053066,46.84042141411785],[24.445274149998824,46.844077230325354],[24.450331949274634,46.84649332447071],[24.458332203438943,46.858261791718654],[24.463781417817263,46.8557047421392],[24.46810085603201,46.85682794726882],[24.462432703725288,46.85862615672322],[24.46441397828723,46.86055888909083],[24.46272326990219,46.86260181785802],[24.457923679918895,46.86521401613219],[24.456918235039154,46.86126807357763],[24.45436649862385,46.86514604952672],[24.43847199082021,46.87089239704643],[24.42489356210122,46.869050823793735],[24.42439755365575,46.872511163196684],[24.413492899039888,46.86929624343228],[24.403462461281002,46.87051603504132],[24.393563483348682,46.866938974463906],[24.38765228101598,46.87098254540055],[24.38980356272319,46.87551136517915],[24.382670047896582,46.885036737036],[24.383832570760084,46.89088573251419],[24.385874241838597,46.89103231216217],[24.384312950539684,46.89309733771122],[24.387787516241104,46.89299648082454],[24.391111131887254,46.8987926969019],[24.407779676543164,46.89188268173196],[24.407922214723666,46.89584375074995],[24.411838874769074,46.90017903473211],[24.414146155180518,46.8999691413049],[24.413129495292416,46.90745411555888],[24.410262594150065,46.90775775044053],[24.40534795051424,46.914457140269704],[24.406102447309582,46.92040408080408],[24.39887476090307,46.92519435543371],[24.40002550096104,46.92821459381932],[24.42140131258323,46.941320698678815],[24.439824072081528,46.94665694036385],[24.456666587983925,46.95654287272523],[24.46206275336552,46.96213999417609],[24.47065556870261,46.963535045070174],[24.474334227179657,46.970012530569086],[24.488347588362576,46.971834062967595],[24.491351142476283,46.970594137444486],[24.501452470154877,46.95766280530751],[24.50547262523816,46.959753492811345],[24.51177641940345,46.95928667827882],[24.528776208981366,46.96748633790609],[24.54490768953291,46.969104518282826],[24.548092604629378,46.979352258994204],[24.5539412761825,46.984188005191584],[24.558445324671787,46.98231932058026]]],[[[24.411028717666863,47.037567196483806],[24.40491287991023,47.029769082972706],[24.39565955880214,47.03108635321994],[24.397082625441097,47.02582662873128],[24.39281750057808,47.021759249036656],[24.392500069171284,47.01779121688291],[24.388930255571893,47.01476643788864],[24.380439940262033,47.013313555909036],[24.380223705032034,47.00953781057009],[24.377658773401503,47.01062119897172],[24.37277848090079,47.00805644452587],[24.363964765345173,47.00728856547192],[24.357567279123245,47.00903407273833],[24.348780719592156,47.00775660786661],[24.341071668900085,47.00123522705957],[24.34206381886558,46.993467804323025],[24.34833985748727,46.98976263810861],[24.347446887734506,46.985139040448075],[24.36497517977937,46.98194105234598],[24.38722929557838,46.9679409512891],[24.384374145364653,46.96074600824353],[24.378528240115067,46.95698544598065],[24.387571841253585,46.95284270463907],[24.39284486131322,46.9461252938279],[24.38627937424979,46.93649954554565],[24.390664383523347,46.927763449944294],[24.379859472823796,46.924889821613874],[24.382174804798122,46.92045072409928],[24.372760937688536,46.91598668027256],[24.3718277008747,46.91066623185648],[24.365398044555814,46.90704851884819],[24.362561012684534,46.90873466316623],[24.3629350028232,46.913330985881124],[24.357803104447125,46.91039643106695],[24.35673807749444,46.91325402211553],[24.35525132672769,46.911779640353295],[24.3529040303907,46.91303957301529],[24.347654458965476,46.918437517188586],[24.34735812556201,46.925049555049064],[24.342597295573505,46.928275538180095],[24.331678448646446,46.9276834469172],[24.317062036977717,46.92991153632692],[24.310376397548357,46.9272928974138],[24.299124728400095,46.926840306552975],[24.302261899932954,46.92835307008398],[24.309874300095785,46.94215994448984],[24.308151749319606,46.94658340049437],[24.296456270493316,46.95746560409008],[24.31527251871637,46.9643647356565],[24.312686438068344,46.96759431872905],[24.298884146686234,46.96379704890747],[24.300228418612406,46.968422668198116],[24.290309218045806,46.96755750016773],[24.286105052686494,46.97214319656079],[24.280141080269143,46.97427690658121],[24.28251419659905,46.97899421964059],[24.276802415965573,46.988944076280994],[24.277967308496734,46.99167486536467],[24.283033735388333,46.99274589975799],[24.277861333313886,47.00645266834087],[24.280575937603718,47.01035824371201],[24.279651032915567,47.01637166894985],[24.27178507431536,47.02536896815796],[24.27316567414913,47.03536443147415],[24.266428047404084,47.04270974565912],[24.272305567471477,47.049246102201],[24.27125563078784,47.061934947629936],[24.256626708460942,47.061352903829615],[24.254323527123972,47.0642145517328],[24.2443088687315,47.06146133684744],[24.24353295853941,47.06446373755404],[24.2432452699043,47.067016904690135],[24.252480892061843,47.068902250015924],[24.25383736120716,47.07350285786051],[24.264082021774783,47.080676773929625],[24.263673672218083,47.082628852249435],[24.25848183399477,47.08322150438963],[24.260086863799163,47.09274453464531],[24.273031219025185,47.09160990572363],[24.270562588734823,47.0907375297801],[24.271712835485154,47.0884384996116],[24.27763985088507,47.087128184459125],[24.27822762742807,47.08460377457189],[24.29462640186947,47.08970545090914],[24.293473181409194,47.09119680729008],[24.296934592243556,47.092520745528766],[24.294247978372585,47.09543696163365],[24.29592733163968,47.09811331078857],[24.29907968476766,47.09801259695231],[24.29626451310037,47.09548164359984],[24.29997244951805,47.09632147401811],[24.302263292419312,47.092578608913044],[24.309601308135715,47.09067882789495],[24.303200749649008,47.09377698781806],[24.307183864845,47.09998015457493],[24.313998367818762,47.09514341350967],[24.31736657780757,47.09879578917652],[24.32400566101059,47.09617078041619],[24.330520334650977,47.09674097388588],[24.329323053284032,47.09222801188515],[24.339863006643874,47.088591870594904],[24.33454833082517,47.08121014700792],[24.339414109743238,47.079014383630884],[24.340360670325552,47.071969817244884],[24.34530535600692,47.07892740757716],[24.351464554140524,47.078570484548415],[24.35139150782083,47.0739327327292],[24.35566326698128,47.0740939820095],[24.35305634436313,47.06927237953976],[24.344357629165604,47.06524035595514],[24.345457012798335,47.06152296216608],[24.35423579075895,47.058825491418084],[24.356959934066648,47.05591677205106],[24.377726667229506,47.055172124484336],[24.389444453864307,47.04985914000626],[24.39638316586974,47.049718884173565],[24.398257183579076,47.04448156584621],[24.404146630403506,47.04134700202584],[24.40476779367192,47.03875902108451],[24.411028717666863,47.037567196483806]]],[[[24.34919202422981,47.299113671294336],[24.378177565667567,47.28931480296583],[24.366932097443247,47.274195585458536],[24.37331384383275,47.271579501928464],[24.375507165870943,47.265671807836355],[24.38708576511263,47.26027445113069],[24.38785261220965,47.25253156069935],[24.39054321367088,47.25156728362473],[24.383438416464557,47.249244065386925],[24.374726775391707,47.241007912316604],[24.3758121213822,47.23688212541746],[24.364983446638316,47.230475142449144],[24.36383332136845,47.22445967279592],[24.358921074021335,47.220446251371044],[24.364366770522455,47.21088176796919],[24.356010240184066,47.20769150888618],[24.351981707296396,47.199955066320605],[24.344193194721356,47.19395794665746],[24.35712813839149,47.20039800072968],[24.363710164109584,47.20043439457438],[24.366554005548867,47.19726162486829],[24.373548473824236,47.19572791689391],[24.370849328411904,47.19156356577766],[24.368353589192417,47.19261365449164],[24.370265378668794,47.19600234664512],[24.351387225963443,47.18789389977931],[24.336464767487595,47.18720897157791],[24.336745160009098,47.184647314210935],[24.33216774541681,47.1833154155906],[24.33298206436379,47.1803773620461],[24.32153127987206,47.1846650579608],[24.316294993900144,47.191469449041065],[24.304504820068907,47.19572707975488],[24.291493482707452,47.19669725262854],[24.291284964795075,47.20028533936734],[24.286949125959215,47.20411137165715],[24.277840524678744,47.19954895187799],[24.262965155912486,47.20495773266572],[24.253957600351562,47.205093258457794],[24.253839362728737,47.207642006177096],[24.24630053254621,47.208307143103646],[24.241899809421575,47.211350608739515],[24.244860721458096,47.21583497749361],[24.253624828946375,47.216766082460566],[24.26010271809081,47.22136404129917],[24.263006189834773,47.23258090983561],[24.259961858530094,47.23356959950556],[24.26605449666574,47.23489748166773],[24.26636281130886,47.238577491462244],[24.27268319115568,47.24096959642111],[24.276237708929397,47.246392799478556],[24.27509018148803,47.2533585004429],[24.279825029929132,47.2558629071968],[24.275403028571578,47.258655859931466],[24.275303391837166,47.26342670614623],[24.270165558854906,47.2668135443248],[24.268635064216024,47.271749720726916],[24.259848348306146,47.278275121808804],[24.25483982013247,47.290811614701646],[24.25078026935724,47.29282639568904],[24.250320204910306,47.29477416277304],[24.25292802630173,47.294220855017905],[24.25835335617952,47.30188697767774],[24.259648213105667,47.29798159540853],[24.271292557113608,47.29293733463484],[24.270693212521106,47.29907608986347],[24.291601785990892,47.307973125768555],[24.29317996975764,47.31142290352802],[24.296949868660157,47.30942318159763],[24.30234679236269,47.31119214501969],[24.302166284038503,47.31496324549352],[24.304787854209312,47.314644011775265],[24.308269452938912,47.32013418580529],[24.318889587888393,47.311887374019626],[24.32376813176395,47.31135862425835],[24.323347889152643,47.29557930125433],[24.328915515863702,47.291288778738426],[24.332295202285927,47.289799584642196],[24.338899386869137,47.29540875749518],[24.34919202422981,47.299113671294336]]],[[[24.197299396159863,47.23599628456805],[24.195596157758708,47.23328515956383],[24.188713861542873,47.23124345638497],[24.191877750943423,47.22273115455568],[24.18831132743098,47.219502561725015],[24.19217321433554,47.21435182206229],[24.180604919617025,47.20896663360011],[24.184522552858958,47.2063342490882],[24.18236510356216,47.20531894724285],[24.18247543470161,47.19804065799707],[24.175853084197122,47.19471955215269],[24.178339383022127,47.19163097159603],[24.173394734948392,47.19159231207947],[24.17134101164032,47.19501411829948],[24.175545478571024,47.20208561339815],[24.17396300338906,47.205320183528016],[24.164649312500075,47.20646538364458],[24.149673946702737,47.203827059284635],[24.148086762074886,47.21110157904498],[24.137992384374872,47.214857240772936],[24.133122060610972,47.2221129676888],[24.128119548032313,47.2200744265364],[24.12534562638196,47.214977599825474],[24.11978724454274,47.22239065642143],[24.122369152238058,47.22414883486158],[24.117079911340486,47.23184975780177],[24.112292362741762,47.231083317972086],[24.110707914248067,47.22574632491203],[24.10669567051635,47.22463013986086],[24.097407527649345,47.2278694149578],[24.09951082840114,47.23214492410225],[24.09695570447973,47.23588802269011],[24.09967057492664,47.23674357307847],[24.098749487320035,47.23397808942773],[24.1039061015461,47.233323036598],[24.106252091335154,47.23791639041199],[24.093588871165544,47.24588143437654],[24.08688070193578,47.257242613265355],[24.08862478657637,47.262667132508014],[24.084279674365646,47.26765665732192],[24.085599456032774,47.26882561486369],[24.082302665151126,47.27186839638331],[24.07537800915553,47.2728609097211],[24.076773095704397,47.27914820663841],[24.07374227001766,47.28202475387919],[24.06896791846581,47.28236642951375],[24.070955222869156,47.285324632267674],[24.067315400972433,47.28998553470446],[24.069891520266687,47.298042541650474],[24.067056625630215,47.30164504349355],[24.068751750472764,47.30776719766952],[24.06290064915799,47.30910443598109],[24.069574307023284,47.326128777843245],[24.07425224424019,47.32736490528182],[24.077565994569152,47.33498007655431],[24.08581876195795,47.33825818825138],[24.08814749994367,47.341565122195995],[24.09076936893655,47.3407309650106],[24.098462123604698,47.34446250965499],[24.10153311316043,47.33758883087438],[24.096986610344107,47.33336867425667],[24.100435409900253,47.33183481008611],[24.097451276647885,47.331836448949936],[24.100422568039296,47.329139193203446],[24.09499267144684,47.328050108587355],[24.095358253168083,47.3252108843887],[24.098229074300914,47.32300485433056],[24.096711099453653,47.31600147078628],[24.100481050770576,47.31093893830888],[24.097758467920514,47.3080252300062],[24.09899205619668,47.30213075132793],[24.103523325235468,47.29961898494458],[24.099947170329628,47.29714349672105],[24.109190505731288,47.279430034890815],[24.115548136974247,47.278495121248795],[24.12531753947409,47.28139453044169],[24.125870549833397,47.283571907503294],[24.13175177541975,47.271072413730614],[24.1364324935143,47.271009005962675],[24.145651346882023,47.26530059887734],[24.152153327844708,47.265602615174366],[24.148296240896556,47.2624128672028],[24.149603680337393,47.25992936982471],[24.154672489056,47.26003080592354],[24.160469339120056,47.25570399717026],[24.164429080265364,47.2566914562425],[24.16891446069044,47.255164125393065],[24.16537540370693,47.2520029666785],[24.167115174483815,47.24894711035809],[24.171532583268043,47.25017890355195],[24.178854495386723,47.24673317420176],[24.18295378168771,47.248664442298896],[24.18736425317501,47.236654042838836],[24.197299396159863,47.23599628456805]]],[[[24.24099407324564,47.212750551864694],[24.248015209221883,47.20724830291114],[24.253839362728737,47.207642006177096],[24.253957600351562,47.205093258457794],[24.262965155912486,47.20495773266572],[24.277840524678744,47.19954895187799],[24.286949125959215,47.20411137165715],[24.291284964795075,47.20028533936734],[24.291493482707452,47.19669725262854],[24.304504820068907,47.19572707975488],[24.316294993900144,47.191469449041065],[24.32153127987206,47.1846650579608],[24.33298206436379,47.1803773620461],[24.33216774541681,47.1833154155906],[24.336745160009098,47.184647314210935],[24.336464767487595,47.18720897157791],[24.351387225963443,47.18789389977931],[24.370265378668794,47.19600234664512],[24.368353589192417,47.19261365449164],[24.372173157817606,47.189867204846244],[24.37254957177477,47.18338180720531],[24.380619322019324,47.180602525741186],[24.380801551148682,47.176859786426895],[24.40471592221615,47.17652990465531],[24.409201450180124,47.17905260246696],[24.413352436401542,47.17863829552832],[24.41539891512687,47.173802309307426],[24.424788068174987,47.16527454723917],[24.414596110430008,47.16264942919213],[24.415144518626136,47.15967581947645],[24.40827651357751,47.15104388254637],[24.40965046452402,47.14256650793311],[24.390093235956563,47.13308626178224],[24.38507064361429,47.12373811921225],[24.37961385015839,47.12428383605999],[24.37112833530855,47.12109017331397],[24.366195093726844,47.125955398771076],[24.351166614239826,47.12287589461386],[24.348154977634877,47.13259214310948],[24.339160234685384,47.13619945892988],[24.32710684837605,47.1335820013647],[24.316170848298096,47.135260939929445],[24.309217154173716,47.13261510379309],[24.304801217707112,47.13319009038097],[24.296635241973778,47.13917503266585],[24.301361767468205,47.142097961759404],[24.296165914761673,47.146714852588524],[24.302724406919598,47.15328655436579],[24.29681454412409,47.15684419942115],[24.300695637287454,47.16622324715228],[24.296626399846907,47.16613362170413],[24.299106358335546,47.16921979880892],[24.29550938500049,47.17231380263006],[24.291722527190842,47.17045919520223],[24.290465396960453,47.17251603622405],[24.282679014578495,47.17220242289646],[24.27994313159603,47.17017284954993],[24.275001894688742,47.174638311653204],[24.27705663823097,47.17128198947682],[24.264706719161243,47.16933497097871],[24.2575916342456,47.16505205723133],[24.252326640852743,47.16809374405229],[24.254796479874102,47.16914873398967],[24.252208970602204,47.17119080729315],[24.253876823882187,47.17247680760334],[24.247287096154036,47.176123156839175],[24.243217378865246,47.17007841765256],[24.239456714240575,47.17061222480422],[24.239235061368902,47.182598205274424],[24.22998187134756,47.18306155011401],[24.23011987796684,47.1866574335623],[24.222586581383183,47.188799936297066],[24.21674970042263,47.19474599283609],[24.204775553299545,47.18833297146732],[24.198054583683394,47.188385401083096],[24.197544227506672,47.18991902820904],[24.21475445801629,47.19509111321917],[24.217779549921513,47.20519218973991],[24.226261397257723,47.206203574273566],[24.24099407324564,47.212750551864694]]],[[[24.20078283145357,47.05309230694013],[24.20433362934834,47.04480743230064],[24.214301664409945,47.03753070639692],[24.212572067031832,47.01274231277266],[24.218078941179744,47.00712724459203],[24.211881371475148,46.99870272303574],[24.21320262606285,46.992865277980485],[24.219898790756286,46.99378423641571],[24.22239905347215,46.99239924213881],[24.21765250038337,46.98748244184753],[24.222804327865827,46.987305295581656],[24.231344389412392,46.978113864333885],[24.23322982686727,46.97229684707868],[24.236529277148186,46.97360229762579],[24.23617683228476,46.968488111718756],[24.232763400657053,46.969627252051076],[24.226235988094345,46.96571047408666],[24.22637293136333,46.964268000111645],[24.234965441481744,46.96381719674031],[24.234767718112025,46.95987272331293],[24.227041211226865,46.95823077961532],[24.22447960824261,46.95446941875279],[24.22601769859222,46.9498766534297],[24.230706016805254,46.94755087569205],[24.23629954624436,46.947769032135874],[24.239061677210405,46.9514937644232],[24.23955745442386,46.94380467919069],[24.232764158061755,46.942524904116716],[24.237047811273673,46.94051901767131],[24.222341597967635,46.93265754105494],[24.22047485012161,46.92966182474157],[24.224940458441765,46.9265171194047],[24.22500115712507,46.923363368105925],[24.23812816155837,46.92362328155353],[24.247572417539914,46.91957611268875],[24.237370964464304,46.91343292814608],[24.247489726056774,46.90546580692865],[24.23551712642929,46.898204914000054],[24.244602957289658,46.89295506681353],[24.23935370719698,46.88786284933348],[24.235340435976436,46.887010743423566],[24.227460976609954,46.88813268175654],[24.216705667803623,46.89679891148518],[24.214925749795306,46.906698049457134],[24.20964631726396,46.91203962351282],[24.186812255740982,46.921848407182765],[24.193646058898562,46.9241905279976],[24.195144928106547,46.93065747844629],[24.192550854499675,46.935087929445345],[24.185346482454136,46.928931475409264],[24.175236128261663,46.932513319544256],[24.171148164417065,46.9306727765605],[24.167328064731738,46.93142349316539],[24.16764085083684,46.93410997412672],[24.161542386184713,46.93358031849348],[24.16138863069304,46.94787706531335],[24.16425741377101,46.948613696456384],[24.167832028446703,46.94651773718559],[24.17261015925246,46.9531491700744],[24.178299271693845,46.95350553778719],[24.178308925899408,46.95690957880272],[24.170366741845886,46.95815111856967],[24.17551892713988,46.96317847753551],[24.15824001864988,46.96483451757665],[24.156984829266477,46.96171280192154],[24.141564086409236,46.96726783257694],[24.13244557213267,46.96592798317882],[24.117516421764293,46.9600742355583],[24.113932698255184,46.96055412085994],[24.118131342911614,46.974048767389675],[24.10807413108425,46.985269527294484],[24.099487146745723,46.985897337493334],[24.097877638603247,46.98910265702008],[24.102124429627143,46.99244866047451],[24.10050163688659,46.99610169927552],[24.10696785795881,46.99524238339924],[24.104356702591733,47.00266785502558],[24.112612994756997,47.00726157740482],[24.119283854629643,47.01577105626754],[24.137471081157127,47.01573969240443],[24.145105111590667,47.01298573730495],[24.146930572324905,47.0151553565296],[24.155615044033613,47.01189936280493],[24.162072231620446,47.02633749033999],[24.159400797942567,47.03352479446713],[24.16308872384208,47.04045505716314],[24.159063993075762,47.0424459630894],[24.158808539481164,47.048780492048124],[24.163215405571542,47.05061380843946],[24.173262994810067,47.05012319413321],[24.18066733366774,47.05345165744433],[24.183699546362828,47.04841136567871],[24.198016715979172,47.05098207798683],[24.20078283145357,47.05309230694013]]],[[[24.11451135473691,47.182897099961316],[24.118264580675845,47.18159449706124],[24.11516376680585,47.17392813461727],[24.117094066179767,47.17098206637798],[24.12674111194381,47.16985147491355],[24.131168465476733,47.173623680914986],[24.139357904277823,47.16795232129567],[24.13453683266132,47.16806612617544],[24.133887764681266,47.165204681475316],[24.120849463648216,47.15851993581794],[24.119576667571486,47.15002222473699],[24.111454185292203,47.14528238807533],[24.11359076022911,47.13828569164403],[24.108079898130278,47.135335968666105],[24.109270166692653,47.1311815982131],[24.113787579749577,47.13134875229767],[24.11251750205489,47.12845160406625],[24.10765202162367,47.12648438167651],[24.106750046451943,47.128436262569906],[24.101695871071854,47.12888337560391],[24.103886810693915,47.124823827695565],[24.09652081199428,47.12700560897664],[24.08789849564093,47.115208176704805],[24.07723621144409,47.11986169483562],[24.070169221740986,47.11822241368413],[24.069842848002075,47.124177308362455],[24.067257491114315,47.124275063448835],[24.071943905186274,47.1278920526605],[24.06448238600111,47.13126434027261],[24.040519199355487,47.132551434301995],[24.039302340342605,47.14033126246233],[24.02634402372403,47.143363095453026],[24.026150235030233,47.1459018389204],[24.02369921676744,47.14614835006355],[24.02056833388938,47.142105949817164],[24.01924695528247,47.143615225861254],[24.01738524300556,47.14251785248582],[24.011500338497527,47.150496417253784],[24.014365734234516,47.15246549215989],[24.014142209065636,47.1585556921041],[24.02378346979341,47.15492462019777],[24.028451986967994,47.16375922867087],[24.024568939872044,47.16948130262765],[24.02050702666421,47.168166053570616],[24.02095796848486,47.173099085646164],[24.024296227181143,47.17075694093517],[24.03269335216896,47.16978249830995],[24.03252254811568,47.17674592714706],[24.038980677568006,47.17644075000256],[24.040291362253843,47.18047569402241],[24.050366463797708,47.18398976976353],[24.05619799954728,47.183926014826056],[24.05621051645479,47.181225321251745],[24.06612956663662,47.18496953057229],[24.073958208128776,47.183902167587426],[24.082262012337946,47.18542360579526],[24.087494098948582,47.182863505872774],[24.089763300892944,47.177979766141064],[24.104467638374917,47.184288947617084],[24.11209502522336,47.181606921435574],[24.11451135473691,47.182897099961316]]],[[[24.026396490550884,47.223116324305934],[24.03242311009462,47.21738723552497],[24.025247655459633,47.21845974656749],[24.0238939507023,47.216705330934204],[24.02897413281334,47.21359666996666],[24.028559908202418,47.21047481614352],[24.037558795742406,47.20828963833826],[24.03728879351158,47.205620635178825],[24.032829512854228,47.20536694855593],[24.033832776645518,47.202741575623016],[24.038218924351867,47.20384089579798],[24.041264512581808,47.19992999846649],[24.038671388184433,47.199544380385724],[24.04085951984312,47.19129640083803],[24.04463397800453,47.18890710966615],[24.041007384733465,47.18610808361637],[24.04680968014086,47.182612794736514],[24.040291362253843,47.18047569402241],[24.038980677568006,47.17644075000256],[24.03252254811568,47.17674592714706],[24.03269335216896,47.16978249830995],[24.023587486614563,47.171053243989945],[24.01866961305012,47.177150388628476],[24.013695523636873,47.17868963452588],[24.00114356561863,47.17462022223496],[24.006934494913605,47.16756301349527],[23.990074908824344,47.1683179767661],[23.989250088522216,47.173810025251875],[23.993683351218113,47.17513896951622],[23.992760852160362,47.182341550400636],[23.98615329537113,47.1848667695322],[23.982382513112473,47.192681678754724],[23.977140318716188,47.19539419495842],[23.974968297323635,47.215470464396255],[23.9700529696235,47.21700656424907],[23.972403737741242,47.224576808932284],[23.969336748406995,47.22719061462074],[23.972609483452665,47.23181800195713],[23.96776049471651,47.243103310968166],[23.969840953008486,47.24891474205198],[23.979662018914546,47.25111762174718],[23.98535771533939,47.248215029446676],[23.98797228894338,47.23623661159416],[23.992110240075288,47.23331617481978],[24.005697586872078,47.23230195608705],[24.010128137356947,47.230247681076875],[24.011957522268865,47.220659381388195],[24.018406146182432,47.21888123171032],[24.021267903795334,47.222030327611506],[24.026396490550884,47.223116324305934]]],[[[24.149673946702737,47.203827059284635],[24.143443126513546,47.19926274924293],[24.13703940315367,47.19996676308937],[24.13887086450388,47.195485645416504],[24.133006479012366,47.19031741719098],[24.12684918716561,47.19176382402845],[24.131629840906253,47.19610738353785],[24.127380426571637,47.197556994449286],[24.116927059220544,47.191677286499335],[24.113907174796292,47.18968884057758],[24.11451135473691,47.182897099961316],[24.11209502522336,47.181606921435574],[24.104918019336043,47.18437738247697],[24.089763300892944,47.177979766141064],[24.087494098948582,47.182863505872774],[24.082262012337946,47.18542360579526],[24.073958208128776,47.183902167587426],[24.06612956663662,47.18496953057229],[24.05621051645479,47.181225321251745],[24.05619799954728,47.183926014826056],[24.047932595076887,47.1823077899629],[24.041007384733465,47.18610808361637],[24.04463397800453,47.18890710966615],[24.04085951984312,47.19129640083803],[24.038671388184433,47.199544380385724],[24.041264512581808,47.19992999846649],[24.038218924351867,47.20384089579798],[24.033832776645518,47.202741575623016],[24.032829512854228,47.20536694855593],[24.038301635009994,47.207144486465566],[24.028559908202418,47.21047481614352],[24.02897413281334,47.21359666996666],[24.023800232653628,47.218078378773974],[24.03242311009462,47.21738723552497],[24.026304419965633,47.222342136552165],[24.03055634064669,47.22796534640643],[24.02895681211919,47.23034400323982],[24.03828976358157,47.23871054982917],[24.04481088843052,47.24154100612593],[24.043769681813195,47.242947008131814],[24.04990289578645,47.246206168702045],[24.056601162307203,47.24621733224326],[24.062704477706582,47.254409125828545],[24.07778013197349,47.25394860324761],[24.084132247440415,47.25631053095618],[24.083157608153886,47.26010385982343],[24.088243177815595,47.262989870303784],[24.08688070193578,47.257242613265355],[24.093588871165544,47.24588143437654],[24.106303930129187,47.2377568022182],[24.1039061015461,47.233323036598],[24.098749487320035,47.23397808942773],[24.09967057492664,47.23674357307847],[24.09695570447973,47.23588802269011],[24.09951082840114,47.23214492410225],[24.097407527649345,47.2278694149578],[24.10669567051635,47.22463013986086],[24.110707914248067,47.22574632491203],[24.112292362741762,47.231083317972086],[24.117079911340486,47.23184975780177],[24.122369152238058,47.22414883486158],[24.11978724454274,47.22239065642143],[24.12534562638196,47.214977599825474],[24.128119548032313,47.2200744265364],[24.133122060610972,47.2221129676888],[24.137992384374872,47.214857240772936],[24.148086762074886,47.21110157904498],[24.149673946702737,47.203827059284635]]],[[[24.38659758803906,47.12763174743171],[24.39011597522446,47.126012869768076],[24.407775906397756,47.126777136102056],[24.410613182351682,47.13001940879189],[24.41530650196249,47.12494726729853],[24.411824323389524,47.1246382585149],[24.41189986804639,47.12283417894331],[24.420283824830747,47.12678875434552],[24.430785757809748,47.12592026986511],[24.426507213640605,47.12193347461255],[24.420787142562126,47.125311404510576],[24.415426575767547,47.122185955863344],[24.41091869820255,47.1228801346916],[24.402667757699863,47.11718991000149],[24.40925979931388,47.109432508464174],[24.417671366263725,47.10747923547867],[24.420343171316194,47.10293677722404],[24.418447159239783,47.09801243872125],[24.410370626798347,47.09203277627476],[24.413908317251618,47.08532898401905],[24.41688083851898,47.082321062442986],[24.42267087857228,47.08231258088627],[24.43028942180193,47.079307591889766],[24.42633525939346,47.070200118876464],[24.432600972337127,47.06827137234475],[24.431477905492905,47.06333916412698],[24.42192150217704,47.06386044987292],[24.418154328288477,47.05677659970256],[24.42908503980237,47.05876190216385],[24.436270571345798,47.054939886091326],[24.440481489563812,47.05611355945866],[24.446885590016883,47.05065571976218],[24.442737634236895,47.050957025050856],[24.431706636752207,47.04683861482262],[24.435201394332903,47.042064357295956],[24.42045836582002,47.04279447345176],[24.420755951933383,47.03237643504778],[24.41326227920015,47.03331227339027],[24.416205066956636,47.03678540427431],[24.40476779367192,47.03875902108451],[24.404146630403506,47.04134700202584],[24.398257183579076,47.04448156584621],[24.39638316586974,47.049718884173565],[24.389444453864307,47.04985914000626],[24.377726667229506,47.055172124484336],[24.356959934066648,47.05591677205106],[24.35423579075895,47.058825491418084],[24.345457012798335,47.06152296216608],[24.344357629165604,47.06524035595514],[24.35305634436313,47.06927237953976],[24.35566326698128,47.0740939820095],[24.35139150782083,47.0739327327292],[24.351975531084502,47.07827207184734],[24.34530535600692,47.07892740757716],[24.340360670325552,47.071969817244884],[24.339414109743238,47.079014383630884],[24.33454833082517,47.08121014700792],[24.339863006643874,47.088591870594904],[24.329323053284032,47.09222801188515],[24.330520334650977,47.09674097388588],[24.32400566101059,47.09617078041619],[24.31736657780757,47.09879578917652],[24.315010567372937,47.095220215810215],[24.311985783934432,47.09552817765275],[24.30643738559489,47.10026087999472],[24.308240150886856,47.10237956598889],[24.302983003479465,47.10431558243781],[24.326152516670227,47.12543677207547],[24.32984826322294,47.134631709058944],[24.339160234685384,47.13619945892988],[24.348154977634877,47.13259214310948],[24.351166614239826,47.12287589461386],[24.366195093726844,47.125955398771076],[24.37112833530855,47.12109017331397],[24.37961385015839,47.12428383605999],[24.38507064361429,47.12373811921225],[24.38659758803906,47.12763174743171]]],[[[24.215298572557398,47.12168512090513],[24.219510202147365,47.11434154464059],[24.2251107471372,47.11517487327229],[24.227067205885184,47.10762134092969],[24.224718382446174,47.100703678894746],[24.228625960823386,47.10207009664823],[24.234025654344364,47.09766137244475],[24.23607315054339,47.09765201542073],[24.23512204159133,47.10149721448716],[24.24144091903889,47.110536627752836],[24.24477088829838,47.11226943606911],[24.251446188871626,47.11131477072127],[24.249292386818546,47.108500420838354],[24.255933974518598,47.10641609716342],[24.25798265518543,47.10360615011656],[24.2610354217693,47.08933818936969],[24.25848183399477,47.08322150438963],[24.263673672218083,47.082628852249435],[24.264082021774783,47.080676773929625],[24.25383736120716,47.07350285786051],[24.25303569816215,47.0693412831351],[24.248262533206425,47.06741422119318],[24.222196532915714,47.06461275732443],[24.216796206959472,47.07539014247116],[24.203056405021858,47.07048224183237],[24.197640000914177,47.07050659894425],[24.197049481546763,47.05994873800774],[24.20078283145357,47.05309230694013],[24.198723797701476,47.051248149422456],[24.183699546362828,47.04841136567871],[24.18066733366774,47.05345165744433],[24.173262994810067,47.05012319413321],[24.163215405571542,47.05061380843946],[24.158808539481164,47.048780492048124],[24.159063993075762,47.0424459630894],[24.16308872384208,47.04045505716314],[24.159400797942567,47.03352479446713],[24.162072231620446,47.02633749033999],[24.155615044033613,47.01189936280493],[24.146930572324905,47.0151553565296],[24.145105111590667,47.01298573730495],[24.134910088445917,47.01592387233495],[24.119283854629643,47.01577105626754],[24.1156972583901,47.01290813086051],[24.11724889648094,47.0194572130596],[24.11531325969624,47.02207057410373],[24.105546451172128,47.02517663839904],[24.103886568764622,47.02818052537921],[24.11664726768854,47.04139024090021],[24.114593478430812,47.05059139299793],[24.117932210757797,47.051029302155335],[24.11880351685401,47.058265709048435],[24.126364240635873,47.060405634673195],[24.12386619987169,47.06641117113792],[24.127386812520133,47.07123999256026],[24.131586905369044,47.07147009980592],[24.134192344642152,47.07391403493591],[24.13600305958523,47.081999247709824],[24.131164808099292,47.08785288050733],[24.14575460849779,47.08767457224975],[24.147327393815967,47.0892526298207],[24.140792911344224,47.09429416449475],[24.139139190157458,47.09238178856265],[24.135543703746492,47.094332957470776],[24.129017452774956,47.09265363069117],[24.119518512414608,47.097864897516175],[24.120375167310524,47.1059419262396],[24.114445662854486,47.11061369597998],[24.110265035954416,47.11088308533613],[24.108440228476056,47.1137050826766],[24.110554373068755,47.12062448226375],[24.107796072055635,47.124134821719515],[24.104013892681067,47.12412787594884],[24.101559083639255,47.12878795460673],[24.110297644525748,47.12682004905826],[24.113787579749577,47.13134875229767],[24.120641098995872,47.13375212204244],[24.12085589637653,47.14263860561042],[24.12615163983585,47.142916219801705],[24.12729397741473,47.14619360931952],[24.13299749102513,47.14513256339142],[24.134518620167636,47.14679940062075],[24.143215654866214,47.144759492221844],[24.145099167149997,47.139221788782386],[24.157607726622064,47.12921295322552],[24.175449937134864,47.13151907901226],[24.17286872859898,47.135221444843005],[24.176004003483655,47.13884868958414],[24.187200591954113,47.13870955376299],[24.186508596972516,47.13435166373538],[24.202166982328908,47.125771953589165],[24.215298572557398,47.12168512090513]]],[[[24.2432452699043,47.067016904690135],[24.2443088687315,47.06146133684744],[24.254323527123972,47.0642145517328],[24.256626708460942,47.061352903829615],[24.27125563078784,47.061934947629936],[24.272305567471477,47.049246102201],[24.266428047404084,47.04270974565912],[24.27316567414913,47.03536443147415],[24.27178507431536,47.02536896815796],[24.279651032915567,47.01637166894985],[24.280575937603718,47.01035824371201],[24.277861333313886,47.00645266834087],[24.283033735388333,46.99274589975799],[24.277967308496734,46.99167486536467],[24.276802415965573,46.988944076280994],[24.28251419659905,46.97899421964059],[24.280141080269143,46.97427690658121],[24.286105052686494,46.97214319656079],[24.290309218045806,46.96755750016773],[24.300228418612406,46.968422668198116],[24.298884146686234,46.96379704890747],[24.312686438068344,46.96759431872905],[24.31527251871637,46.9643647356565],[24.296456270493316,46.95746560409008],[24.308151749319606,46.94658340049437],[24.309874300095785,46.94215994448984],[24.302261899932954,46.92835307008398],[24.291859134121374,46.9279205745572],[24.28109308475689,46.92018968610079],[24.271925572640118,46.91719218743492],[24.268829286096747,46.91059898785344],[24.263309750654646,46.906353314979945],[24.254494522045356,46.90476853302572],[24.246645654448454,46.90637560298972],[24.237370964464304,46.91343292814608],[24.247572417539914,46.91957611268875],[24.23812816155837,46.92362328155353],[24.22500115712507,46.923363368105925],[24.224940458441765,46.9265171194047],[24.22048298450771,46.92962055660658],[24.222341597967635,46.93265754105494],[24.237047811273673,46.94051901767131],[24.232764158061755,46.942524904116716],[24.23955745442386,46.94380467919069],[24.239061677210405,46.9514937644232],[24.23629954624436,46.947769032135874],[24.230706016805254,46.94755087569205],[24.22601769859222,46.9498766534297],[24.22447960824261,46.95446941875279],[24.227041211226865,46.95823077961532],[24.234767718112025,46.95987272331293],[24.234965441481744,46.96381719674031],[24.22637293136333,46.964268000111645],[24.226235988094345,46.96571047408666],[24.232763400657053,46.969627252051076],[24.23617683228476,46.968488111718756],[24.236529277148186,46.97360229762579],[24.23322982686727,46.97229684707868],[24.231344389412392,46.978113864333885],[24.222804327865827,46.987305295581656],[24.21765250038337,46.98748244184753],[24.22239905347215,46.99239924213881],[24.219898790756286,46.99378423641571],[24.21320262606285,46.992865277980485],[24.211881371475148,46.99870272303574],[24.218078941179744,47.00712724459203],[24.212572067031832,47.01274231277266],[24.214301664409945,47.03753070639692],[24.20433362934834,47.04480743230064],[24.196545416636862,47.06338112862014],[24.197640000914177,47.07050659894425],[24.203056405021858,47.07048224183237],[24.216796206959472,47.07539014247116],[24.222196532915714,47.06461275732443],[24.2432452699043,47.067016904690135]]],[[[24.32984826322294,47.134631709058944],[24.326152516670227,47.12543677207547],[24.302983003479465,47.10431558243781],[24.30833492397132,47.1019059381728],[24.303200749649008,47.09377698781806],[24.3096377669232,47.09137251964185],[24.30979072026826,47.09076045164562],[24.302263292419312,47.092578608913044],[24.29997244951805,47.09632147401811],[24.29626451310037,47.09548164359984],[24.29907968476766,47.09801259695231],[24.29592733163968,47.09811331078857],[24.294247978372585,47.09543696163365],[24.296934592243556,47.092520745528766],[24.293473181409194,47.09119680729008],[24.29462640186947,47.08970545090914],[24.27822762742807,47.08460377457189],[24.27763985088507,47.087128184459125],[24.271712835485154,47.0884384996116],[24.270562588734823,47.0907375297801],[24.273031219025185,47.09160990572363],[24.260086863799163,47.09274453464531],[24.257379585838617,47.10509335992842],[24.249292386818546,47.108500420838354],[24.251446188871626,47.11131477072127],[24.24477088829838,47.11226943606911],[24.240710816746383,47.10993616117692],[24.23512204159133,47.10149721448716],[24.23607315054339,47.09765201542073],[24.232441305537442,47.09814343450988],[24.228625960823386,47.10207009664823],[24.224718382446174,47.100703678894746],[24.227067205885184,47.10762134092969],[24.2251107471372,47.11517487327229],[24.219510202147365,47.11434154464059],[24.215298572557398,47.12168512090513],[24.220550260576093,47.123747167970244],[24.228230143432594,47.13343847151062],[24.22595522094504,47.13624615490452],[24.22894018381753,47.14074324043167],[24.216525618546246,47.16336177282539],[24.220216232667184,47.16660818873585],[24.225666255655113,47.16631783338856],[24.229984927095636,47.16298475833352],[24.23147972374662,47.16931755770558],[24.239650862284634,47.172185096665075],[24.239456714240575,47.17061222480422],[24.243217378865246,47.17007841765256],[24.247287096154036,47.176123156839175],[24.253876823882187,47.17247680760334],[24.252208970602204,47.17119080729315],[24.254796479874102,47.16914873398967],[24.252326640852743,47.16809374405229],[24.2575916342456,47.16505205723133],[24.264706719161243,47.16933497097871],[24.27705663823097,47.17128198947682],[24.275001894688742,47.174638311653204],[24.27994313159603,47.17017284954993],[24.282679014578495,47.17220242289646],[24.290465396960453,47.17251603622405],[24.291722527190842,47.17045919520223],[24.29550938500049,47.17231380263006],[24.299106358335546,47.16921979880892],[24.296626399846907,47.16613362170413],[24.300695637287454,47.16622324715228],[24.29681454412409,47.15684419942115],[24.302724406919598,47.15328655436579],[24.296165914761673,47.146714852588524],[24.301361767468205,47.142097961759404],[24.296635241973778,47.13917503266585],[24.304801217707112,47.13319009038097],[24.309217154173716,47.13261510379309],[24.316170848298096,47.135260939929445],[24.32984826322294,47.134631709058944]]],[[[24.563057916546818,47.05752431881367],[24.569052798084464,47.04543471558071],[24.566177757319586,47.04226333548232],[24.569249197576095,47.0342584230902],[24.572076104937494,47.03302126963759],[24.570417369618255,47.02951174120901],[24.57704596026395,47.023319886919815],[24.56998419045032,47.01430361290068],[24.576754978345242,47.01330942508128],[24.579937514209252,47.00874895490003],[24.58376562313815,47.007792128231266],[24.58107193995802,47.004858493094794],[24.58387465804422,47.00377025899809],[24.581636480461466,46.99500678614443],[24.579213243599753,46.99483821572804],[24.579664060361107,46.9896395276607],[24.566639330057694,46.98290262216407],[24.558445324671787,46.98231932058026],[24.5539412761825,46.984188005191584],[24.548092604629378,46.979352258994204],[24.54490768953291,46.969104518282826],[24.528776208981366,46.96748633790609],[24.51177641940345,46.95928667827882],[24.50547262523816,46.959753492811345],[24.501452470154877,46.95766280530751],[24.488347588362576,46.971834062967595],[24.487567568942907,46.97812220859641],[24.493332585686744,46.98862515404686],[24.493535559696582,46.99452681191205],[24.490342275424887,46.996226448100074],[24.506231385535237,46.99375886908681],[24.50909062533521,46.997481121177415],[24.503189792796206,46.99867489118255],[24.496475510433505,47.00396353172191],[24.495013428163926,47.00007042691123],[24.489936855852328,46.99872308646333],[24.475954353924994,46.998943381287106],[24.47448231242353,47.00155139332156],[24.464051986533008,46.99825271798715],[24.46418848049938,47.002723087272436],[24.460134239039366,46.99994815322993],[24.454997265677427,47.00304388656303],[24.446625402663166,47.00372585692371],[24.43701839024963,47.00750334461927],[24.434333261008412,47.01953211285822],[24.438091171843475,47.02412000522737],[24.434981522037916,47.02800517492743],[24.438108686609475,47.03107093316642],[24.43442343453803,47.03524109258452],[24.436010678659446,47.039459664924706],[24.431706636752207,47.04683861482262],[24.45345244761825,47.053565216819955],[24.456772991350554,47.052280335651886],[24.457341659233652,47.05408034016088],[24.463155765395854,47.05076173866316],[24.484707074342555,47.053232310353685],[24.48863565501734,47.052178934092495],[24.495959033207996,47.04414806825638],[24.515807164165466,47.04381893622082],[24.521400434502286,47.042039229316934],[24.515306453556253,47.04892224838641],[24.52519871639902,47.04530394097834],[24.541813077131206,47.04725747210559],[24.563057916546818,47.05752431881367]]],[[[24.435201394332903,47.042064357295956],[24.43442343453803,47.03524109258452],[24.438108686609475,47.03107093316642],[24.434981522037916,47.02800517492743],[24.438091171843475,47.02412000522737],[24.434333261008412,47.01953211285822],[24.43701839024963,47.00750334461927],[24.446625402663166,47.00372585692371],[24.454997265677427,47.00304388656303],[24.460134239039366,46.99994815322993],[24.46418848049938,47.002723087272436],[24.464051986533008,46.99825271798715],[24.47448231242353,47.00155139332156],[24.475954353924994,46.998943381287106],[24.489936855852328,46.99872308646333],[24.495013428163926,47.00007042691123],[24.496475510433505,47.00396353172191],[24.503189792796206,46.99867489118255],[24.50909062533521,46.997481121177415],[24.506231385535237,46.99375886908681],[24.490342275424887,46.996226448100074],[24.493535559696582,46.99452681191205],[24.493332585686744,46.98862515404686],[24.487567568942907,46.97812220859641],[24.488347588362576,46.971834062967595],[24.473428634115077,46.96960062839716],[24.47065556870261,46.963535045070174],[24.46206275336552,46.96213999417609],[24.456666587983925,46.95654287272523],[24.439824072081528,46.94665694036385],[24.411888417205454,46.93656323877],[24.40002550096104,46.92821459381932],[24.39887476090307,46.92519435543371],[24.390664383523347,46.927763449944294],[24.386565229627166,46.93515761027125],[24.39284486131322,46.9461252938279],[24.387571841253585,46.95284270463907],[24.378528240115067,46.95698544598065],[24.384374145364653,46.96074600824353],[24.38722929557838,46.9679409512891],[24.36497517977937,46.98194105234598],[24.347446887734506,46.985139040448075],[24.34833985748727,46.98976263810861],[24.34206381886558,46.993467804323025],[24.341071668900085,47.00123522705957],[24.348780719592156,47.00775660786661],[24.357567279123245,47.00903407273833],[24.363964765345173,47.00728856547192],[24.37277848090079,47.00805644452587],[24.377658773401503,47.01062119897172],[24.380223705032034,47.00953781057009],[24.380439940262033,47.013313555909036],[24.388930255571893,47.01476643788864],[24.392500069171284,47.01779121688291],[24.39281750057808,47.021759249036656],[24.397082625441097,47.02582662873128],[24.39565955880214,47.03108635321994],[24.40491287991023,47.029769082972706],[24.411028717666863,47.037567196483806],[24.416205066956636,47.03678540427431],[24.41326227920015,47.03331227339027],[24.420755951933383,47.03237643504778],[24.42045836582002,47.04279447345176],[24.435201394332903,47.042064357295956]]],[[[24.428872652982854,46.78280970644744],[24.42402297513463,46.772073341868094],[24.415627951255228,46.77401557366088],[24.4092545428546,46.77211949757389],[24.408296929471813,46.767644831988896],[24.401111395929156,46.764222556228574],[24.40426761614955,46.76067447994999],[24.398827845780175,46.75866221781518],[24.403309293893923,46.75430056922027],[24.401004778998225,46.750547340809284],[24.39214289716539,46.75189393896322],[24.38425886842493,46.74718545877928],[24.373551931444343,46.74875180568315],[24.362388145333895,46.746321910037665],[24.339260383925698,46.75774723463529],[24.323157908408422,46.754465016095764],[24.315622292306948,46.75823416458001],[24.321413196944892,46.75959990643294],[24.326593073839195,46.766932576145805],[24.327448328971755,46.77546645103431],[24.317457623378537,46.779976774490024],[24.317982855943367,46.791050063153435],[24.30915877344561,46.795959380136516],[24.307688245766514,46.79889697702981],[24.31122570095999,46.801266506830395],[24.305711621802153,46.80584817711866],[24.308773117416965,46.81072060156159],[24.302065831718615,46.817505163240256],[24.305645420910544,46.817927701776505],[24.310489927543532,46.823214522557016],[24.316110369386838,46.82297356273087],[24.315687545759893,46.81931086532052],[24.323348016362832,46.81795486508043],[24.32629473314854,46.82130908626822],[24.341043176862822,46.820408740092944],[24.348199857241184,46.82239311141822],[24.35606809661632,46.821050651612005],[24.364212254068338,46.825338038479096],[24.35575927723239,46.825038424923704],[24.356544599763662,46.828201797301276],[24.380733384444348,46.83661933025517],[24.379512313341593,46.82662179906319],[24.38282488972399,46.82922131576541],[24.387647594012495,46.82562730611678],[24.38211056116143,46.82047581986278],[24.395577750241817,46.81005055935233],[24.416249926774626,46.80347211387223],[24.41857560580866,46.79960204080096],[24.423988721095753,46.79783378972463],[24.428872652982854,46.78280970644744]]],[[[24.241899809421575,47.211350608739515],[24.24099407324564,47.212750551864694],[24.226261397257723,47.206203574273566],[24.217779549921513,47.20519218973991],[24.21475445801629,47.19509111321917],[24.204779505611032,47.191537405303436],[24.1999439955373,47.19646259431523],[24.195744525804095,47.194330070753885],[24.191114162891097,47.1998442534425],[24.183374980471047,47.199830240704856],[24.181761245200587,47.20213939899842],[24.184522552858958,47.2063342490882],[24.180604919617025,47.20896663360011],[24.19217321433554,47.21435182206229],[24.18831132743098,47.219502561725015],[24.191877750943423,47.22273115455568],[24.188713861542873,47.23124345638497],[24.195596157758708,47.23328515956383],[24.196142511910477,47.23584146825001],[24.199721022453133,47.236502447948546],[24.202700341969063,47.233916591811614],[24.20647208912901,47.235267374729354],[24.20780395658343,47.240418962566075],[24.204679043139222,47.247421624062625],[24.207968792535567,47.25095232787618],[24.204491109619475,47.25784351423991],[24.205478180737007,47.26355011155273],[24.21150207193342,47.270629436253905],[24.220170304943263,47.274690727675434],[24.228088113867567,47.286648928513],[24.24447745715385,47.28697386644755],[24.245505769798616,47.29035558042278],[24.251592445037947,47.29319440951226],[24.255522579889046,47.289670151671594],[24.259848348306146,47.278275121808804],[24.268635064216024,47.271749720726916],[24.270165558854906,47.2668135443248],[24.275303391837166,47.26342670614623],[24.275403028571578,47.258655859931466],[24.279825029929132,47.2558629071968],[24.27509018148803,47.2533585004429],[24.276237708929397,47.246392799478556],[24.27268319115568,47.24096959642111],[24.26636281130886,47.238577491462244],[24.26605449666574,47.23489748166773],[24.259961858530094,47.23356959950556],[24.263006189834773,47.23258090983561],[24.26010271809081,47.22136404129917],[24.253624828946375,47.216766082460566],[24.244860721458096,47.21583497749361],[24.241899809421575,47.211350608739515]]],[[[24.27937821707685,46.877891772631365],[24.274918177946574,46.87697069244823],[24.268890481688413,46.86940460736731],[24.271714340085207,46.86541104080037],[24.27021588703439,46.85979375865365],[24.261246966227816,46.85596660529732],[24.27194559992729,46.8511922105164],[24.27515329791821,46.853646486192886],[24.277657390857897,46.84947885670916],[24.27118151601291,46.84959598897232],[24.269338101150414,46.84402968067642],[24.258542509056124,46.8410994946356],[24.25841227743285,46.838338576916335],[24.25076942736114,46.83311613782634],[24.253202434499123,46.83011436592985],[24.250649130658374,46.82808939790087],[24.256717261338487,46.82150323733285],[24.266661033939307,46.82397941591187],[24.27497187375155,46.82112268204327],[24.281438390815637,46.815348074527584],[24.292328219078367,46.815813907974494],[24.28214431012588,46.811796770827456],[24.267362140844792,46.8109375273909],[24.26527231425025,46.80650644383383],[24.254044941326423,46.80730379743338],[24.242829111797548,46.79828017491919],[24.24607523462256,46.791563029084266],[24.236694869858077,46.785209632705325],[24.24024872528184,46.774556507430894],[24.224522883328298,46.78091709641968],[24.211364520335415,46.78354677206981],[24.215120839787073,46.784479217551535],[24.216975812363902,46.78787013054843],[24.209316491008494,46.79098255379428],[24.21012363930194,46.792416767899184],[24.200279295531153,46.796811522735716],[24.198435654577636,46.79974390079431],[24.182244761477953,46.80229506593319],[24.177569675500493,46.80716297529054],[24.183226842313125,46.80917117338086],[24.19128390572172,46.80561371563533],[24.192834604525153,46.809821111527505],[24.188471083317843,46.81217851971017],[24.196931702807774,46.820185927046985],[24.188841441333874,46.83107464868964],[24.20626070584196,46.835792366132786],[24.210582794485532,46.839424788287204],[24.205983019031066,46.849337805119035],[24.19924974020538,46.85259643883516],[24.219135120100347,46.873950956088784],[24.212108299652556,46.88519328803652],[24.226587462227435,46.88643793309921],[24.227460976609954,46.88813268175654],[24.23909066738151,46.88773738219923],[24.244602957289658,46.89295506681353],[24.251469033739376,46.88522520753105],[24.27677316101954,46.88205068273616],[24.27937821707685,46.877891772631365]]],[[[24.007142698763776,47.30459792362454],[24.010307750921488,47.29440658141164],[24.016365564294368,47.28964166794011],[24.01666604623384,47.28502000035036],[24.027191298426146,47.27995514922828],[24.030963141819697,47.27046273199532],[24.03692280515417,47.26615944933047],[24.038005262190772,47.25609125586001],[24.04257435930079,47.25315822654374],[24.038890453861775,47.24891630629255],[24.044843993439528,47.24469459878711],[24.050201581050203,47.247186892897446],[24.02895681211919,47.23034400323982],[24.02904199661949,47.22455173215374],[24.021267903795334,47.222030327611506],[24.018406146182432,47.21888123171032],[24.011957522268865,47.220659381388195],[24.009637568993774,47.23053296702499],[23.989463339430284,47.23492998648985],[23.98588144590097,47.23852792807757],[23.98566616607346,47.247814370323056],[23.982889091825925,47.249805818861454],[23.979662018914546,47.25111762174718],[23.969840953008486,47.24891474205198],[23.962996284059894,47.256014711052046],[23.95837610142426,47.25693442608257],[23.935259584466483,47.2710544175787],[23.93576061326742,47.27711245177626],[23.931303434006,47.282120028770315],[23.934727181105465,47.284765462142715],[23.933729648848143,47.28857909540761],[23.926792201611043,47.29847276148942],[23.93340140081236,47.30175761915019],[23.930832180832805,47.301928761305966],[23.932785849166173,47.30318249257586],[23.932905762930655,47.30262420755369],[23.93675286833428,47.302404288697744],[23.938375650395233,47.302787443189835],[23.936519236672222,47.303240048314514],[23.940242567907468,47.30501366879111],[23.940485847574458,47.30907850037373],[23.95026029774807,47.30607399408774],[23.949440168649407,47.30953550317744],[23.95286826867756,47.31147912632692],[23.95345547284165,47.315752422790595],[23.95668667867653,47.31591979892874],[23.9569030771017,47.31133991853717],[23.960368376988473,47.31243591508938],[23.95787982447003,47.31512736862125],[23.959535471622683,47.31698776603803],[23.96474955546441,47.31201177207591],[23.970517220504266,47.311422686478515],[23.97159511851218,47.31644335043863],[23.976760478013084,47.3149593336068],[23.98017287204439,47.32119070579652],[23.990079396403026,47.318311255112114],[24.007142698763776,47.30459792362454]]],[[[23.969840953008486,47.24891474205198],[23.96776049471651,47.243103310968166],[23.972609483452665,47.23181800195713],[23.969336748406995,47.22719061462074],[23.972403737741242,47.224576808932284],[23.9700529696235,47.21700656424907],[23.974968297323635,47.215470464396255],[23.977140318716188,47.19539419495842],[23.982382513112473,47.192681678754724],[23.98615329537113,47.1848667695322],[23.992760852160362,47.182341550400636],[23.993683351218113,47.17513896951622],[23.989250088522216,47.173810025251875],[23.990074908824344,47.1683179767661],[23.973495661854574,47.16732105600688],[23.969746594521208,47.16310014983776],[23.963417314427044,47.16431145001084],[23.95832644250786,47.162185218738095],[23.954489988624047,47.16852824375915],[23.95961383013082,47.172005082864324],[23.958456056639744,47.174077560683834],[23.953561804130242,47.17750306025273],[23.950604166888077,47.17663686599062],[23.936036393938604,47.19929320212092],[23.936732910784407,47.21156237115841],[23.929171559528623,47.22119436050336],[23.929653571673516,47.231770799983224],[23.92470220411622,47.23595960692373],[23.923572141063097,47.24570703408267],[23.920299544489346,47.24714403069438],[23.921908405670898,47.25031959128888],[23.918742800279677,47.253874974669614],[23.922439529128063,47.26182020757931],[23.92126320841583,47.27330202037159],[23.93061954586819,47.27434279164448],[23.93307263679129,47.27925753285447],[23.93576061326742,47.27711245177626],[23.935259584466483,47.2710544175787],[23.95837610142426,47.25693442608257],[23.962996284059894,47.256014711052046],[23.969840953008486,47.24891474205198]]]]},"properties":{"alert_id":"7275d4f69253dde4","source":"nowcasting","alert_type":"nowcasting","feature_id":"9da6ac93dc8f974c3a","judet_cod":"BN","judet_nume":"Bistrița-Năsăud","county_code":"BN","county_name":"Bistrița-Năsăud","cod_judet":"BN","cod_culoare":1,"cod_culoare_nume":"Galben","culoare":"1","cod":"Galben","fenomen_principal":"Local ceață ce determină vizibilitate redusă sub 200 m și izolat sub 50 m.","fenomen_group":"ceata","zona_text":"Zona joasă a județului Cluj , respectiv zona localităților: Cluj-Napoca, Turda, Câmpia Turzii, Gherla, Huedin, Aghireșu, Baciu, Apahida, Gilău, Florești, Viișoara, Mihai Viteazu, Tritenii de Jos, Iara, Săvădisla, Cășeiu, Frata, Cojocna, Ceanu Mare, Bonțida, Iclod, Luna, Feleacu, Jucu, Moldovenești, Mica, Căpușu Mare, Mociu, Mintiu Gherlii, Dej, Unguraș, Sic, Chinteni, Chiuiești, Cuzdrioara, Gârbău, Călărași, Cămărașu, Căianu, Sânpaul, Fizeșu Gherlii, Băișoara, Câțcău, Cătina, Țaga, Vad, Mănăstireni, Suatu, Petreștii de Jos, Borșa, Sânmărtin, Sâncraiu, Bobâlna, Panticeu, Cornești, Așchileu, Dăbâca, Geaca, Vultureni, Recea-Cristur, Izvoru Crișului, Săndulești, Ciurila, Tureni, Aluniș, Pălatca, Aiton, Buza, Jichișu de Jos, Ploscoș;<br>Județul Sălaj: Bălan, Surduc, Hida, Creaca, Almașu, Românași, Gârbou, Gâlgău, Ileanda, Letca, Cuzăplac, Băbeni, Sânmihaiu Almașului, Cristolț, Fildu de Jos, Șimișna, Dragu, Poiana Blenchii, Zalha, Zimbor, Rus, Lozna;<br>Județul Bistriţa-Năsăud: Bistrița, Beclean, Teaca, Lechința, Nimigea, Căianu Mic, Șintereag, Chiochiș, Braniștea, Petru Rareș, Uriu, Șieu-Măgheruș, Nușeni, Matei, Șieu-Odorhei, Mărișelu, Galații Bistriței, Urmeniș, Chiuza, Budești, Ciceu-Giurgești, Sânmihaiu de Câmpie, Miceștii de Câmpie, Ciceu - Mihăiești, Silivașu de Câmpie;<br>","zona_nume":"Bistrița-Năsăud - localitati","zone_name":"Bistrița-Năsăud - localitati","display_name":"Bistrița-Năsăud - localitati","localities":["Bistrița","Beclean","Teaca","Lechința","Nimigea","Căianu Mic","Șintereag","Chiochiș","Braniștea","Petru Rareș","Uriu","Șieu-Măgheruș","Nușeni","Matei","Șieu-Odorhei","Mărișelu","Galații Bistriței","Urmeniș","Chiuza","Budești","Ciceu-Giurgești","Sânmihaiu de Câmpie","Miceștii de Câmpie","Ciceu - Mihăiești","Silivașu de Câmpie"],"geometry_source":"uat_match","match_confidence":"medium","interval_text":"","interval_start":"2026-09-18T23:10:00","valid_from":"2026-09-18T23:10:00","valid_to":"2026-09-19T06:00:00","interval_valabilitate_text":"","interval_end":"2026-09-19T06:00:00","data_expirare":"2026-09-19T06:00:00","mesaj_plain":"Local ceață ce determină vizibilitate redusă sub 200 m și izolat sub 50 m.","source_url":"","source_label":"","notes":"","durata_ore":6.8,"zi":"2026-09-19"}},{"type":"Feature","geometry":{"type":"MultiPolygon","coordinates":[[[[23.365729946668825,47.19650010600419],[23.363061711839546,47.194471491893545],[23.36973392119011,47.19239103416074],[23.364319590456713,47.18517681190719],[23.366774234036797,47.18089580675746],[23.359705959523488,47.178300512865164],[23.35786837410094,47.174541584440384],[23.366867679512765,47.1665978901948],[23.36370590208099,47.16677214890017],[23.362346545614386,47.16277554379065],[23.359237067437363,47.160193393995755],[23.358800943625365,47.16172537313152],[23.357181474338716,47.16085397695576],[23.353947933091387,47.15565972979431],[23.362501874058598,47.14366734198838],[23.355896110620805,47.13765737677522],[23.361605715791292,47.137433021418666],[23.364092694075417,47.13496828067118],[23.360981119730216,47.13370902959911],[23.352997347148435,47.13676770449545],[23.353613191604918,47.128412983066944],[23.344966732169333,47.12496726608304],[23.341517076102654,47.12635534998769],[23.33822795468414,47.1249967484726],[23.333992669825932,47.12018829624578],[23.32306832936417,47.11906818108971],[23.323847299324814,47.116418452082065],[23.31939279412547,47.11531277736979],[23.32064480464438,47.11040997805358],[23.318601903715017,47.10871740242486],[23.305257755122483,47.11399776935333],[23.29833954150509,47.1107641378816],[23.294607838095136,47.11291952891497],[23.27268571949289,47.10945426456506],[23.266900055488268,47.11181952348739],[23.266589732114998,47.11491725034916],[23.26282817944655,47.116586662222225],[23.260292908713836,47.11004607560081],[23.256291992317895,47.10980750734788],[23.257468607221497,47.107034598308715],[23.2533594821609,47.10307504153577],[23.25635340747287,47.098801786867845],[23.249194424382985,47.099064602332035],[23.2538867104717,47.09649369086429],[23.252222250934032,47.094291315119094],[23.24700564441181,47.09460527781728],[23.247248982613748,47.098812265305305],[23.241257041650915,47.10527095254975],[23.24227738294263,47.10196396047419],[23.24011994972422,47.10119330571871],[23.238333302435905,47.1043335236166],[23.23643777541266,47.10105737323375],[23.229009506232604,47.10277338999905],[23.2140918654219,47.10105355513322],[23.212055364715393,47.10485267460282],[23.20616153731651,47.10583340667178],[23.212633177363664,47.11236295625706],[23.2075519637355,47.1142971476308],[23.203078377752618,47.11956691736025],[23.2118396947782,47.11869918490987],[23.22019231467089,47.13789931720466],[23.22354254460262,47.137116873431474],[23.226117710297448,47.14194906207254],[23.23742181962056,47.13979366021695],[23.243594047851776,47.14123202917467],[23.246514953656902,47.14550489282742],[23.245015197949108,47.148959581972754],[23.234527495452486,47.15388580299879],[23.246536571060883,47.165174873364826],[23.242100347232583,47.171116782235885],[23.267471371039417,47.18069819663969],[23.27381062761336,47.19027704163772],[23.287164934797556,47.192841406046085],[23.27835375205804,47.19428403351399],[23.281423654109673,47.19476154475565],[23.27992151501304,47.19797248919343],[23.29049326237118,47.197490832938065],[23.29152237798687,47.20515171428806],[23.287645807687124,47.21232697751362],[23.291938250705172,47.21598794482352],[23.312793093377902,47.212212924472006],[23.320068325565735,47.21221699979802],[23.32092756060487,47.21473504259929],[23.32609171749789,47.21483533072328],[23.326883892399355,47.212188517199365],[23.33924264964228,47.209155530559876],[23.34269408689095,47.2064745764193],[23.35597248905977,47.206502863725774],[23.356402441206516,47.20153743715165],[23.364467033437585,47.20117625287612],[23.365729946668825,47.19650010600419]]],[[[23.4724502667565,47.25829309954826],[23.4727877789308,47.255965850369],[23.466717214676414,47.25475563866187],[23.463679401405326,47.251750619080035],[23.466579756591713,47.24910589835445],[23.46379999085139,47.24701678445377],[23.45348083869812,47.24450822457139],[23.4506782796193,47.24133638094407],[23.4402197174866,47.24299712262015],[23.43679306297691,47.239434657227484],[23.43105164477862,47.23905604186704],[23.431873825408793,47.235494477677676],[23.422294405185852,47.231560012553146],[23.419270401546008,47.23127780602867],[23.41935608523841,47.232934364430015],[23.411101913535173,47.236532370169044],[23.407654998051825,47.235368956642674],[23.405238855833847,47.23823939809878],[23.40279860504735,47.23588548232264],[23.39828469731037,47.238608077850415],[23.395435576171064,47.23611265589689],[23.389602651363102,47.23547191173929],[23.387952890248517,47.23799987403214],[23.384597874310238,47.2380989500255],[23.383839385917025,47.232521752978684],[23.379486627576075,47.235162765031234],[23.375943221164885,47.23390006875105],[23.371600083418333,47.23548964290755],[23.383294745655892,47.22886073939472],[23.383428729748573,47.22077217538394],[23.387577206810665,47.21760747717838],[23.3848155856748,47.211576329000295],[23.391339204041216,47.20693870111486],[23.389613672928576,47.205986001453375],[23.391790068134046,47.20227703677187],[23.378517557551145,47.197454826432164],[23.376204965366142,47.198529355503375],[23.365987224977275,47.1964862387339],[23.364467033437585,47.20117625287612],[23.356402441206516,47.20153743715165],[23.35597248905977,47.206502863725774],[23.34269408689095,47.2064745764193],[23.33924264964228,47.209155530559876],[23.326883892399355,47.212188517199365],[23.32609171749789,47.21483533072328],[23.32092756060487,47.21473504259929],[23.320068325565735,47.21221699979802],[23.31304234846902,47.212205247401364],[23.296027133913302,47.215451231550446],[23.305008820224486,47.224755703638856],[23.31760663891502,47.225724345648516],[23.31280458094148,47.22704004929055],[23.31707142657699,47.23099242901215],[23.31080856188083,47.23638272480963],[23.31156671797883,47.2432996028154],[23.301944494923568,47.240350404333014],[23.294366206187767,47.24294662993249],[23.289302784426717,47.2405248227789],[23.28431140273117,47.242942842931285],[23.2851333753129,47.24478299659567],[23.275725045840208,47.25377433678868],[23.27810845447439,47.254505801127095],[23.2804681559939,47.25178468025034],[23.28795663453436,47.25715214607052],[23.287939241432912,47.255239821306596],[23.2924470235783,47.25455136146144],[23.29527697253188,47.258820825555404],[23.311577766331716,47.265780301271555],[23.330431601758747,47.26086021225261],[23.33371944741315,47.2612363296083],[23.338772259275878,47.266382409887],[23.349106492565316,47.26610209784887],[23.35200743324222,47.26994209451693],[23.342219340121744,47.273665464776364],[23.346994397347785,47.279583361975824],[23.350081523463437,47.27990781859526],[23.35501033826741,47.27407408746496],[23.35869891196932,47.279056389589],[23.360753824381927,47.27778291580447],[23.361393187329607,47.282667630241306],[23.365755663569637,47.28404394312641],[23.36521730999924,47.290072855121124],[23.371861083707167,47.29209019693662],[23.372912734002032,47.28649965332821],[23.369392758184198,47.28480079556075],[23.372814588318388,47.279952182204596],[23.375797026571636,47.28183637925257],[23.39863295801393,47.28498882813795],[23.400541162231328,47.27776658467157],[23.411285425616438,47.27776377385856],[23.431366543117907,47.267255159143005],[23.43529754003172,47.272202086011774],[23.444353942972338,47.27002051506259],[23.45141518815492,47.27155647173815],[23.454518691003802,47.270241100673864],[23.456594546800577,47.26306843621045],[23.4724502667565,47.25829309954826]]],[[[23.435609470375546,47.09517222142241],[23.427539055745054,47.08960786145578],[23.431515665844746,47.08507556329423],[23.43042802596718,47.08231288819408],[23.41616704029576,47.076180252269],[23.41322775865211,47.0794624542462],[23.406937486137902,47.07927666001607],[23.409152562704406,47.07550414203707],[23.4062686458053,47.07163284291367],[23.402683770739124,47.07257550358979],[23.39879507962065,47.06808200167261],[23.400819584579178,47.06120753433188],[23.392411045740058,47.062079652157855],[23.384007028870894,47.054204928630995],[23.355373997396903,47.063612896674705],[23.347509464103467,47.06215638533659],[23.340020495768144,47.066989372694394],[23.329432700009164,47.06498265063112],[23.319476716200338,47.06720439871553],[23.32579384790503,47.055347518334145],[23.330676437660085,47.05452658912296],[23.337282081314672,47.048588694335436],[23.347920269184037,47.04789429672317],[23.3470741356202,47.046050289222414],[23.340490056410907,47.044988403006506],[23.338710283818518,47.040333316231575],[23.351321896298106,47.03615663278485],[23.35098145229348,47.033508955793636],[23.35578701973949,47.02964984111099],[23.365436942204912,47.029194741862725],[23.363545845490805,47.028047726398924],[23.36655300364215,47.024907956322636],[23.36289241862262,47.02026775237084],[23.35312470383051,47.02386901853593],[23.34990095681888,47.02028854995908],[23.353542150317846,47.019060273632356],[23.351300740715715,47.014954303795484],[23.33930044852078,47.00908967650728],[23.33778355138873,46.99995048112764],[23.33306596494483,46.998620459434264],[23.327364537931253,46.99863856970564],[23.324770204714778,47.002772355233645],[23.31586541893668,47.006907464565415],[23.313131641740764,47.01064892642927],[23.31481901862387,47.01270172469985],[23.30699470790111,47.018014391322644],[23.2992366712317,47.01869282521102],[23.3005589695175,47.022021754745744],[23.30518251431397,47.01951364308375],[23.306353600776845,47.020587679901595],[23.303699921981877,47.021237064615796],[23.30152228986312,47.02226537778221],[23.30743537774845,47.02143094824368],[23.313328505419772,47.014557271646815],[23.310433763344975,47.02032415440103],[23.307697092395294,47.02200145352952],[23.291186567520125,47.0248523327172],[23.295100445813667,47.03260365350576],[23.2996924095025,47.03032822114266],[23.305643977809,47.03608459293307],[23.298839301067346,47.0393987325135],[23.289445873355252,47.03887328580518],[23.285589458325852,47.040769873551994],[23.29719428860713,47.05245911102625],[23.295200735820472,47.05349349279034],[23.285171904163995,47.04718819480357],[23.280236121080115,47.05085025941745],[23.275121355848146,47.05165418645718],[23.268445732686523,47.05853784766168],[23.260410859249937,47.05908110889465],[23.259562681752424,47.06297935630713],[23.25071245759049,47.065265275206634],[23.249327249604036,47.06765695249211],[23.254981106678272,47.07045414837152],[23.24560728534745,47.074087587378486],[23.24362633759126,47.071008626507066],[23.240155047116552,47.071352107903934],[23.229828953028502,47.076520267608544],[23.22000589358224,47.076720441198255],[23.21873366191438,47.08475808679465],[23.223715040716286,47.088248023454874],[23.236063350151618,47.09042774758329],[23.233639280465066,47.0923749224414],[23.23590828524415,47.09431809347599],[23.224045590873985,47.09433509243831],[23.224348211809687,47.09790754030401],[23.21987953837917,47.10134686191261],[23.229009506232604,47.10277338999905],[23.23643777541266,47.10105737323375],[23.238333302435905,47.1043335236166],[23.24011994972422,47.10119330571871],[23.24227738294263,47.10196396047419],[23.241257041650915,47.10527095254975],[23.247248982613748,47.098812265305305],[23.24700564441181,47.09460527781728],[23.252222250934032,47.094291315119094],[23.2538867104717,47.09649369086429],[23.249194424382985,47.099064602332035],[23.25635340747287,47.098801786867845],[23.2533594821609,47.10307504153577],[23.257468607221497,47.107034598308715],[23.256291992317895,47.10980750734788],[23.260292908713836,47.11004607560081],[23.26282817944655,47.116586662222225],[23.266589732114998,47.11491725034916],[23.266900055488268,47.11181952348739],[23.27268571949289,47.10945426456506],[23.294607838095136,47.11291952891497],[23.29833954150509,47.1107641378816],[23.305257755122483,47.11399776935333],[23.318601903715017,47.10871740242486],[23.32064480464438,47.11040997805358],[23.31939279412547,47.11531277736979],[23.323847299324814,47.116418452082065],[23.32306832936417,47.11906818108971],[23.333992669825932,47.12018829624578],[23.33822795468414,47.1249967484726],[23.341517076102654,47.12635534998769],[23.344966732169333,47.12496726608304],[23.353762570096784,47.128514687916955],[23.3560779305344,47.125483056363166],[23.364738328923636,47.1251332354267],[23.386755916765416,47.11254055862401],[23.4017347351929,47.11136941474893],[23.401137951605307,47.10897841281231],[23.408843081592163,47.101276527219554],[23.42321619502471,47.10176782710964],[23.431126642006834,47.099394331102175],[23.435609470375546,47.09517222142241]]],[[[23.292198377824075,47.21612697303243],[23.287645807687124,47.21232697751362],[23.29152237798687,47.20515171428806],[23.29049326237118,47.197490832938065],[23.27992151501304,47.19797248919343],[23.281423654109673,47.19476154475565],[23.27835375205804,47.19428403351399],[23.287164934797556,47.192841406046085],[23.27381062761336,47.19027704163772],[23.267471371039417,47.18069819663969],[23.242100347232583,47.171116782235885],[23.246536571060883,47.165174873364826],[23.234527495452486,47.15388580299879],[23.246168918342097,47.147677740577],[23.243594047851776,47.14123202917467],[23.23742181962056,47.13979366021695],[23.226117710297448,47.14194906207254],[23.22354254460262,47.137116873431474],[23.22168847253305,47.140351929167686],[23.218709046367053,47.14040020418044],[23.221648865846575,47.14953430423268],[23.218714994402774,47.151447430790085],[23.216347387922937,47.14944498904179],[23.20261724185326,47.15132046894045],[23.207900809294465,47.15437811636943],[23.20567092143047,47.15549988796812],[23.198484725921695,47.152358698819185],[23.164555444157163,47.16221565639897],[23.149274686423244,47.16061022842305],[23.14121387597548,47.16707270303361],[23.137973860179095,47.16710114853973],[23.13926610504495,47.17025898207328],[23.142754977116713,47.17080491582198],[23.142558084113166,47.174944986925865],[23.139724678941725,47.174478990322164],[23.139316742622306,47.17554191397811],[23.1455519824872,47.177180992151975],[23.148885646765024,47.174772964807545],[23.157122746452295,47.18129768880118],[23.1612074249629,47.18014552167517],[23.165148428514556,47.18185315850644],[23.167917451067073,47.18703626446137],[23.180087580484727,47.19048174505204],[23.178964428391968,47.193762284775254],[23.174779566658696,47.19337792455327],[23.168750894635636,47.203169109411306],[23.16376884443428,47.20326594464574],[23.16458054916091,47.206372647055424],[23.159518477082226,47.21058641928627],[23.163040059097394,47.209907647966034],[23.165090183405205,47.21652842598425],[23.178521966140806,47.22492572076638],[23.17745782101821,47.226513370316646],[23.183083952393243,47.22669649192761],[23.19502905415948,47.23181280629303],[23.202686941354656,47.22885655835405],[23.212803769108564,47.231103722041446],[23.221898268624106,47.22763502991044],[23.218313186216367,47.230444560574426],[23.219471342523153,47.23265176655839],[23.219934029203333,47.23088673759371],[23.228070532781857,47.231175081576836],[23.232269895383787,47.228297215132145],[23.23568783496857,47.236311118844405],[23.24941452741276,47.245307144873564],[23.251110820086705,47.243265483008884],[23.2560639957955,47.242833225883665],[23.25782061099521,47.23940575419748],[23.263628516617665,47.23948445097432],[23.26593426689643,47.236731792776105],[23.272498457603838,47.23567293404961],[23.275274784616922,47.2290645623844],[23.283041205390553,47.22690469046626],[23.292198377824075,47.21612697303243]]],[[[23.091772096459966,47.002217314857944],[23.104947405785964,47.00363357396566],[23.106462776296727,47.0017468743842],[23.114980158250237,47.002316617682645],[23.13323594257247,46.99450181646438],[23.136324808606968,46.989362506350446],[23.141781453842516,46.987354896503696],[23.14708091030939,46.97701552385134],[23.15545919344482,46.97270921202704],[23.15555063417588,46.96901219230491],[23.165227980450183,46.95877210486727],[23.1713042592621,46.96015923578978],[23.173337428364434,46.957597161492345],[23.16014480106286,46.954422200011756],[23.157375019514568,46.951359232817346],[23.15720125348611,46.942335786065705],[23.162975733031423,46.94190843830517],[23.17116769503469,46.93692138661648],[23.168605373732266,46.928726649929004],[23.17052287396869,46.92558098628087],[23.165444221827467,46.92261780205811],[23.162925972634838,46.923970128813004],[23.164667127406133,46.91821280282163],[23.158941788349548,46.91703788526046],[23.15918016404535,46.914613596108055],[23.167909442298527,46.912674783549996],[23.174715664149165,46.9086567404046],[23.1669690754908,46.898993616129864],[23.157430851284307,46.89396755046485],[23.161188648019817,46.89258789740194],[23.158029885126034,46.891504486483065],[23.15767692569975,46.88774981410281],[23.162390635644247,46.87884363018878],[23.17174461251489,46.87848494859336],[23.175551155581115,46.87528766529405],[23.160367814597045,46.87621172580683],[23.149366738455328,46.86974437562207],[23.151183493769118,46.866018746709415],[23.142115385963578,46.86501906813286],[23.142436754924574,46.86352366309631],[23.130896595954848,46.85781381328638],[23.12797668780307,46.85860724130912],[23.105006457602954,46.85335777096021],[23.10326357089493,46.856246702088725],[23.106635869051416,46.85753540621044],[23.10425132356303,46.8604497946905],[23.098077297052342,46.86053866359498],[23.09517777293655,46.85822386005838],[23.090432578606165,46.85972017219738],[23.08996950563507,46.862948919213984],[23.083379094562197,46.86724043266219],[23.0854363043358,46.87181204870427],[23.083332745926988,46.87790337927176],[23.09228562613501,46.8902694150749],[23.07749982367472,46.89531688514048],[23.079560698643096,46.89823020711273],[23.064646196784008,46.90086132162308],[23.0643062452398,46.91120741608428],[23.077714759226936,46.912821345491885],[23.081585135423435,46.9249728998199],[23.08535727872487,46.9270766945947],[23.079232748548392,46.93970749468677],[23.075478871209086,46.93825531466325],[23.06205533006064,46.939183559491966],[23.05716154969214,46.93513144169248],[23.051941540096745,46.934679090586584],[23.037922681094525,46.938730496952026],[23.034026310059918,46.938213463809234],[23.022622921669193,46.94506052848464],[23.01512643502534,46.94027090765758],[23.010515267225692,46.94144963832629],[23.009533156236703,46.94399786376015],[23.002916620851458,46.9424412917088],[22.989487359683444,46.943605135736306],[22.980390977699738,46.940186226210265],[22.96704705864276,46.943895362029274],[22.96641822874027,46.95041179188704],[22.960106139678953,46.95213691044633],[22.959614000357575,46.95704073661386],[22.945732576998846,46.964497445511554],[22.943608286399837,46.96799001157807],[22.93566571573171,46.96851669957198],[22.931718978904758,46.97229566523171],[22.925205092983926,46.97131864639246],[22.916634928773014,46.97643730654621],[22.922778009736714,46.98559698754108],[22.93106568063804,46.98577188529808],[22.932442380663332,46.98252288945439],[22.939820288822073,46.983340648533954],[22.944098215514227,46.99339567628476],[22.950876972077204,46.99937986025098],[22.971379596390804,47.00602368096072],[22.981746004820632,46.99731064961666],[22.99132113613465,47.00256542897854],[22.98986192358349,46.996934114085754],[22.998662966361998,46.99556905286928],[23.002580429424707,46.989082742751066],[23.013212605044224,46.99142959408949],[23.012994673213775,47.00338583706959],[23.016387301090457,47.00529048610041],[23.016635180752363,47.00870237439871],[23.02215156151258,47.00855956672938],[23.025784217067343,47.012700211649026],[23.02700039263363,47.002694051241825],[23.03398424837738,46.99637907578905],[23.035078959440582,46.999133345650044],[23.044688610187727,46.99902940212834],[23.05054410512668,47.00460794440279],[23.059819312115117,47.00417650603827],[23.065976361824323,47.00090785278024],[23.080026752844972,47.00453370427767],[23.091772096459966,47.002217314857944]]],[[[23.22120412582169,47.13792735414617],[23.215737497999744,47.1318995306286],[23.21654838391434,47.12785435646118],[23.2118396947782,47.11869918490987],[23.203078377752618,47.11956691736025],[23.2075519637355,47.1142971476308],[23.212633177363664,47.11236295625706],[23.20616153731651,47.10583340667178],[23.212055364715393,47.10485267460282],[23.2140918654219,47.10105355513322],[23.218609534677906,47.10164717687973],[23.223131650795587,47.09949765832236],[23.224045590873985,47.09433509243831],[23.23590828524415,47.09431809347599],[23.233639280465066,47.0923749224414],[23.236024382083357,47.090348288743584],[23.223715040716286,47.088248023454874],[23.21948983142503,47.08556469414635],[23.2201483490145,47.07758116497797],[23.214889660837944,47.07183439270545],[23.206685173228973,47.07195967194005],[23.197767233649753,47.06552430192495],[23.189516178187183,47.064313230620435],[23.182932882310826,47.06842124417147],[23.175962177929748,47.069210434083956],[23.167851433808245,47.062507851229874],[23.160593669191417,47.05954702232527],[23.157040668979523,47.06004243741771],[23.155452425302066,47.0576991814848],[23.151795458430477,47.05971884067986],[23.15796633630334,47.06352447379639],[23.157085700413102,47.066352300430594],[23.152245989813192,47.06663594067906],[23.14881529917323,47.06226948224687],[23.133366074743584,47.06518356810477],[23.131904560296544,47.06610245909141],[23.138324200718092,47.06997045865811],[23.13218610964988,47.0728622145698],[23.131380633572483,47.07009038511677],[23.12553232876744,47.0702902007577],[23.12397942117727,47.07169173071372],[23.130588288625415,47.07527505272389],[23.119555100727187,47.08336635814992],[23.123169841844557,47.086941655502585],[23.146606268488593,47.08987415181576],[23.15629927360066,47.09329215627082],[23.15604549247691,47.09678625669139],[23.148287412173307,47.09523541956079],[23.13927620634536,47.09669154440373],[23.143210665245213,47.1028296182207],[23.142057639993062,47.106005644762064],[23.13246983177576,47.11358061230567],[23.123458897040123,47.11582681428797],[23.115779402847362,47.114791415784545],[23.110710995197405,47.118044890677844],[23.111044768235555,47.122309228570046],[23.106454658229204,47.12298411390931],[23.0965173888035,47.131263669400674],[23.084356724772498,47.13267906848382],[23.077287077410425,47.13683055359522],[23.086082750307696,47.14444552884357],[23.095347034733095,47.14787365221274],[23.099287482433787,47.14585491240432],[23.104616525274217,47.14686506046108],[23.114675393260164,47.141976379399765],[23.114282994780762,47.143974140553595],[23.11771758977624,47.143587128628376],[23.119781388901103,47.141934289454596],[23.115843202874125,47.14144517503185],[23.119666079242563,47.13773140040659],[23.132035941504842,47.134345468989345],[23.138342757403205,47.13619475467084],[23.147414638526346,47.13314908621703],[23.152877150272516,47.13562749724843],[23.162299548751974,47.13555161207473],[23.165989803697197,47.13840870514973],[23.16185813078034,47.14113543932987],[23.163055481294737,47.143180005661584],[23.168468451147394,47.14622323198269],[23.173774165000165,47.14479184987265],[23.174002154916707,47.146518521064394],[23.160364755813426,47.14853862903994],[23.16057639548484,47.15754229777313],[23.154525448243287,47.1608540701725],[23.161210473918405,47.16231526012811],[23.190158635364806,47.15606709103129],[23.198484725921695,47.152358698819185],[23.20567092143047,47.15549988796812],[23.207900809294465,47.15437811636943],[23.202874211619243,47.151269473623245],[23.216347387922937,47.14944498904179],[23.218714994402774,47.151447430790085],[23.221648865846575,47.14953430423268],[23.218360569601938,47.14281139817471],[23.22120412582169,47.13792735414617]]],[[[23.645362047301845,47.39296723613758],[23.66108783349875,47.379488671344056],[23.66575431353112,47.38166595776165],[23.667900401602814,47.379838772305675],[23.66413412240955,47.375438273886154],[23.667221320123357,47.37424970064109],[23.666741215519263,47.36648309788788],[23.67313434197245,47.36367147369205],[23.674812593019467,47.35907567716704],[23.68051963649901,47.35512612421413],[23.688340378214082,47.35181531546098],[23.69641726288039,47.35449020641049],[23.712449028441693,47.352130455710416],[23.699742902444417,47.34734799677625],[23.706755179059208,47.34536507321211],[23.70141811335451,47.3445888161049],[23.703596261150814,47.34295924092648],[23.701139704807673,47.34115513006981],[23.706597115154196,47.33824029845585],[23.709185728880986,47.33266966123829],[23.705959810825206,47.33417347518457],[23.695807459115166,47.33348204299492],[23.693412017885425,47.33558016556836],[23.68985718501038,47.33296624467647],[23.68602593990642,47.33668631160534],[23.68100327918475,47.33621377103307],[23.678364372401486,47.33873256039022],[23.673389481518097,47.33910743015497],[23.669982574998876,47.33484727980913],[23.67082947586263,47.32793407269216],[23.6616518537583,47.32293955863724],[23.65559813718986,47.31623404499279],[23.639617098952133,47.31183628768207],[23.637098847711115,47.309013599985505],[23.623182963149237,47.30443283518729],[23.623156059930572,47.301000780323335],[23.61087297329022,47.29755934412524],[23.609929347100177,47.29215899878553],[23.61514582840473,47.28622572393519],[23.606393420079613,47.28228769599369],[23.599103918923856,47.285573904438834],[23.597912238097038,47.283790264524356],[23.593685604095906,47.28491283545688],[23.58766076104803,47.292328262225844],[23.588716738490795,47.29613678139873],[23.584701198613164,47.29627844901593],[23.586442643939506,47.298931356110074],[23.59231004649789,47.30030599262895],[23.593048461851634,47.302219696103194],[23.588345812979632,47.3042035668302],[23.5931511133716,47.303588425009764],[23.596830575594197,47.31120074940885],[23.583097021137817,47.31451201248561],[23.58079534678034,47.31669128334256],[23.575127938778284,47.31587062369473],[23.573768762864052,47.318605630419405],[23.565372254143966,47.31526413168989],[23.565970739189414,47.3209912514482],[23.575763945653883,47.32464613510845],[23.57452038439468,47.32621993595764],[23.570410733275466,47.32481226419283],[23.56804584547672,47.328647539285484],[23.560787755713097,47.32473479664416],[23.563109635874795,47.321797211365634],[23.55650669361364,47.31168099766555],[23.550971394210425,47.30733551980496],[23.546606071457877,47.31074341498445],[23.544340467378557,47.30605663701084],[23.533351580482414,47.30076973099258],[23.53292247475319,47.30840138170446],[23.524948409216577,47.31602470090953],[23.529623110114755,47.32498558635596],[23.52519133182348,47.33247717802298],[23.536904059837976,47.33897376479558],[23.544347835592767,47.348911331788955],[23.541321716337062,47.348993671119295],[23.5335697345308,47.359241941078395],[23.517259313145452,47.355372526110784],[23.516177101886967,47.356894141587574],[23.50427877427543,47.3527198177385],[23.505205178535252,47.35657110743865],[23.509886746468368,47.35859372294834],[23.50479891282667,47.363839906559754],[23.513167413263453,47.36212509016322],[23.51262159604796,47.36416450922626],[23.51704394613988,47.36603910340791],[23.51523433579902,47.36854851798678],[23.52757749000121,47.36948897396417],[23.533607114342583,47.36707930926173],[23.53871328242237,47.36961340952024],[23.543924503991647,47.36752166162096],[23.547354588096713,47.368700275571676],[23.557311273209432,47.36663160777793],[23.55971468104765,47.362971224502715],[23.56830604316393,47.363294779515925],[23.57111719461561,47.361213438051394],[23.579036933334717,47.36223395108546],[23.578229745255285,47.364278013133834],[23.582881719618698,47.366337681054695],[23.581845327683528,47.3686389560665],[23.585101269774928,47.372454614464246],[23.594903952118504,47.375059841532575],[23.602768048908814,47.37300795353757],[23.608292539646012,47.37487207373051],[23.61115034698476,47.38157378046245],[23.614201533013063,47.381303081693844],[23.610364819563614,47.386122416494665],[23.616831669004736,47.39185346508476],[23.621959771235034,47.390594798963576],[23.631471244791896,47.39603599084899],[23.630731177505382,47.39424227371878],[23.636124806783183,47.39212662069637],[23.645362047301845,47.39296723613758]]],[[[23.504186050041604,47.36301368157972],[23.509886746468368,47.35859372294834],[23.504824000622666,47.3561094966484],[23.504301563105606,47.35080457492941],[23.498863230259186,47.34806428681003],[23.492023288268474,47.3488870066364],[23.488397760527942,47.34723053651489],[23.48427460482284,47.33616685369739],[23.470756920209993,47.33462595256315],[23.47197819350373,47.32786700494193],[23.467425071517823,47.32872461521367],[23.448758499379316,47.32522397995049],[23.444457522355552,47.32222896490345],[23.445881581042624,47.31721388452501],[23.438966684500627,47.31781406342101],[23.43845973478073,47.31568148245998],[23.435047121857,47.316048437340434],[23.426728680613415,47.32268389551653],[23.417459195806288,47.32120176940557],[23.414805291924726,47.31832179921067],[23.41119493695892,47.3189296285771],[23.400309241597064,47.32539243612316],[23.396200338435737,47.33110632925231],[23.390738094032596,47.32866798121059],[23.37981646588971,47.32851861319042],[23.380199367581344,47.32653396016879],[23.37063966736449,47.32910616963854],[23.364381814894333,47.326196141058624],[23.36284780963771,47.330102500897624],[23.358297568830963,47.328175167575964],[23.359609233217423,47.33347638033957],[23.357256002676078,47.33664610640807],[23.35932865369797,47.33750003534969],[23.360710009329612,47.35408827884273],[23.381952636893523,47.3739340987331],[23.378346940668273,47.376465750702565],[23.3718230107236,47.377073220353466],[23.38117426046133,47.38082602587409],[23.377689366386793,47.38811812610274],[23.39095182750791,47.388178933071416],[23.39273147104955,47.391324697624256],[23.397086574136104,47.391853097097915],[23.401946064314878,47.388067717194],[23.407547183242173,47.390605623260626],[23.413850691187974,47.385466354820835],[23.417696465081512,47.38504516795934],[23.420098422909195,47.388210604614386],[23.43859422259157,47.38067003629763],[23.461021764391173,47.37907033792844],[23.461655468310582,47.37723075547169],[23.467157314779715,47.378231263324956],[23.467723325706917,47.375266149720666],[23.47173748254346,47.378045213085855],[23.481644817793374,47.37771671171199],[23.49277418776437,47.366022841893766],[23.504186050041604,47.36301368157972]]],[[[23.202592189558125,47.006223287788785],[23.203131860689695,47.00204170406524],[23.21702417196362,46.99542787108658],[23.21869516374545,46.9916310138683],[23.21633374185926,46.98911707968988],[23.221569648795153,46.98414020247946],[23.21740851785076,46.981991361014515],[23.226972500697478,46.982308156036574],[23.23163974027482,46.985867624771245],[23.236847016241608,46.98184293535786],[23.233599711659966,46.9793700404783],[23.233801420656356,46.976145419492205],[23.241586238979604,46.971414567062844],[23.24852803045215,46.96153034758403],[23.255561544084,46.96371478687075],[23.263578590432296,46.96281390637263],[23.269090106457387,46.95968857711028],[23.271282676116694,46.95460367819083],[23.283276902910526,46.947992723527896],[23.306440651815343,46.94884315832344],[23.326968983262983,46.941128069080236],[23.34587582164209,46.93814693616144],[23.353905020183703,46.930778054651825],[23.360032554818833,46.9306983573979],[23.36014048901128,46.92726825277594],[23.3528838783046,46.9280565153558],[23.3445622671406,46.92485897266497],[23.345226935001044,46.92061505339727],[23.35503194393412,46.91996412789364],[23.351409829984394,46.91485784801247],[23.339087285773875,46.90863063776959],[23.335126532032458,46.90844232889663],[23.323752532241407,46.914168872185826],[23.309221226965313,46.91108543614691],[23.30457596985804,46.903127045249036],[23.29045055741544,46.897704406906975],[23.286595219519427,46.89939282567363],[23.283164633014795,46.89746801416886],[23.280657192066947,46.90111171678098],[23.27635093672773,46.90165066142653],[23.275341453862538,46.906323703666054],[23.278033224202105,46.91071418236324],[23.264274881188967,46.910416669687194],[23.258905405073214,46.914166694799206],[23.254478555416906,46.92644758385992],[23.258729274920423,46.93501614748852],[23.251116542392943,46.94232953994476],[23.23755209706234,46.94731841840752],[23.242569627490642,46.95620967130802],[23.228305297972053,46.963683601201126],[23.226257242528106,46.962530790573105],[23.228246489055305,46.95926860059067],[23.229922740096217,46.960085530910625],[23.234096260251167,46.95686680839207],[23.231215521740882,46.954272618952615],[23.228220810512003,46.95462068919081],[23.22878200138395,46.95236340484087],[23.217234599440463,46.953024880047664],[23.221226115370076,46.94947338947964],[23.21615882885912,46.93965735441022],[23.229579958291534,46.9347592112126],[23.2229604674376,46.93065170239694],[23.214019419187718,46.92971212722172],[23.20255310528256,46.92259691847339],[23.206550990730328,46.92159682817194],[23.212360468421508,46.90575133270554],[23.2109868555407,46.90227757602469],[23.2226030379032,46.89262698013919],[23.215673984503237,46.891781097284536],[23.20859606045311,46.884515617502515],[23.20031805759136,46.88213088482402],[23.198674271405487,46.86946872544181],[23.195011654835994,46.86945623995849],[23.176165536315118,46.87946147382128],[23.162393699206266,46.8791905674021],[23.158392967304014,46.88438919882372],[23.158029885126034,46.891504486483065],[23.161188648019817,46.89258789740194],[23.157430851284307,46.89396755046485],[23.1669690754908,46.898993616129864],[23.174715664149165,46.9086567404046],[23.167909442298527,46.912674783549996],[23.15918016404535,46.914613596108055],[23.158941788349548,46.91703788526046],[23.164667127406133,46.91821280282163],[23.162925972634838,46.923970128813004],[23.165444221827467,46.92261780205811],[23.17052287396869,46.92558098628087],[23.168605373732266,46.928726649929004],[23.17116769503469,46.93692138661648],[23.162975733031423,46.94190843830517],[23.15720125348611,46.942335786065705],[23.157375019514568,46.951359232817346],[23.16014480106286,46.954422200011756],[23.173337428364434,46.957597161492345],[23.1713042592621,46.96015923578978],[23.165227980450183,46.95877210486727],[23.15555063417588,46.96901219230491],[23.15545919344482,46.97270921202704],[23.14708091030939,46.97701552385134],[23.141781453842516,46.987354896503696],[23.136324808606968,46.989362506350446],[23.13323594257247,46.99450181646438],[23.114980158250237,47.002316617682645],[23.106462776296727,47.0017468743842],[23.104947405785964,47.00363357396566],[23.099449784552363,47.00367972100734],[23.09716320223254,47.01257667941537],[23.09909347739339,47.01455538542303],[23.11066046062978,47.01453132142304],[23.12186117056456,47.01765917325303],[23.134205310787582,47.011980669491045],[23.14160045013774,47.01154418310224],[23.14616636705812,47.007136975634644],[23.15432881059923,47.00554887221866],[23.177899235400915,47.0107477436582],[23.187166588792987,47.01041809539498],[23.202592189558125,47.006223287788785]]],[[[23.430285097322518,47.31957635835359],[23.42911264509315,47.31780336538403],[23.432407642118765,47.31497966874609],[23.424209995872445,47.31884332971569],[23.420393668158002,47.31382548439957],[23.425170229139088,47.30890733444354],[23.43955117091579,47.30643311646411],[23.455256640941244,47.297522595666806],[23.455745625314538,47.29298913913707],[23.4590209662609,47.29236476280515],[23.463831739725244,47.2857358543154],[23.464986852473785,47.274806424581826],[23.469239364134946,47.27168409695644],[23.468548647641303,47.26622631006051],[23.4724502667565,47.25829309954826],[23.456594546800577,47.26306843621045],[23.454518691003802,47.270241100673864],[23.45141518815492,47.27155647173815],[23.444353942972338,47.27002051506259],[23.43529754003172,47.272202086011774],[23.431366543117907,47.267255159143005],[23.411285425616438,47.27776377385856],[23.400541162231328,47.27776658467157],[23.39863295801393,47.28498882813795],[23.375797026571636,47.28183637925257],[23.372814588318388,47.279952182204596],[23.369392758184198,47.28480079556075],[23.372912734002032,47.28649965332821],[23.371861083707167,47.29209019693662],[23.36521730999924,47.290072855121124],[23.365755663569637,47.28404394312641],[23.361393187329607,47.282667630241306],[23.360753824381927,47.27778291580447],[23.35869891196932,47.279056389589],[23.35501033826741,47.27407408746496],[23.350081523463437,47.27990781859526],[23.346994397347785,47.279583361975824],[23.342219340121744,47.273665464776364],[23.35200743324222,47.26994209451693],[23.349106492565316,47.26610209784887],[23.338772259275878,47.266382409887],[23.33371944741315,47.2612363296083],[23.330431601758747,47.26086021225261],[23.313287456605917,47.26583269888552],[23.32128204315966,47.27574556806891],[23.319813600689923,47.27990954247467],[23.32330876482083,47.2834837659659],[23.318139840781217,47.28769585900781],[23.316688595595238,47.29276982708223],[23.32331770175558,47.29594869719657],[23.32686977191437,47.30145864284697],[23.322635864752552,47.307008172360696],[23.328073915825723,47.30666818416081],[23.335281879864095,47.314587592460136],[23.333222182587775,47.31615347493881],[23.34646362476131,47.31970321248615],[23.36284780963771,47.330102500897624],[23.364381814894333,47.326196141058624],[23.37063966736449,47.32910616963854],[23.380199367581344,47.32653396016879],[23.37981646588971,47.32851861319042],[23.390738094032596,47.32866798121059],[23.396200338435737,47.33110632925231],[23.400309241597064,47.32539243612316],[23.410530271419496,47.3191429022532],[23.414805291924726,47.31832179921067],[23.417459195806288,47.32120176940557],[23.426728680613415,47.32268389551653],[23.430285097322518,47.31957635835359]]],[[[23.49736643765503,47.23617098743512],[23.49601694031072,47.232365599353585],[23.49157285688033,47.22994532436559],[23.495452121068038,47.2267954383325],[23.50037529006851,47.22644159300046],[23.500830798245843,47.2230278208151],[23.50342505806918,47.224976163172975],[23.502570966065502,47.221267556774976],[23.498856612187435,47.21739360079004],[23.48988085290332,47.214103249995766],[23.492128654327992,47.21066586563578],[23.48654590878136,47.20953755723679],[23.485868260273392,47.20292506869584],[23.478769664712328,47.1996608202596],[23.48574604979593,47.19390607107938],[23.48209972391089,47.19306183405725],[23.481188727800852,47.18902611238043],[23.474940826653896,47.188692257574324],[23.480752956259245,47.18314231644875],[23.47978370991215,47.18126259442012],[23.471677102539605,47.180882654558836],[23.473805584482516,47.17832823863569],[23.46666057913903,47.1787483321977],[23.4659176536808,47.1812547073086],[23.454214206803602,47.18615342032842],[23.424520493445566,47.18835104669891],[23.419001174936692,47.193036680461795],[23.40666296067412,47.195354597049864],[23.40296604886065,47.19896272538507],[23.397435298628647,47.19911669851757],[23.39578015796,47.202811275480485],[23.39198272532696,47.202120441601146],[23.389613672928576,47.205986001453375],[23.391339204041216,47.20693870111486],[23.3848155856748,47.211576329000295],[23.387577206810665,47.21760747717838],[23.383428729748573,47.22077217538394],[23.383294745655892,47.22886073939472],[23.371600083418333,47.23548964290755],[23.375943221164885,47.23390006875105],[23.379486627576075,47.235162765031234],[23.383839385917025,47.232521752978684],[23.384597874310238,47.2380989500255],[23.387952890248517,47.23799987403214],[23.389602651363102,47.23547191173929],[23.395435576171064,47.23611265589689],[23.39828469731037,47.238608077850415],[23.40279860504735,47.23588548232264],[23.405238855833847,47.23823939809878],[23.407654998051825,47.235368956642674],[23.411101913535173,47.236532370169044],[23.41935608523841,47.232934364430015],[23.419270401546008,47.23127780602867],[23.422294405185852,47.231560012553146],[23.431873825408793,47.235494477677676],[23.43105164477862,47.23905604186704],[23.43679306297691,47.239434657227484],[23.4402197174866,47.24299712262015],[23.4506782796193,47.24133638094407],[23.45348083869812,47.24450822457139],[23.46379999085139,47.24701678445377],[23.466579756591713,47.24910589835445],[23.463679401405326,47.251750619080035],[23.4735839304383,47.25798693681774],[23.47909064502613,47.25590052478674],[23.476950789794614,47.253480477846615],[23.48103249428739,47.247009345065656],[23.47671860796799,47.243496046843596],[23.481037891730956,47.24048292489893],[23.479770993943756,47.23737943353917],[23.494473785226358,47.234891859532084],[23.49736643765503,47.23617098743512]]],[[[23.065103172530844,46.90448215157154],[23.05815065503002,46.89979322412757],[23.05994617386766,46.89672634848253],[23.057113934956543,46.89460602470964],[23.054088214276895,46.894702750592955],[23.04568514285078,46.88842234995981],[23.040530786909333,46.88831874813757],[23.045151925381788,46.88420711410568],[23.041950660911073,46.88157874010446],[23.03605680090078,46.88182204248397],[23.037581503961228,46.88788280965102],[23.032170907665634,46.88969008939306],[23.037690965900865,46.89222836769197],[23.0414143195363,46.89717339364326],[23.035016797028025,46.89615604013191],[23.0335319680669,46.90148215643518],[23.03019295374489,46.90115637181003],[23.026897269567122,46.89269689673509],[23.02294118949548,46.89580003729781],[23.015765306764102,46.88865768167236],[23.011855740911326,46.887793858088365],[23.0121853351881,46.892297850740846],[23.009085584387048,46.892748823745954],[23.013813294704356,46.89734999845432],[23.01387222571216,46.900769659585336],[23.008733174537415,46.90034734984772],[23.005195681682437,46.9029745251534],[23.00690944977299,46.90756238625397],[23.000374688781797,46.90418924103691],[22.98753343053752,46.90260037371241],[22.977089730684217,46.905126820486345],[22.975660033066763,46.910058340782136],[22.97129834573173,46.91262637310568],[22.955764493633758,46.91366358060257],[22.955558501454806,46.91544642372895],[22.948356782503822,46.916335269640534],[22.944473532112593,46.91895571482927],[22.93805194101462,46.916037451535736],[22.93163723881589,46.91842932414817],[22.932233893400486,46.922283436395674],[22.92714809782843,46.92629685963947],[22.92082474243317,46.92595167413787],[22.917953703460967,46.93151043885864],[22.915679297804438,46.931591740929406],[22.916048110215158,46.93464642009841],[22.911757832643815,46.934059119905896],[22.90858918333179,46.936992702371874],[22.90402859297545,46.933314385978626],[22.902069297342376,46.93488190932994],[22.90105986748135,46.942035531175726],[22.896605252382884,46.944265682353205],[22.899232290325376,46.95088597084945],[22.8979897019052,46.97534401792975],[22.9080553512629,46.97568453628409],[22.919902887034603,46.983126148200334],[22.91670582126854,46.976021695424464],[22.921624381733242,46.974972404527065],[22.925205092983926,46.97131864639246],[22.931718978904758,46.97229566523171],[22.93566571573171,46.96851669957198],[22.943608286399837,46.96799001157807],[22.945732576998846,46.964497445511554],[22.959614000357575,46.95704073661386],[22.960106139678953,46.95213691044633],[22.96641822874027,46.95041179188704],[22.96704705864276,46.943895362029274],[22.98098252145927,46.94005762027275],[22.989487359683444,46.943605135736306],[23.002916620851458,46.9424412917088],[23.009533156236703,46.94399786376015],[23.010515267225692,46.94144963832629],[23.01512643502534,46.94027090765758],[23.022622921669193,46.94506052848464],[23.034026310059918,46.938213463809234],[23.037922681094525,46.938730496952026],[23.049571492373417,46.934717905308254],[23.05716154969214,46.93513144169248],[23.06205533006064,46.939183559491966],[23.075478871209086,46.93825531466325],[23.079232748548392,46.93970749468677],[23.08535727872487,46.9270766945947],[23.081585135423435,46.9249728998199],[23.077714759226936,46.912821345491885],[23.0643062452398,46.91120741608428],[23.065103172530844,46.90448215157154]]],[[[23.62364369479429,47.26263303967945],[23.63578439125764,47.26031788749062],[23.643772018461966,47.24755923579773],[23.65168467399231,47.25126386785566],[23.655803039464804,47.235100968128535],[23.65289152939186,47.23462826966118],[23.65337663774891,47.228717213465735],[23.644204468117913,47.223171107813],[23.643360385524282,47.21940514977689],[23.64677977432561,47.21840327756693],[23.645406483664978,47.21381593570124],[23.64243175487431,47.21484107044954],[23.640175252623376,47.21322627352281],[23.635950649207,47.20173311123661],[23.630417304453307,47.199238937394725],[23.626724919525163,47.19419271618031],[23.634003887139375,47.189630130303314],[23.631287121709963,47.188203855805824],[23.63323676755888,47.18184711628182],[23.627110632233695,47.17712467068115],[23.62127822716524,47.176862477274966],[23.615827116997096,47.16986367378903],[23.60643027913092,47.1677574354051],[23.60378791114118,47.16484643218517],[23.597056427261542,47.164555143913965],[23.59277222767828,47.171558711457],[23.585716220928706,47.17343289303685],[23.58246983173242,47.17754660679314],[23.574235325339007,47.180387750212844],[23.569264060741283,47.17909952271817],[23.570090527443448,47.17709378943819],[23.563475063330902,47.17888773350656],[23.564285335465676,47.18333440318288],[23.581352186424635,47.18766124539406],[23.58308826819982,47.19010721648259],[23.579672311542158,47.19249788900153],[23.579843098235838,47.20004068124678],[23.570677959030046,47.20906009183118],[23.569618800806893,47.21364739715588],[23.5734014905194,47.21648486307743],[23.56562048738971,47.21530474174214],[23.56683214673205,47.218378379760715],[23.57550670340863,47.21949778296229],[23.576946924056678,47.22328738437375],[23.57922246515871,47.22195423469826],[23.576407231702323,47.23946923806352],[23.58189727973615,47.24439052281167],[23.58227176926979,47.242579464204],[23.586244454346556,47.243664856047204],[23.584937394715734,47.24032398300084],[23.58865319051237,47.24176861061077],[23.59078215174416,47.24493779593981],[23.587691337016675,47.24496207073865],[23.587078452452662,47.24738299130217],[23.59408398994233,47.252674630971725],[23.592108619926318,47.25498765604866],[23.594437388857365,47.25701737271803],[23.611314862864205,47.25744383443143],[23.62364369479429,47.26263303967945]]],[[[23.484829959417908,47.0281409383797],[23.473680461711325,47.028983727937565],[23.467467244347407,47.02148795660825],[23.474135576025827,47.016722889969245],[23.474073244720035,47.01351414942856],[23.467114626095917,47.01236294164393],[23.457939225420713,47.00561829526834],[23.463452556852605,47.004188761279835],[23.46341890507216,47.00115484540308],[23.4587419247403,46.99816572754095],[23.45233605135235,47.000165403792785],[23.44566070986423,46.99784607880499],[23.443659018719067,46.992072721027505],[23.44120046837639,46.99154043985849],[23.4327524340994,46.994239709397064],[23.43158812758009,46.99407524943076],[23.432654761186715,46.99249318388923],[23.42770821456871,46.98834912103355],[23.398410868356795,46.99352479590765],[23.409223814299068,46.987864036254265],[23.404230386808837,46.986811734624204],[23.407059443218106,46.982284894878696],[23.411737359096396,46.98181562616552],[23.407742711910736,46.98163811687844],[23.40361550449475,46.97728726327743],[23.399547633909005,46.97642912167975],[23.38499642128219,46.97733204035147],[23.383997541214654,46.971149052255996],[23.388765052372523,46.96898479739885],[23.38778541514346,46.96666091638127],[23.3762629831496,46.96605583628102],[23.370934978651647,46.96040823140457],[23.36629071863092,46.960712908831304],[23.34908733098145,46.96788531044661],[23.356097248956583,46.97221558704077],[23.35637119937667,46.98203063351205],[23.361505721396096,46.98017843765188],[23.367322600210237,46.98409206797234],[23.363951914202477,46.98939693519696],[23.337211282989436,46.99943469919555],[23.337633277381045,47.006788625066186],[23.351300740715715,47.014954303795484],[23.353542150317846,47.019060273632356],[23.34990095681888,47.02028854995908],[23.35298804160989,47.023745900186874],[23.36289241862262,47.02026775237084],[23.36655300364215,47.024907956322636],[23.363545845490805,47.028047726398924],[23.365772125168323,47.028835982267246],[23.35578701973949,47.02964984111099],[23.35098145229348,47.033508955793636],[23.351321896298106,47.03615663278485],[23.338710283818518,47.040333316231575],[23.340490056410907,47.044988403006506],[23.3470741356202,47.046050289222414],[23.347920269184037,47.04789429672317],[23.337282081314672,47.048588694335436],[23.330676437660085,47.05452658912296],[23.32579384790503,47.055347518334145],[23.319476716200338,47.06720439871553],[23.329432700009164,47.06498265063112],[23.340020495768144,47.066989372694394],[23.347509464103467,47.06215638533659],[23.355373997396903,47.063612896674705],[23.384007028870894,47.054204928630995],[23.392411045740058,47.062079652157855],[23.400819584579178,47.06120753433188],[23.39879507962065,47.06808200167261],[23.402683770739124,47.07257550358979],[23.4062686458053,47.07163284291367],[23.409152562704406,47.07550414203707],[23.406937486137902,47.07927666001607],[23.41322775865211,47.0794624542462],[23.41616704029576,47.076180252269],[23.43021777296793,47.0821774367542],[23.43148581643834,47.0851443259195],[23.436829451532432,47.08364932571739],[23.439756958487596,47.07886329812127],[23.447731010808795,47.07563437865885],[23.44778604399414,47.070749493348565],[23.451751772251402,47.06742965305838],[23.450437908566368,47.0610023152033],[23.456192400065103,47.06088853867438],[23.45947283563102,47.0579493116216],[23.467546833407226,47.05869680474321],[23.47543606517093,47.053164921008424],[23.471768865388906,47.0496241611786],[23.476752214412436,47.04609432700326],[23.471751584248203,47.04370015012649],[23.48800968302307,47.0351527452165],[23.484424169317137,47.03226458610159],[23.484829959417908,47.0281409383797]]],[[[23.84138931643923,47.34002209285085],[23.84214601677208,47.334542787904795],[23.83892662155478,47.32972178770791],[23.841627671032434,47.327435631150635],[23.835696532128395,47.32254095386473],[23.828082991925786,47.31999505580453],[23.828750549084962,47.31302672615837],[23.82558778390474,47.30866792479521],[23.816925938795208,47.30914265973108],[23.813767275714888,47.307101290081164],[23.815949335827465,47.29876719609137],[23.814021802616985,47.299516567293324],[23.807752673243083,47.29714867178009],[23.806912249503913,47.29597984507973],[23.813476949030004,47.29122614430966],[23.806280289087184,47.28839810978385],[23.798858716450898,47.281456193530495],[23.80635107560496,47.2718170879421],[23.81285796138802,47.26785314085926],[23.814240153566324,47.25738048236331],[23.809675722776593,47.25740731248579],[23.814537320297504,47.25128749827015],[23.80809448781357,47.251400177995606],[23.807076456605973,47.25498883226713],[23.795779902514287,47.25890894410988],[23.796339546106232,47.26338494133444],[23.785073949567913,47.26673494188851],[23.775067570081333,47.27270841240513],[23.769454048600544,47.27275008762322],[23.768596904291044,47.278406051273606],[23.763258717571965,47.27876667003088],[23.766226705192576,47.280792856153084],[23.762082081379717,47.27958914723115],[23.7612229775172,47.28015312166852],[23.766168499466374,47.28132284592025],[23.760241012380977,47.285989098857385],[23.752107870146002,47.28802040912299],[23.749281604715613,47.2863313792558],[23.742614646185565,47.28661007267974],[23.73898546846161,47.29776653131065],[23.73429639753273,47.29562317174695],[23.735040242889053,47.294207808716436],[23.729657135147406,47.29344705967285],[23.71964052281545,47.30527253772657],[23.71267921029845,47.30983786046311],[23.69889179649446,47.30371378363137],[23.699478637182356,47.30119119222168],[23.693385660544248,47.29879866176339],[23.687460289453977,47.30190306600046],[23.69305436786797,47.31078536501371],[23.6901500816085,47.31291096200204],[23.691700210748568,47.317602815869925],[23.7003052291969,47.32249199276881],[23.70897915542365,47.332653863698184],[23.710606660487844,47.330892528941675],[23.717625264370266,47.3322890361937],[23.718581385286274,47.32755476419645],[23.721949179104126,47.327114988463045],[23.727457402224026,47.32104003211659],[23.73635885459984,47.323088891675],[23.745013026481452,47.32062136684797],[23.750496694418583,47.326248303519414],[23.761229646426063,47.32657266059133],[23.75986857223089,47.33529404202631],[23.764543622045238,47.33719749714407],[23.77437532686747,47.33572489091872],[23.790830476486985,47.33663452561316],[23.807795221102555,47.34297718029595],[23.80932658322807,47.34181631427433],[23.816555521789116,47.343784536770904],[23.821604277081946,47.34151731952884],[23.824397644317248,47.344814646928306],[23.827188600466474,47.34408212697008],[23.829928720995895,47.33836999444809],[23.84138931643923,47.34002209285085]]],[[[23.57445405819784,47.23245743452566],[23.57922246515871,47.22195423469826],[23.576946924056678,47.22328738437375],[23.57550670340863,47.21949778296229],[23.56683214673205,47.218378379760715],[23.56562048738971,47.21530474174214],[23.5734014905194,47.21648486307743],[23.569618800806893,47.21364739715588],[23.570677959030046,47.20906009183118],[23.579957929179066,47.19984586829444],[23.579672311542158,47.19249788900153],[23.583132406994235,47.19098297346974],[23.581352186424635,47.18766124539406],[23.568464782452384,47.18542324275561],[23.564285335465676,47.18333440318288],[23.563475063330902,47.17888773350656],[23.553734950340964,47.17718739042396],[23.542931595542846,47.16471996595202],[23.54449714293567,47.15860502716481],[23.534112337811877,47.161056894236324],[23.521389771837175,47.15549095678302],[23.50851107098541,47.15728312969791],[23.494967634394044,47.15486234882027],[23.484810612711435,47.163585530403225],[23.486461078525732,47.168759584019476],[23.493340060315337,47.17290632274638],[23.484990507156095,47.17560391169161],[23.485757374293275,47.177309327351274],[23.474940826653896,47.188692257574324],[23.481188727800852,47.18902611238043],[23.48209972391089,47.19306183405725],[23.48574604979593,47.19390607107938],[23.478769664712328,47.1996608202596],[23.485868260273392,47.20292506869584],[23.48654590878136,47.20953755723679],[23.492128654327992,47.21066586563578],[23.48988085290332,47.214103249995766],[23.498856612187435,47.21739360079004],[23.502570966065502,47.221267556774976],[23.50342505806918,47.224976163172975],[23.500830798245843,47.2230278208151],[23.50037529006851,47.22644159300046],[23.495452121068038,47.2267954383325],[23.49157285688033,47.22994532436559],[23.49601694031072,47.232365599353585],[23.49736643765503,47.23617098743512],[23.517079701313644,47.234349310072716],[23.52355756148171,47.23784463595269],[23.526990010188285,47.23547926587735],[23.531432063356647,47.23674741734615],[23.531825027922473,47.23463613256198],[23.537010875258247,47.234348611074736],[23.53829295079363,47.23207512423818],[23.53934024367732,47.23677966910787],[23.543317382781577,47.233000224111905],[23.547646882745486,47.236443246449895],[23.55421489528137,47.23186641427247],[23.564949300128674,47.22875441290988],[23.57445405819784,47.23245743452566]]],[[[23.28586817818358,47.018633119341665],[23.30575432930546,47.01865919247739],[23.314450544440646,47.01313897988852],[23.315222895653392,47.007469639458066],[23.324770204714778,47.002772355233645],[23.327364537931253,46.99863856970564],[23.336371648498364,46.9997883923427],[23.363951914202477,46.98939693519696],[23.367322600210237,46.98409206797234],[23.361505721396096,46.98017843765188],[23.35637119937667,46.98203063351205],[23.356097248956583,46.97221558704077],[23.34908733098145,46.96788531044661],[23.36629071863092,46.960712908831304],[23.37268113456835,46.96200635875024],[23.375430866066555,46.95811111727547],[23.385812562532585,46.95432383378928],[23.388667624574445,46.95050211606887],[23.382073608131684,46.94844687200182],[23.378295101984246,46.9417005204044],[23.372585877388115,46.9386145083613],[23.37026792399365,46.93989366542385],[23.37187143692822,46.93725418556403],[23.36941497725051,46.93639138919119],[23.368120498469406,46.93901346516286],[23.363751708145948,46.93985389160785],[23.363398089500546,46.931009334339855],[23.35465823086993,46.93039777588813],[23.346217167404202,46.938037420344884],[23.326968983262983,46.941128069080236],[23.306440651815343,46.94884315832344],[23.283276902910526,46.947992723527896],[23.271282676116694,46.95460367819083],[23.269090106457387,46.95968857711028],[23.263578590432296,46.96281390637263],[23.255561544084,46.96371478687075],[23.24852803045215,46.96153034758403],[23.241586238979604,46.971414567062844],[23.233801420656356,46.976145419492205],[23.233599711659966,46.9793700404783],[23.236847016241608,46.98184293535786],[23.23163974027482,46.985867624771245],[23.226972500697478,46.982308156036574],[23.21740851785076,46.981991361014515],[23.221569648795153,46.98414020247946],[23.21633374185926,46.98911707968988],[23.21869516374545,46.9916310138683],[23.21702417196362,46.99542787108658],[23.20831878215692,46.99861735860963],[23.202484295295047,47.003447311074474],[23.212323325977195,47.020314327354775],[23.23995240346347,47.016705372829755],[23.261476459018727,47.016299939544446],[23.263162423596405,47.0180422327021],[23.26322985941327,47.01512319306949],[23.270034385466037,47.01429344808201],[23.272319862246405,47.01146508957334],[23.273957409042776,47.013814206587355],[23.277354929303016,47.01325268447756],[23.282314472316482,47.0204252684215],[23.28586817818358,47.018633119341665]]],[[[23.605043535479943,47.282156579054636],[23.601955352738532,47.279808712792466],[23.602043554637472,47.27604954531267],[23.60792307666779,47.277923738509806],[23.617234382972182,47.2742156376606],[23.618843986150406,47.2701254498904],[23.62764151224801,47.27128313612814],[23.623725903424788,47.26918549882833],[23.627327491456303,47.261630136474466],[23.62364369479429,47.26263303967945],[23.611314862864205,47.25744383443143],[23.594437388857365,47.25701737271803],[23.592108619926318,47.25498765604866],[23.59408398994233,47.252674630971725],[23.587078452452662,47.24738299130217],[23.587691337016675,47.24496207073865],[23.59078215174416,47.24493779593981],[23.58865319051237,47.24176861061077],[23.584937394715734,47.24032398300084],[23.586244454346556,47.243664856047204],[23.58227176926979,47.242579464204],[23.58189727973615,47.24439052281167],[23.576407231702323,47.23946923806352],[23.579208468271073,47.23312158701088],[23.578068198325585,47.227995084958714],[23.575116867549717,47.22902077602044],[23.57445405819784,47.23245743452566],[23.564949300128674,47.22875441290988],[23.55421489528137,47.23186641427247],[23.547646882745486,47.236443246449895],[23.543317382781577,47.233000224111905],[23.53934024367732,47.23677966910787],[23.53799277401544,47.23212560721293],[23.537010875258247,47.234348611074736],[23.531825027922473,47.23463613256198],[23.531432063356647,47.23674741734615],[23.526990010188285,47.23547926587735],[23.518274405106986,47.24038803027668],[23.510805691845754,47.25077791038884],[23.510484551076516,47.256890448104464],[23.52551093225845,47.26445050787849],[23.521948627345402,47.26612826191445],[23.519634672708193,47.27139036223324],[23.523246582261237,47.27632382086065],[23.520694231192124,47.2842884060344],[23.530513057924725,47.28848936260362],[23.533351580482414,47.30076973099258],[23.544340467378557,47.30605663701084],[23.546606071457877,47.31074341498445],[23.550971394210425,47.30733551980496],[23.55650669361364,47.31168099766555],[23.563109635874795,47.321797211365634],[23.560787755713097,47.32473479664416],[23.56804584547672,47.328647539285484],[23.570410733275466,47.32481226419283],[23.57452038439468,47.32621993595764],[23.575763945653883,47.32464613510845],[23.565970739189414,47.3209912514482],[23.565372254143966,47.31526413168989],[23.573768762864052,47.318605630419405],[23.575127938778284,47.31587062369473],[23.58079534678034,47.31669128334256],[23.583097021137817,47.31451201248561],[23.596830575594197,47.31120074940885],[23.5931511133716,47.303588425009764],[23.588345812979632,47.3042035668302],[23.593048461851634,47.302219696103194],[23.59231004649789,47.30030599262895],[23.586442643939506,47.298931356110074],[23.584701198613164,47.29627844901593],[23.588716738490795,47.29613678139873],[23.58766076104803,47.292328262225844],[23.593685604095906,47.28491283545688],[23.597912238097038,47.283790264524356],[23.599103918923856,47.285573904438834],[23.605043535479943,47.282156579054636]]],[[[23.53292247475319,47.30840138170446],[23.530513057924725,47.28848936260362],[23.520694231192124,47.2842884060344],[23.523246582261237,47.27632382086065],[23.519634672708193,47.27139036223324],[23.521948627345402,47.26612826191445],[23.52551093225845,47.26445050787849],[23.510484551076516,47.256890448104464],[23.510805691845754,47.25077791038884],[23.521284450474166,47.23646892931944],[23.517079701313644,47.234349310072716],[23.507463509443106,47.236291486830304],[23.50430428035318,47.23456140585912],[23.498305838192962,47.23641723848411],[23.494473785226358,47.234891859532084],[23.479770993943756,47.23737943353917],[23.481037891730956,47.24048292489893],[23.47671860796799,47.243496046843596],[23.48103249428739,47.247009345065656],[23.476950789794614,47.253480477846615],[23.47909064502613,47.25590052478674],[23.47185528486825,47.25889010037061],[23.468548647641303,47.26622631006051],[23.469298958518483,47.271551914779174],[23.464986852473785,47.274806424581826],[23.463831739725244,47.2857358543154],[23.4590209662609,47.29236476280515],[23.455745625314538,47.29298913913707],[23.455256640941244,47.297522595666806],[23.43955117091579,47.30643311646411],[23.425170229139088,47.30890733444354],[23.42035024307055,47.31450873488081],[23.424209995872445,47.31884332971569],[23.432407642118765,47.31497966874609],[23.42911264509315,47.31780336538403],[23.430285097322518,47.31957635835359],[23.437388686260295,47.31556306101759],[23.438966684500627,47.31781406342101],[23.44623876401506,47.31734576077402],[23.444457522355552,47.32222896490345],[23.448758499379316,47.32522397995049],[23.467425071517823,47.32872461521367],[23.47197819350373,47.32786700494193],[23.470756920209993,47.33462595256315],[23.48427460482284,47.33616685369739],[23.48631787300469,47.345043012010635],[23.490669071982378,47.34842683058094],[23.498863230259186,47.34806428681003],[23.508108413879718,47.35457480855656],[23.5335697345308,47.359241941078395],[23.541321716337062,47.348993671119295],[23.544347835592767,47.348911331788955],[23.536904059837976,47.33897376479558],[23.52519133182348,47.33247717802298],[23.529623110114755,47.32498558635596],[23.524948409216577,47.31602470090953],[23.53292247475319,47.30840138170446]]]]},"properties":{"alert_id":"7275d4f69253dde4","source":"nowcasting","alert_type":"nowcasting","feature_id":"c088fdfcaa78a5362d","judet_cod":"SJ","judet_nume":"Sălaj","county_code":"SJ","county_name":"Sălaj","cod_judet":"SJ","cod_culoare":1,"cod_culoare_nume":"Galben","culoare":"1","cod":"Galben","fenomen_principal":"Local ceață ce determină vizibilitate redusă sub 200 m și izolat sub 50 m.","fenomen_group":"ceata","zona_text":"Zona joasă a județului Cluj , respectiv zona localităților: Cluj-Napoca, Turda, Câmpia Turzii, Gherla, Huedin, Aghireșu, Baciu, Apahida, Gilău, Florești, Viișoara, Mihai Viteazu, Tritenii de Jos, Iara, Săvădisla, Cășeiu, Frata, Cojocna, Ceanu Mare, Bonțida, Iclod, Luna, Feleacu, Jucu, Moldovenești, Mica, Căpușu Mare, Mociu, Mintiu Gherlii, Dej, Unguraș, Sic, Chinteni, Chiuiești, Cuzdrioara, Gârbău, Călărași, Cămărașu, Căianu, Sânpaul, Fizeșu Gherlii, Băișoara, Câțcău, Cătina, Țaga, Vad, Mănăstireni, Suatu, Petreștii de Jos, Borșa, Sânmărtin, Sâncraiu, Bobâlna, Panticeu, Cornești, Așchileu, Dăbâca, Geaca, Vultureni, Recea-Cristur, Izvoru Crișului, Săndulești, Ciurila, Tureni, Aluniș, Pălatca, Aiton, Buza, Jichișu de Jos, Ploscoș;<br>Județul Sălaj: Bălan, Surduc, Hida, Creaca, Almașu, Românași, Gârbou, Gâlgău, Ileanda, Letca, Cuzăplac, Băbeni, Sânmihaiu Almașului, Cristolț, Fildu de Jos, Șimișna, Dragu, Poiana Blenchii, Zalha, Zimbor, Rus, Lozna;<br>Județul Bistriţa-Năsăud: Bistrița, Beclean, Teaca, Lechința, Nimigea, Căianu Mic, Șintereag, Chiochiș, Braniștea, Petru Rareș, Uriu, Șieu-Măgheruș, Nușeni, Matei, Șieu-Odorhei, Mărișelu, Galații Bistriței, Urmeniș, Chiuza, Budești, Ciceu-Giurgești, Sânmihaiu de Câmpie, Miceștii de Câmpie, Ciceu - Mihăiești, Silivașu de Câmpie;<br>","zona_nume":"Sălaj - localitati","zone_name":"Sălaj - localitati","display_name":"Sălaj - localitati","localities":["Bălan","Surduc","Hida","Creaca","Almașu","Românași","Gârbou","Gâlgău","Ileanda","Letca","Cuzăplac","Băbeni","Sânmihaiu Almașului","Cristolț","Fildu de Jos","Șimișna","Dragu","Poiana Blenchii","Zalha","Zimbor","Rus","Lozna"],"geometry_source":"uat_match","match_confidence":"medium","interval_text":"","interval_start":"2026-09-18T23:10:00","valid_from":"2026-09-18T23:10:00","valid_to":"2026-09-19T06:00:00","interval_valabilitate_text":"","interval_end":"2026-09-19T06:00:00","data_expirare":"2026-09-19T06:00:00","mesaj_plain":"Local ceață ce determină vizibilitate redusă sub 200 m și izolat sub 50 m.","source_url":"","source_label":"","notes":"","durata_ore":6.8,"zi":"2026-09-19"}}]}