{"type":"FeatureCollection","metadata":{"date":"2026-08-30","active_alerts":[{"alert_id":"c82487cc19681515","source":"nowcasting","alert_type":"nowcasting","interval_text":"","interval_start":"2026-08-29T23:00:00","interval_end":"2026-08-30T01:00:00","durata_ore":2.0,"valid_from":"2026-08-29T23:00:00","valid_to":"2026-08-30T01:00:00","cod_culoare_max":1,"fenomene_pe_cod":{"1":"vor fi averse și descărcări electrice, iar în timp scurt sau prin acumulare cantitățile de apă vor fi de 15…25 l/mp"},"judete_afectate":["BT","SV"],"judete_count":2,"judete_culori":{"BT":1,"SV":1},"color_counts":{"1":2},"text_alerta_html":"","message":"vor fi averse și descărcări electrice, iar în timp scurt sau prin acumulare cantitățile de apă vor fi de 15…25 l/mp","feature_meta":{"BT":{"county_code":"BT","county_name":"Botoșani","zone_name":"Botoșani - localitati","display_name":"Botoșani - localitati","localities":["Mihai Eminescu","Vlădeni","Curtești","Șendriceni","Vârfu Câmpului","Leorda","Cândești","Brăești","Văculești","Lozna","Bucecea"],"geometry_source":"coordGis","match_confidence":"high"},"SV":{"county_code":"SV","county_name":"Suceava","zone_name":"Suceava - localitati","display_name":"Suceava - localitati","localities":["Suceava","Câmpulung Moldovenesc","Vatra Dornei","Gura Humorului","Cajvana","Salcea","Dumbrăveni","Cornu Luncii","Arbore","Udești","Șcheia","Verești","Frasin","Bosanci","Stulpicani","Vama","Zvoriștea","Todirești","Păltinoasa","Dărmănești","Milișăuți","Grănicești","Ipotești","Volovăț","Fundu Moldovei","Cacica","Șaru Dornei","Moara","Horodniceni","Satu Mare","Adâncata","Ostra","Mitocu Dragomirnei","Hânțești","Frumosu","Pătrăuți","Stroiești","Mănăstirea Humorului","Iaslovăț","Zamostea","Siminicea","Pojorâta","Dorna-Arini","Valea Moldovei","Grămești","Pârteștii de Jos","Calafindești","Drăgoiești","Crucea","Solca","Iacobeni","Botoșana","Berchisesti","Ilișești","Sadova","Panaci","Comănești","Capu Câmpului","Poieni-Solca","Șerbăuți","Ciprian Porumbescu","Burla","Bălăceana"],"geometry_source":"uat_match","match_confidence":"medium"}},"source_url":"","source_label":"","notes":""}],"alert_count":1,"general_alert_count":0,"nowcasting_alert_count":1,"manual_nowcasting_alert_count":0,"feature_count":2,"general_feature_count":0,"nowcasting_feature_count":2,"max_color":1,"general_max_color":0,"nowcasting_count":1,"has_nowcasting":true,"has_manual_nowcasting":false,"calendar_badge":"NC","sources":["nowcasting"],"alerts_by_county":{"BT":[{"alert_id":"c82487cc19681515","cod":"Galben","culoare":"1","fenomen_group":"ploi/vijelii","source":"nowcasting"}],"SV":[{"alert_id":"c82487cc19681515","cod":"Galben","culoare":"1","fenomen_group":"ploi/vijelii","source":"nowcasting"}]},"max_by_county":{"BT":{"max_color":1,"alert_count":1,"phenomena":["ploi/vijelii"]},"SV":{"max_color":1,"alert_count":1,"phenomena":["ploi/vijelii"]}}},"features":[{"type":"Feature","geometry":{"type":"MultiPolygon","coordinates":[[[[25.249145,47.410492],[25.520551,47.591466],[25.936471,47.831006],[26.299521,47.937377],[26.51453,47.885401],[26.602649,47.703072],[26.444035,47.593843],[26.229026,47.522484],[26.010491,47.462943],[25.714412,47.324549],[25.615719,47.216925],[25.298492,47.219319],[25.312591,47.319771],[25.249145,47.410492]]]]},"properties":{"alert_id":"c82487cc19681515","source":"nowcasting","alert_type":"nowcasting","feature_id":"61ae4d031efc67d953","judet_cod":"BT","judet_nume":"Botoșani","county_code":"BT","county_name":"Botoșani","cod_judet":"BT","cod_culoare":1,"cod_culoare_nume":"Galben","culoare":"1","cod":"Galben","fenomen_principal":"vor fi averse și descărcări electrice, iar în timp scurt sau prin acumulare cantitățile de apă vor fi de 15…25 l/mp","fenomen_group":"ploi/vijelii","zona_text":"Județul Botoşani: Mihai Eminescu, Vlădeni, Curtești, Șendriceni, Vârfu Câmpului, Leorda, Cândești, Brăești, Văculești, Lozna, Bucecea;<br>Județul Suceava: Suceava, Câmpulung Moldovenesc, Vatra Dornei, Gura Humorului, Cajvana, Salcea, Dumbrăveni, Cornu Luncii, Arbore, Udești, Șcheia, Verești, Frasin, Bosanci, Stulpicani, Vama, Zvoriștea, Todirești, Păltinoasa, Dărmănești, Milișăuți, Grănicești, Ipotești, Volovăț, Fundu Moldovei, Cacica, Șaru Dornei, Moara, Horodniceni, Satu Mare, Adâncata, Ostra, Mitocu Dragomirnei, Hânțești, Frumosu, Pătrăuți, Stroiești, Mănăstirea Humorului, Iaslovăț, Zamostea, Siminicea, Pojorâta, Dorna-Arini, Valea Moldovei, Grămești, Pârteștii de Jos, Calafindești, Drăgoiești, Crucea, Solca, Iacobeni, Botoșana, Berchisesti, Ilișești, Sadova, Panaci, Comănești, Capu Câmpului, Poieni-Solca, Șerbăuți, Ciprian Porumbescu, Burla, Bălăceana;<br>","zona_nume":"Botoșani - localitati","zone_name":"Botoșani - localitati","display_name":"Botoșani - localitati","localities":["Mihai Eminescu","Vlădeni","Curtești","Șendriceni","Vârfu Câmpului","Leorda","Cândești","Brăești","Văculești","Lozna","Bucecea"],"geometry_source":"coordGis","match_confidence":"high","interval_text":"","interval_start":"2026-08-29T23:00:00","valid_from":"2026-08-29T23:00:00","valid_to":"2026-08-30T01:00:00","interval_valabilitate_text":"","interval_end":"2026-08-30T01:00:00","data_expirare":"2026-08-30T01:00:00","mesaj_plain":"vor fi averse și descărcări electrice, iar în timp scurt sau prin acumulare cantitățile de apă vor fi de 15…25 l/mp","source_url":"","source_label":"","notes":"","durata_ore":2.0,"zi":"2026-08-30"}},{"type":"Feature","geometry":{"type":"MultiPolygon","coordinates":[[[[26.321733207454567,47.69142240785581],[26.32123617651354,47.68771002521705],[26.317326194763623,47.68758385762566],[26.320580468585266,47.6847436291302],[26.313535471584228,47.682425397491755],[26.295442513212198,47.649147929226736],[26.2829496219719,47.65139080494227],[26.285383306116856,47.631066685518185],[26.26506687720761,47.62476422178231],[26.25759353131595,47.61509807666083],[26.25333953546825,47.61598431534084],[26.253136762609962,47.61039742439127],[26.247837255904926,47.60847618526145],[26.235185515201035,47.626131941944195],[26.227699017049986,47.62684589322901],[26.2258892734834,47.623742380399975],[26.217181112004305,47.62821940752206],[26.228620865586198,47.63300784437995],[26.22448606459957,47.63582496499537],[26.223077492154786,47.63789141685351],[26.235022496343927,47.640237080754915],[26.228891694049057,47.646378811444414],[26.230898270913265,47.64864791153562],[26.236974069775638,47.64790640935999],[26.235241395547952,47.654212430369725],[26.24039637706774,47.656995243837336],[26.23799050772393,47.666734332058226],[26.242092512524682,47.67169614247403],[26.22008682871226,47.67197712575211],[26.218203271132293,47.68174354418048],[26.20148755507528,47.68917472804685],[26.20841873902091,47.69406151160798],[26.21936693796199,47.69635772513253],[26.217342124538614,47.69914447486299],[26.221789777446084,47.70698280116387],[26.215765108375273,47.70881807527174],[26.214511108221853,47.715120211697176],[26.22491485709417,47.71597418333984],[26.22583188220512,47.71210375154961],[26.23443999849137,47.713353381458525],[26.238761496959658,47.71188618430102],[26.235352478273754,47.70966059434776],[26.235261585136804,47.70206935619825],[26.240529980425542,47.697359259709394],[26.251188871932335,47.69620035323706],[26.250211220992774,47.685122820586244],[26.254350858441118,47.68530396426077],[26.25467151949897,47.68816484657382],[26.260212526146464,47.68828670009928],[26.25911511249527,47.69006992277314],[26.267047652094902,47.69960144384965],[26.273930222331202,47.70455221122442],[26.274677622203587,47.709233718940396],[26.282925876274724,47.71512285192593],[26.283474708487887,47.71917130970364],[26.291194876503607,47.71139886587201],[26.29741955277267,47.710745736290654],[26.30141700660083,47.70639716757289],[26.318837286470252,47.698747071567084],[26.31660725484047,47.69093165934957],[26.321733207454567,47.69142240785581]]],[[[25.59554737285765,47.564350909283334],[25.60935182432914,47.54634913042314],[25.617859218372217,47.54410336053516],[25.62706145519044,47.53251134136949],[25.644846588401116,47.52820153650531],[25.646431244247395,47.525653428658046],[25.652279155890707,47.527153745131095],[25.663874704827787,47.523126286689745],[25.664337893069998,47.519861748614765],[25.67306013077635,47.51318480755008],[25.67428050569985,47.509557668161776],[25.683207898852977,47.507444773150844],[25.685173546615342,47.504524617984956],[25.68128488721542,47.49688799332791],[25.66672701319646,47.48701764219125],[25.657358326577402,47.48661453139919],[25.641713367954015,47.47557603771082],[25.638393081071914,47.465382620513004],[25.631975037862944,47.46748249364177],[25.62559772662092,47.46609993645612],[25.621970210443425,47.46292643859583],[25.60259251860203,47.45697442431776],[25.59673222000673,47.45318871156213],[25.602632815413603,47.44592132316606],[25.609536956354308,47.44522379537519],[25.60789900410536,47.442472696812935],[25.617238101150328,47.43356721800186],[25.608379693183142,47.438573375301985],[25.60278139982038,47.44539179999681],[25.5858438061101,47.452544095733586],[25.574671469162958,47.45389351324665],[25.57123231850278,47.450277526683905],[25.573706523247917,47.44962937148839],[25.572442494316864,47.448192887008695],[25.557566564245167,47.44397085754266],[25.54322547724408,47.43201986488273],[25.54231145791323,47.42466869604782],[25.552673051274205,47.419929138563084],[25.55235663027414,47.40376119086683],[25.54088455204253,47.40924747984697],[25.530167917762316,47.40623415394929],[25.5256142492318,47.40896836666009],[25.52392757481753,47.405402869288636],[25.51399510408401,47.41724306978039],[25.519204859200514,47.440675313090274],[25.49194882831291,47.479753353486],[25.495255780911304,47.47898558635093],[25.51435282511569,47.48673469894382],[25.52121286397997,47.5035910036851],[25.518522431842403,47.50752608095118],[25.528107732465866,47.51494341695244],[25.52468464110615,47.51813954453284],[25.52795281931007,47.521066335885784],[25.52233302343273,47.52442381125755],[25.507444979448277,47.52805976121764],[25.51000242223391,47.53873561043638],[25.526860053645308,47.54279624179036],[25.52393676470728,47.555571048873205],[25.530394014821713,47.56763603816937],[25.524163212560154,47.57352964675811],[25.524088430341486,47.58252187345293],[25.54256972193066,47.579108444851194],[25.549490975533008,47.572314978117475],[25.566169128389436,47.5746362464156],[25.573129419743896,47.573328948570115],[25.585451883410315,47.565898909607874],[25.59554737285765,47.564350909283334]]],[[[25.417582325615665,47.40751873719776],[25.414999302677483,47.403212986924906],[25.418888409638058,47.399213041605826],[25.411684128042516,47.3915389556864],[25.409459226302484,47.37852734880799],[25.401719087982258,47.372103368845046],[25.402327237905492,47.36756524055689],[25.39752088724315,47.364429006806354],[25.404047767439398,47.354611441307185],[25.404828811354182,47.348572213005156],[25.400377637925477,47.34194807615971],[25.403574300177592,47.339485621944206],[25.399604546397143,47.33458770268382],[25.39024463455972,47.32978352499821],[25.38597502764854,47.32127494520501],[25.380418723414756,47.318453091628236],[25.369597231010662,47.31818687992982],[25.356294758196917,47.31365798592565],[25.336649899756033,47.31762215189358],[25.330777983826163,47.31507756021292],[25.32399715098797,47.30325156190949],[25.311051934874676,47.30060131669063],[25.30739533934453,47.301734227859164],[25.301300818959646,47.29874380639725],[25.29459082973915,47.31716331365694],[25.294985526308338,47.322643376697876],[25.286854949366337,47.32858062958709],[25.287706026344775,47.333347912377626],[25.28107595172075,47.338306603721215],[25.281136632296015,47.345001281184295],[25.295850821327125,47.35628678317021],[25.291424862203733,47.36434232096525],[25.292871933803017,47.36853014454176],[25.300301510516103,47.37349267661728],[25.282257300258472,47.385921099116416],[25.258491228784692,47.38248849883341],[25.248483085350223,47.39608767539598],[25.244384196968344,47.39637660176438],[25.249067698125,47.399589430460765],[25.264933470095578,47.39869488693624],[25.27191427650927,47.396484590747576],[25.298873020763594,47.39854783086505],[25.302714936411025,47.401284061540856],[25.32426196331169,47.404736561204416],[25.33093987662306,47.41165298269493],[25.33659645131863,47.411056914191825],[25.357887680080808,47.4156664297211],[25.364208232681214,47.42059931862408],[25.36372950428001,47.42381843672067],[25.368073077334813,47.42757231031143],[25.38197965696458,47.42563115994534],[25.39137896805318,47.41778955902045],[25.417582325615665,47.40751873719776]]],[[[25.922734098326416,47.57522566483078],[25.935108708280165,47.568304132506725],[25.950068950678087,47.550921296994034],[25.946654980492138,47.54459991700962],[25.939559378746612,47.547406510799014],[25.930599487930497,47.53892918695676],[25.911801724621853,47.54924927605371],[25.898687438757907,47.548860106029025],[25.89186884358898,47.544380908616965],[25.897273709723528,47.53253335611469],[25.8913375640683,47.530982804254975],[25.888590565827155,47.527722636200494],[25.892717183602073,47.524830394493065],[25.895682697015776,47.50979998699521],[25.901078011506325,47.501609164856276],[25.907692402014273,47.480635474274074],[25.912995536477172,47.47439633565054],[25.914609961056424,47.46594924654519],[25.910902722792,47.463697128216424],[25.913159430689298,47.455961607778],[25.898175005871387,47.452867786916016],[25.887622952781868,47.459692860401056],[25.8804893925173,47.45865328646214],[25.873410903671687,47.46083285214434],[25.866313069527934,47.458579800983365],[25.85110268186878,47.464473316123524],[25.84137822727187,47.471216450392184],[25.834813825588704,47.479731230068076],[25.843042008051246,47.50266156264033],[25.837258217522265,47.51062865691266],[25.83710195193485,47.51560277633769],[25.844813657256218,47.522245345077785],[25.840029666198713,47.53850329891737],[25.842751641204643,47.54452672144374],[25.849084668996063,47.54607964483439],[25.851309780302753,47.55277719341241],[25.843995630260146,47.56072720638126],[25.84006097242175,47.55933772398446],[25.834563754657182,47.5658857397785],[25.82307561616894,47.56701822862858],[25.823266151313664,47.56867351747439],[25.838275329043555,47.579442766956596],[25.841758371350625,47.57913236750722],[25.844257533192668,47.57623286293055],[25.849339365608603,47.57841833919167],[25.85377682117694,47.57204852730547],[25.86061128607227,47.57671238313046],[25.858011984443703,47.58048305937184],[25.870649116358738,47.57489862822046],[25.88310579172024,47.58064020616146],[25.90286749614922,47.58244849366324],[25.90643263369033,47.57538798979426],[25.910585369382193,47.57684832310612],[25.91512840001983,47.57496706147068],[25.922734098326416,47.57522566483078]]],[[[26.036630945541518,47.745298665700226],[26.036963920301737,47.734224950574095],[26.046037188658726,47.73420575234013],[26.040671620597124,47.72883259133921],[26.035390166357313,47.73223472920863],[26.01622436252375,47.72332296262968],[26.0158468039568,47.717384153429684],[26.0112038952186,47.7128243458429],[26.0154074414308,47.709715279860546],[26.00824759752924,47.70365800150393],[26.009768473644694,47.69703684766395],[26.005716231859505,47.69191183167842],[26.006231139639667,47.68809353293448],[26.00180524355461,47.685015390841606],[25.984457733162085,47.68408350155979],[25.967614004190455,47.687956188891874],[25.953143908886137,47.69390768435719],[25.94900311812933,47.700852960647204],[25.944420650787983,47.700321409377715],[25.943343912416736,47.70802337668899],[25.93857760059664,47.709316314584356],[25.938369556356378,47.71247177781736],[25.94300351195284,47.7113088015838],[25.94884061284177,47.714397527767765],[25.95063871009096,47.719137749117344],[25.958535220607956,47.721867956908724],[25.95980222263391,47.72052895207684],[25.970718653103823,47.7297713561796],[25.98607378083988,47.73193607743472],[25.995455262373213,47.73624085046027],[26.002571691803947,47.73594003600573],[26.008858296755083,47.72995019168591],[26.02971949007097,47.739557365076564],[26.023528401224173,47.74519274890203],[26.024825316417846,47.74674017692579],[26.03107703687881,47.74297177771085],[26.031825106007567,47.74553035032458],[26.036630945541518,47.745298665700226]]],[[[26.340874366457808,47.693562969281814],[26.357911377009476,47.685023327673925],[26.360136120676533,47.68547860671524],[26.36100066144161,47.682713273688655],[26.40241653119062,47.65058366372863],[26.41260228849289,47.63910964354178],[26.409026720135262,47.63432805059666],[26.41426803258299,47.619349327374835],[26.408552382968388,47.62030265689456],[26.406283548673592,47.61447323076575],[26.409062759373313,47.6138369305875],[26.408123900809088,47.60545052504394],[26.3990990100587,47.60107059229067],[26.392509856807703,47.60484628342236],[26.386468407662964,47.60393139651366],[26.380730182684218,47.610094907074554],[26.37386609000273,47.60672899310331],[26.37403861354802,47.602192076318126],[26.367507256004192,47.60635926825775],[26.36584895915685,47.60500571591581],[26.35783062478739,47.605883685608795],[26.355644007321576,47.60214296991467],[26.33172142186605,47.61459471354311],[26.3328145258587,47.619537572952744],[26.327959805333847,47.62445546800924],[26.321843601454226,47.62229996790521],[26.321843149734782,47.62563333074836],[26.328703975572427,47.62484674284064],[26.33064004881819,47.62754271481587],[26.330145734427767,47.62945272046039],[26.320554639575125,47.632974825819566],[26.32450929883792,47.636240495858836],[26.32132162687804,47.6390915619562],[26.317854677465345,47.639821855113844],[26.315202515536214,47.637690552658796],[26.301900962468327,47.64132609819167],[26.302456967936784,47.64360859380071],[26.309548196651836,47.64430028737813],[26.30993980975531,47.647485246602926],[26.296614171871926,47.65248054601133],[26.313535471584228,47.682425397491755],[26.320580468585266,47.6847436291302],[26.317326194763623,47.68758385762566],[26.32123617651354,47.68771002521705],[26.321733207454567,47.69142240785581],[26.340874366457808,47.693562969281814]]],[[[26.487056333561995,47.68225476415041],[26.48330181174371,47.678779789854545],[26.484212399393847,47.67502641356357],[26.479691006220165,47.67286274700098],[26.484513667974834,47.66982149758244],[26.478060299125566,47.667022822888136],[26.480976724941645,47.66399003192373],[26.468159872340987,47.65982231153553],[26.46664380703871,47.661386112212206],[26.46192656639073,47.655300993524975],[26.45212087436668,47.656640723079484],[26.455306985724494,47.64764573714791],[26.438792623104973,47.63474670871536],[26.460294484540494,47.62819990135003],[26.45280727863138,47.61643304064457],[26.43448483301798,47.623279197167335],[26.430845005050628,47.61651465294273],[26.425071226454392,47.616629074558595],[26.41842642196396,47.621771576647134],[26.41358588375114,47.621269571074016],[26.409026720135262,47.63432805059666],[26.41260228849289,47.63910964354178],[26.406427654389326,47.64696672891893],[26.36100066144161,47.682713273688655],[26.360136120676533,47.68547860671524],[26.357911377009476,47.685023327673925],[26.346922641925868,47.6920317856711],[26.363733299276422,47.68878390793571],[26.37499249462391,47.68235009906922],[26.38795807164949,47.68022973760325],[26.391275281598134,47.68203963074908],[26.394554847733893,47.68025414100273],[26.39874877576577,47.68123984794752],[26.403386480976057,47.67785778365614],[26.436600124586022,47.69741494062838],[26.435347497882482,47.700560145177434],[26.456609812379153,47.71066391496175],[26.44795440913299,47.713765650803396],[26.44821932773272,47.720541349547815],[26.440791077816687,47.715860618846406],[26.43350551657999,47.718510033849455],[26.45407025914537,47.727644413848196],[26.46764356447966,47.71592685972771],[26.459148772752794,47.71382603703868],[26.463463047453725,47.70692067539534],[26.487056333561995,47.68225476415041]]],[[[26.05612922611683,47.517084706087225],[26.073907055686927,47.51297322183178],[26.075430703470726,47.51603531641082],[26.085745490459846,47.51180970189191],[26.09590363102946,47.50245704958694],[26.107327619919253,47.50557511662371],[26.109629317541632,47.51657703252736],[26.1180906294144,47.50719851116215],[26.129001434723918,47.50806850249947],[26.128507702883972,47.50502094150238],[26.13989351814215,47.504566957817],[26.1372182627686,47.5042202140562],[26.136662079933902,47.50139304618044],[26.14326379801325,47.49546974815338],[26.14809097339353,47.49365296257365],[26.15709266347251,47.495171415312605],[26.172372584921447,47.49125465881972],[26.16319698399644,47.47936403479571],[26.176977520450908,47.4719070261524],[26.179635801603755,47.47420522563309],[26.18547420487155,47.47223719579595],[26.20213470498553,47.482961304089095],[26.212173969675476,47.47165090646179],[26.214012504218307,47.472846286817926],[26.215675327685627,47.4707112226997],[26.217974344755984,47.471364402529815],[26.223159851921693,47.474855836295504],[26.227687321055782,47.47027319959803],[26.217966370051975,47.46469544291118],[26.199563982318974,47.444150486073795],[26.18487866754339,47.4376740207373],[26.187231480378603,47.4364469880872],[26.17466893254441,47.422415406411446],[26.201175487237,47.409354838029],[26.158575796287842,47.41820555925479],[26.141081449260323,47.41120719372381],[26.14333723244226,47.40447002022072],[26.13295409178054,47.40066869029969],[26.12544429974586,47.398641502606786],[26.10805975492906,47.403384644523875],[26.093721108066244,47.3948644647269],[26.08911970049539,47.39565789692784],[26.086413144823418,47.392937867113886],[26.07652557411997,47.393435159580996],[26.069060588612622,47.390679090126085],[26.07413982933665,47.40664426338908],[26.067153705905923,47.4106503359673],[26.09689245016462,47.44289145860115],[26.101620295114138,47.4457224549222],[26.106701839294555,47.44351205389477],[26.116000553701877,47.44345593588182],[26.134791543363928,47.43744743290164],[26.146098106175327,47.44295455998755],[26.135617376240482,47.447556384162915],[26.131178762164332,47.45302111540799],[26.119746140776165,47.457788018330966],[26.12257279047358,47.45919009968503],[26.107756212263713,47.46174743466346],[26.10428584640327,47.4655019972563],[26.09740128340397,47.466747315318386],[26.097210863687735,47.475598290426625],[26.083142632216777,47.48241813846431],[26.080522312110297,47.48634301937936],[26.074575251164084,47.48555813589661],[26.067189189656062,47.48805656871954],[26.061939274806786,47.49560556972457],[26.04630501096605,47.49751775486818],[26.048083924745434,47.50825808682251],[26.05374658270008,47.50596561425129],[26.058309493489986,47.510619887392096],[26.05612922611683,47.517084706087225]]],[[[25.865350354316572,47.78014074362688],[25.896209745813422,47.77197458326136],[25.905712709799356,47.76771164842863],[25.90882539870343,47.76364309544193],[25.92328828055683,47.758027789744666],[25.926595081885658,47.757834800343666],[25.93372108904927,47.76277625258689],[25.939999697269037,47.75745044813897],[25.938836414785207,47.751615006282556],[25.942171042106434,47.745597000533124],[25.95002100743751,47.74212443342404],[25.957214817138244,47.74527911228741],[25.967552504042406,47.74198803906842],[25.971389062348123,47.744945923335386],[25.976043598004836,47.74532743287465],[25.981618069850853,47.74184463882073],[25.991251671338272,47.7418111976501],[25.997305524805245,47.73864224344216],[26.005707106563104,47.74077702713335],[26.004915616809,47.74297730131625],[26.00843772161753,47.74344916585201],[26.012154412723067,47.74757226148475],[26.016362123400608,47.74549103720561],[26.01809349786046,47.747188850185026],[26.020383109313098,47.74627887615223],[26.018971039470024,47.74183236973187],[26.021788398905112,47.744054805888794],[26.02691268184507,47.74357308035525],[26.02971949007097,47.739557365076564],[26.008858296755083,47.72995019168591],[26.002571691803947,47.73594003600573],[25.995455262373213,47.73624085046027],[25.98607378083988,47.73193607743472],[25.970718653103823,47.7297713561796],[25.95980222263391,47.72052895207684],[25.958535220607956,47.721867956908724],[25.95063871009096,47.719137749117344],[25.950427004310054,47.71594682364868],[25.94300351195284,47.7113088015838],[25.932706245688795,47.71236722248362],[25.925700486456048,47.70595212625232],[25.919417964366453,47.706245188614844],[25.910078476915476,47.70282630356317],[25.89000206571756,47.70763543372947],[25.901596113420773,47.70989477864098],[25.893150161985474,47.715238383560695],[25.88466701643742,47.714958241497804],[25.88408671787515,47.713600708136134],[25.881316410577718,47.71513872696693],[25.88487476399953,47.71760132346749],[25.876392656684217,47.72285467635826],[25.87369473076342,47.735292052890884],[25.858179149092454,47.735385076250616],[25.85799491828898,47.738208294552884],[25.850762452919646,47.73760068123521],[25.849107652545307,47.73569096829455],[25.825208092631023,47.73803495946359],[25.8105985770799,47.73774981603777],[25.79634382864856,47.73469033637009],[25.780563655095435,47.744619618447565],[25.78108395454146,47.75963067107547],[25.785369278285415,47.766630456518726],[25.78954930191169,47.76865572241517],[25.822789747806947,47.76609898209895],[25.83264955790121,47.76877720427717],[25.835413794697274,47.771641914878316],[25.836812561115813,47.78159910465492],[25.84677422125134,47.78250757406077],[25.85848592650765,47.77923803338071],[25.865350354316572,47.78014074362688]]],[[[26.408268881067805,47.606016773771465],[26.411573060251232,47.60545202746561],[26.41564416004671,47.60066727526332],[26.427026791261646,47.60166684219187],[26.432365078934826,47.60487639658468],[26.437671887593847,47.59813703841847],[26.448641460758957,47.5971695843037],[26.45477212757025,47.593525635395764],[26.459986808238483,47.5964035293456],[26.461559999342313,47.59372410909522],[26.459272339288056,47.588550340471386],[26.469272214847166,47.58408808376029],[26.46881887372154,47.58045887690567],[26.475053052067643,47.57226094738904],[26.484051533081175,47.571775800130126],[26.491806570369924,47.58073202598732],[26.494832138868723,47.57763393244153],[26.50005894987962,47.58211692172815],[26.50823098209254,47.575846577547686],[26.50257973364844,47.56960923439739],[26.518505270462015,47.552968350505765],[26.52101948482331,47.54687762788324],[26.512051370372376,47.54824252059106],[26.50843633705625,47.55250745470891],[26.503551258922222,47.54735737733676],[26.49985959231686,47.54817271482124],[26.4926106019806,47.54299228043945],[26.48656898831334,47.544902981215074],[26.4816747595667,47.539493024832545],[26.476699231203682,47.540010951125616],[26.476822497073233,47.54343558516931],[26.469842455979542,47.541870946178726],[26.470107691233363,47.54310477295448],[26.464814456472862,47.5431596227564],[26.458265984829165,47.54137273909038],[26.459940098764147,47.537698846466746],[26.455500499839903,47.5391328316758],[26.453601897913902,47.54309433575958],[26.450902894379926,47.537351370610445],[26.44791645163283,47.539531323689765],[26.441106661821603,47.531574354742645],[26.42585962868162,47.54934729000978],[26.40825759474033,47.55846452912283],[26.386473049677942,47.54062236406807],[26.383660652604526,47.53468358578167],[26.37458561289414,47.534565612587734],[26.346659794423385,47.54226017256766],[26.341522286499405,47.55660153531164],[26.336063196341172,47.551927673193696],[26.338119050214644,47.54244318804054],[26.33504513600117,47.53921408525201],[26.33002731222056,47.54845715383895],[26.33544670399535,47.55014979845088],[26.33768341679904,47.558942149716394],[26.331440091013135,47.565521724920046],[26.331694097409507,47.56834201597312],[26.335586858463994,47.574760252949275],[26.3359919699605,47.58256605620097],[26.340790358698264,47.58464519265748],[26.341301287285496,47.58915406336047],[26.346515372554876,47.589062399249904],[26.3469679675954,47.59128613679457],[26.338086204129826,47.59140872194599],[26.336784762322985,47.594354841979424],[26.340787585940575,47.595302222310984],[26.34070066153525,47.59780301024575],[26.336670627285006,47.59866231664092],[26.341994954943413,47.60466588713147],[26.345617312606496,47.606873042308194],[26.355644007321576,47.60214296991467],[26.35783062478739,47.605883685608795],[26.36584895915685,47.60500571591581],[26.367757889036465,47.60635632467205],[26.37403861354802,47.602192076318126],[26.37386609000273,47.60672899310331],[26.380730182684218,47.610094907074554],[26.386468407662964,47.60393139651366],[26.392509856807703,47.60484628342236],[26.3990990100587,47.60107059229067],[26.408268881067805,47.606016773771465]]],[[[26.21693107674713,47.67581633482918],[26.221495469782337,47.671730926468804],[26.242092512524682,47.67169614247403],[26.23799050772393,47.666734332058226],[26.24039637706774,47.656995243837336],[26.235241395547952,47.654212430369725],[26.236974069775638,47.64790640935999],[26.230898270913265,47.64864791153562],[26.228891694049057,47.646378811444414],[26.235022496343927,47.640237080754915],[26.22263830262289,47.637593960774915],[26.228620865586198,47.63300784437995],[26.217181112004305,47.62821940752206],[26.1959134185684,47.60451781942657],[26.192278290958466,47.605020050167454],[26.188794453769248,47.591354777994184],[26.183051564401673,47.597670671936974],[26.175454101203304,47.60091142418279],[26.172492034719426,47.60118246891982],[26.17152544891342,47.59802675303428],[26.166496570891486,47.599974478199755],[26.17079290487441,47.60570538242984],[26.164176077220166,47.60917608270438],[26.160809913150104,47.615688472878695],[26.156590533575176,47.618531897142184],[26.151470779166246,47.61729330999384],[26.147797327716468,47.6222067889317],[26.15183651058822,47.62308992296016],[26.154233081437603,47.627446163233174],[26.14545061557695,47.63538435700394],[26.148758639419583,47.636434176399],[26.14720606961457,47.638036894628954],[26.143761370519517,47.63699416908845],[26.140495034703576,47.638692298816075],[26.139315841761388,47.63587667323374],[26.119431682900554,47.64612743007756],[26.118269930364846,47.65160896361249],[26.13020511563973,47.668345679678794],[26.13035403480171,47.67691435360202],[26.141066529997627,47.67537575294939],[26.156475592784858,47.69248898316622],[26.16403048668473,47.6938220559474],[26.189844236715537,47.68702370268028],[26.20286430885423,47.67770703499032],[26.21693107674713,47.67581633482918]]],[[[26.5074132403467,47.663521245657094],[26.496673836016708,47.658717147336496],[26.505330996832882,47.65951976024616],[26.50316164108905,47.6548999845061],[26.509914170518634,47.65181969505581],[26.51988618254382,47.65175865396532],[26.517480941114396,47.647628323802856],[26.530433731861535,47.64772345698172],[26.533332706945316,47.640583143243006],[26.52698449118657,47.636920775726686],[26.52491369120763,47.63892301226484],[26.520751138485153,47.63670152623829],[26.52232600849522,47.63411762049762],[26.47081317076979,47.60455075605485],[26.469428635779803,47.60548105214817],[26.461876031186264,47.59984776409923],[26.465424116027645,47.59808930546614],[26.461040527856497,47.595234177611474],[26.458812471402872,47.59656289353798],[26.45477212757025,47.593525635395764],[26.448641460758957,47.5971695843037],[26.437671887593847,47.59813703841847],[26.432365078934826,47.60487639658468],[26.427026791261646,47.60166684219187],[26.414301706206444,47.60106063529162],[26.411573060251232,47.60545202746561],[26.408268881067805,47.606016773771465],[26.409062759373313,47.6138369305875],[26.406283548673592,47.61447323076575],[26.408552382968388,47.62030265689456],[26.41426803258299,47.619349327374835],[26.41358588375114,47.621269571074016],[26.41842642196396,47.621771576647134],[26.424222344882686,47.61680384657115],[26.430845005050628,47.61651465294273],[26.43448483301798,47.623279197167335],[26.45280727863138,47.61643304064457],[26.460294484540494,47.62819990135003],[26.438792623104973,47.63474670871536],[26.455306985724494,47.64764573714791],[26.45212087436668,47.656640723079484],[26.46192656639073,47.655300993524975],[26.46664380703871,47.661386112212206],[26.468159872340987,47.65982231153553],[26.480976724941645,47.66399003192373],[26.478060299125566,47.667022822888136],[26.484513667974834,47.66982149758244],[26.479691006220165,47.67286274700098],[26.484212399393847,47.67502641356357],[26.48330181174371,47.678779789854545],[26.487056333561995,47.68225476415041],[26.496811004868214,47.671698686669686],[26.49981565879599,47.6730037877805],[26.5074132403467,47.663521245657094]]],[[[25.796928134129217,47.581747460215865],[25.80651229260775,47.57401860970998],[25.821546206472995,47.56978516573207],[25.82307561616894,47.56701822862858],[25.834563754657182,47.5658857397785],[25.84006097242175,47.55933772398446],[25.843995630260146,47.56072720638126],[25.848918445442482,47.55747514820776],[25.851309780302753,47.55277719341241],[25.849084668996063,47.54607964483439],[25.842751641204643,47.54452672144374],[25.840029666198713,47.53850329891737],[25.844813657256218,47.522245345077785],[25.83710195193485,47.51560277633769],[25.837258217522265,47.51062865691266],[25.843042008051246,47.50266156264033],[25.83479972351801,47.47981110308769],[25.84535883264831,47.467932003057136],[25.85830582318493,47.46299304602333],[25.86617629419878,47.45730264562654],[25.86043187395741,47.44993505278726],[25.84859247530264,47.44373518005755],[25.838339832665095,47.44196404114988],[25.83144668041614,47.44537657979852],[25.82860139607764,47.444164711173435],[25.828885254563275,47.436452430897674],[25.80645582673286,47.45017306472222],[25.80609684680545,47.454367343671294],[25.78858902146472,47.46184031287898],[25.78528301433231,47.47058535088188],[25.782449476230305,47.47041449828726],[25.77273355475537,47.482318139119684],[25.767656905824527,47.48394336883277],[25.760545110451666,47.491458242783075],[25.760998662155952,47.503898255448355],[25.75264433403995,47.50437976343086],[25.74648182860143,47.50267300812336],[25.746308372442968,47.500229810521354],[25.734514742012333,47.49886915007936],[25.732078345894433,47.49655234513133],[25.726289175808766,47.50230887549281],[25.73175143861975,47.50918041354742],[25.730355914066813,47.514828554266224],[25.746347231568812,47.53607863227831],[25.762770616393816,47.5398588556329],[25.771239231919175,47.547937353731214],[25.77853057596206,47.549067963071195],[25.775438491206533,47.56322055739543],[25.78605721147946,47.56824707708922],[25.786498549593507,47.5763895599988],[25.79243436176856,47.57549114034958],[25.796928134129217,47.581747460215865]]],[[[26.33172142186605,47.61459471354311],[26.345617312606496,47.606873042308194],[26.336670627285006,47.59866231664092],[26.34070066153525,47.59780301024575],[26.340787585940575,47.595302222310984],[26.336784762322985,47.594354841979424],[26.338086204129826,47.59140872194599],[26.3469679675954,47.59128613679457],[26.346487231286172,47.588969262202404],[26.341301287285496,47.58915406336047],[26.340790358698264,47.58464519265748],[26.3359919699605,47.58256605620097],[26.335586858463994,47.574760252949275],[26.331694097409507,47.56834201597312],[26.331440091013135,47.565521724920046],[26.33768341679904,47.558942149716394],[26.33544670399535,47.55014979845088],[26.33002731222056,47.54845715383895],[26.33504513600117,47.53921408525201],[26.337187575784167,47.53987122773236],[26.33619148388229,47.53315831718993],[26.294656420904833,47.55026456746179],[26.29085648175517,47.54715263825316],[26.29327820480017,47.53966212791758],[26.273695982914077,47.54597417714835],[26.26992974353032,47.544935470440876],[26.26211934722647,47.53184617122388],[26.252342409177686,47.52685204454502],[26.24403908605835,47.526141974009064],[26.23238559839717,47.5320417373623],[26.23557240895433,47.533110463206015],[26.234630665621424,47.535330366611845],[26.244174600533306,47.538173425401624],[26.2436353523926,47.53944645345249],[26.24811027767848,47.53786930896469],[26.252823852313774,47.54221830283969],[26.246722885744276,47.54905116539291],[26.251293447016508,47.547144085568796],[26.25148047665621,47.553598419961354],[26.248667910725047,47.554539220906314],[26.247025506858368,47.56223581732698],[26.23994376868171,47.57053562489763],[26.2334648370739,47.57101063210486],[26.233924918402415,47.574324576781265],[26.23767889838471,47.57558884276082],[26.246040005889128,47.57079609698206],[26.25039016307786,47.57049579556309],[26.24056356362703,47.58991868320282],[26.237202817855763,47.5908560274407],[26.238394321010183,47.59337284607226],[26.241192157743786,47.59174884562444],[26.244949799945292,47.59398942567323],[26.24989312710728,47.59158354416849],[26.25441832681483,47.59294645729921],[26.257758267744656,47.594456482881334],[26.25313293820687,47.60105109920026],[26.25829477589134,47.60475259744109],[26.25942815337479,47.602545970915294],[26.266715667027558,47.606041574740466],[26.27897475234863,47.59354303320832],[26.285049247194753,47.593034252892394],[26.287282993563302,47.59734062889326],[26.297693235702972,47.60220415264653],[26.299327701026424,47.60749651597346],[26.318030166409027,47.607233067998315],[26.324372325082106,47.61193140630833],[26.322395750387336,47.61525264870036],[26.331152803270122,47.61223575235084],[26.33172142186605,47.61459471354311]]],[[[25.727398208844,47.49952690916524],[25.732078345894433,47.49655234513133],[25.734514742012333,47.49886915007936],[25.746308372442968,47.500229810521354],[25.74648182860143,47.50267300812336],[25.75264433403995,47.50437976343086],[25.760998662155952,47.503898255448355],[25.760545110451666,47.491458242783075],[25.767656905824527,47.48394336883277],[25.77273355475537,47.482318139119684],[25.782449476230305,47.47041449828726],[25.78528301433231,47.47058535088188],[25.78858902146472,47.46184031287898],[25.80609684680545,47.454367343671294],[25.80645582673286,47.45017306472222],[25.82600314028231,47.437078651517986],[25.82970351697268,47.436949746825285],[25.827917978702985,47.44257705934575],[25.83144668041614,47.44537657979852],[25.838339832665095,47.44196404114988],[25.84436798567166,47.44283731742214],[25.840146666557356,47.43757423208652],[25.844881595811245,47.42765758025494],[25.84264707720553,47.42620086394507],[25.846072356891973,47.422162057555774],[25.84179030356628,47.414635710549064],[25.859256718356775,47.404881920699474],[25.854332468774484,47.39429539625464],[25.87527578735528,47.37057996012586],[25.87613077520945,47.365731605051685],[25.88741132201532,47.3624738664033],[25.890087486758667,47.356116473065214],[25.887706928781622,47.35187370166057],[25.897781038010528,47.34110155578298],[25.892464405511056,47.335026158666075],[25.885593115084426,47.33406716248806],[25.87608745450658,47.33678022397864],[25.865983625197376,47.333682130448466],[25.873192051161535,47.3251398129963],[25.87321716497514,47.31071997954271],[25.863763247861115,47.307142319269246],[25.867748583293178,47.294562089155804],[25.857718501644307,47.2946449421608],[25.84628640484853,47.30127543010928],[25.84602923171842,47.30443373026492],[25.835282796796854,47.31194609980284],[25.818381331350736,47.31135924034401],[25.805474185942924,47.31671162426858],[25.823926434974645,47.33322230917621],[25.82568773792464,47.33894336821446],[25.821704455496555,47.3485704064657],[25.811574750437735,47.35596618994411],[25.814197959880676,47.363065937638325],[25.80615127684586,47.370789210173335],[25.804627792704075,47.37614259598258],[25.807128317372438,47.37749027867249],[25.80396172883431,47.37648733878132],[25.79905018488746,47.378323969780176],[25.802429194541276,47.38788403041885],[25.80151109179568,47.39712989297114],[25.779064051874755,47.39794070222331],[25.773630673782005,47.410475753187036],[25.76664019672641,47.41523661688763],[25.74457096505562,47.420056127553615],[25.701661783214526,47.40248650598364],[25.68311333085079,47.39020901202592],[25.67730396187773,47.393439474101626],[25.662685460179283,47.383157226548235],[25.66152587052269,47.38470484827311],[25.62229811789119,47.38660688037508],[25.61866666834335,47.391472963322144],[25.616133130215754,47.39544268591364],[25.619284839861287,47.39883683213172],[25.61623530202005,47.40321512598702],[25.6201367953108,47.409040986084925],[25.628607952628048,47.41313880008011],[25.630194232184802,47.4183630825523],[25.623244373549262,47.433121162884085],[25.616182184857937,47.43414066199162],[25.60789900410536,47.442472696812935],[25.609536956354308,47.44522379537519],[25.602632815413603,47.44592132316606],[25.59673222000673,47.45318871156213],[25.60259251860203,47.45697442431776],[25.621970210443425,47.46292643859583],[25.62559772662092,47.46609993645612],[25.631975037862944,47.46748249364177],[25.638393081071914,47.465382620513004],[25.639145948168082,47.47150698315898],[25.644497549503434,47.47786445099962],[25.647827465094487,47.47822645035824],[25.657358326577402,47.48661453139919],[25.66610776135378,47.48664005716889],[25.68128488721542,47.49688799332791],[25.681871286955992,47.49934988454493],[25.697589756766675,47.49226648983352],[25.713366275139077,47.50111997899948],[25.715766225791416,47.50577787735995],[25.721590411599287,47.50602152123035],[25.719926421051213,47.503296018663214],[25.723067179507158,47.49900081921879],[25.727398208844,47.49952690916524]]],[[[25.801206598402963,47.58733433791454],[25.79243436176856,47.57549114034958],[25.786498549593507,47.5763895599988],[25.78605721147946,47.56824707708922],[25.775438491206533,47.56322055739543],[25.77853057596206,47.549067963071195],[25.771239231919175,47.547937353731214],[25.762770616393816,47.5398588556329],[25.746347231568812,47.53607863227831],[25.738495478488485,47.52740724345873],[25.730355914066813,47.514828554266224],[25.73175143861975,47.50918041354742],[25.726289175808766,47.50230887549281],[25.727398208844,47.49952690916524],[25.723067179507158,47.49900081921879],[25.719926421051213,47.503296018663214],[25.721590411599287,47.50602152123035],[25.715766225791416,47.50577787735995],[25.713366275139077,47.50111997899948],[25.697589756766675,47.49226648983352],[25.681871286955992,47.49934988454493],[25.685173546615342,47.504524617984956],[25.683485641253395,47.50724401948847],[25.67428050569985,47.509557668161776],[25.67306013077635,47.51318480755008],[25.664337893069998,47.519861748614765],[25.663874704827787,47.523126286689745],[25.652279155890707,47.527153745131095],[25.646431244247395,47.525653428658046],[25.644846588401116,47.52820153650531],[25.62706145519044,47.53251134136949],[25.617859218372217,47.54410336053516],[25.60935182432914,47.54634913042314],[25.601545528106012,47.55907133617254],[25.615617272552644,47.55793552927794],[25.6234201125778,47.57000903333688],[25.639541166185086,47.58028075479194],[25.642798937338863,47.588170667850875],[25.659097434515736,47.59333551057216],[25.659271518783385,47.59834392705235],[25.670701404009645,47.61072873706366],[25.67758608395123,47.612358626321594],[25.69056759885,47.621927254449034],[25.697427855111986,47.624109216868845],[25.692335189550114,47.62580684972378],[25.690819138350303,47.63382670049052],[25.698326134879697,47.64519678522511],[25.706726457174735,47.642994299707354],[25.723608712012222,47.64553121095015],[25.72406617069524,47.64357504238764],[25.73464729752646,47.63932292589366],[25.748953160169307,47.63650592485455],[25.76217784764942,47.62492738746252],[25.776210959015515,47.61645956012759],[25.791262292786865,47.60281704645983],[25.794625634720283,47.59697594072525],[25.79781173869997,47.596166571571686],[25.801206598402963,47.58733433791454]]],[[[26.342052351398234,47.794094795085215],[26.338490429717176,47.79121123671222],[26.334332531793958,47.79464646132999],[26.309006819860734,47.781854646219415],[26.313563148330125,47.77655039766319],[26.30424316514077,47.77185505241559],[26.273991306771656,47.78612880150348],[26.248967786188135,47.773645618962206],[26.239582435106094,47.78292417978077],[26.235749005252302,47.79731685153037],[26.231606621447998,47.801577875862094],[26.21042071831678,47.80361666493156],[26.188573315514844,47.81361928095301],[26.187740246294872,47.81780288638757],[26.237275429550987,47.85114665286702],[26.241572344654333,47.84953982878186],[26.245199759330266,47.855961939645574],[26.250730111723136,47.857108653912825],[26.264550411389585,47.86790936447722],[26.269074584615826,47.867807648937166],[26.27085082154367,47.864157370580166],[26.27523508970876,47.86325914868],[26.282508119152826,47.85631401667732],[26.29083764526086,47.86445450470939],[26.29482712288152,47.86139128548029],[26.29481697000445,47.855698758136946],[26.299629504126358,47.85418664683789],[26.303420628874093,47.85555120318472],[26.310892852284418,47.84950569209715],[26.30922955778307,47.84673305540917],[26.30275714896506,47.84562220565667],[26.306589535955492,47.84115482659121],[26.30084658590422,47.83994367569505],[26.300173646637298,47.836319037477956],[26.305717397558695,47.8324837525755],[26.307184322023616,47.83665873725528],[26.312370481822107,47.83670764121689],[26.310924514408534,47.829002135338015],[26.32469923630026,47.8312434341108],[26.324055034555034,47.82734470102841],[26.316539022410247,47.826545457118684],[26.317627129140295,47.81975881070571],[26.323984548842176,47.819437751516766],[26.318023651979654,47.81525181779871],[26.324289647858887,47.81113937494057],[26.324180139265195,47.80799996875694],[26.332454238014858,47.80549197214801],[26.332248350008044,47.79967532553907],[26.34023861889534,47.79883815840228],[26.342052351398234,47.794094795085215]]],[[[26.046772329341188,47.73441743493703],[26.06712934919697,47.72907257367757],[26.068890456238794,47.731033369694124],[26.07555840249556,47.73035476845206],[26.0803977588749,47.73277582301031],[26.090097920829756,47.72963170435451],[26.088434193270118,47.724264148746244],[26.094350362404516,47.71873814578158],[26.105687184449188,47.71714004479964],[26.10963363999892,47.71216578686659],[26.11741184147849,47.71254980515875],[26.135248963547152,47.697066241259904],[26.156475592784858,47.69248898316622],[26.141066529997627,47.67537575294939],[26.13035403480171,47.67691435360202],[26.13020511563973,47.668345679678794],[26.118269930364846,47.65160896361249],[26.115932315201288,47.65494277107291],[26.078341006695656,47.66534874934858],[26.063469572672513,47.673305140192895],[26.060582519048356,47.67388275790687],[26.055636165691865,47.668415983889744],[26.04776203482198,47.67239464377123],[26.03552099245132,47.669100721865426],[26.02409269508022,47.67398039502833],[26.008181211250694,47.677442687935766],[26.010126853764934,47.678388963444526],[26.000156720040426,47.684470058390275],[26.006231139639667,47.68809353293448],[26.005716231859505,47.69191183167842],[26.009768473644694,47.69703684766395],[26.00824759752924,47.70365800150393],[26.0154074414308,47.709715279860546],[26.0112038952186,47.7128243458429],[26.0158468039568,47.717384153429684],[26.01622436252375,47.72332296262968],[26.035390166357313,47.73223472920863],[26.04053053646592,47.72879014521887],[26.046772329341188,47.73441743493703]]],[[[25.98076512909136,47.58394672617078],[25.984465526051068,47.58151915165876],[25.99465489208309,47.58107956247422],[26.003418155578245,47.57678402069112],[26.00614425595897,47.57291321329401],[26.007747797063306,47.5581591235071],[26.018754071635016,47.55065388675608],[26.021937164828604,47.54550628937405],[26.019621153544353,47.534333383655024],[26.01674646348704,47.534220232501966],[26.015328134935196,47.528604083129956],[26.01820904595713,47.51615563238117],[26.01407901752706,47.51046485156882],[26.01123857444142,47.51154631717498],[26.01037058932485,47.50963828215414],[26.00635811470059,47.51455766682094],[25.99841059182157,47.518124314473326],[25.992186173668202,47.51681843148897],[25.98095186593977,47.52338810653112],[25.97109220360629,47.525238834416946],[25.951290371858562,47.534580280467935],[25.93018272771882,47.53833986814859],[25.939559378746612,47.547406510799014],[25.946654980492138,47.54459991700962],[25.950039001488463,47.5513010891533],[25.935108708280165,47.568304132506725],[25.922734098326416,47.57522566483078],[25.950999431486075,47.58724950628549],[25.962830201027884,47.572731594734186],[25.967209497022683,47.578346086226986],[25.98076512909136,47.58394672617078]]],[[[26.170838375393792,47.79100569054026],[26.14987523324432,47.76710701858645],[26.15210406622032,47.75590423446833],[26.159102231076936,47.746994205304425],[26.16098930226161,47.73793691689497],[26.16893774453949,47.731869610072],[26.163066841867234,47.723259727257016],[26.164200606562165,47.70728021884359],[26.161384793468734,47.70321044693977],[26.159606892965073,47.7037759889314],[26.158087794112305,47.69881593799603],[26.163171736825117,47.69379312079918],[26.1560949283516,47.69247189825568],[26.135248963547152,47.697066241259904],[26.11741184147849,47.71254980515875],[26.10963363999892,47.71216578686659],[26.105687184449188,47.71714004479964],[26.094350362404516,47.71873814578158],[26.088434193270118,47.724264148746244],[26.090097920829756,47.72963170435451],[26.0803977588749,47.73277582301031],[26.07555840249556,47.73035476845206],[26.068890456238794,47.731033369694124],[26.06712934919697,47.72907257367757],[26.058569784081314,47.732038404974766],[26.060868077695915,47.73784168765289],[26.066119001647976,47.7408570628351],[26.064838676881372,47.74500778963351],[26.06957717748015,47.74449566515925],[26.072886802095756,47.746485971425095],[26.07952468994926,47.75309320067307],[26.078420218685423,47.75475391200784],[26.085049042601334,47.75945997173329],[26.0948599966823,47.76069870193309],[26.099714558776657,47.766290887099075],[26.11343505658735,47.76853532852715],[26.106252738938018,47.7970218013841],[26.11497829056043,47.79836406137607],[26.13799457509869,47.79242321359161],[26.140225741719874,47.793815914380716],[26.149565924309087,47.78810611210699],[26.15973936828171,47.79281362497386],[26.16259481378131,47.79160405448196],[26.158863303739277,47.791201941654016],[26.16020909979419,47.78889356937996],[26.170838375393792,47.79100569054026]]],[[[25.97174520538522,47.824384965578425],[25.971364339101225,47.82152819991744],[25.982378483251324,47.82243161068131],[25.987421462849337,47.81181997311241],[25.997018597709335,47.81336237378953],[26.004757314677853,47.812313824539295],[26.008098907980173,47.80442245856068],[26.013410895116273,47.80582461927659],[26.046921878752254,47.79802886276163],[26.04994460241174,47.784872630623255],[26.05839491264058,47.7772268430957],[26.041154997409745,47.76698506684485],[26.032871127420453,47.75822402292482],[26.03556144784573,47.75360949735107],[26.042829797463195,47.75010046483683],[26.041404420321584,47.7457994573108],[26.033329690546104,47.745990706398686],[26.02994594932922,47.74344879698946],[26.01649010421967,47.75495884336556],[25.959284524153052,47.78239957924104],[25.96736001948035,47.78660265631546],[25.963057558359637,47.7881594742588],[25.9609371531739,47.79389661550957],[25.963431270412745,47.79944312280037],[25.95593463624111,47.80465893670086],[25.95823771742183,47.80616802126696],[25.956112017879718,47.80812554763722],[25.947229877468875,47.8114743860046],[25.95200860424512,47.81547126442886],[25.945248356723884,47.82060572217816],[25.97174520538522,47.824384965578425]]],[[[26.05114816042276,47.85657362457167],[26.05266846877855,47.84888502324137],[26.057995830360028,47.850745065686915],[26.06318219659879,47.85013645625973],[26.061957714837284,47.84672825230224],[26.070186778593893,47.845562888839915],[26.08253124846293,47.836100266154034],[26.08285093085544,47.837970879061594],[26.08476343235937,47.83736127362821],[26.087625689401676,47.82998397898718],[26.096230065609944,47.8319020425271],[26.098212643007354,47.82996256294663],[26.096781763429885,47.82555283460843],[26.098707245912344,47.82531398653217],[26.093695923694398,47.821834521825316],[26.09426351113728,47.818691670171084],[26.08762293868478,47.82068122973688],[26.087512103098096,47.81510126208284],[26.096894510431518,47.809278343699354],[26.107679197889524,47.79726417879571],[26.10936018702207,47.77929817836816],[26.11343505658735,47.76853532852715],[26.099714558776657,47.766290887099075],[26.0948599966823,47.76069870193309],[26.085049042601334,47.75945997173329],[26.078420218685423,47.75475391200784],[26.07952468994926,47.75309320067307],[26.072886802095756,47.746485971425095],[26.06957717748015,47.74449566515925],[26.064838676881372,47.74500778963351],[26.066119001647976,47.7408570628351],[26.060868077695915,47.73784168765289],[26.058569784081314,47.732038404974766],[26.036963920301737,47.734224950574095],[26.03644633614417,47.74497065964087],[26.04161944880695,47.745890393319534],[26.042829797463195,47.75010046483683],[26.03556144784573,47.75360949735107],[26.032871127420453,47.75822402292482],[26.041154997409745,47.76698506684485],[26.05839491264058,47.7772268430957],[26.04994460241174,47.784872630623255],[26.046921878752254,47.79802886276163],[26.040310594286126,47.79911651015894],[26.043226693272917,47.8005724988148],[26.04349164402739,47.80650429903167],[26.03987322191048,47.80718557499309],[26.036614113144957,47.81350472340743],[26.035887246436115,47.82295864494993],[26.038660443831585,47.823637426041024],[26.036341703402638,47.824957261558495],[26.040531795475612,47.82828928065395],[26.033666030995775,47.83193678897338],[26.038133471993408,47.831232120142005],[26.03762435807375,47.843437321922664],[26.04996980653542,47.84649896792745],[26.04793870495872,47.84958781554664],[26.04109400472457,47.851483463870515],[26.046168748629672,47.85764858317778],[26.05114816042276,47.85657362457167]]],[[[26.3328145258587,47.619537572952744],[26.331152803270122,47.61223575235084],[26.322395750387336,47.61525264870036],[26.324372325082106,47.61193140630833],[26.318030166409027,47.607233067998315],[26.299327701026424,47.60749651597346],[26.297693235702972,47.60220415264653],[26.287282993563302,47.59734062889326],[26.285049247194753,47.593034252892394],[26.27897475234863,47.59354303320832],[26.266715667027558,47.606041574740466],[26.25942815337479,47.602545970915294],[26.25829477589134,47.60475259744109],[26.25313293820687,47.60105109920026],[26.257758267744656,47.594456482881334],[26.25441832681483,47.59294645729921],[26.24989312710728,47.59158354416849],[26.244949799945292,47.59398942567323],[26.241192157743786,47.59174884562444],[26.238394321010183,47.59337284607226],[26.238636337438354,47.60147542874853],[26.243542424473212,47.60240496105812],[26.236134461621027,47.6082567488513],[26.245450159900102,47.61167326079979],[26.247837255904926,47.60847618526145],[26.25299950885357,47.61029807138683],[26.25333953546825,47.61598431534084],[26.25759353131595,47.61509807666083],[26.26506687720761,47.62476422178231],[26.285383306116856,47.631066685518185],[26.2829496219719,47.65139080494227],[26.295212887029145,47.64902804486378],[26.29650945269047,47.65130869401417],[26.30056520984111,47.65181823622105],[26.3100328176083,47.64724685021178],[26.309548196651836,47.64430028737813],[26.302456967936784,47.64360859380071],[26.302362469848948,47.64103197407412],[26.315202515536214,47.637690552658796],[26.317854677465345,47.639821855113844],[26.32132162687804,47.6390915619562],[26.32450929883792,47.636240495858836],[26.320554639575125,47.632974825819566],[26.330145734427767,47.62945272046039],[26.33064004881819,47.62754271481587],[26.328703975572427,47.62484674284064],[26.321843149734782,47.62563333074836],[26.32160569872575,47.62259011968729],[26.328299912571897,47.62425005877043],[26.3328145258587,47.619537572952744]]],[[[25.94637769534403,47.81872049255115],[25.95200860424512,47.81547126442886],[25.946643700440696,47.8109028695388],[25.938150590179088,47.81304915219823],[25.93211202389628,47.80291117150265],[25.92453622891666,47.79649040702859],[25.91758158720421,47.79435769192105],[25.91367098512744,47.796009896033034],[25.903774740335464,47.794618476315776],[25.891347862229594,47.78561853203071],[25.895897783252025,47.776470877804],[25.894069222926696,47.772216026194386],[25.88454664814135,47.776151268810466],[25.865350354316572,47.78014074362688],[25.867641672206585,47.78641319130478],[25.864636033259035,47.799215869009764],[25.866927273105336,47.80296334082655],[25.864307405796243,47.807895284688165],[25.872101972688878,47.81589435386484],[25.876446745362678,47.825813010608776],[25.88509700280496,47.828004420825444],[25.891869529843206,47.82634159300673],[25.89576001941455,47.83010477551072],[25.902135272975517,47.830334679496275],[25.90180283386909,47.828378047831926],[25.909175539831047,47.82975056216025],[25.920895259158407,47.8256185953935],[25.922690935599352,47.822712318021644],[25.924526561426614,47.82440904605004],[25.925988410017844,47.821387362937735],[25.931349696014358,47.822574246156556],[25.935223303139885,47.81770924388981],[25.94637769534403,47.81872049255115]]],[[[25.38235057403343,47.59444655527805],[25.382033452544995,47.592148148884476],[25.393411420187594,47.57974558730239],[25.408523410867225,47.57748133524363],[25.413072597520472,47.560887351017286],[25.423879087144787,47.55457839813015],[25.436338584853004,47.557623853013126],[25.44828650744395,47.552696965133755],[25.45526988829274,47.537074586678784],[25.44932393967797,47.53406590971868],[25.451066821360783,47.53212630676968],[25.445424547064242,47.526324734987526],[25.437191197250232,47.52689428683816],[25.425070532763744,47.515502412841144],[25.404469593853243,47.516268619115465],[25.395259189191503,47.51286685202002],[25.394823360890474,47.51009747253918],[25.387819905000548,47.50605550605021],[25.37195272200645,47.50038522009688],[25.330227231568408,47.49218349635794],[25.323280345207515,47.48786358914464],[25.31075583887554,47.49194907057547],[25.30320190626892,47.500630443958066],[25.300793383573904,47.51194729072771],[25.291753327277544,47.51363131406795],[25.284700850471488,47.520969752640795],[25.274591059431778,47.51706263121031],[25.276457378734463,47.52056627836087],[25.266364986730824,47.52696114118538],[25.267512719277608,47.53448625407906],[25.260696843607455,47.54352216344474],[25.240883192245455,47.54191157132491],[25.229199674147203,47.550695230113675],[25.224550756428144,47.550199359316736],[25.223067397482147,47.55360871748577],[25.215067862552402,47.55296952676945],[25.207320884545204,47.55560266223025],[25.208532830874674,47.55781396690127],[25.203543716525584,47.55940454566855],[25.197878302336097,47.57205466515734],[25.1974094502173,47.57482014118798],[25.202300946258983,47.57465757730888],[25.20081083628721,47.58176066861702],[25.194835757725446,47.582992960294796],[25.20072230277149,47.586622075485224],[25.200125859391527,47.59169985346346],[25.206401868292208,47.59071929827025],[25.207698443227958,47.59606747695812],[25.211901817828938,47.599601050258116],[25.22074107282829,47.5989860214489],[25.232676106467924,47.60158295062713],[25.243040591431576,47.60790558895064],[25.258924162959207,47.61040556865808],[25.273341086759693,47.61757756991153],[25.27933139106638,47.61829815327023],[25.29138921292612,47.61023914503271],[25.297763265940787,47.60102788597062],[25.305525622655598,47.59757929206768],[25.319168300779054,47.595186001659656],[25.333529038488365,47.59779955323915],[25.340267264356115,47.596281187354464],[25.367147548978124,47.583432421627585],[25.368709348947004,47.586638208154966],[25.38235057403343,47.59444655527805]]],[[[25.909138500431126,47.672285485592404],[25.91459322603208,47.66693859628302],[25.922754208412755,47.66524707236197],[25.926459447802817,47.66073540417236],[25.932626548041522,47.662602544996396],[25.94124458196639,47.66123654821641],[25.927637487506026,47.65177364896079],[25.933794048514926,47.63774379508145],[25.939335263484644,47.63469874678349],[25.92815066851859,47.63153030206971],[25.922852350403318,47.62747368354],[25.930030986610046,47.61736936674766],[25.92731541969573,47.61840405474635],[25.91905962202835,47.61598453737195],[25.915258504513808,47.62027339111889],[25.91133692701523,47.61983194214614],[25.89861446346459,47.61645919978707],[25.895220776939055,47.61249756838052],[25.88718427492213,47.60945400393696],[25.87307710291531,47.6251465551982],[25.862858813167716,47.63213810984239],[25.851927325362965,47.63351196749236],[25.843316952109486,47.63054830305672],[25.833753070174406,47.633314946401164],[25.83138531183751,47.631073749110506],[25.80369186635732,47.6469084384269],[25.793055828733827,47.6496952370759],[25.789957311572262,47.65913622405312],[25.79598482866721,47.669291782748964],[25.794599517849385,47.68083736889547],[25.7992956647518,47.68178938275474],[25.805638517582658,47.682064408179755],[25.815162896163102,47.67692669328655],[25.816246186180752,47.68301137820172],[25.83522790971198,47.67931550209415],[25.844613725249477,47.6840460476929],[25.850661104710007,47.68442843806669],[25.861385414427325,47.67664711591011],[25.872733852234422,47.67310775379172],[25.8937269962152,47.67356287900988],[25.90674134732574,47.66922917170574],[25.909138500431126,47.672285485592404]]],[[[25.417655635945447,47.28021623312841],[25.420536212377563,47.27496976857561],[25.40870764571671,47.269311873743334],[25.40594745807512,47.26535603670046],[25.398381032291248,47.269154622974234],[25.37259162601333,47.27388949806868],[25.36043736750729,47.26397357373902],[25.363473767584384,47.2621095485489],[25.361612874023695,47.25924510264124],[25.352694805111476,47.25223154180726],[25.359679966928436,47.24918466498538],[25.360921069648764,47.24739364717291],[25.35561204560593,47.24473619739285],[25.366641405749093,47.2377415044165],[25.373299738118046,47.22482678464098],[25.369163634066364,47.22342967757349],[25.369536438557315,47.220497244899995],[25.366290345981458,47.218129981611646],[25.35874827478773,47.216169491923765],[25.356815322567435,47.21119703177299],[25.34818439407887,47.20538590469278],[25.33989411783503,47.19560487059733],[25.344656139860998,47.179678694595154],[25.335667455753207,47.17689960083634],[25.32129891072143,47.16641037708114],[25.30503790892055,47.16513870735331],[25.294407736338012,47.15587363477155],[25.296051541515116,47.14817157513749],[25.287230244324327,47.13323399063748],[25.29712013207745,47.118383595626476],[25.293936658702638,47.11336139036726],[25.280007829142342,47.10400215089429],[25.264315463599075,47.103681297929846],[25.25151784569717,47.097821126813855],[25.237957238073058,47.09690736083501],[25.231393387595308,47.10001825186188],[25.226392225822874,47.10812269467462],[25.199869909724253,47.11359973822163],[25.190665511171513,47.118910014676665],[25.182308797830277,47.12795818085338],[25.177797842092943,47.12794883035703],[25.172071273538375,47.13105807139392],[25.17576546975879,47.13766015381937],[25.174455083671784,47.14117654855291],[25.160527016765503,47.151853809539155],[25.15902592763903,47.159178256868906],[25.172946607504834,47.182987309173235],[25.172260008628847,47.18715868875086],[25.19473210642207,47.19866486617161],[25.202703588245484,47.21176708272249],[25.213602709209336,47.21887934692275],[25.212417021710642,47.22702325660666],[25.234510879399885,47.234910748075],[25.24095306812466,47.24135863827909],[25.239834922232074,47.252384529999745],[25.23554237299142,47.26022315517035],[25.238288889490033,47.27279160994597],[25.244623198588453,47.27911106291045],[25.259052527027606,47.28477679898191],[25.262432519684943,47.28985700432256],[25.275691802304575,47.29621524487004],[25.28818186594797,47.294661407563524],[25.30371849725524,47.2989246701313],[25.30739533934453,47.301734227859164],[25.311051934874676,47.30060131669063],[25.323497749380806,47.30301704924614],[25.330777983826163,47.31507756021292],[25.336649899756033,47.31762215189358],[25.356294758196917,47.31365798592565],[25.369597231010662,47.31818687992982],[25.380418723414756,47.318453091628236],[25.382161915418234,47.3204619061785],[25.38238270587894,47.318170079004446],[25.38945704458793,47.315461455172],[25.392894585836203,47.30975859175665],[25.402967355188196,47.30656764211562],[25.404555615004067,47.30439941921616],[25.39999361828117,47.29414835703572],[25.40339077086658,47.28902841194672],[25.417655635945447,47.28021623312841]]],[[[26.245339088656596,47.61163266703828],[26.235960415017125,47.608100146881696],[26.243542424473212,47.60240496105812],[26.238636337438354,47.60147542874853],[26.237144428034586,47.591105110427876],[26.24056356362703,47.58991868320282],[26.25039016307786,47.57049579556309],[26.246040005889128,47.57079609698206],[26.23824207500869,47.575513612127935],[26.233076236939027,47.57301878909558],[26.23380171673302,47.57038657547865],[26.237722358363918,47.57188013610387],[26.240666190318375,47.570018498448434],[26.247165719880936,47.562005169684866],[26.248667910725047,47.554539220906314],[26.25148047665621,47.553598419961354],[26.251293447016508,47.547144085568796],[26.246722885744276,47.54905116539291],[26.252823852313774,47.54221830283969],[26.24811027767848,47.53786930896469],[26.2436353523926,47.53944645345249],[26.244174600533306,47.538173425401624],[26.234630665621424,47.535330366611845],[26.23333026247784,47.53731263256034],[26.236984077401917,47.54233348360208],[26.231915767333625,47.549676844977746],[26.226595716335115,47.550288618416786],[26.22368640603274,47.55521501856395],[26.21460699077941,47.55783713666248],[26.209439274986533,47.56186272082475],[26.199093734381478,47.56221593220669],[26.192760456169182,47.565060509316076],[26.185068186622686,47.56161832359504],[26.18721623135823,47.55815067021099],[26.183109059315456,47.55711895414076],[26.182445740717107,47.554743392151515],[26.176629863274027,47.55383643194476],[26.167405240357436,47.55741562784223],[26.16192371585261,47.55746051639661],[26.14759929388589,47.55341304995173],[26.14492763163672,47.55082342583884],[26.13629658659499,47.55610794338917],[26.1368812622072,47.55870597299298],[26.132124214712906,47.559113531702266],[26.131490727191327,47.55419088718418],[26.12914547917335,47.55396600914098],[26.110424170990367,47.562788173313436],[26.113480765546086,47.56729789243549],[26.123025268962266,47.56558913625594],[26.12428062111022,47.56855636154708],[26.12707573971404,47.566690138004994],[26.135055437827834,47.57000226494898],[26.132677999523505,47.57398240925973],[26.154810705506478,47.571044061771936],[26.160489391177446,47.572258502414336],[26.159366368183356,47.574660545317904],[26.166192784646704,47.57822628829781],[26.16793378145135,47.57605367202722],[26.171570114907645,47.57749291834249],[26.167301615491855,47.58274924895034],[26.16827225378822,47.5867378838541],[26.177086935579215,47.58806919192251],[26.17678889058992,47.59254299718775],[26.184302851006457,47.594890092904734],[26.188794453769248,47.591354777994184],[26.192278290958466,47.605020050167454],[26.1959134185684,47.60451781942657],[26.217181112004305,47.62821940752206],[26.2258892734834,47.623742380399975],[26.227699017049986,47.62684589322901],[26.235185515201035,47.626131941944195],[26.242477099341833,47.61873764854656],[26.245339088656596,47.61163266703828]]],[[[26.23333026247784,47.53731263256034],[26.23557240895433,47.533110463206015],[26.233095974372645,47.533298078459126],[26.23185008287167,47.529736088768544],[26.235975257372687,47.512039556440975],[26.217810588113785,47.50839757482687],[26.218712489547247,47.50349713539811],[26.213305413114043,47.49831296180917],[26.206505746869983,47.500775432014635],[26.202917897360688,47.496914847548986],[26.206771725804963,47.49444926143785],[26.211141099671565,47.494883821591685],[26.20960250172267,47.487629326499274],[26.18547420487155,47.47223719579595],[26.179635801603755,47.47420522563309],[26.176977520450908,47.4719070261524],[26.173775490370456,47.47278287513762],[26.170523471692015,47.47657916243061],[26.1635416208767,47.47846725167007],[26.172372584921447,47.49125465881972],[26.15709266347251,47.495171415312605],[26.14809097339353,47.49365296257365],[26.136863183352585,47.50093333524419],[26.1372182627686,47.5042202140562],[26.13989351814215,47.504566957817],[26.128507702883972,47.50502094150238],[26.129001434723918,47.50806850249947],[26.1180906294144,47.50719851116215],[26.111600632153365,47.51287882388288],[26.114243083761007,47.523001755755516],[26.119633631314525,47.52820852753874],[26.130730847313895,47.52864128413469],[26.14592333219403,47.5407063912418],[26.151927084855398,47.541049131345645],[26.144929101811858,47.549045914007436],[26.14759929388589,47.55341304995173],[26.165173665429087,47.55762620243786],[26.176629863274027,47.55383643194476],[26.181457135367207,47.554481283179555],[26.18721623135823,47.55815067021099],[26.185068186622686,47.56161832359504],[26.192580400500752,47.56503985520692],[26.199093734381478,47.56221593220669],[26.209439274986533,47.56186272082475],[26.21460699077941,47.55783713666248],[26.22368640603274,47.55521501856395],[26.226595716335115,47.550288618416786],[26.231915767333625,47.549676844977746],[26.236984077401917,47.54233348360208],[26.23333026247784,47.53731263256034]]],[[[26.04109400472457,47.851483463870515],[26.050106210001093,47.84726110262151],[26.046380071314335,47.844367750234554],[26.04509853644372,47.84573325068821],[26.03762435807375,47.843437321922664],[26.038133471993408,47.831232120142005],[26.033661783991544,47.83263057898533],[26.040531795475612,47.82828928065395],[26.036341703402638,47.824957261558495],[26.038660443831585,47.823637426041024],[26.035887246436115,47.82295864494993],[26.036614113144957,47.81350472340743],[26.03987322191048,47.80718557499309],[26.04349164402739,47.80650429903167],[26.043226693272917,47.8005724988148],[26.040310594286126,47.79911651015894],[26.013410895116273,47.80582461927659],[26.008098907980173,47.80442245856068],[26.004757314677853,47.812313824539295],[25.997018597709335,47.81336237378953],[25.987421462849337,47.81181997311241],[25.982378483251324,47.82243161068131],[25.971364339101225,47.82152819991744],[25.968609279149092,47.83573477434949],[25.97244607966498,47.834963319531916],[25.974723773175825,47.837277124624016],[25.97146096279372,47.838466648415],[25.967079085500963,47.846449002923606],[25.96029214028568,47.84802677953946],[25.960353586464112,47.85077752851186],[25.97723720073679,47.85156679759822],[25.974589170470207,47.85500140441198],[25.983076791508733,47.85855098310545],[25.996535687046016,47.85499447443957],[25.998095971400797,47.8568953933289],[26.002242308136392,47.85579187080651],[26.00636607069608,47.857448314077025],[26.01991413777529,47.853645769752234],[26.02005738872721,47.84924679569969],[26.025590398181794,47.84988957243482],[26.0254220195055,47.83952855218976],[26.04109400472457,47.851483463870515]]],[[[26.296464851642913,47.77540174484265],[26.297666893382136,47.764290873983875],[26.324969870601183,47.75007856506592],[26.324910895328305,47.74701115708495],[26.315577894078228,47.74184992288596],[26.317537066436177,47.73819790893859],[26.32418603341913,47.72799146890996],[26.340444695008177,47.71367781644239],[26.347139132795757,47.712284996804215],[26.345791531189924,47.707252685362036],[26.36292271889874,47.68824214258314],[26.340874366457808,47.693562969281814],[26.31660725484047,47.69093165934957],[26.318837286470252,47.698747071567084],[26.30141700660083,47.70639716757289],[26.29741955277267,47.710745736290654],[26.291194876503607,47.71139886587201],[26.283474708487887,47.71917130970364],[26.28517112215969,47.72287925839706],[26.28303430473367,47.725695137734455],[26.286805885406395,47.72754890156601],[26.272412645425014,47.739832039218165],[26.25762955155864,47.74528056122878],[26.252558885812753,47.75174784218479],[26.248700026645952,47.76044555292265],[26.251707967000698,47.771432144709166],[26.248967786188135,47.773645618962206],[26.273991306771656,47.78612880150348],[26.296464851642913,47.77540174484265]]],[[[25.80555449982394,47.31693533585184],[25.806916548516554,47.316073370038595],[25.80529457489921,47.316393407312695],[25.804548288064975,47.31707405621252],[25.802173869806964,47.31545610306077],[25.794547757437048,47.319222872061296],[25.786222316908066,47.31865967630118],[25.77870925209064,47.320897768340366],[25.764070486179126,47.317810416027726],[25.758026867665183,47.321950675855916],[25.754433637013587,47.31973147653641],[25.747623546656836,47.321719255763306],[25.743127325623906,47.316186403219604],[25.740710420482213,47.31629158764963],[25.738669752840448,47.30860482521314],[25.728063243350316,47.304545474708405],[25.71965166647377,47.30653650729472],[25.71632953070407,47.31140640644973],[25.705893390435627,47.31351875706993],[25.699887068021248,47.319049686393825],[25.688754881501083,47.32362410908063],[25.679643548511294,47.336842116599634],[25.67345046642422,47.34019607297726],[25.673019247509664,47.34934578418299],[25.66808772288024,47.35724991843129],[25.6718825313765,47.35988432539891],[25.672909295299206,47.36479659151436],[25.666268116727515,47.371029973197864],[25.662685460179283,47.383157226548235],[25.67730396187773,47.393439474101626],[25.68311333085079,47.39020901202592],[25.701661783214526,47.40248650598364],[25.74457096505562,47.420056127553615],[25.76887257100438,47.41428855109978],[25.773630673782005,47.410475753187036],[25.779064051874755,47.39794070222331],[25.80151109179568,47.39712989297114],[25.802429194541276,47.38788403041885],[25.79905018488746,47.378323969780176],[25.80396172883431,47.37648733878132],[25.807128317372438,47.37749027867249],[25.804627792704075,47.37614259598258],[25.80615127684586,47.370789210173335],[25.814197959880676,47.363065937638325],[25.811574750437735,47.35596618994411],[25.821704455496555,47.3485704064657],[25.82568773792464,47.33894336821446],[25.823926434974645,47.33322230917621],[25.80555449982394,47.31693533585184]]],[[[26.239582435106094,47.78292417978077],[26.251707967000698,47.771432144709166],[26.248700026645952,47.76044555292265],[26.25762955155864,47.74528056122878],[26.272412645425014,47.739832039218165],[26.286805885406395,47.72754890156601],[26.28303430473367,47.725695137734455],[26.28519948701467,47.7224373340003],[26.282925876274724,47.71512285192593],[26.274677622203587,47.709233718940396],[26.273930222331202,47.70455221122442],[26.267047652094902,47.69960144384965],[26.25911511249527,47.69006992277314],[26.260212526146464,47.68828670009928],[26.25467151949897,47.68816484657382],[26.254350858441118,47.68530396426077],[26.250211220992774,47.685122820586244],[26.251188871932335,47.69620035323706],[26.240529980425542,47.697359259709394],[26.235261585136804,47.70206935619825],[26.235352478273754,47.70966059434776],[26.238726969941492,47.711908047989446],[26.23443999849137,47.713353381458525],[26.22583188220512,47.71210375154961],[26.22491485709417,47.71597418333984],[26.214511108221853,47.715120211697176],[26.215765108375273,47.70881807527174],[26.221789777446084,47.70698280116387],[26.217342124538614,47.69914447486299],[26.20448789491658,47.705566721500006],[26.203707205662862,47.707581164398235],[26.206161727323632,47.70793616170387],[26.201399583952597,47.72220931555375],[26.20598215140755,47.73942831021353],[26.200114726522564,47.75046633941292],[26.199623146028078,47.76204873497857],[26.194111120055968,47.771012905212395],[26.193180968314014,47.77936095054987],[26.182971019467185,47.78389085935779],[26.17249390512087,47.79390196639904],[26.201035727379054,47.807923191460375],[26.216732115800745,47.802190989189214],[26.231606621447998,47.801577875862094],[26.235749005252302,47.79731685153037],[26.239582435106094,47.78292417978077]]],[[[26.342052351398234,47.794094795085215],[26.347636961329922,47.79439690802777],[26.349425135988664,47.79126438811405],[26.354256780265963,47.79110943991492],[26.353137805680824,47.78491670900443],[26.36055759761234,47.78605856090297],[26.361071126971755,47.78075203562889],[26.365676557263367,47.78007665377877],[26.369693714154764,47.7739983598181],[26.37155420338564,47.7767473038058],[26.37559245549409,47.77367605078389],[26.405260126025293,47.784257078704535],[26.406940585290887,47.78272925210498],[26.404070653613882,47.77985578304025],[26.407703010660722,47.779229053463276],[26.404456188889927,47.77759927634267],[26.40464354043904,47.7703995606152],[26.402242216625368,47.77032001557472],[26.406131737022367,47.767775410213176],[26.402382542484737,47.76628522262375],[26.406316281526365,47.753964444915496],[26.39859013540846,47.75171656956063],[26.390759343215322,47.74507644869488],[26.395540255607166,47.7419649674789],[26.34506336278099,47.72159642989862],[26.34884801249111,47.71793965531867],[26.34639911819858,47.7130187211575],[26.32418603341913,47.72799146890996],[26.317537066436177,47.73819790893859],[26.315577894078228,47.74184992288596],[26.324910895328305,47.74701115708495],[26.324969870601183,47.75007856506592],[26.302399885285393,47.76100191411403],[26.29616053699011,47.768206330708686],[26.296464851642913,47.77540174484265],[26.30424316514077,47.77185505241559],[26.313563148330125,47.77655039766319],[26.309006819860734,47.781854646219415],[26.334332531793958,47.79464646132999],[26.338490429717176,47.79121123671222],[26.342052351398234,47.794094795085215]]],[[[25.68740910591516,47.7043435135603],[25.68354365455499,47.69803928887357],[25.69052152533429,47.69169642738088],[25.690575541044222,47.68710787719037],[25.6967122509934,47.68479361997901],[25.696039058844846,47.68095310663913],[25.70084450380162,47.68091050739153],[25.705393367352325,47.67721935726797],[25.71644089217136,47.675084009601875],[25.715476626471794,47.65830866542396],[25.723208124847556,47.652687052879216],[25.724231731585416,47.6468900194592],[25.72682535084013,47.64636165582911],[25.706726457174735,47.642994299707354],[25.698326134879697,47.64519678522511],[25.690819138350303,47.63382670049052],[25.692335189550114,47.62580684972378],[25.697427855111986,47.624109216868845],[25.69056759885,47.621927254449034],[25.67758608395123,47.612358626321594],[25.670701404009645,47.61072873706366],[25.659271518783385,47.59834392705235],[25.659097434515736,47.59333551057216],[25.642798937338863,47.588170667850875],[25.639541166185086,47.58028075479194],[25.6234201125778,47.57000903333688],[25.615617272552644,47.55793552927794],[25.602082770623294,47.558827857874604],[25.59554737285765,47.564350909283334],[25.585451883410315,47.565898909607874],[25.571791957677412,47.5737160248895],[25.566169128389436,47.5746362464156],[25.548615369740375,47.57248948921896],[25.54256972193066,47.579108444851194],[25.526190118037118,47.58245190250683],[25.529558160811078,47.58520606623691],[25.535423330238235,47.585216086139866],[25.5546148072034,47.60046335899391],[25.570680430497866,47.603968460140855],[25.584478048988046,47.6149788486058],[25.596457781160517,47.61420768153052],[25.599500816912887,47.61670278243562],[25.613952029195833,47.62001866114532],[25.614004602388153,47.62316142383955],[25.610178103232567,47.625754177522204],[25.61715105743885,47.63373005344],[25.616204906068695,47.63888874052305],[25.619192335554477,47.63879184422321],[25.61840999088997,47.643780160811374],[25.62283981304258,47.65308540550333],[25.620131693814905,47.66450109431615],[25.625221191571484,47.6684575722983],[25.62726373889086,47.68074389294015],[25.619858768415078,47.688998555557404],[25.629779256320326,47.699333662405714],[25.634114357933413,47.716092822907],[25.645011016449118,47.71691054616943],[25.65208057994598,47.720951019830586],[25.656416369396435,47.7189114492338],[25.659159309429768,47.71987408358444],[25.66243720517102,47.718821531103636],[25.66521305616577,47.713393569730584],[25.67412883294887,47.714019691419345],[25.67804257809629,47.71225649832276],[25.677565059054075,47.705753891967206],[25.68740910591516,47.7043435135603]]],[[[26.203707205662862,47.707581164398235],[26.21936693796199,47.69635772513253],[26.20841873902091,47.69406151160798],[26.20148755507528,47.68917472804685],[26.218203271132293,47.68174354418048],[26.22061539710337,47.67700614693909],[26.218556085440973,47.673731309743744],[26.21693107674713,47.67581633482918],[26.20286430885423,47.67770703499032],[26.189844236715537,47.68702370268028],[26.16065003449637,47.69429088243951],[26.158087794112305,47.69881593799603],[26.159606892965073,47.7037759889314],[26.161384793468734,47.70321044693977],[26.164200606562165,47.70728021884359],[26.163066841867234,47.723259727257016],[26.16893774453949,47.731869610072],[26.16098930226161,47.73793691689497],[26.159102231076936,47.746994205304425],[26.15210406622032,47.75590423446833],[26.14987523324432,47.76710701858645],[26.17249390512087,47.79390196639904],[26.182971019467185,47.78389085935779],[26.193180968314014,47.77936095054987],[26.194111120055968,47.771012905212395],[26.199623146028078,47.76204873497857],[26.200114726522564,47.75046633941292],[26.20598215140755,47.73942831021353],[26.201399583952597,47.72220931555375],[26.206161727323632,47.70793616170387],[26.203707205662862,47.707581164398235]]],[[[26.115932315201288,47.65494277107291],[26.119431682900554,47.64612743007756],[26.139315841761388,47.63587667323374],[26.140495034703576,47.638692298816075],[26.14871377374302,47.636598312910635],[26.14545061557695,47.63538435700394],[26.154231916609838,47.62687512620691],[26.15183651058822,47.62308992296016],[26.147797327716468,47.6222067889317],[26.151470779166246,47.61729330999384],[26.156590533575176,47.618531897142184],[26.160809913150104,47.615688472878695],[26.164176077220166,47.60917608270438],[26.17079290487441,47.60570538242984],[26.166496570891486,47.599974478199755],[26.17152544891342,47.59802675303428],[26.174186189586187,47.60128858803203],[26.183051564401673,47.597670671936974],[26.18428868998007,47.59488126352605],[26.175137017095377,47.59044341278804],[26.177086935579215,47.58806919192251],[26.168150435044403,47.586593996221005],[26.167301615491855,47.58274924895034],[26.171570114907645,47.57749291834249],[26.16793378145135,47.57605367202722],[26.166192784646704,47.57822628829781],[26.159366368183356,47.574660545317904],[26.16037803863903,47.57220740568416],[26.149482736227114,47.570874599811425],[26.12929534358269,47.57458008970555],[26.121414681720328,47.58070495808037],[26.11494605135317,47.58727577051218],[26.115782884979563,47.59409737369263],[26.108085986844973,47.59832009068984],[26.104119050166897,47.606043167584],[26.09068782804917,47.642441115488175],[26.0838992774986,47.64242397604194],[26.08230730921574,47.64507818351852],[26.08834738396405,47.649737768134486],[26.08796518542705,47.65303570305611],[26.090763521775543,47.65293980862355],[26.09400156777345,47.66136167960668],[26.115932315201288,47.65494277107291]]],[[[25.741507605186758,47.70837767329805],[25.75702544764841,47.69585557697605],[25.781850558072467,47.68599706516663],[25.78148100243376,47.68325800269713],[25.794599517849385,47.68083736889547],[25.79598482866721,47.669291782748964],[25.789957311572262,47.65913622405312],[25.793055828733827,47.6496952370759],[25.80369186635732,47.6469084384269],[25.83138531183751,47.631073749110506],[25.833753070174406,47.633314946401164],[25.843316952109486,47.63054830305672],[25.857485511902173,47.63349646710936],[25.868748389939814,47.6286340012499],[25.888414643360473,47.60726948352728],[25.89287893304465,47.605133702501654],[25.90132696059934,47.59045428886515],[25.90286749614922,47.58244849366324],[25.88310579172024,47.58064020616146],[25.870649116358738,47.57489862822046],[25.858011984443703,47.58048305937184],[25.86061128607227,47.57671238313046],[25.85377682117694,47.57204852730547],[25.849339365608603,47.57841833919167],[25.844257533192668,47.57623286293055],[25.841758371350625,47.57913236750722],[25.838275329043555,47.579442766956596],[25.823754471803678,47.56866352532304],[25.80651229260775,47.57401860970998],[25.80081843665363,47.57770569014888],[25.80059910345492,47.58057575316851],[25.796928134129217,47.581747460215865],[25.801206598402963,47.58733433791454],[25.79781173869997,47.596166571571686],[25.794625634720283,47.59697594072525],[25.791262292786865,47.60281704645983],[25.776210959015515,47.61645956012759],[25.76217784764942,47.62492738746252],[25.748953160169307,47.63650592485455],[25.72406617069524,47.64357504238764],[25.723698262318546,47.645675658090475],[25.72682535084013,47.64636165582911],[25.724231731585416,47.6468900194592],[25.723346894144257,47.65245095048548],[25.715476626471794,47.65830866542396],[25.71644089217136,47.675084009601875],[25.705393367352325,47.67721935726797],[25.70084450380162,47.68091050739153],[25.696039058844846,47.68095310663913],[25.6967122509934,47.68479361997901],[25.690575541044222,47.68710787719037],[25.69052152533429,47.69169642738088],[25.68354365455499,47.69803928887357],[25.68740910591516,47.7043435135603],[25.697116142286177,47.70830313265521],[25.702781055091794,47.71336296100897],[25.712218058190775,47.711414829005896],[25.721684930530166,47.72026358214775],[25.72942996236638,47.71734956991156],[25.73502860079161,47.71222945591347],[25.741418117172717,47.71133358238874],[25.741507605186758,47.70837767329805]]],[[[25.959284524153052,47.78239957924104],[26.01649010421967,47.75495884336556],[26.02523317688996,47.74632440096789],[26.025207227176146,47.74304689671465],[26.021788398905112,47.744054805888794],[26.018971039470024,47.74183236973187],[26.020383109313098,47.74627887615223],[26.01809349786046,47.747188850185026],[26.016362123400608,47.74549103720561],[26.011303274824808,47.74757954315305],[26.010379978383426,47.744768699226434],[26.004915616809,47.74297730131625],[26.005707106563104,47.74077702713335],[25.997305524805245,47.73864224344216],[25.991251671338272,47.7418111976501],[25.981618069850853,47.74184463882073],[25.976043598004836,47.74532743287465],[25.971389062348123,47.744945923335386],[25.967552504042406,47.74198803906842],[25.957214817138244,47.74527911228741],[25.95002100743751,47.74212443342404],[25.944541779070033,47.74404631462154],[25.938836414785207,47.751615006282556],[25.939682710187103,47.75801798606659],[25.93372108904927,47.76277625258689],[25.946021091404695,47.77318542458668],[25.948826854114657,47.77235677343995],[25.95329029597085,47.780262138602076],[25.959284524153052,47.78239957924104]]],[[[26.242539932069846,47.89090911931705],[26.24839688265801,47.89044926659652],[26.250904598995458,47.88476447586646],[26.259817628010786,47.8856056799442],[26.26309832599018,47.8795430356081],[26.27290808443652,47.87557533352781],[26.272704881829213,47.87243916958873],[26.268106307911946,47.86923254715409],[26.26437573821178,47.870854822388],[26.264550411389585,47.86790936447722],[26.250730111723136,47.857108653912825],[26.245199759330266,47.855961939645574],[26.241572344654333,47.84953982878186],[26.23797314555199,47.85156989177608],[26.187740246294872,47.81780288638757],[26.184436504336926,47.82314180557421],[26.165310226184264,47.82894079072285],[26.16487709112566,47.835843110699116],[26.146053258371115,47.85193089323962],[26.1429517881885,47.8575894387324],[26.139827107376295,47.8569264631589],[26.137975917233707,47.859345908833674],[26.129042458233616,47.86187374624868],[26.12627670524025,47.86960635587095],[26.146654301620554,47.885759806685726],[26.15897326412267,47.8772191430658],[26.171337423895093,47.88542395444504],[26.18056271415818,47.880629396450765],[26.19540019246035,47.891315169063944],[26.19548861149003,47.88763314018252],[26.199405776041132,47.884417596804134],[26.205857607475014,47.88591008190497],[26.20191440627629,47.888774797775596],[26.203848598640278,47.89102604730098],[26.20757393298958,47.88862420740622],[26.2103888970033,47.88997561591484],[26.21314355812781,47.88885067969963],[26.21520967824032,47.8946236516522],[26.225049607711174,47.89469191349514],[26.227013191671176,47.90023405792265],[26.238471660080815,47.89512751434348],[26.242539932069846,47.89090911931705]]],[[[26.446067155800577,47.73358115425945],[26.45407025914537,47.727644413848196],[26.43350551657999,47.718510033849455],[26.440791077816687,47.715860618846406],[26.44821932773272,47.720541349547815],[26.44795440913299,47.713765650803396],[26.456609812379153,47.71066391496175],[26.435347497882482,47.700560145177434],[26.436600124586022,47.69741494062838],[26.403386480976057,47.67785778365614],[26.39874877576577,47.68123984794752],[26.394554847733893,47.68025414100273],[26.391275281598134,47.68203963074908],[26.38795807164949,47.68022973760325],[26.369312832125225,47.68415483075756],[26.345791531189924,47.707252685362036],[26.347139132795757,47.712284996804215],[26.340444695008177,47.71367781644239],[26.336621539317612,47.718090442685344],[26.34639911819858,47.7130187211575],[26.34884801249111,47.71793965531867],[26.34506336278099,47.72159642989862],[26.375844225873102,47.73505899340072],[26.39166508760878,47.73980692474946],[26.396220513668588,47.734157563444114],[26.400140482842097,47.733020986607016],[26.39715035951008,47.741363258521545],[26.40115200640433,47.740960835403676],[26.40318780762353,47.74297087919627],[26.40606306689507,47.741859744685335],[26.42052089145675,47.748290209521315],[26.427664961715127,47.74058618762458],[26.439859141663927,47.74297618314947],[26.43229172620918,47.726325034618455],[26.446067155800577,47.73358115425945]]],[[[25.530167917762316,47.40623415394929],[25.53035733040637,47.39647070119552],[25.536788467505712,47.38788946870426],[25.541005919724434,47.376088882900355],[25.527951218900032,47.36559655781999],[25.526216671895632,47.35897146280045],[25.530181598083402,47.356538697437834],[25.52802653581625,47.35503642264107],[25.53176172517468,47.344511128155034],[25.52955926667007,47.33530882835151],[25.533021769992434,47.33298580743124],[25.530669487229613,47.32863097853796],[25.492729194846117,47.309870792584135],[25.476914423275055,47.307362277224954],[25.469587652723195,47.29180710869775],[25.464058096615975,47.2858873677671],[25.447801072239326,47.28248810640838],[25.416500052927734,47.28030525187339],[25.40339077086658,47.28902841194672],[25.39999361828117,47.29414835703572],[25.404555615004067,47.30439941921616],[25.402967355188196,47.30656764211562],[25.392894585836203,47.30975859175665],[25.38945704458793,47.315461455172],[25.381799043226653,47.31976613663635],[25.38597502764854,47.32127494520501],[25.39024463455972,47.32978352499821],[25.399604546397143,47.33458770268382],[25.403574300177592,47.339485621944206],[25.400377637925477,47.34194807615971],[25.404828811354182,47.348572213005156],[25.404047767439398,47.354611441307185],[25.39752088724315,47.364429006806354],[25.402327237905492,47.36756524055689],[25.401719087982258,47.372103368845046],[25.409459226302484,47.37852734880799],[25.411684128042516,47.3915389556864],[25.418888409638058,47.399213041605826],[25.414999302677483,47.403212986924906],[25.415933768755615,47.406069964352334],[25.417582325615665,47.40751873719776],[25.428713780882887,47.40737156463953],[25.443453422416397,47.418421545501474],[25.445796575356617,47.41727541185498],[25.44894494684546,47.41864236869417],[25.46160049858437,47.42828091684855],[25.478535180567675,47.430729624711134],[25.491846496925593,47.44041214861021],[25.498484504769802,47.44111076967405],[25.513688059944997,47.44740504362144],[25.519768827727557,47.43678308019411],[25.516349245869474,47.43162210985647],[25.517717843497547,47.4288836798347],[25.51399510408401,47.41724306978039],[25.52392757481753,47.405402869288636],[25.525989436359897,47.409048891989265],[25.530167917762316,47.40623415394929]]],[[[26.045209323065837,47.499197914053916],[26.050267513607196,47.49640185105721],[26.054981993395863,47.49749921852222],[26.061939274806786,47.49560556972457],[26.067189189656062,47.48805656871954],[26.074575251164084,47.48555813589661],[26.080522312110297,47.48634301937936],[26.083142632216777,47.48241813846431],[26.097210863687735,47.475598290426625],[26.09837776008331,47.4702313616521],[26.095664489276412,47.46924935057497],[26.093778620431515,47.47378595304334],[26.087445632415594,47.47492004620369],[26.085758834032305,47.47715973158881],[26.08097782224104,47.476620253144695],[26.075588549959317,47.481184556030996],[26.069764997451603,47.48276520150602],[26.06269877957485,47.48191563837612],[26.0559462354942,47.485327964479815],[26.04965211289468,47.482674888291],[26.052725185453852,47.48056903800166],[26.04551184596161,47.47274571904946],[26.043185858206748,47.4735490417951],[26.033111587551755,47.46673747674468],[26.016543524090952,47.460621583601075],[26.00096277319337,47.45957101861726],[25.99468806942488,47.462407075764055],[25.989034119208366,47.45759365636632],[25.972229089192506,47.46248389577779],[25.952028546949602,47.460371138287144],[25.945911809596826,47.46331164606381],[25.948908856704588,47.46759704757357],[25.94592255653369,47.47140811343074],[25.977521193243746,47.48287151527518],[25.998466537283118,47.49540376537386],[26.009919410294525,47.49910952867426],[26.010379249744844,47.49594541068771],[26.018373185300003,47.49652588522436],[26.014899007955687,47.49763362936179],[26.01247014490068,47.50004973288944],[26.013601929824677,47.503155120188204],[26.01037074130658,47.50408030381447],[26.015854948126478,47.50879738729935],[26.024958749505625,47.50667486698538],[26.017716768149363,47.50090459357269],[26.032353767430035,47.498435494962344],[26.031084865394888,47.49236377761562],[26.03342339357834,47.48972330362178],[26.036625205939526,47.48962620395429],[26.034945393011206,47.4914937939492],[26.038129380238427,47.49389361716909],[26.042310661026228,47.493058867654696],[26.045209323065837,47.499197914053916]]],[[[26.122153762194717,47.943695686964496],[26.12657435078722,47.93832643147529],[26.123854237413333,47.93602046703681],[26.12600175578373,47.932660945240336],[26.135661406929575,47.93140985613131],[26.139712273617917,47.928960590611936],[26.14542330060578,47.93131798277427],[26.14509129379927,47.92624029240088],[26.147802878388546,47.92431501061754],[26.163108565636275,47.928277288250484],[26.167092713820026,47.92016600915871],[26.183565656130373,47.920281307858254],[26.185572596601375,47.91630570390644],[26.18289036191708,47.91072155693933],[26.19180494073748,47.90877862674217],[26.182600296498126,47.90015519529077],[26.183441983944945,47.893338733793605],[26.19540019246035,47.891315169063944],[26.18056271415818,47.880629396450765],[26.171337423895093,47.88542395444504],[26.15897326412267,47.8772191430658],[26.146654301620554,47.885759806685726],[26.127530678522835,47.86950612378512],[26.120989198225956,47.874548647057345],[26.124564324052436,47.881524986002],[26.11311688581465,47.888519717809864],[26.11150172254661,47.89955340389721],[26.106612620917208,47.89995668121648],[26.100301278609034,47.90471729374711],[26.101532741590475,47.907608354050865],[26.099085395765645,47.90785368251251],[26.096489567285584,47.91151257422463],[26.098499860454197,47.91321854363772],[26.09585148916449,47.91441231066125],[26.099662475192737,47.91804397093568],[26.089227089988825,47.922121256877574],[26.09996179204563,47.93168244313486],[26.108199931928286,47.9265499251696],[26.11162835624264,47.930278589137494],[26.119203504818405,47.93264188969919],[26.11510179268847,47.94213982180472],[26.122153762194717,47.943695686964496]]],[[[26.112864909608756,47.889141838611934],[26.124564324052436,47.881524986002],[26.120989198225956,47.874548647057345],[26.126365139450648,47.86996437782721],[26.129042458233616,47.86187374624868],[26.137975917233707,47.859345908833674],[26.139827107376295,47.8569264631589],[26.1429517881885,47.8575894387324],[26.148240590167077,47.849960587603555],[26.13852246672938,47.850853751229565],[26.13683274146032,47.847650552769075],[26.135056042691655,47.848516879779986],[26.127344578194585,47.8453104479171],[26.128019464897886,47.84300683919146],[26.123966149095292,47.84414129957394],[26.098640217692044,47.835187360029536],[26.09335276273476,47.83025808478199],[26.087625689401676,47.82998397898718],[26.08476343235937,47.83736127362821],[26.08285093085544,47.837970879061594],[26.08253124846293,47.836100266154034],[26.070186778593893,47.845562888839915],[26.061957714837284,47.84672825230224],[26.06318219659879,47.85013645625973],[26.057995830360028,47.850745065686915],[26.05266846877855,47.84888502324137],[26.05114816042276,47.85657362457167],[26.05543866961704,47.85594539864298],[26.065355887312922,47.85945526007367],[26.076595158615863,47.866399501308976],[26.07672999822952,47.881632157794165],[26.087197237373008,47.883209106760155],[26.09188896048695,47.88942465066142],[26.096082437313996,47.88747399992758],[26.112864909608756,47.889141838611934]]],[[[26.105690395425494,47.563766121604935],[26.12914547917335,47.55396600914098],[26.131490727191327,47.55419088718418],[26.132573849732793,47.55937335077149],[26.137386804137343,47.558513679880036],[26.13629658659499,47.55610794338917],[26.14492763163672,47.55082342583884],[26.14658132950601,47.545568700276036],[26.152030480472956,47.54121718457637],[26.14592333219403,47.5407063912418],[26.130730847313895,47.52864128413469],[26.119633631314525,47.52820852753874],[26.109629317541632,47.51657703252736],[26.107327619919253,47.50557511662371],[26.09590363102946,47.50245704958694],[26.085745490459846,47.51180970189191],[26.075430703470726,47.51603531641082],[26.073907055686927,47.51297322183178],[26.070701825361464,47.51431063382743],[26.06327641547181,47.532117011440484],[26.066892194082406,47.53625096597003],[26.057536355083045,47.541653837611484],[26.048600902884978,47.54309681230738],[26.044475211200492,47.546189511818326],[26.04654161000724,47.54897121733705],[26.04439040113696,47.552551614569815],[26.03647164848337,47.5540647927776],[26.038258531348816,47.56017039669414],[26.052435007433044,47.55753234025035],[26.056178805546274,47.56065345697695],[26.080221437855112,47.56779427921367],[26.097291931396956,47.56165835800697],[26.105690395425494,47.563766121604935]]],[[[25.614323594113063,47.43411950287267],[25.623244373549262,47.433121162884085],[25.630194232184802,47.4183630825523],[25.628607952628048,47.41313880008011],[25.6201367953108,47.409040986084925],[25.61691968003903,47.40442607625793],[25.619284839861287,47.39883683213172],[25.616313013943817,47.39505613574711],[25.62229811789119,47.38660688037508],[25.661850617721473,47.38459888170507],[25.666268116727515,47.371029973197864],[25.672909295299206,47.36479659151436],[25.6718825313765,47.35988432539891],[25.66808772288024,47.35724991843129],[25.673019247509664,47.34934578418299],[25.67345046642422,47.34019607297726],[25.679643548511294,47.336842116599634],[25.688493543334097,47.32382002851716],[25.6647392477641,47.31439013936603],[25.654503817862135,47.314246576612035],[25.647505847399536,47.31704168991086],[25.637215146471085,47.31764495847593],[25.63288889756376,47.31480024897249],[25.62589079335395,47.314195376474494],[25.6309995323509,47.3102430398216],[25.616035026289836,47.31700854076909],[25.5970894699981,47.315343756134084],[25.591020497228744,47.30441370847301],[25.582487023621066,47.30402602183792],[25.57315932112615,47.2987867258496],[25.563991584994405,47.29668424581983],[25.563819795238558,47.29288753131828],[25.556976617920153,47.28883794655575],[25.543355180427763,47.28687228167433],[25.530748848755596,47.290860937793],[25.515379458856373,47.29218622588267],[25.512942291780522,47.29010390564024],[25.50595339057616,47.28998513538355],[25.494052873899317,47.286238954046176],[25.48464093540669,47.278252534900034],[25.485606393936735,47.28579376309131],[25.46970302280374,47.29515758126592],[25.47516234264463,47.30611675078037],[25.48006866383647,47.30892010167661],[25.488121373438336,47.30834140197246],[25.501533824363086,47.31347354644491],[25.505240686417743,47.317247479289804],[25.530669487229613,47.32863097853796],[25.533021769992434,47.33298580743124],[25.52955926667007,47.33530882835151],[25.53176172517468,47.344511128155034],[25.52802653581625,47.35503642264107],[25.530181598083402,47.356538697437834],[25.526216671895632,47.35897146280045],[25.527951218900032,47.36559655781999],[25.541005919724434,47.376088882900355],[25.536788467505712,47.38788946870426],[25.53035733040637,47.39647070119552],[25.530167917762316,47.40623415394929],[25.54088455204253,47.40924747984697],[25.55264997164585,47.4041382542106],[25.551220735441586,47.41029744789903],[25.553537584372986,47.41701958594485],[25.552673051274205,47.419929138563084],[25.54231145791323,47.42466869604782],[25.544176999227982,47.43369300216128],[25.557566564245167,47.44397085754266],[25.572442494316864,47.448192887008695],[25.573706523247917,47.44962937148839],[25.57123231850278,47.450277526683905],[25.57538326454928,47.45402952220968],[25.5858438061101,47.452544095733586],[25.60278139982038,47.44539179999681],[25.608379693183142,47.438573375301985],[25.614323594113063,47.43411950287267]]],[[[25.901612241440198,47.709941164882174],[25.868028194081173,47.702696969916424],[25.857126361941365,47.69503705068201],[25.825418324277003,47.68048741025046],[25.816246186180752,47.68301137820172],[25.815162896163102,47.67692669328655],[25.805638517582658,47.682064408179755],[25.79801880581364,47.680639100996295],[25.78148100243376,47.68325800269713],[25.781850558072467,47.68599706516663],[25.75702544764841,47.69585557697605],[25.747921749551576,47.70333968831912],[25.755322994248537,47.707818996994995],[25.75591566417125,47.713134547481445],[25.762284145298167,47.7106478659375],[25.77248872000151,47.710608345939754],[25.765496991952794,47.72672437457946],[25.771267435715533,47.72981941220881],[25.77114062221337,47.73390117820061],[25.791016717218774,47.73812097442218],[25.799758814000388,47.734560064635026],[25.8105985770799,47.73774981603777],[25.825208092631023,47.73803495946359],[25.849107652545307,47.73569096829455],[25.850762452919646,47.73760068123521],[25.85799491828898,47.738208294552884],[25.858179149092454,47.735385076250616],[25.87369473076342,47.735292052890884],[25.876392656684217,47.72285467635826],[25.88487476399953,47.71760132346749],[25.881316410577718,47.71513872696693],[25.88408671787515,47.713600708136134],[25.88466701643742,47.714958241497804],[25.893150161985474,47.715238383560695],[25.901612241440198,47.709941164882174]]],[[[25.368073077334813,47.42757231031143],[25.36372950428001,47.42381843672067],[25.364208232681214,47.42059931862408],[25.357887680080808,47.4156664297211],[25.33659645131863,47.411056914191825],[25.33093987662306,47.41165298269493],[25.32426196331169,47.404736561204416],[25.302714936411025,47.401284061540856],[25.30105221514516,47.398917216821424],[25.27191427650927,47.396484590747576],[25.264933470095578,47.39869488693624],[25.250372313018385,47.398795308345505],[25.25019514303551,47.402043656639464],[25.243907411925207,47.40548998254448],[25.231024568104488,47.42508393650483],[25.22697716472878,47.44389009963094],[25.241586341145847,47.440867440283945],[25.23908095391073,47.44438417863054],[25.26572716101739,47.44577451477271],[25.283109487064504,47.45165496719249],[25.292081813249904,47.4600825762611],[25.29792184825266,47.46229138052683],[25.30633679178476,47.45786877657344],[25.310741066311085,47.460748921343615],[25.3250086542961,47.461374113368585],[25.332447931751126,47.46724432736446],[25.339267220376215,47.469299079946715],[25.350155072659163,47.46193955008358],[25.35028513091626,47.4554739854248],[25.36248079753409,47.44165460779903],[25.361469600884966,47.439178310129556],[25.367269965912097,47.43334288047427],[25.368073077334813,47.42757231031143]]],[[[25.938369556356378,47.71247177781736],[25.93857760059664,47.709316314584356],[25.943343912416736,47.70802337668899],[25.944420650787983,47.700321409377715],[25.94900311812933,47.700852960647204],[25.953143908886137,47.69390768435719],[25.971928084192214,47.68758458593077],[25.96732746203552,47.677803317818096],[25.969822600184607,47.674568698217044],[25.96818544289571,47.66487704563277],[25.964856115538293,47.66307762276084],[25.9503248550408,47.664594333167756],[25.950897641843873,47.659640552724646],[25.948552182134797,47.65901775817453],[25.944397823717622,47.661873227943104],[25.94266856228557,47.66074492108502],[25.932626548041522,47.662602544996396],[25.926459447802817,47.66073540417236],[25.922754208412755,47.66524707236197],[25.91459322603208,47.66693859628302],[25.909138500431126,47.672285485592404],[25.914447931824064,47.676654033504356],[25.916217262208075,47.67556232614817],[25.920804752715856,47.687317767926004],[25.908507707820206,47.69366323482457],[25.91637014622686,47.699360739055],[25.911342495773106,47.70282312743865],[25.919417964366453,47.706245188614844],[25.925700486456048,47.70595212625232],[25.93063711000835,47.71139505541265],[25.938369556356378,47.71247177781736]]],[[[26.0371512151177,47.55659638728759],[26.03647164848337,47.5540647927776],[26.04452988798071,47.552390953768274],[26.04654161000724,47.54897121733705],[26.044475211200492,47.546189511818326],[26.048550306799086,47.54312951758503],[26.057536355083045,47.541653837611484],[26.066892194082406,47.53625096597003],[26.06327641547181,47.532117011440484],[26.070701825361464,47.51431063382743],[26.05612922611683,47.517084706087225],[26.058271205535988,47.510564796258485],[26.05374658270008,47.50596561425129],[26.048083924745434,47.50825808682251],[26.043146985169646,47.494218706734856],[26.037498595787888,47.49362425454321],[26.035486789858094,47.48932886219385],[26.031084865394888,47.49236377761562],[26.03207430415696,47.498631096092936],[26.017716768149363,47.50090459357269],[26.024958749505625,47.50667486698538],[26.01407901752706,47.51046485156882],[26.01820904595713,47.51615563238117],[26.015328134935196,47.528604083129956],[26.01674646348704,47.534220232501966],[26.019621153544353,47.534333383655024],[26.021937164828604,47.54550628937405],[26.018754071635016,47.55065388675608],[26.00814144869067,47.55777830109187],[26.012941735956534,47.558336441235134],[26.014675201666833,47.56047352304386],[26.0371512151177,47.55659638728759]]],[[[26.107053170732133,47.60034119882935],[26.10215317964204,47.59780849524112],[26.099369778548045,47.59895549623061],[26.08832172231815,47.59620617384813],[26.08246488482028,47.59223708971155],[26.08020485367341,47.593972458705586],[26.067860034133453,47.590686236057856],[26.043794540849888,47.591425449077796],[26.041216771482393,47.58641527779634],[26.037861626370848,47.58516833779618],[26.021051455052593,47.59271045584163],[26.017247831420725,47.58730324275514],[26.002109686171742,47.5788566876867],[25.984465526051068,47.58151915165876],[25.980676652013127,47.58423357065613],[25.980949996826975,47.58902537167297],[25.986899351360535,47.59487656048389],[26.00487760104813,47.60390526767102],[26.004393830079838,47.60658649863338],[26.017371478050066,47.60819535499811],[26.012279209914418,47.61142098665232],[26.010714194577186,47.616789525909454],[26.00042618863506,47.61563196848983],[25.999805102309555,47.61728206659551],[26.008575337386098,47.6190990917758],[26.009977174074425,47.62242277958921],[26.015705576748502,47.6200597734193],[26.03545039481423,47.62360430632428],[26.043665495439818,47.622486745674806],[26.048156944482333,47.625607161534454],[26.050138769194735,47.63247521422158],[26.055442155422494,47.63516971664656],[26.067663824575376,47.62918754410364],[26.073080655965715,47.635750393279466],[26.085894080168476,47.642516952584856],[26.09068782804917,47.642441115488175],[26.107053170732133,47.60034119882935]]],[[[25.42155377075605,47.632585979885924],[25.4495091855932,47.6188066497837],[25.45889979340851,47.61046820218177],[25.46111188853058,47.60467956696588],[25.473284479113474,47.6005503362886],[25.48031690979281,47.5935815038835],[25.493354764182996,47.58705573761558],[25.50520643796332,47.58339245587054],[25.524467726413594,47.58295961664573],[25.524163212560154,47.57352964675811],[25.530394014821713,47.56763603816937],[25.52393676470728,47.555571048873205],[25.526860053645308,47.54279624179036],[25.51000242223391,47.53873561043638],[25.507444979448277,47.52805976121764],[25.49625748392242,47.53034391551683],[25.48562791247835,47.538560670993846],[25.475306775806096,47.54221014087278],[25.46914219322148,47.542247230134976],[25.452501078532716,47.55464451504948],[25.44828650744395,47.552696965133755],[25.43615969733613,47.557629903749884],[25.423879087144787,47.55457839813015],[25.413072597520472,47.560887351017286],[25.408523410867225,47.57748133524363],[25.393411420187594,47.57974558730239],[25.382033452544995,47.592148148884476],[25.381629930839626,47.59569929029384],[25.37066689247252,47.60022385873959],[25.370169279608277,47.60836485433257],[25.375222643082513,47.61156379426225],[25.393528720910222,47.61782145580513],[25.404438271884324,47.61903447698108],[25.42155377075605,47.632585979885924]]],[[[25.494582060407847,47.12863693110983],[25.486580115397565,47.13103829014151],[25.486104979051596,47.13329821053967],[25.478217063964784,47.133621503434796],[25.471295227104118,47.13978537708495],[25.458008615342152,47.14439524645967],[25.45108378398924,47.15352182713062],[25.4451286169525,47.15358572339417],[25.438300925683436,47.16194321213644],[25.425452692530737,47.17121202831054],[25.427676533731248,47.18059538785259],[25.425144558085343,47.18385727462306],[25.414312605739536,47.182988163887345],[25.40381408439489,47.17844493417055],[25.399426173316154,47.18080134736846],[25.38951519720017,47.1808938819544],[25.374199699545944,47.17533005359042],[25.358482933265677,47.179728237766476],[25.35225954365305,47.174699473772655],[25.316428106243396,47.16485729907422],[25.32465985684936,47.16803010927389],[25.335667455753207,47.17689960083634],[25.344656139860998,47.179678694595154],[25.33989411783503,47.19560487059733],[25.34818439407887,47.20538590469278],[25.356815322567435,47.21119703177299],[25.35874827478773,47.216169491923765],[25.366290345981458,47.218129981611646],[25.369536438557315,47.220497244899995],[25.369163634066364,47.22342967757349],[25.373299738118046,47.22482678464098],[25.366641405749093,47.2377415044165],[25.35561204560593,47.24473619739285],[25.360921069648764,47.24739364717291],[25.359679966928436,47.24918466498538],[25.352694805111476,47.25223154180726],[25.361612874023695,47.25924510264124],[25.363473767584384,47.2621095485489],[25.360413619784673,47.26392634690572],[25.362760313176807,47.26656255283519],[25.37259162601333,47.27388949806868],[25.398381032291248,47.269154622974234],[25.40594745807512,47.26535603670046],[25.40870764571671,47.269311873743334],[25.420536212377563,47.27496976857561],[25.421822554513124,47.27155113496827],[25.428899610578497,47.26829942478158],[25.431123521980034,47.25769832613219],[25.445789852077134,47.23199215946491],[25.456437862407192,47.235146495416366],[25.465079437387132,47.234297259302096],[25.473120722368193,47.23884349538183],[25.492240630279028,47.23576310783738],[25.500699895229737,47.23800396490836],[25.508539770569516,47.23627869916131],[25.5138508709148,47.231553063890054],[25.527555354650204,47.22673689452881],[25.534519147446193,47.219640428176],[25.547732039429228,47.213358869470945],[25.55579585670505,47.194249806699204],[25.541364405682888,47.196867761070074],[25.535405489718816,47.20081775295638],[25.52556107934527,47.19323115217924],[25.516393876611318,47.19613564073041],[25.50944066854916,47.18975329410225],[25.5062946931331,47.191419460938036],[25.501314929894587,47.189904656512354],[25.501749714794105,47.18535578659991],[25.506371411374857,47.18031649779508],[25.512701505275036,47.18078407164378],[25.51985952727159,47.17809334022019],[25.531286422641628,47.1834122313232],[25.537056622075177,47.17037651475542],[25.519712609773958,47.14628257676114],[25.522022974284823,47.134121752888646],[25.51928466520492,47.13202048694657],[25.508838020292732,47.13130812324843],[25.500968291163144,47.134968296100006],[25.494582060407847,47.12863693110983]]],[[[26.000156720040426,47.684470058390275],[26.010126853764934,47.678388963444526],[26.008181211250694,47.677442687935766],[26.0308796952632,47.671339054567994],[26.031426019907112,47.665867335250866],[26.03637710936032,47.662148029125724],[26.02233025137136,47.64893138972184],[26.01208069709531,47.64456462961335],[26.014165531023707,47.63937445705421],[26.006343407019212,47.6331464328999],[25.987559911207555,47.6309298085615],[25.985970213920755,47.63502048007109],[25.99190146974112,47.640648117777275],[25.998021131502547,47.64162941705477],[25.984716229490495,47.644122642191014],[25.982010793388802,47.64958988014623],[25.973000881187676,47.65272901862809],[25.973853977292077,47.6587944813645],[25.96842976102933,47.66193644826393],[25.96931029100866,47.664730929576315],[25.96746461397005,47.66427084263754],[25.969822600184607,47.674568698217044],[25.96732746203552,47.677803317818096],[25.971928084192214,47.68758458593077],[25.984180630953198,47.68411397427699],[26.000156720040426,47.684470058390275]]],[[[25.91406709030841,47.54872317350613],[25.934435104189895,47.53641546375307],[25.951290371858562,47.534580280467935],[25.97109220360629,47.525238834416946],[25.98095186593977,47.52338810653112],[25.992186173668202,47.51681843148897],[25.99779294036001,47.51819771982179],[26.00288802877404,47.51644850982396],[26.01018794989746,47.5096610469499],[26.01123857444142,47.51154631717498],[26.01585052411071,47.509670770267896],[26.01037074130658,47.50408030381447],[26.013601929824677,47.503155120188204],[26.01247014490068,47.50004973288944],[26.014899007955687,47.49763362936179],[26.018373185300003,47.49652588522436],[26.010379249744844,47.49594541068771],[26.009919410294525,47.49910952867426],[25.998466537283118,47.49540376537386],[25.977521193243746,47.48287151527518],[25.94592255653369,47.47140811343074],[25.948908856704588,47.46759704757357],[25.945911809596826,47.46331164606381],[25.924849817194143,47.45977664585139],[25.915750338687825,47.455714487452184],[25.912815582574307,47.45646968529524],[25.910902722792,47.463697128216424],[25.914609961056424,47.46594924654519],[25.913168120537623,47.47396193619128],[25.907692402014273,47.480635474274074],[25.901078011506325,47.501609164856276],[25.895682697015776,47.50979998699521],[25.892717183602073,47.524830394493065],[25.888590565827155,47.527722636200494],[25.8913375640683,47.530982804254975],[25.897273709723528,47.53253335611469],[25.89186884358898,47.544380908616965],[25.898687438757907,47.548860106029025],[25.91406709030841,47.54872317350613]]],[[[25.88999431763649,47.707693904120106],[25.911342495773106,47.70282312743865],[25.916411812556984,47.69952166026173],[25.908507707820206,47.69366323482457],[25.91560475592142,47.68850755770586],[25.92079179115171,47.68743812737969],[25.919906563364275,47.684030690443436],[25.916217262208075,47.67556232614817],[25.913649677108353,47.676236717545734],[25.90674134732574,47.66922917170574],[25.8937269962152,47.67356287900988],[25.872037511450273,47.67329204378698],[25.861385414427325,47.67664711591011],[25.850661104710007,47.68442843806669],[25.844613725249477,47.6840460476929],[25.83771276772771,47.67947361175414],[25.825418324277003,47.68048741025046],[25.857126361941365,47.69503705068201],[25.868028194081173,47.702696969916424],[25.88999431763649,47.707693904120106]]],[[[26.148240590167077,47.849960587603555],[26.16487709112566,47.835843110699116],[26.165310226184264,47.82894079072285],[26.185250202142907,47.82273597703553],[26.188573315514844,47.81361928095301],[26.201035727379054,47.807923191460375],[26.17504037818337,47.79548618852373],[26.170195097417178,47.79067813593105],[26.16020909979419,47.78889356937996],[26.158863303739277,47.791201941654016],[26.16259481378131,47.79160405448196],[26.15973936828171,47.79281362497386],[26.149565924309087,47.78810611210699],[26.140225741719874,47.793815914380716],[26.13799457509869,47.79242321359161],[26.11497829056043,47.79836406137607],[26.10616719516613,47.797752099958885],[26.0987593136622,47.80756859090494],[26.087460554562632,47.815462271595855],[26.08762293868478,47.82068122973688],[26.09426351113728,47.818691670171084],[26.093695923694398,47.821834521825316],[26.098707245912344,47.82531398653217],[26.09563635456364,47.8317999687497],[26.098341846310042,47.83503654190459],[26.123966149095292,47.84414129957394],[26.128019464897886,47.84300683919146],[26.127344578194585,47.8453104479171],[26.135056042691655,47.848516879779986],[26.13683274146032,47.847650552769075],[26.13852246672938,47.850853751229565],[26.148240590167077,47.849960587603555]]],[[[26.107053170732133,47.60034119882935],[26.115782884979563,47.59409737369263],[26.115829543655686,47.58631632546057],[26.12749864525627,47.57505758676101],[26.132677999523505,47.57398240925973],[26.135055437827834,47.57000226494898],[26.12707573971404,47.566690138004994],[26.12428062111022,47.56855636154708],[26.123025268962266,47.56558913625594],[26.113480765546086,47.56729789243549],[26.110424170990367,47.562788173313436],[26.105690395425494,47.563766121604935],[26.097291931396956,47.56165835800697],[26.080221437855112,47.56779427921367],[26.056178805546274,47.56065345697695],[26.052435007433044,47.55753234025035],[26.038258531348816,47.56017039669414],[26.037342787551676,47.55663359916925],[26.033923488818175,47.55665578527651],[26.014675201666833,47.56047352304386],[26.012941735956534,47.558336441235134],[26.007982518955295,47.55789894268553],[26.00614425595897,47.57291321329401],[26.000052509236617,47.57868457245623],[26.005381203487627,47.579597866449014],[26.007631024397345,47.58328447094159],[26.017247831420725,47.58730324275514],[26.021051455052593,47.59271045584163],[26.037861626370848,47.58516833779618],[26.041216771482393,47.58641527779634],[26.043794540849888,47.591425449077796],[26.067860034133453,47.590686236057856],[26.08020485367341,47.593972458705586],[26.08246488482028,47.59223708971155],[26.08832172231815,47.59620617384813],[26.099369778548045,47.59895549623061],[26.10215317964204,47.59780849524112],[26.107053170732133,47.60034119882935]]],[[[25.947229877468875,47.8114743860046],[25.95823771742183,47.80616802126696],[25.95593463624111,47.80465893670086],[25.963431270412745,47.79944312280037],[25.960812834430435,47.794317612268514],[25.963057558359637,47.7881594742588],[25.96736001948035,47.78660265631546],[25.960716595739118,47.78242554032683],[25.957752221568654,47.783184513221514],[25.948826854114657,47.77235677343995],[25.946021091404695,47.77318542458668],[25.926595081885658,47.757834800343666],[25.923616531252783,47.75794800249155],[25.894069222926696,47.772216026194386],[25.895897783252025,47.776470877804],[25.891347862229594,47.78561853203071],[25.903774740335464,47.794618476315776],[25.91367098512744,47.796009896033034],[25.91758158720421,47.79435769192105],[25.92453622891666,47.79649040702859],[25.93211202389628,47.80291117150265],[25.938150590179088,47.81304915219823],[25.947229877468875,47.8114743860046]]],[[[26.09400156777345,47.66136167960668],[26.090763521775543,47.65293980862355],[26.08796518542705,47.65303570305611],[26.08834738396405,47.649737768134486],[26.08230730921574,47.64507818351852],[26.085894080168476,47.642516952584856],[26.084894795802107,47.64100616572214],[26.073080655965715,47.635750393279466],[26.067663824575376,47.62918754410364],[26.055442155422494,47.63516971664656],[26.050138769194735,47.63247521422158],[26.048156944482333,47.625607161534454],[26.043665495439818,47.622486745674806],[26.03545039481423,47.62360430632428],[26.015705576748502,47.6200597734193],[26.014024516638845,47.62124984533798],[26.009977174074425,47.62242277958921],[26.008575337386098,47.6190990917758],[25.99988172545518,47.61730365400649],[25.990064366413026,47.621104238805714],[25.986718329991874,47.63105365828965],[26.006343407019212,47.6331464328999],[26.014165531023707,47.63937445705421],[26.01208069709531,47.64456462961335],[26.02233025137136,47.64893138972184],[26.03637710936032,47.662148029125724],[26.031426019907112,47.665867335250866],[26.0308796952632,47.671339054567994],[26.03552099245132,47.669100721865426],[26.04776203482198,47.67239464377123],[26.055636165691865,47.668415983889744],[26.060582519048356,47.67388275790687],[26.078341006695656,47.66534874934858],[26.09400156777345,47.66136167960668]]]]},"properties":{"alert_id":"c82487cc19681515","source":"nowcasting","alert_type":"nowcasting","feature_id":"4fce2cbf1244f99467","judet_cod":"SV","judet_nume":"Suceava","county_code":"SV","county_name":"Suceava","cod_judet":"SV","cod_culoare":1,"cod_culoare_nume":"Galben","culoare":"1","cod":"Galben","fenomen_principal":"vor fi averse și descărcări electrice, iar în timp scurt sau prin acumulare cantitățile de apă vor fi de 15…25 l/mp","fenomen_group":"ploi/vijelii","zona_text":"Județul Botoşani: Mihai Eminescu, Vlădeni, Curtești, Șendriceni, Vârfu Câmpului, Leorda, Cândești, Brăești, Văculești, Lozna, Bucecea;<br>Județul Suceava: Suceava, Câmpulung Moldovenesc, Vatra Dornei, Gura Humorului, Cajvana, Salcea, Dumbrăveni, Cornu Luncii, Arbore, Udești, Șcheia, Verești, Frasin, Bosanci, Stulpicani, Vama, Zvoriștea, Todirești, Păltinoasa, Dărmănești, Milișăuți, Grănicești, Ipotești, Volovăț, Fundu Moldovei, Cacica, Șaru Dornei, Moara, Horodniceni, Satu Mare, Adâncata, Ostra, Mitocu Dragomirnei, Hânțești, Frumosu, Pătrăuți, Stroiești, Mănăstirea Humorului, Iaslovăț, Zamostea, Siminicea, Pojorâta, Dorna-Arini, Valea Moldovei, Grămești, Pârteștii de Jos, Calafindești, Drăgoiești, Crucea, Solca, Iacobeni, Botoșana, Berchisesti, Ilișești, Sadova, Panaci, Comănești, Capu Câmpului, Poieni-Solca, Șerbăuți, Ciprian Porumbescu, Burla, Bălăceana;<br>","zona_nume":"Suceava - localitati","zone_name":"Suceava - localitati","display_name":"Suceava - localitati","localities":["Suceava","Câmpulung Moldovenesc","Vatra Dornei","Gura Humorului","Cajvana","Salcea","Dumbrăveni","Cornu Luncii","Arbore","Udești","Șcheia","Verești","Frasin","Bosanci","Stulpicani","Vama","Zvoriștea","Todirești","Păltinoasa","Dărmănești","Milișăuți","Grănicești","Ipotești","Volovăț","Fundu Moldovei","Cacica","Șaru Dornei","Moara","Horodniceni","Satu Mare","Adâncata","Ostra","Mitocu Dragomirnei","Hânțești","Frumosu","Pătrăuți","Stroiești","Mănăstirea Humorului","Iaslovăț","Zamostea","Siminicea","Pojorâta","Dorna-Arini","Valea Moldovei","Grămești","Pârteștii de Jos","Calafindești","Drăgoiești","Crucea","Solca","Iacobeni","Botoșana","Berchisesti","Ilișești","Sadova","Panaci","Comănești","Capu Câmpului","Poieni-Solca","Șerbăuți","Ciprian Porumbescu","Burla","Bălăceana"],"geometry_source":"uat_match","match_confidence":"medium","interval_text":"","interval_start":"2026-08-29T23:00:00","valid_from":"2026-08-29T23:00:00","valid_to":"2026-08-30T01:00:00","interval_valabilitate_text":"","interval_end":"2026-08-30T01:00:00","data_expirare":"2026-08-30T01:00:00","mesaj_plain":"vor fi averse și descărcări electrice, iar în timp scurt sau prin acumulare cantitățile de apă vor fi de 15…25 l/mp","source_url":"","source_label":"","notes":"","durata_ore":2.0,"zi":"2026-08-30"}}]}