{"type":"FeatureCollection","metadata":{"date":"2026-09-13","active_alerts":[{"alert_id":"d850a621736382c4","source":"nowcasting","alert_type":"nowcasting","interval_text":"","interval_start":"2026-09-13T20:10:00","interval_end":"2026-09-13T21:30:00","durata_ore":1.3,"valid_from":"2026-09-13T20:10:00","valid_to":"2026-09-13T21:30:00","cod_culoare_max":1,"fenomene_pe_cod":{"1":"Averse torențiale care vor acumula 15...20 l/mp, descărcări electrice, grindină de mici dimensiuni (sub 1 cm)."},"judete_afectate":["AG","DB"],"judete_count":2,"judete_culori":{"AG":1,"DB":1},"color_counts":{"1":2},"text_alerta_html":"","message":"Averse torențiale care vor acumula 15...20 l/mp, descărcări electrice, grindină de mici dimensiuni (sub 1 cm).","feature_meta":{"AG":{"county_code":"AG","county_name":"Argeș","zone_name":"Argeș - localitati","display_name":"Argeș - localitati","localities":["Buzoești","Bârla","Slobozia","Ungheni","Stolnici","Lunca Corbului","Suseni","Rătești","Recea","Rociu","Căldăraru","Negrași","Hârsești","Mozăceni","Popești","Izvoru","Ștefan cel Mare","Teiu","Râca"],"geometry_source":"coordGis","match_confidence":"high"},"DB":{"county_code":"DB","county_name":"Dâmbovița","zone_name":"Dâmbovița - localitati","display_name":"Dâmbovița - localitati","localities":["Corbii Mari","Odobești","Uliești","Vișina","Șelaru","Răscăeți"],"geometry_source":"uat_match","match_confidence":"high"}},"source_url":"","source_label":"","notes":""},{"alert_id":"fc69187d50c2f7db","source":"nowcasting","alert_type":"nowcasting","interval_text":"","interval_start":"2026-09-13T19:20:00","interval_end":"2026-09-13T20:30:00","durata_ore":1.2,"valid_from":"2026-09-13T19:20:00","valid_to":"2026-09-13T20:30:00","cod_culoare_max":1,"fenomene_pe_cod":{"1":"Averse torențiale care vor acumula 15...25 l/mp, descărcări electrice, grindină de mici dimensiuni (sub 1 cm)."},"judete_afectate":["AG","DB"],"judete_count":2,"judete_culori":{"AG":1,"DB":1},"color_counts":{"1":2},"text_alerta_html":"","message":"Averse torențiale care vor acumula 15...25 l/mp, descărcări electrice, grindină de mici dimensiuni (sub 1 cm).","feature_meta":{"AG":{"county_code":"AG","county_name":"Argeș","zone_name":"Argeș - localitati","display_name":"Argeș - localitati","localities":["Costești","Ștefănești","Călinești","Vedea","Bradu","Moșoaia","Lunca Corbului","Suseni","Albota","Căteasca","Oarja","Săpata"],"geometry_source":"uat_match","match_confidence":"high"},"DB":{"county_code":"DB","county_name":"Dâmbovița","zone_name":"Dâmbovița - localitati","display_name":"Dâmbovița - localitati","localities":["Găești","Titu","Cornești","Dragodana","Petrești","Cojasca","Mătăsaru","Odobești","Finta","Braniștea","Uliești","Mogoșani","Sălcioara","Dobra","Produlești","Costeștii din Vale","Crângurile","Morteni","Cornățelu","Bilciurești"],"geometry_source":"uat_match","match_confidence":"medium"}},"source_url":"","source_label":"","notes":""},{"alert_id":"4bdbb8fd75a32ad6","source":"nowcasting","alert_type":"nowcasting","interval_text":"","interval_start":"2026-09-13T07:25:00","interval_end":"2026-09-13T08:35:00","durata_ore":1.2,"valid_from":"2026-09-13T07:25:00","valid_to":"2026-09-13T08:35:00","cod_culoare_max":1,"fenomene_pe_cod":{"1":"Va ploua, iar în timp scurt sau prin acumulare cantitățile de apă vor fi de 20…30 l/mp."},"judete_afectate":["CT","TL"],"judete_count":2,"judete_culori":{"CT":1,"TL":1},"color_counts":{"1":2},"text_alerta_html":"","message":"Va ploua, iar în timp scurt sau prin acumulare cantitățile de apă vor fi de 20…30 l/mp.","feature_meta":{"CT":{"county_code":"CT","county_name":"Constanța","zone_name":"Constanța - localitati","display_name":"Constanța - localitati","localities":["Corbu","Mihai Viteazu","Istria","Săcele"],"geometry_source":"coordGis","match_confidence":"high"},"TL":{"county_code":"TL","county_name":"Tulcea","zone_name":"Tulcea - localitati","display_name":"Tulcea - localitati","localities":["Sarichioi","Jurilovca","Baia","Ceamurlia de Jos"],"geometry_source":"uat_match","match_confidence":"high"}},"source_url":"","source_label":"","notes":""},{"alert_id":"be4c18a362778f71","source":"nowcasting","alert_type":"nowcasting","interval_text":"","interval_start":"2026-09-13T07:00:00","interval_end":"2026-09-13T08:30:00","durata_ore":1.5,"valid_from":"2026-09-13T07:00:00","valid_to":"2026-09-13T08:30:00","cod_culoare_max":1,"fenomene_pe_cod":{"1":"Va ploua, iar în timp scurt sau prin acumulare cantitățile de apă vor fi de 20…30 l/mp. În zona avertizată în ultimele ore s-au acumulat cantități de 20...30 l/mp."},"judete_afectate":["GL","VN"],"judete_count":2,"judete_culori":{"GL":1,"VN":1},"color_counts":{"1":2},"text_alerta_html":"","message":"Va ploua, iar în timp scurt sau prin acumulare cantitățile de apă vor fi de 20…30 l/mp. În zona avertizată în ultimele ore s-au acumulat cantități de 20...30 l/mp.","feature_meta":{"GL":{"county_code":"GL","county_name":"Galați","zone_name":"Galați - localitati","display_name":"Galați - localitati","localities":["Galați","Liești","Pechea","Cudalbi","Târgu Bujor","Tulucești","Umbrărești","Măstăcani","Fârțănești","Tudor Vladimirescu","Frumușița","Piscu","Ivești","Independența","Slobozia Conachi","Fundeni","Vânători","Grivița","Braniștea","Foltești","Schela","Smârdan","Șendreni","Cuza Vodă","Scânteiești","Cuca","Băleni","Nămoloasa","Rediu","Costache Negri","Vlădești","Oancea","Suhurlui"],"geometry_source":"uat_match","match_confidence":"medium"},"VN":{"county_code":"VN","county_name":"Vrancea","zone_name":"Vrancea - localitati","display_name":"Vrancea - localitati","localities":["Vulturu","Măicănești","Nănești"],"geometry_source":"uat_match","match_confidence":"high"}},"source_url":"","source_label":"","notes":""},{"alert_id":"1a14709eca421b0f","source":"nowcasting","alert_type":"nowcasting","interval_text":"","interval_start":"2026-09-13T00:00:00","interval_end":"2026-09-13T03:00:00","durata_ore":3.0,"valid_from":"2026-09-13T00:00:00","valid_to":"2026-09-13T03:00:00","cod_culoare_max":1,"fenomene_pe_cod":{"1":"Local intensificări ale vântului cu viteze la rafală de 50...60 km/h."},"judete_afectate":["MH"],"judete_count":1,"judete_culori":{"MH":1},"color_counts":{"1":1},"text_alerta_html":"","message":"Local intensificări ale vântului cu viteze la rafală de 50...60 km/h.","feature_meta":{"MH":{"county_code":"MH","county_name":"Mehedinți","zone_name":"Mehedinți","display_name":"Mehedinți","localities":[],"geometry_source":"coordGis","match_confidence":"high"}},"source_url":"","source_label":"","notes":""},{"alert_id":"edc142f357b1bf4f","source":"nowcasting","alert_type":"nowcasting","interval_text":"","interval_start":"2026-09-12T21:45:00","interval_end":"2026-09-13T00:00:00","durata_ore":2.2,"valid_from":"2026-09-12T21:45:00","valid_to":"2026-09-13T00:00:00","cod_culoare_max":1,"fenomene_pe_cod":{"1":"Local intensificări ale vântului cu viteze la rafală de 50...60 km/h."},"judete_afectate":["MH"],"judete_count":1,"judete_culori":{"MH":1},"color_counts":{"1":1},"text_alerta_html":"","message":"Local intensificări ale vântului cu viteze la rafală de 50...60 km/h.","feature_meta":{"MH":{"county_code":"MH","county_name":"Mehedinți","zone_name":"Mehedinți","display_name":"Mehedinți","localities":[],"geometry_source":"county_fallback","match_confidence":"medium"}},"source_url":"","source_label":"","notes":""}],"alert_count":6,"general_alert_count":0,"nowcasting_alert_count":6,"manual_nowcasting_alert_count":0,"feature_count":10,"general_feature_count":0,"nowcasting_feature_count":10,"max_color":1,"general_max_color":0,"nowcasting_count":6,"has_nowcasting":true,"has_manual_nowcasting":false,"calendar_badge":"NC","sources":["nowcasting"],"alerts_by_county":{"AG":[{"alert_id":"d850a621736382c4","cod":"Galben","culoare":"1","fenomen_group":"ploi/vijelii","source":"nowcasting"},{"alert_id":"fc69187d50c2f7db","cod":"Galben","culoare":"1","fenomen_group":"ploi/vijelii","source":"nowcasting"}],"CT":[{"alert_id":"4bdbb8fd75a32ad6","cod":"Galben","culoare":"1","fenomen_group":"alte fenomene","source":"nowcasting"}],"DB":[{"alert_id":"d850a621736382c4","cod":"Galben","culoare":"1","fenomen_group":"ploi/vijelii","source":"nowcasting"},{"alert_id":"fc69187d50c2f7db","cod":"Galben","culoare":"1","fenomen_group":"ploi/vijelii","source":"nowcasting"}],"GL":[{"alert_id":"be4c18a362778f71","cod":"Galben","culoare":"1","fenomen_group":"alte fenomene","source":"nowcasting"}],"MH":[{"alert_id":"1a14709eca421b0f","cod":"Galben","culoare":"1","fenomen_group":"alte fenomene","source":"nowcasting"},{"alert_id":"edc142f357b1bf4f","cod":"Galben","culoare":"1","fenomen_group":"alte fenomene","source":"nowcasting"}],"TL":[{"alert_id":"4bdbb8fd75a32ad6","cod":"Galben","culoare":"1","fenomen_group":"alte fenomene","source":"nowcasting"}],"VN":[{"alert_id":"be4c18a362778f71","cod":"Galben","culoare":"1","fenomen_group":"alte fenomene","source":"nowcasting"}]},"max_by_county":{"AG":{"max_color":1,"alert_count":2,"phenomena":["ploi/vijelii"]},"CT":{"max_color":1,"alert_count":1,"phenomena":["alte fenomene"]},"DB":{"max_color":1,"alert_count":2,"phenomena":["ploi/vijelii"]},"GL":{"max_color":1,"alert_count":1,"phenomena":["alte fenomene"]},"MH":{"max_color":1,"alert_count":2,"phenomena":["alte fenomene"]},"TL":{"max_color":1,"alert_count":1,"phenomena":["alte fenomene"]},"VN":{"max_color":1,"alert_count":1,"phenomena":["alte fenomene"]}}},"features":[{"type":"Feature","geometry":{"type":"MultiPolygon","coordinates":[[[[24.721762,44.611722],[24.803241,44.40952],[25.093305,44.439779],[25.376852,44.530461],[25.539809,44.537431],[25.562623,44.586195],[25.249745,44.621002],[25.168266,44.746134],[24.721762,44.611722]]]]},"properties":{"alert_id":"d850a621736382c4","source":"nowcasting","alert_type":"nowcasting","feature_id":"be614c2ad89d2fc2b1","judet_cod":"AG","judet_nume":"Argeș","county_code":"AG","county_name":"Argeș","cod_judet":"AG","cod_culoare":1,"cod_culoare_nume":"Galben","culoare":"1","cod":"Galben","fenomen_principal":"Averse torențiale care vor acumula 15...20 l/mp, descărcări electrice, grindină de mici dimensiuni (sub 1 cm).","fenomen_group":"ploi/vijelii","zona_text":"Județul Argeş: Buzoești, Bârla, Slobozia, Ungheni, Stolnici, Lunca Corbului, Suseni, Rătești, Recea, Rociu, Căldăraru, Negrași, Hârsești, Mozăceni, Popești, Izvoru, Ștefan cel Mare, Teiu, Râca;<br>Județul Dâmboviţa: Corbii Mari, Odobești, Uliești, Vișina, Șelaru, Răscăeți;<br>","zona_nume":"Argeș - localitati","zone_name":"Argeș - localitati","display_name":"Argeș - localitati","localities":["Buzoești","Bârla","Slobozia","Ungheni","Stolnici","Lunca Corbului","Suseni","Rătești","Recea","Rociu","Căldăraru","Negrași","Hârsești","Mozăceni","Popești","Izvoru","Ștefan cel Mare","Teiu","Râca"],"geometry_source":"coordGis","match_confidence":"high","interval_text":"","interval_start":"2026-09-13T20:10:00","valid_from":"2026-09-13T20:10:00","valid_to":"2026-09-13T21:30:00","interval_valabilitate_text":"","interval_end":"2026-09-13T21:30:00","data_expirare":"2026-09-13T21:30:00","mesaj_plain":"Averse torențiale care vor acumula 15...20 l/mp, descărcări electrice, grindină de mici dimensiuni (sub 1 cm).","source_url":"","source_label":"","notes":"","durata_ore":1.3,"zi":"2026-09-13"}},{"type":"Feature","geometry":{"type":"MultiPolygon","coordinates":[[[[25.48981751924228,44.60821718720962],[25.48862973575915,44.604945753817006],[25.496744428721765,44.602819592926444],[25.500679233683545,44.59393565912329],[25.496719938857403,44.59236725812853],[25.50385524752385,44.58823118501795],[25.502150207819668,44.58452799645592],[25.50766571082837,44.58577489355253],[25.51787505151405,44.58204233040607],[25.525693705827777,44.567656822762864],[25.529417789042277,44.57055404020992],[25.535122490093325,44.56786013558866],[25.535666069908345,44.56470002997307],[25.522866421962316,44.56296940012369],[25.52473688733886,44.559884155761225],[25.53097096216383,44.5612408607296],[25.532720332747658,44.55663682397056],[25.53086659165492,44.55140632371675],[25.54401544835416,44.549386654013766],[25.547625080820584,44.55064025705905],[25.549598548010923,44.54870627200369],[25.547605266492447,44.54632185325392],[25.55084713827679,44.54410135758854],[25.547815476208577,44.53951518544358],[25.53925635104806,44.53906848416672],[25.515554559340867,44.51889814195786],[25.50569603994284,44.51914233521942],[25.503682833038695,44.51732324564489],[25.50263637001102,44.520095816017374],[25.495705026208302,44.51968235074487],[25.49861449169843,44.516953117755946],[25.48455928446342,44.502452242500375],[25.48039191630143,44.50433334032955],[25.479862358614202,44.499093616580836],[25.497023415852333,44.49137958780306],[25.499467134082842,44.4877039224317],[25.509673149474967,44.48998110473163],[25.51218976118203,44.48806916920873],[25.50245710969519,44.47673254449201],[25.498323521846178,44.47917211844773],[25.490771444546517,44.47166487928152],[25.49762583749138,44.46547800292353],[25.48032434024113,44.45198166989218],[25.469126988673214,44.45550257620968],[25.466952408432373,44.46042166428714],[25.465222139158055,44.45818622381411],[25.42839466249215,44.47367917621465],[25.450300830940666,44.492238865008524],[25.444667748528776,44.49418457607389],[25.442724420266746,44.50104665248257],[25.42016351772158,44.50904436746666],[25.418398306281603,44.50752528979774],[25.395112350835763,44.51813168575639],[25.398054113990618,44.52283367972333],[25.396681183487658,44.525695982913035],[25.42661426940014,44.55910099542265],[25.423909095862104,44.560923077926084],[25.440608617314858,44.574783406296675],[25.440142433497336,44.58160645280937],[25.453417742018292,44.589480072107115],[25.453337114070873,44.59244599998304],[25.448153699390563,44.594410756742384],[25.448531070341883,44.597251034543156],[25.480562962519638,44.613744097431436],[25.485253902086008,44.60748799257704],[25.48981751924228,44.60821718720962]]],[[[25.585951928931678,44.6165406387729],[25.583040373946876,44.615492577442204],[25.58082610861661,44.617179117535635],[25.560581457463382,44.597871914567776],[25.57520350821235,44.58505481241948],[25.572804278786144,44.581702958339115],[25.57680393141037,44.58120290223237],[25.58140792468072,44.57319357246731],[25.532568868071845,44.55480577168288],[25.53073979481139,44.561456259245],[25.52473688733886,44.559884155761225],[25.522866421962316,44.56296940012369],[25.535666069908345,44.56470002997307],[25.535122490093325,44.56786013558866],[25.529417789042277,44.57055404020992],[25.525693705827777,44.567656822762864],[25.51787505151405,44.58204233040607],[25.50766571082837,44.58577489355253],[25.502150207819668,44.58452799645592],[25.50385524752385,44.58823118501795],[25.496719938857403,44.59236725812853],[25.500679233683545,44.59393565912329],[25.496521276846693,44.60322538508487],[25.48862973575915,44.604945753817006],[25.49188428680013,44.61301181799274],[25.514294128442945,44.611381225335485],[25.530652866242296,44.62161336805931],[25.52679439906737,44.62536754464224],[25.538820761941437,44.63105202153424],[25.540175359309632,44.6332800428471],[25.53737811026846,44.63611482300684],[25.54177583309263,44.640968008420835],[25.54951558456277,44.64296877983748],[25.580490030185512,44.62897170738585],[25.58275029719257,44.63078439622516],[25.593061353914983,44.62451304089841],[25.584309042123934,44.61997923950497],[25.585951928931678,44.6165406387729]]],[[[25.429195261004274,44.64172768240609],[25.42937458749315,44.63849884209863],[25.43283053605876,44.63885690109034],[25.434011146633676,44.63706157438471],[25.430089342472154,44.63141450877219],[25.438613061842933,44.62725213113145],[25.444196527633054,44.62890161190974],[25.45032733060965,44.62644106938284],[25.450779870296522,44.62362875974525],[25.463414955048908,44.625965381369845],[25.46801984307286,44.624186563876655],[25.471961407502175,44.625932381817094],[25.473742688649935,44.622772755150386],[25.480129250935445,44.62180259708361],[25.478581067665058,44.61751519513868],[25.484037662201494,44.61822984138603],[25.491992988181753,44.61239147287379],[25.48981751924228,44.60821718720962],[25.485746687219123,44.607343471431484],[25.480562962519638,44.613744097431436],[25.448531070341883,44.597251034543156],[25.448153699390563,44.594410756742384],[25.453337114070873,44.59244599998304],[25.453417742018292,44.589480072107115],[25.440142433497336,44.58160645280937],[25.440608617314858,44.574783406296675],[25.423909095862104,44.560923077926084],[25.42661426940014,44.55910099542265],[25.396681183487658,44.525695982913035],[25.374858288442702,44.5349807692921],[25.376524168488277,44.547961505691895],[25.38170954228276,44.55863512525818],[25.370775848913233,44.56481465006506],[25.38316040670458,44.57258718290457],[25.372749386651478,44.58459224427697],[25.37755176758765,44.59001111438791],[25.391971470718385,44.6227067724679],[25.382023939297,44.62867039847247],[25.374785926103762,44.6402766506721],[25.379203208303966,44.64443037823683],[25.384861387906213,44.64586445905454],[25.39389060310977,44.639147284180446],[25.39887059358901,44.642613233506594],[25.396275303150006,44.64613931973079],[25.399356452011155,44.64774713986319],[25.409680010173673,44.6417246575084],[25.416194316819773,44.64057592420951],[25.420287952434116,44.6431845509062],[25.429195261004274,44.64172768240609]]],[[[25.381351066854272,44.63195682479574],[25.382023939297,44.62867039847247],[25.391971470718385,44.6227067724679],[25.37755176758765,44.59001111438791],[25.372749386651478,44.58459224427697],[25.38316040670458,44.57258718290457],[25.370775848913233,44.56481465006506],[25.38170954228276,44.55863512525818],[25.376524168488277,44.547961505691895],[25.374858288442702,44.5349807692921],[25.396681183487658,44.525695982913035],[25.398054113990618,44.52283367972333],[25.38888538736963,44.51163395333201],[25.336858138947036,44.53675969793182],[25.312693328130948,44.525057363526564],[25.31126010274575,44.52684137870437],[25.29892031778431,44.52272274255445],[25.28224354254138,44.52960708282326],[25.27991539215215,44.52804350987449],[25.286900017673037,44.54582524104488],[25.312914896212668,44.57577153726133],[25.307423969367928,44.577864063633236],[25.31288023082823,44.5879215024648],[25.313924831080186,44.60233724469386],[25.339583224789546,44.624291597457784],[25.337421450395468,44.627167636208],[25.340958976952987,44.62973354506812],[25.339004348624407,44.631048047931195],[25.355430161563167,44.63612222660188],[25.370074645972405,44.62619389707176],[25.381351066854272,44.63195682479574]]],[[[25.38869827392706,44.511460253641765],[25.36921782500657,44.49734830005122],[25.35782943177973,44.47961807475172],[25.36663895510533,44.47417519358452],[25.35577259461424,44.45934349562861],[25.341174637239078,44.46460887004344],[25.335618683493525,44.45460511429628],[25.333086105379348,44.456099640165164],[25.322302036572182,44.446619917691116],[25.326541775473935,44.444922754798846],[25.32244856964125,44.44086939926938],[25.311255885943147,44.43442537987459],[25.308479519084738,44.436908545788874],[25.29698001040654,44.43028893825148],[25.302072217977063,44.423550069650155],[25.276475807383385,44.41625558218584],[25.250747082372047,44.40335517878947],[25.24006619440721,44.42246932579382],[25.234767503891064,44.424252164983436],[25.25824077763633,44.44126827984622],[25.26362671066201,44.435327831394964],[25.279689516589723,44.4444552780837],[25.27097649947074,44.44819787596959],[25.277326396743746,44.45337920658131],[25.266946152508574,44.467506087463484],[25.271150191949936,44.46968966883226],[25.26855335371327,44.471993960735425],[25.280037212606576,44.47485166846839],[25.279745721148007,44.47867816697442],[25.272475884558922,44.48787522359164],[25.274134534718264,44.49146194924982],[25.265651327201763,44.50712486038226],[25.25751536058319,44.51164849271209],[25.28224354254138,44.52960708282326],[25.29892031778431,44.52272274255445],[25.31126010274575,44.52684137870437],[25.312693328130948,44.525057363526564],[25.336858138947036,44.53675969793182],[25.38869827392706,44.511460253641765]]],[[[25.25387189699654,44.62687161218177],[25.28684180613485,44.61330513999179],[25.299416468805845,44.60515822041241],[25.313924831080186,44.60233724469386],[25.31288023082823,44.5879215024648],[25.307423969367928,44.577864063633236],[25.312914896212668,44.57577153726133],[25.292597701174127,44.55144589347366],[25.259077801651138,44.56852075843871],[25.251768304775183,44.56279786603109],[25.220232471711732,44.60185266359233],[25.25426691112261,44.62272784351347],[25.25203281968275,44.62457450429862],[25.25387189699654,44.62687161218177]]]]},"properties":{"alert_id":"d850a621736382c4","source":"nowcasting","alert_type":"nowcasting","feature_id":"6618a9c323f38d7d46","judet_cod":"DB","judet_nume":"Dâmbovița","county_code":"DB","county_name":"Dâmbovița","cod_judet":"DB","cod_culoare":1,"cod_culoare_nume":"Galben","culoare":"1","cod":"Galben","fenomen_principal":"Averse torențiale care vor acumula 15...20 l/mp, descărcări electrice, grindină de mici dimensiuni (sub 1 cm).","fenomen_group":"ploi/vijelii","zona_text":"Județul Argeş: Buzoești, Bârla, Slobozia, Ungheni, Stolnici, Lunca Corbului, Suseni, Rătești, Recea, Rociu, Căldăraru, Negrași, Hârsești, Mozăceni, Popești, Izvoru, Ștefan cel Mare, Teiu, Râca;<br>Județul Dâmboviţa: Corbii Mari, Odobești, Uliești, Vișina, Șelaru, Răscăeți;<br>","zona_nume":"Dâmbovița - localitati","zone_name":"Dâmbovița - localitati","display_name":"Dâmbovița - localitati","localities":["Corbii Mari","Odobești","Uliești","Vișina","Șelaru","Răscăeți"],"geometry_source":"uat_match","match_confidence":"high","interval_text":"","interval_start":"2026-09-13T20:10:00","valid_from":"2026-09-13T20:10:00","valid_to":"2026-09-13T21:30:00","interval_valabilitate_text":"","interval_end":"2026-09-13T21:30:00","data_expirare":"2026-09-13T21:30:00","mesaj_plain":"Averse torențiale care vor acumula 15...20 l/mp, descărcări electrice, grindină de mici dimensiuni (sub 1 cm).","source_url":"","source_label":"","notes":"","durata_ore":1.3,"zi":"2026-09-13"}},{"type":"Feature","geometry":{"type":"MultiPolygon","coordinates":[[[[24.876083654089516,44.76450234483877],[24.88001285942969,44.75796274615938],[24.878935030550995,44.749506688521656],[24.89574328167964,44.754165524561984],[24.896737343162403,44.74771098455853],[24.905518281251638,44.74779158472711],[24.918261929715147,44.752534385762225],[24.92889853849161,44.742884123894676],[24.922228334177206,44.73932737981759],[24.924480746947292,44.73748766645791],[24.91823300738898,44.73077591762091],[24.91979933184815,44.728346565203545],[24.902011154597172,44.72334994218954],[24.90934470925498,44.708399469029146],[24.90469365744753,44.707546370461586],[24.904298721601926,44.70520434345778],[24.913413637468466,44.706463466926266],[24.9161710505426,44.70277157567865],[24.908804042579444,44.699517708761526],[24.907395423775565,44.69605665885306],[24.921626276266934,44.6994328297761],[24.909954912699085,44.69166280536359],[24.915669771538656,44.69091428135422],[24.911246513286137,44.68495603447974],[24.919174720077923,44.66935367955118],[24.925622242359967,44.66928620728825],[24.92949719423938,44.65509094230828],[24.904905122947557,44.655410956587396],[24.904583285341655,44.658234109833764],[24.873638867589907,44.653246009820634],[24.870132450641137,44.65355392746302],[24.87093131402577,44.65964457538345],[24.865453211026942,44.659584326368474],[24.866140021772747,44.647456389101514],[24.83010182976709,44.61503358780273],[24.821839241495343,44.61216645080131],[24.79216652019204,44.613834589415454],[24.775424574393433,44.61052428647217],[24.776635887755017,44.61765291299988],[24.793257515202374,44.61925971226806],[24.789738949555712,44.62814191448882],[24.794174069260546,44.6322538087266],[24.794585988029972,44.63874821793842],[24.79851883156393,44.64100267347031],[24.79644543053822,44.64198430665282],[24.807868466422953,44.64260763875281],[24.806116611320867,44.65341097830552],[24.801284426306346,44.656923276069406],[24.798433286747272,44.656517138869916],[24.800164860268882,44.6588968845295],[24.804292869376056,44.659147413710016],[24.807347183278196,44.66525497995405],[24.82318531381606,44.669959925026944],[24.80574224065959,44.70096372387669],[24.80513317607734,44.703919387749394],[24.812256077589154,44.70440789570167],[24.812221772017477,44.70751285999747],[24.808296392554603,44.72236524268611],[24.802380485527973,44.72368912380954],[24.80875908244785,44.72280946029173],[24.80907019031105,44.725067803709244],[24.815233039905316,44.72534535412336],[24.81640240325295,44.729243125487],[24.831671655712743,44.73347893725924],[24.829935965218002,44.737315512447545],[24.83598354375019,44.738171375270475],[24.832043592079295,44.73916620350052],[24.83328898956585,44.74232380517514],[24.84196897032418,44.745247757750526],[24.832951912268225,44.7532549420741],[24.837408318698575,44.75796091345372],[24.837245435869796,44.76682723493848],[24.842959655148217,44.76567596991609],[24.84806206963003,44.76024611629893],[24.85499693698652,44.75791876632036],[24.865824115080137,44.759887940614725],[24.876083654089516,44.76450234483877]]],[[[24.998625564790217,44.92457922706185],[24.999542134557405,44.918363373156055],[24.996259168903524,44.91314773550615],[24.985920209778435,44.90545867071399],[24.973658179713308,44.90034732869954],[24.965117759922574,44.8922598568165],[24.974201287763456,44.882486410122844],[24.971171426269756,44.87812843752645],[24.975483686965507,44.87583520122058],[24.96480342773585,44.867365560844235],[24.96488423391346,44.86351581582256],[24.972045763073158,44.86090993817529],[24.96913410295018,44.859804049410755],[24.965203625813736,44.851900199006714],[24.964448950415676,44.84552387755641],[24.971408899130697,44.84472887536888],[24.976286046809836,44.83417264278472],[24.97374665015176,44.83441020652643],[24.971562556949888,44.825827284689154],[24.95696841308853,44.826691463239165],[24.945985981141586,44.820135844104456],[24.928663623640634,44.83599470958419],[24.91118966539258,44.84561852681957],[24.904151765265116,44.84492736627508],[24.89464686366937,44.85162046513589],[24.887781251745256,44.861679303596375],[24.886783600160832,44.86808740342889],[24.8971310985106,44.882359795815624],[24.89353509798243,44.886761567117745],[24.89692499984466,44.89521018063812],[24.89526537176293,44.898998407204964],[24.904605379230947,44.89892027372703],[24.92215010232428,44.90280352417703],[24.93538614680424,44.91329839446049],[24.935482825748952,44.91122548597435],[24.94368247112538,44.90997248792771],[24.95260031300724,44.91823405523612],[24.952124423891703,44.92382773454537],[24.961681153616166,44.932315285154374],[24.969537042423905,44.927718330286424],[24.998625564790217,44.92457922706185]]],[[[25.047793601749163,44.987998098271014],[25.045789367826423,44.968101243137205],[25.03682106237169,44.95131079701281],[25.044742041904176,44.940546792088085],[25.045492645469604,44.9288710871968],[25.050454727937183,44.92674979297184],[25.051417098071386,44.922630891561035],[25.052212018808255,44.91679144087724],[25.047262511665615,44.90876622467405],[25.05145400070414,44.89526325434783],[25.04753139055162,44.8925713297724],[25.05368883562774,44.87565464756498],[25.051464154473123,44.86551332119905],[25.055647676258243,44.86527569648086],[25.054297461092432,44.862669194309255],[25.057234614592133,44.860803459934445],[25.052716297550997,44.85646266797692],[25.056989577622037,44.85052011509646],[25.062651015681613,44.849995287513735],[25.05602780122049,44.84348824578461],[25.060043795488014,44.840677539467436],[25.063202750884123,44.84182311041513],[25.06188353208479,44.839369474752694],[25.064648028721436,44.83855766604307],[25.064772059217933,44.83426356892806],[25.058623279586733,44.82778990491271],[25.07006200842902,44.81592251653318],[25.059485690065184,44.80545247681824],[25.05703022780878,44.806512098517864],[25.048134111962177,44.794526385137786],[25.04738013277632,44.79754820266066],[25.03884313890775,44.80060312569205],[25.035010362497392,44.79797716543609],[25.025054218467595,44.799803326576686],[25.023872854917926,44.7969743174938],[25.022238358260854,44.80121338471631],[25.01580040343653,44.803607522701455],[25.00634417514659,44.80008889087399],[24.992672072809228,44.80813343555393],[24.987203842150848,44.81309726420108],[24.9869714546896,44.81904893600523],[24.97073064100433,44.82495924477307],[24.97374665015176,44.83441020652643],[24.976865422467945,44.835395159621925],[24.971408899130697,44.84472887536888],[24.964448950415676,44.84552387755641],[24.965203625813736,44.851900199006714],[24.96913410295018,44.859804049410755],[24.972045763073158,44.86090993817529],[24.96488423391346,44.86351581582256],[24.96480342773585,44.867365560844235],[24.975483686965507,44.87583520122058],[24.971171426269756,44.87812843752645],[24.974201287763456,44.882486410122844],[24.965117759922574,44.8922598568165],[24.973658179713308,44.90034732869954],[24.99130298012717,44.90924590877128],[24.999542134557405,44.918363373156055],[24.996952972357658,44.929807469210886],[24.988213850834995,44.93694402694149],[24.99304798215737,44.94252655955954],[24.992850251371753,44.95031101675409],[25.002855728405354,44.959066436937015],[25.003965501900986,44.96522125307215],[25.01331731155298,44.97149929477247],[25.01051260067554,44.9725410577918],[25.016610713964273,44.977371748738186],[25.030785118240747,44.982050472744504],[25.03738488544915,44.990350303743256],[25.047793601749163,44.987998098271014]]],[[[24.65759262197604,44.804142982092245],[24.65715791105917,44.78538292776723],[24.654354369059902,44.782500049026886],[24.66463219590437,44.78439577885644],[24.66904457869821,44.79015779149582],[24.675177144938765,44.78999511678445],[24.67754987716267,44.779444913525985],[24.684398028440455,44.774346512059644],[24.685492450958716,44.77052209799056],[24.698147618415,44.76607372391866],[24.70086653202277,44.75579933224907],[24.706644296063843,44.75877184963377],[24.70780256502705,44.757277169654856],[24.709143550117997,44.75308206426962],[24.705964854633436,44.7483652211119],[24.710447553978323,44.75175919676927],[24.71294935089082,44.75048507315651],[24.705766616450614,44.746937994062534],[24.703378526173356,44.732445863759544],[24.68826820353372,44.73393417427643],[24.683406024849734,44.737626094901046],[24.67382984482128,44.73698694582434],[24.674717526498487,44.73908821092779],[24.666944228180583,44.73535358379353],[24.663903309697353,44.73538157800562],[24.66344302797316,44.73759757286204],[24.649863302026716,44.735426382270276],[24.629620075970205,44.72877940673889],[24.6313638829489,44.73288216021636],[24.623636736503038,44.74006806080374],[24.620751153606346,44.73940852144475],[24.61736981789196,44.746048529782854],[24.613362063855185,44.74537023271389],[24.60713169456915,44.75370114366857],[24.593790316867906,44.75087261243156],[24.593733759460875,44.75517808759892],[24.5902968669251,44.755598640326156],[24.587825712180972,44.775686121426084],[24.58226107461858,44.77403756549255],[24.5885762368587,44.79815466067587],[24.57711918347029,44.798977169843305],[24.5744336461084,44.80818755674826],[24.59228250544287,44.81101054033625],[24.590342666417065,44.81354287975987],[24.60215804005185,44.81357857668458],[24.61234153203611,44.82580802075596],[24.61828099808196,44.82396729633342],[24.622732840729842,44.825108214847994],[24.624516799180338,44.8355951804953],[24.633322411021936,44.83800899814694],[24.637145880081825,44.83148952479359],[24.649192211238162,44.83325744499027],[24.65011054007735,44.8199497010215],[24.65759262197604,44.804142982092245]]],[[[24.94266799092621,44.8233071515858],[24.945985981141586,44.820135844104456],[24.94855686516025,44.820586457475905],[24.95434207336639,44.82563871791359],[24.961229673944818,44.82751560608793],[24.955583732963884,44.81244658943414],[24.96144801435788,44.80849817692414],[24.95643975445157,44.80456613107384],[24.947288145701837,44.80198417331],[24.949486212696037,44.799958565913705],[24.942760424036678,44.79626766308173],[24.940910776369506,44.792655668595536],[24.942206782234926,44.78497515085545],[24.933176187695402,44.784242307240106],[24.939449978197214,44.77750493081268],[24.944673612302076,44.77734580822101],[24.94336353134875,44.77509773306112],[24.934236784678667,44.779661948579005],[24.924210332126417,44.7729929522832],[24.929507831912385,44.768030241397504],[24.94409775464513,44.76267371044336],[24.936719100181726,44.754587289235104],[24.935871158744483,44.7490971388983],[24.927217684469614,44.748633361630624],[24.930966319603534,44.75128986110188],[24.92418046278089,44.75169296728181],[24.921634482566052,44.7542415904817],[24.905518281251638,44.74779158472711],[24.896737343162403,44.74771098455853],[24.89574328167964,44.754165524561984],[24.878935030550995,44.749506688521656],[24.88001285942969,44.75796274615938],[24.87535032110949,44.76607991657595],[24.88144214675653,44.768543359384516],[24.877102566041465,44.789786142610716],[24.884670384256797,44.79288668527055],[24.883545397708968,44.80166230043012],[24.894242895144618,44.80644680069109],[24.89126075910519,44.81259624358584],[24.888195445153443,44.811851568040275],[24.88100142872002,44.82179729687258],[24.875913087542568,44.822805570410644],[24.880144237739756,44.8283273413669],[24.878317323101374,44.83023427440028],[24.882495654666688,44.834215812470006],[24.88494273494369,44.832908907843674],[24.884371544942194,44.83627868494433],[24.893790989309935,44.83725419288569],[24.906016042536525,44.829084291777484],[24.90952588372285,44.82970756854734],[24.91391888638801,44.8191781367928],[24.915626726018733,44.82150889235467],[24.917663624028222,44.81980888901083],[24.92631035419983,44.82183932967861],[24.9346048289772,44.817476076929296],[24.94266799092621,44.8233071515858]]],[[[24.772626301536178,44.85512399566872],[24.790908415611867,44.85202505315247],[24.834148016516192,44.85390844006029],[24.834394832418145,44.85040603396937],[24.84060219655666,44.85092780937108],[24.840772463248975,44.84843542874531],[24.85075839965873,44.84272938830804],[24.845274040000984,44.83898234291689],[24.84810875070159,44.83258269992117],[24.85208195740513,44.832847447966024],[24.856040562594284,44.824990449234704],[24.86222148353374,44.82250999845962],[24.867041995556953,44.824572849158955],[24.870106328626463,44.82070792171398],[24.855416009045143,44.815749048027214],[24.85832928207028,44.80734280842664],[24.84559550608386,44.804320625541386],[24.842173057518426,44.805281111374846],[24.838227272549645,44.8028952676408],[24.83327938246373,44.80589817846025],[24.826349413045424,44.80426349077742],[24.827278308173607,44.80261822329806],[24.803220243612294,44.79757394824627],[24.799433008472164,44.80390091023026],[24.793590013293226,44.806097697734415],[24.78547374562276,44.80431012285516],[24.785556318484836,44.80216494176581],[24.77393146306232,44.802855441008155],[24.778000310394724,44.80221843281022],[24.777717396705476,44.799554685453636],[24.766089463610154,44.79988270771456],[24.76699746927604,44.802496821660036],[24.75869363459046,44.797534323120125],[24.760166214864167,44.80390048674653],[24.754819175830693,44.804415442392504],[24.75383240588915,44.81028465226629],[24.75013126134825,44.80970572178418],[24.75101260445229,44.81706184738088],[24.74822134409377,44.82433159026521],[24.753955491177837,44.830896769959544],[24.75056251698171,44.84462696835792],[24.74614574214694,44.849216810128155],[24.751258263919084,44.85033654538891],[24.751504698245565,44.84864312871505],[24.75611840150355,44.84855086959522],[24.7559715034398,44.85189026428246],[24.772626301536178,44.85512399566872]]],[[[24.8001257801771,44.723321431926486],[24.808296392554603,44.72236524268611],[24.812221772017477,44.70751285999747],[24.812256077589154,44.70440789570167],[24.80513317607734,44.703919387749394],[24.80574224065959,44.70096372387669],[24.82318531381606,44.669959925026944],[24.807347183278196,44.66525497995405],[24.804292869376056,44.659147413710016],[24.800164860268882,44.6588968845295],[24.798433286747272,44.656517138869916],[24.801284426306346,44.656923276069406],[24.806116611320867,44.65341097830552],[24.80801167376953,44.643388945575715],[24.79644543053822,44.64198430665282],[24.79851883156393,44.64100267347031],[24.794585988029972,44.63874821793842],[24.794174069260546,44.6322538087266],[24.789738949555712,44.62814191448882],[24.793257515202374,44.61925971226806],[24.75477792972804,44.615108800099435],[24.710543973586713,44.628027224588614],[24.707461892326574,44.63804607053119],[24.701055054984142,44.64040363462985],[24.70539064332365,44.6478349256467],[24.701340907104257,44.65417408045369],[24.705173455984436,44.65626043793414],[24.70220456419486,44.65900139708663],[24.691157609903872,44.69552876019195],[24.692867261636035,44.69676506489323],[24.68568032224792,44.70011332495798],[24.710554924022897,44.710512300268576],[24.706579125775846,44.71407689600485],[24.709764374495023,44.71250348429102],[24.712159308424447,44.71509385649991],[24.721743983822932,44.71459804828124],[24.732781368102845,44.70536203330186],[24.732971316926328,44.70077931844845],[24.735428198272693,44.699720031638186],[24.729383863314528,44.69268134852949],[24.738592045689433,44.690627796841454],[24.74817277786548,44.692621077398485],[24.74974682770685,44.694878532383264],[24.746348718204707,44.70020848725775],[24.74862460967933,44.6990003060561],[24.766282289426822,44.70783170324315],[24.766373198407322,44.71187814004723],[24.77171481280928,44.7147963480364],[24.77380013867275,44.72684055805712],[24.78400113180918,44.738671586578214],[24.78300790561456,44.74492051399217],[24.79115012351989,44.7489658756144],[24.803555122982484,44.74630155343841],[24.799540559028284,44.73569559967677],[24.8039861809501,44.73516422943741],[24.805179754927067,44.731862265053785],[24.79881671414622,44.72877100573903],[24.8001257801771,44.723321431926486]]],[[[24.935871158744483,44.7490971388983],[24.939502560919422,44.746780499492665],[24.941786289622968,44.739514789866575],[24.955295720366358,44.74500601824954],[24.95723813951149,44.73283204572355],[24.96890005044627,44.73805400161394],[24.972432358821425,44.73326471432075],[24.98107522509761,44.73925833896444],[24.988821405531326,44.73047323096984],[24.981093372124747,44.72676686641756],[25.00483448338944,44.70258374021258],[24.993446175310773,44.69540709366144],[24.993371621026487,44.70047655326807],[24.990277286779527,44.694725972466046],[24.988249811314066,44.69555015770649],[24.98390068862073,44.69087717245699],[24.980817191268073,44.69085734232822],[24.980660920325406,44.680407595208074],[24.97806729964238,44.67907161654154],[24.9753113444836,44.66939252854798],[24.939014746968443,44.64743217107019],[24.933433389784778,44.647035405129195],[24.933783453119332,44.65160351887773],[24.927417231940503,44.65829278023554],[24.925622242359967,44.66928620728825],[24.919174720077923,44.66935367955118],[24.911246513286137,44.68495603447974],[24.915635814540114,44.69036006761853],[24.910170658194478,44.69044962675085],[24.912056464966405,44.69463522725533],[24.921626276266934,44.6994328297761],[24.907395423775565,44.69605665885306],[24.908804042579444,44.699517708761526],[24.9161710505426,44.70277157567865],[24.913413637468466,44.706463466926266],[24.904298721601926,44.70520434345778],[24.90469365744753,44.707546370461586],[24.90934470925498,44.708399469029146],[24.902011154597172,44.72334994218954],[24.91979933184815,44.728346565203545],[24.91823300738898,44.73077591762091],[24.924480746947292,44.73748766645791],[24.922228334177206,44.73932737981759],[24.92889853849161,44.742884123894676],[24.918261929715147,44.752534385762225],[24.921634482566052,44.7542415904817],[24.92418046278089,44.75169296728181],[24.930966319603534,44.75128986110188],[24.927217684469614,44.748633361630624],[24.935871158744483,44.7490971388983]]],[[[24.875476250441118,44.82979084602175],[24.880144237739756,44.8283273413669],[24.875913087542568,44.822805570410644],[24.88100142872002,44.82179729687258],[24.888195445153443,44.811851568040275],[24.89126075910519,44.81259624358584],[24.894242895144618,44.80644680069109],[24.883545397708968,44.80166230043012],[24.884670384256797,44.79288668527055],[24.877102566041465,44.789786142610716],[24.88144214675653,44.768543359384516],[24.865824115080137,44.759887940614725],[24.85499693698652,44.75791876632036],[24.84806206963003,44.76024611629893],[24.842959655148217,44.76567596991609],[24.837245435869796,44.76682723493848],[24.837408318698575,44.75796091345372],[24.832951912268225,44.7532549420741],[24.84196897032418,44.745247757750526],[24.83328898956585,44.74232380517514],[24.832043592079295,44.73916620350052],[24.83598354375019,44.738171375270475],[24.829935965218002,44.737315512447545],[24.831671655712743,44.73347893725924],[24.81640240325295,44.729243125487],[24.815233039905316,44.72534535412336],[24.80907019031105,44.725067803709244],[24.80875908244785,44.72280946029173],[24.8001257801771,44.723321431926486],[24.79881671414622,44.72877100573903],[24.805179754927067,44.731862265053785],[24.8039861809501,44.73516422943741],[24.799540559028284,44.73569559967677],[24.803555122982484,44.74630155343841],[24.79115012351989,44.7489658756144],[24.792449230791302,44.756117164933826],[24.777674781001814,44.76948661178036],[24.775943324576943,44.76877044492949],[24.770845574960312,44.77593946306187],[24.756066932553665,44.78450839612926],[24.76000286256772,44.787504677463915],[24.758081128419665,44.788708690688644],[24.76395995403821,44.79164400467455],[24.762684576200463,44.79607364255435],[24.766089463610154,44.79988270771456],[24.777717396705476,44.799554685453636],[24.778663413759894,44.8016334356034],[24.774512546124175,44.80304411391326],[24.785556318484836,44.80216494176581],[24.78547374562276,44.80431012285516],[24.793590013293226,44.806097697734415],[24.799433008472164,44.80390091023026],[24.803220243612294,44.79757394824627],[24.827278308173607,44.80261822329806],[24.826349413045424,44.80426349077742],[24.83327938246373,44.80589817846025],[24.838227272549645,44.8028952676408],[24.842173057518426,44.805281111374846],[24.84559550608386,44.804320625541386],[24.85832928207028,44.80734280842664],[24.855416009045143,44.815749048027214],[24.870106328626463,44.82070792171398],[24.867041995556953,44.824572849158955],[24.874612349986837,44.826133509944],[24.875476250441118,44.82979084602175]]],[[[24.971562556949888,44.825827284689154],[24.972377936804033,44.82360227001158],[24.9869714546896,44.81904893600523],[24.987858658111037,44.8119453955104],[25.00634417514659,44.80008889087399],[25.01580040343653,44.803607522701455],[25.022238358260854,44.80121338471631],[25.02321332200985,44.79727181135057],[25.026723251639773,44.79607100337576],[25.037830049081226,44.79702301736344],[25.039092571024046,44.790312314373466],[25.061003085911857,44.78546919077724],[25.065967477296883,44.78028330447578],[25.0720490194676,44.77992660933363],[25.07438027612133,44.78160534636679],[25.074107466368094,44.78420810982146],[25.072008064395956,44.78298607216508],[25.066221543756853,44.785760686124235],[25.068398497985676,44.78810898884837],[25.07365668485571,44.78693838238849],[25.0925173319416,44.77769728950925],[25.09483579801481,44.774226162533054],[25.097234600702595,44.775099681501],[25.094803782090835,44.77090278691018],[25.099784146067165,44.767848696515244],[25.10729133211848,44.76697513913009],[25.116145573069822,44.758258355451716],[25.109209625283743,44.746693566483195],[25.102590266238476,44.74457867853984],[25.09481309218688,44.747128105637344],[25.081524547541623,44.705394535152635],[25.070644445500758,44.69299467697441],[25.067585558064913,44.693201843888595],[25.06766350774925,44.699499879191244],[25.06171731450938,44.70236109972393],[25.058961582399956,44.70228778122507],[25.04757043222194,44.69244564166739],[25.030984005886165,44.70198333754521],[25.036529287374016,44.712010057687486],[25.028873558475617,44.7167065258112],[25.026644720482533,44.715582462860894],[25.023935438138405,44.71894292758715],[24.99953182606606,44.70905355531937],[24.981093372124747,44.72676686641756],[24.988821405531326,44.73047323096984],[24.986979631996252,44.73278108373798],[25.005912587399518,44.7415060690225],[25.016205789912114,44.754755336053336],[25.015185129144115,44.75715550477452],[25.006232228582757,44.75821476539666],[25.01391359357794,44.77232078007362],[25.01057806948225,44.77714117529661],[24.992369990489316,44.78658032380291],[24.992600741222606,44.7895566056553],[24.98712015001068,44.79341583243505],[24.989002741250737,44.79744672647812],[24.977088356359513,44.80291660773766],[24.970384753220703,44.80213945197501],[24.955583732963884,44.81244658943414],[24.961229673944818,44.82751560608793],[24.971562556949888,44.825827284689154]]],[[[24.986979631996252,44.73278108373798],[24.98107522509761,44.73925833896444],[24.972432358821425,44.73326471432075],[24.96890005044627,44.73805400161394],[24.95723813951149,44.73283204572355],[24.955231042217658,44.745028126948725],[24.941786289622968,44.739514789866575],[24.939502560919422,44.746780499492665],[24.935867218748935,44.74953340879958],[24.936719100181726,44.754587289235104],[24.94409775464513,44.76267371044336],[24.929507831912385,44.768030241397504],[24.924210332126417,44.7729929522832],[24.934236784678667,44.779661948579005],[24.94336353134875,44.77509773306112],[24.944673612302076,44.77734580822101],[24.939449978197214,44.77750493081268],[24.933176187695402,44.784242307240106],[24.942206782234926,44.78497515085545],[24.940910776369506,44.792655668595536],[24.942760424036678,44.79626766308173],[24.949486212696037,44.799958565913705],[24.947288145701837,44.80198417331],[24.95643975445157,44.80456613107384],[24.96144801435788,44.80849817692414],[24.970384753220703,44.80213945197501],[24.977088356359513,44.80291660773766],[24.989002741250737,44.79744672647812],[24.98712015001068,44.79341583243505],[24.992600741222606,44.7895566056553],[24.992369990489316,44.78658032380291],[25.01057806948225,44.77714117529661],[25.01391359357794,44.77232078007362],[25.006232228582757,44.75821476539666],[25.015185129144115,44.75715550477452],[25.016205789912114,44.754755336053336],[25.005912587399518,44.7415060690225],[24.986979631996252,44.73278108373798]]],[[[24.753255729537823,44.78704708575608],[24.770845574960312,44.77593946306187],[24.775943324576943,44.76877044492949],[24.777674781001814,44.76948661178036],[24.78289319818057,44.765404479700095],[24.792449230791302,44.756117164933826],[24.79241928098621,44.75023783422468],[24.78300790561456,44.74492051399217],[24.78400113180918,44.738671586578214],[24.77380013867275,44.72684055805712],[24.77171481280928,44.7147963480364],[24.766373198407322,44.71187814004723],[24.766282289426822,44.70783170324315],[24.74862460967933,44.6990003060561],[24.746348718204707,44.70020848725775],[24.74974682770685,44.694878532383264],[24.74817277786548,44.692621077398485],[24.738592045689433,44.690627796841454],[24.729383863314528,44.69268134852949],[24.735428198272693,44.699720031638186],[24.732971316926328,44.70077931844845],[24.732781368102845,44.70536203330186],[24.718351589967064,44.7167873530003],[24.725064999821427,44.72119917027134],[24.715940266664756,44.71825093034213],[24.71001100715643,44.72204467182686],[24.71019547650851,44.72681168844528],[24.705197513619343,44.72708242376415],[24.707473212501352,44.731272321686795],[24.703319324725587,44.732285945949954],[24.703485533783862,44.74051149833201],[24.705766616450614,44.746937994062534],[24.71294935089082,44.75048507315651],[24.710447553978323,44.75175919676927],[24.705964854633436,44.7483652211119],[24.708675708746455,44.75600416353596],[24.706644296063843,44.75877184963377],[24.70086653202277,44.75579933224907],[24.69802179455649,44.76614309119897],[24.70073065854497,44.76652530766683],[24.699149408381846,44.76508972650415],[24.706655965108624,44.77015938365846],[24.720212701253182,44.77500324365066],[24.715143971354948,44.77592821507684],[24.722357396438515,44.77943883161299],[24.723587433498523,44.7777434529348],[24.728426975084005,44.7805376907041],[24.73424429682267,44.77381692371736],[24.747600171220174,44.7874135869606],[24.751155012431397,44.78575506769747],[24.753255729537823,44.78704708575608]]]]},"properties":{"alert_id":"fc69187d50c2f7db","source":"nowcasting","alert_type":"nowcasting","feature_id":"dbc98e9eea6f1da558","judet_cod":"AG","judet_nume":"Argeș","county_code":"AG","county_name":"Argeș","cod_judet":"AG","cod_culoare":1,"cod_culoare_nume":"Galben","culoare":"1","cod":"Galben","fenomen_principal":"Averse torențiale care vor acumula 15...25 l/mp, descărcări electrice, grindină de mici dimensiuni (sub 1 cm).","fenomen_group":"ploi/vijelii","zona_text":"Județul Argeş: Costești, Ștefănești, Călinești, Vedea, Bradu, Moșoaia, Lunca Corbului, Suseni, Albota, Căteasca, Oarja, Săpata;<br>Județul Dâmboviţa: Găești, Titu, Cornești, Dragodana, Petrești, Cojasca, Mătăsaru, Odobești, Finta, Braniștea, Uliești, Mogoșani, Sălcioara, Dobra, Produlești, Costeștii din Vale, Crângurile, Morteni, Cornățelu, Bilciurești;<br>","zona_nume":"Argeș - localitati","zone_name":"Argeș - localitati","display_name":"Argeș - localitati","localities":["Costești","Ștefănești","Călinești","Vedea","Bradu","Moșoaia","Lunca Corbului","Suseni","Albota","Căteasca","Oarja","Săpata"],"geometry_source":"uat_match","match_confidence":"high","interval_text":"","interval_start":"2026-09-13T19:20:00","valid_from":"2026-09-13T19:20:00","valid_to":"2026-09-13T20:30:00","interval_valabilitate_text":"","interval_end":"2026-09-13T20:30:00","data_expirare":"2026-09-13T20:30:00","mesaj_plain":"Averse torențiale care vor acumula 15...25 l/mp, descărcări electrice, grindină de mici dimensiuni (sub 1 cm).","source_url":"","source_label":"","notes":"","durata_ore":1.2,"zi":"2026-09-13"}},{"type":"Feature","geometry":{"type":"MultiPolygon","coordinates":[[[[25.32997823157129,44.74900867535836],[25.328367214320902,44.74675172133344],[25.340511097644377,44.73863723063763],[25.34066982536825,44.73491406095166],[25.344129248727693,44.73441059270304],[25.343855152870848,44.72473628613416],[25.349212990478517,44.72460468333646],[25.348808849837198,44.72265913462421],[25.34356829355336,44.72191736132136],[25.343427376030377,44.71466921102653],[25.35322802193473,44.71344519408993],[25.352796584283503,44.70483166228317],[25.343264773318847,44.706751200951146],[25.339352617903803,44.692639030474076],[25.33056282674512,44.69555835060462],[25.324568878644158,44.69497487868956],[25.322025194180615,44.701516008853716],[25.292348992447828,44.69860096137507],[25.290219754949547,44.70207665548208],[25.285419948860373,44.70365514263468],[25.284538477693317,44.707376302036174],[25.273921963309157,44.70744146531559],[25.268702039363856,44.71020749535527],[25.271769683358173,44.7214655376943],[25.27833822291625,44.71962265325722],[25.282561512741978,44.72239177882421],[25.286104931212652,44.72084761656769],[25.295210488274897,44.73307152325327],[25.30145393978017,44.73168513786508],[25.303366977645418,44.73607698404526],[25.30728355048812,44.73186246006639],[25.31124119677562,44.73043298271466],[25.30750648022324,44.73748098685624],[25.318176466445102,44.74453253511047],[25.320927529485466,44.75034727145465],[25.317947197300644,44.75168686452983],[25.32997823157129,44.74900867535836]]],[[[25.579108605273987,44.662397571103064],[25.630164085643766,44.65832797103421],[25.62114664697482,44.647497141226005],[25.623157810598617,44.645603187650686],[25.605553869484115,44.63554485077974],[25.608464189687968,44.633249794258454],[25.60233025176837,44.628229569207576],[25.62859496137842,44.61177589550514],[25.62297970383023,44.60655381838649],[25.626256328064322,44.604031630480556],[25.63439484596828,44.60879578768887],[25.639857186254627,44.60637131615287],[25.640795990425662,44.602406384813825],[25.647382961533104,44.59981053641526],[25.64021778906956,44.59444552946897],[25.650272475555937,44.58641273374802],[25.64424066222698,44.583859331599534],[25.59363694294045,44.6199274699231],[25.585062939984006,44.61722021238045],[25.584309042123934,44.61997923950497],[25.593061353914983,44.62451304089841],[25.58275029719257,44.63078439622516],[25.580490030185512,44.62897170738585],[25.57167925897396,44.63426630373825],[25.570458532090562,44.6329505541207],[25.5638114301989,44.63517769180805],[25.562962720388636,44.638053811485506],[25.55285896134725,44.64296604121486],[25.542057131207436,44.641197652356524],[25.53737811026846,44.63611482300684],[25.540175359309632,44.6332800428471],[25.538820761941437,44.63105202153424],[25.522229199049598,44.62259391874802],[25.519904752791383,44.6263127433184],[25.526391518149893,44.63279487533048],[25.514354446246696,44.645117674296934],[25.52127543158283,44.65088970479484],[25.513497708886028,44.661795737851115],[25.518570237939592,44.66594474215364],[25.507664205108604,44.672705856595634],[25.515521341735184,44.671069099106575],[25.520242313803212,44.67516543920246],[25.516961839995155,44.67834321541134],[25.508940581459164,44.67811106388024],[25.507980641236813,44.67987397070834],[25.511019459610555,44.67947411120148],[25.515574250288296,44.685936427410994],[25.532749020502703,44.69137426105929],[25.54548477175119,44.67023073592774],[25.549761254339494,44.67212311089901],[25.553975293821463,44.66506182085078],[25.560367961856084,44.67175491269641],[25.560507032947317,44.66921460321217],[25.565261135242586,44.669593422506296],[25.566701721768062,44.66583568370131],[25.573695345573014,44.667916869089396],[25.574375610732396,44.664241615280176],[25.578374295835268,44.665310948367775],[25.579108605273987,44.662397571103064]]],[[[25.88290227887871,44.814060365566746],[25.894833871059035,44.80000556746959],[25.899572762226985,44.8011240212089],[25.909133875161093,44.796006502663474],[25.906751395395496,44.79425413539755],[25.905316588088084,44.795722589768594],[25.905911200024075,44.79103862102955],[25.909149051784063,44.786686309691156],[25.915961237001667,44.785694650355175],[25.915071061031263,44.78321978382812],[25.919123436991427,44.779795529250634],[25.917194748426873,44.7776345017426],[25.91996331899535,44.77573581013246],[25.916019627227712,44.77557344517852],[25.915685074625458,44.772158509179064],[25.92312283499483,44.773338846973665],[25.926742044884815,44.77164058233133],[25.922524020506327,44.77055727386622],[25.929744240805853,44.7682136569153],[25.92480935931571,44.76267609931419],[25.9334383541757,44.76309285747176],[25.935326573590878,44.757831556490764],[25.94078879796305,44.75658170060773],[25.941182568243704,44.75341286556444],[25.936683951324415,44.74842088661842],[25.923908529591934,44.744361638419775],[25.92493823277441,44.739036527170406],[25.921110769869063,44.739465312419036],[25.922715825146085,44.73522867866734],[25.916706401396976,44.73433352661127],[25.91647758498056,44.73746576546113],[25.908902283721385,44.734545659768784],[25.911391444224606,44.72247894106904],[25.90452549095456,44.72095803748149],[25.908558393645475,44.711304173565196],[25.90369963450241,44.70872133925875],[25.89795675486138,44.71073649244597],[25.884860711657407,44.709489712903434],[25.887708949072163,44.71419265849929],[25.889760750575288,44.71394049188682],[25.889514563283985,44.71604176980283],[25.885249798737245,44.716274033662735],[25.883627246424524,44.73272593637993],[25.880549593041298,44.732486005815545],[25.87699461604077,44.73578377640517],[25.869691939491425,44.731164738149374],[25.865849300455814,44.738141126880464],[25.861042898477663,44.73735053123887],[25.857967837862407,44.745413953480345],[25.846564902645973,44.74094720208108],[25.844559729477027,44.74421011415108],[25.839557806204528,44.742179139140106],[25.829915529835326,44.75655517406152],[25.811843025129235,44.76139285366787],[25.8099999036252,44.766788023982535],[25.804925393528585,44.767130427435426],[25.810544466400824,44.76823515897738],[25.8125577358162,44.77138745651884],[25.810588341275924,44.7757578098453],[25.816396660696842,44.77479785636341],[25.820546016252433,44.77658301879592],[25.8335236293907,44.787882273031215],[25.838105214992904,44.78914818660894],[25.842129923682727,44.78711016104192],[25.84783088981922,44.79119808667816],[25.846032041422024,44.79287663546337],[25.85055682918432,44.79351173770711],[25.839320358518574,44.805905945785305],[25.84426340770582,44.813991006710985],[25.843049302574684,44.816010631739196],[25.86005450228758,44.82613336564559],[25.862911720346567,44.83082910194318],[25.874732543948046,44.83118462492406],[25.873385096144784,44.82538425029324],[25.876893400636323,44.820285744951505],[25.88160252749201,44.82110394336077],[25.88626917126854,44.81801793147348],[25.88290227887871,44.814060365566746]]],[[[25.45691060871234,44.784528865316695],[25.445967431529635,44.7779501469495],[25.439273619844794,44.776985035524916],[25.421244162823104,44.76063408674403],[25.42648438047471,44.748142812019296],[25.411547233464173,44.74095573200635],[25.41948472929494,44.73534014572749],[25.416647927814772,44.73271903588205],[25.421060212441844,44.73060037930116],[25.420941597204894,44.72809099535449],[25.40555428622513,44.70689653099679],[25.393044908587676,44.70844398636729],[25.380892718544835,44.69953441743505],[25.352796584283503,44.70483166228317],[25.35322802193473,44.71344519408993],[25.343427376030377,44.71466921102653],[25.34356829355336,44.72191736132136],[25.348808849837198,44.72265913462421],[25.349212990478517,44.72460468333646],[25.343855152870848,44.72473628613416],[25.344129248727693,44.73441059270304],[25.34066982536825,44.73491406095166],[25.340511097644377,44.73863723063763],[25.336247546109956,44.740671983861205],[25.337145095632934,44.74634064983536],[25.34074677228733,44.746411645748616],[25.340866383870868,44.752055347943646],[25.347366011101503,44.75197420526311],[25.35377290389957,44.76007315609294],[25.35402139347869,44.768002237585094],[25.36656505931151,44.76781690332723],[25.366288580748883,44.76243309226386],[25.37230109426519,44.762288744944584],[25.374634626338924,44.765550088761245],[25.37332572281391,44.76880153301795],[25.383760535012268,44.77415375395053],[25.382725221979396,44.77598573142475],[25.375394214698527,44.77683555875431],[25.375317059494332,44.78181297170574],[25.370786453833308,44.785469032694465],[25.36946269006603,44.791498062942566],[25.375258307225327,44.795809580391975],[25.370082068463635,44.79782998882674],[25.367984573755066,44.807158811845504],[25.360010689388098,44.81113328163894],[25.36070214150577,44.81429821379828],[25.398223410377994,44.811726913190334],[25.399229874118156,44.81906630441453],[25.42707872447263,44.81699039160611],[25.42244719013001,44.81133352791254],[25.423236004470592,44.7963686681481],[25.41695738378366,44.793574788960946],[25.433687669063126,44.78513419966527],[25.443525673022187,44.79664533084544],[25.448657328652384,44.78958667331527],[25.452670084237994,44.79040975916172],[25.45691060871234,44.784528865316695]]],[[[25.268702039363856,44.71020749535527],[25.273921963309157,44.70744146531559],[25.284538477693317,44.707376302036174],[25.285419948860373,44.70365514263468],[25.290219754949547,44.70207665548208],[25.292348992447828,44.69860096137507],[25.322025194180615,44.701516008853716],[25.324568878644158,44.69497487868956],[25.33056282674512,44.69555835060462],[25.339352617903803,44.692639030474076],[25.335886327890403,44.68330865030168],[25.342665930510478,44.680208315966915],[25.340096949524426,44.67506676378058],[25.350886764034325,44.674553533700156],[25.354751016012177,44.66776123329428],[25.378391850933625,44.665564075683356],[25.384010035812327,44.66100629232202],[25.38141697016122,44.660403140830276],[25.381204656211757,44.65177563310146],[25.39887059358901,44.642613233506594],[25.39389060310977,44.639147284180446],[25.385274205152207,44.64572571632959],[25.379203208303966,44.64443037823683],[25.37460419380062,44.63841802491863],[25.381351066854272,44.63195682479574],[25.370074645972405,44.62619389707176],[25.355430161563167,44.63612222660188],[25.339004348624407,44.631048047931195],[25.340958976952987,44.62973354506812],[25.337421450395468,44.627167636208],[25.339583224789546,44.624291597457784],[25.313924831080186,44.60233724469386],[25.299416468805845,44.60515822041241],[25.28684180613485,44.61330513999179],[25.268301860334873,44.62085425501381],[25.27082199635257,44.62559908098474],[25.279906021348403,44.62304855837062],[25.291182951463504,44.64731850901964],[25.286768063847493,44.647932936454744],[25.281506963618792,44.65287299872199],[25.280568572003734,44.6617131585666],[25.275442505027385,44.65866828564423],[25.27756008280005,44.66741400149595],[25.26576450150244,44.67239675839057],[25.26219035390353,44.6771759537796],[25.2640292156487,44.68010066740253],[25.25430518522264,44.684541823696044],[25.25059865568417,44.68324624313943],[25.250604599066005,44.68669936378179],[25.23607639248832,44.69115171553148],[25.237341411351384,44.69494289139028],[25.2348841176637,44.69571134066865],[25.248660254795617,44.71131311982136],[25.261794864546548,44.70711576314978],[25.268702039363856,44.71020749535527]]],[[[25.887708949072163,44.71419265849929],[25.884335789366318,44.703293114334535],[25.846454067125997,44.692219874482106],[25.845412276417303,44.6985949061871],[25.832525170032966,44.70149923332126],[25.8186038267861,44.69607750753529],[25.81103303876038,44.70431620548278],[25.805647912846023,44.70456412325854],[25.80388419434631,44.7065579900183],[25.795068453852902,44.705491776475256],[25.797002667113325,44.70186966745475],[25.785578436138028,44.69499806089962],[25.7822546644142,44.698730875891414],[25.812634540600815,44.724572381745375],[25.824511709105654,44.730734833500826],[25.833524712358503,44.73090776403967],[25.835651662089095,44.73263570459217],[25.833682343992198,44.73596995074814],[25.857967837862407,44.745413953480345],[25.861042898477663,44.73735053123887],[25.865849300455814,44.738141126880464],[25.869691939491425,44.731164738149374],[25.87699461604077,44.73578377640517],[25.880549593041298,44.732486005815545],[25.883627246424524,44.73272593637993],[25.885249798737245,44.716274033662735],[25.889514563283985,44.71604176980283],[25.889760750575288,44.71394049188682],[25.887708949072163,44.71419265849929]]],[[[25.464707974140172,44.731053021518534],[25.477844601878605,44.70751734943309],[25.48607783123712,44.70524125454558],[25.48646859097404,44.70168433885407],[25.494681408222945,44.696982036220085],[25.457732695838565,44.679451494903724],[25.459679197475836,44.67537612312725],[25.474977877590934,44.67529674516879],[25.477605169312667,44.67241769551081],[25.47620711276161,44.66766392411154],[25.468084936052264,44.66137108590605],[25.463540311970025,44.663074996976135],[25.467240034264677,44.65859480410156],[25.462238459329896,44.654551874922255],[25.46475619068445,44.65184686453923],[25.445315172337644,44.6371186373638],[25.45187576022381,44.63738223329744],[25.463852128423145,44.63100450001275],[25.463414955048908,44.625965381369845],[25.450779870296522,44.62362875974525],[25.45032733060965,44.62644106938284],[25.44457962963188,44.62878174875184],[25.438613061842933,44.62725213113145],[25.430089342472154,44.63141450877219],[25.434011146633676,44.63706157438471],[25.43283053605876,44.63885690109034],[25.42937458749315,44.63849884209863],[25.428641260998685,44.64129170707588],[25.431682250815904,44.64664971463725],[25.418470112172837,44.656564741512966],[25.42879497460109,44.66487211678011],[25.421797167190338,44.667479788860035],[25.41964100759183,44.67270977788303],[25.42571855999726,44.67487273301722],[25.425447676469958,44.680251764147584],[25.431482315937007,44.68700844135383],[25.43536621184951,44.6876562646884],[25.39204890366603,44.6966874491544],[25.39931923094569,44.7009970896218],[25.395030207778685,44.70413118357853],[25.398646721268797,44.70774319897347],[25.405624517272,44.706971293410994],[25.420941597204894,44.72809099535449],[25.421060212441844,44.73060037930116],[25.416647927814772,44.73271903588205],[25.41948472929494,44.73534014572749],[25.411547233464173,44.74095573200635],[25.440459624327573,44.75564777032265],[25.450365641759564,44.74751324841867],[25.44931595679963,44.74325884971276],[25.45614492455854,44.74168136226947],[25.46053861626824,44.73732108125261],[25.46365580156299,44.73354149349087],[25.46144015113666,44.73076781799051],[25.464707974140172,44.731053021518534]]],[[[25.585951928931678,44.6165406387729],[25.583040373946876,44.615492577442204],[25.58082610861661,44.617179117535635],[25.560581457463382,44.597871914567776],[25.57520350821235,44.58505481241948],[25.572804278786144,44.581702958339115],[25.57680393141037,44.58120290223237],[25.58140792468072,44.57319357246731],[25.532568868071845,44.55480577168288],[25.53073979481139,44.561456259245],[25.52473688733886,44.559884155761225],[25.522866421962316,44.56296940012369],[25.535666069908345,44.56470002997307],[25.535122490093325,44.56786013558866],[25.529417789042277,44.57055404020992],[25.525693705827777,44.567656822762864],[25.51787505151405,44.58204233040607],[25.50766571082837,44.58577489355253],[25.502150207819668,44.58452799645592],[25.50385524752385,44.58823118501795],[25.496719938857403,44.59236725812853],[25.500679233683545,44.59393565912329],[25.496521276846693,44.60322538508487],[25.48862973575915,44.604945753817006],[25.49188428680013,44.61301181799274],[25.514294128442945,44.611381225335485],[25.530652866242296,44.62161336805931],[25.52679439906737,44.62536754464224],[25.538820761941437,44.63105202153424],[25.540175359309632,44.6332800428471],[25.53737811026846,44.63611482300684],[25.54177583309263,44.640968008420835],[25.54951558456277,44.64296877983748],[25.580490030185512,44.62897170738585],[25.58275029719257,44.63078439622516],[25.593061353914983,44.62451304089841],[25.584309042123934,44.61997923950497],[25.585951928931678,44.6165406387729]]],[[[25.774521479365962,44.83751895034513],[25.77764098356066,44.82464529489248],[25.780857263384647,44.822324254758335],[25.783381035007583,44.82457194579582],[25.841832790476264,44.80997166356133],[25.839320358518574,44.805905945785305],[25.84110066699214,44.80243829598517],[25.85055682918432,44.79351173770711],[25.846032041422024,44.79287663546337],[25.84783088981922,44.79119808667816],[25.842129923682727,44.78711016104192],[25.838105214992904,44.78914818660894],[25.8335236293907,44.787882273031215],[25.820546016252433,44.77658301879592],[25.816396660696842,44.77479785636341],[25.810588341275924,44.7757578098453],[25.8125577358162,44.77138745651884],[25.809325245337163,44.769244042646775],[25.805405294419916,44.767825207579506],[25.80378844446114,44.76998571592294],[25.79920336884398,44.76945928928055],[25.797648913222634,44.76389410695738],[25.794249610449555,44.76352956169154],[25.79222150663753,44.767798772256654],[25.75291223884286,44.75167436116733],[25.755776692182987,44.75881068892082],[25.769702395276454,44.77125499106287],[25.76198596436988,44.77690441448923],[25.754970482256596,44.77038803338725],[25.73682173655448,44.78314430403078],[25.73957648185301,44.78497990872624],[25.736880987262804,44.788447466197724],[25.73080312212118,44.79272776257086],[25.724639838088383,44.793863125391745],[25.749806903501028,44.83277025491329],[25.752821098350694,44.841542553548045],[25.7582971144016,44.8431495374513],[25.774521479365962,44.83751895034513]]],[[[25.610994887411305,44.69760010167267],[25.612950930072873,44.69495467199896],[25.624498129264012,44.69324131423133],[25.62508220437841,44.69075158511609],[25.627727887354972,44.691552285974765],[25.630371616570983,44.68852459773168],[25.628511541275746,44.68574229442125],[25.596825663972343,44.668565828240666],[25.60273561183213,44.66076437530823],[25.579108605273987,44.662397571103064],[25.578374295835268,44.665310948367775],[25.574375610732396,44.664241615280176],[25.573695345573014,44.667916869089396],[25.566701721768062,44.66583568370131],[25.565261135242586,44.669593422506296],[25.560507032947317,44.66921460321217],[25.560367961856084,44.67175491269641],[25.553975293821463,44.66506182085078],[25.549761254339494,44.67212311089901],[25.54548477175119,44.67023073592774],[25.532631146272465,44.69158856787626],[25.55869445525123,44.70037442015959],[25.591957062308488,44.69260906865191],[25.600867282999467,44.70387012900681],[25.60745137921228,44.69641450784],[25.610994887411305,44.69760010167267]]],[[[25.429195261004274,44.64172768240609],[25.42937458749315,44.63849884209863],[25.43283053605876,44.63885690109034],[25.434011146633676,44.63706157438471],[25.430089342472154,44.63141450877219],[25.438613061842933,44.62725213113145],[25.444196527633054,44.62890161190974],[25.45032733060965,44.62644106938284],[25.450779870296522,44.62362875974525],[25.463414955048908,44.625965381369845],[25.46801984307286,44.624186563876655],[25.471961407502175,44.625932381817094],[25.473742688649935,44.622772755150386],[25.480129250935445,44.62180259708361],[25.478581067665058,44.61751519513868],[25.484037662201494,44.61822984138603],[25.491992988181753,44.61239147287379],[25.48981751924228,44.60821718720962],[25.485746687219123,44.607343471431484],[25.480562962519638,44.613744097431436],[25.448531070341883,44.597251034543156],[25.448153699390563,44.594410756742384],[25.453337114070873,44.59244599998304],[25.453417742018292,44.589480072107115],[25.440142433497336,44.58160645280937],[25.440608617314858,44.574783406296675],[25.423909095862104,44.560923077926084],[25.42661426940014,44.55910099542265],[25.396681183487658,44.525695982913035],[25.374858288442702,44.5349807692921],[25.376524168488277,44.547961505691895],[25.38170954228276,44.55863512525818],[25.370775848913233,44.56481465006506],[25.38316040670458,44.57258718290457],[25.372749386651478,44.58459224427697],[25.37755176758765,44.59001111438791],[25.391971470718385,44.6227067724679],[25.382023939297,44.62867039847247],[25.374785926103762,44.6402766506721],[25.379203208303966,44.64443037823683],[25.384861387906213,44.64586445905454],[25.39389060310977,44.639147284180446],[25.39887059358901,44.642613233506594],[25.396275303150006,44.64613931973079],[25.399356452011155,44.64774713986319],[25.409680010173673,44.6417246575084],[25.416194316819773,44.64057592420951],[25.420287952434116,44.6431845509062],[25.429195261004274,44.64172768240609]]],[[[25.398646721268797,44.70774319897347],[25.395030207778685,44.70413118357853],[25.39931923094569,44.7009970896218],[25.39204890366603,44.6966874491544],[25.43536621184951,44.6876562646884],[25.431482315937007,44.68700844135383],[25.425447676469958,44.680251764147584],[25.42571855999726,44.67487273301722],[25.419554693268513,44.672278234179416],[25.421797167190338,44.667479788860035],[25.42879497460109,44.66487211678011],[25.418470112172837,44.656564741512966],[25.431682250815904,44.64664971463725],[25.429195261004274,44.64172768240609],[25.420287952434116,44.6431845509062],[25.416194316819773,44.64057592420951],[25.409680010173673,44.6417246575084],[25.40001987508354,44.647752307614745],[25.396275303150006,44.64613931973079],[25.39641007364662,44.6436369583124],[25.381204656211757,44.65177563310146],[25.38141697016122,44.660403140830276],[25.384010035812327,44.66100629232202],[25.379685890119898,44.66471656666535],[25.370665770452703,44.66752958927784],[25.354751016012177,44.66776123329428],[25.350886764034325,44.674553533700156],[25.340096949524426,44.67506676378058],[25.342665930510478,44.680208315966915],[25.335886327890403,44.68330865030168],[25.343264773318847,44.706751200951146],[25.380892718544835,44.69953441743505],[25.388946478850208,44.70705632961332],[25.398646721268797,44.70774319897347]]],[[[25.63010175137751,44.758981742809716],[25.607958246173375,44.75339580280755],[25.611982862017477,44.7414467828159],[25.605050235115165,44.736228584699276],[25.61910883322392,44.70787181377159],[25.611500636044195,44.70719718758298],[25.612091024584842,44.70276623776525],[25.607912969070743,44.699706560717324],[25.610994887411305,44.69760010167267],[25.60745137921228,44.69641450784],[25.600867282999467,44.70387012900681],[25.591957062308488,44.69260906865191],[25.55869445525123,44.70037442015959],[25.544926774435275,44.69572028495268],[25.54253446590903,44.737978639636],[25.517865554982507,44.72931509150151],[25.51092693870993,44.72813195335548],[25.510026652041173,44.73028745122553],[25.470513487859243,44.7172771663679],[25.468202878733834,44.725252318058814],[25.46436426484282,44.72850963839318],[25.486153159348035,44.734439091257215],[25.48574560875011,44.7290476163939],[25.489129907787543,44.72779840916665],[25.500224189975327,44.730283055657026],[25.501247845470353,44.73456088598077],[25.497862812064778,44.73407898029101],[25.49600377399591,44.73694673537111],[25.549446494296504,44.75681599285656],[25.552748309524947,44.75642875983839],[25.554445673209145,44.75299296104181],[25.5600699835726,44.75493026021586],[25.55808472986894,44.75831327499112],[25.565000327330292,44.76051681029504],[25.56196546082755,44.76840119229365],[25.572746497451412,44.770465049443516],[25.57121532152215,44.77294918027919],[25.578073794358275,44.774400797342196],[25.574756693591024,44.7786313990271],[25.585365881281476,44.78209219397965],[25.587761003628813,44.77657146278549],[25.605635924951923,44.78048932690709],[25.61412775120397,44.7827961941288],[25.611651366552664,44.78502753662856],[25.61460442625433,44.78786400730452],[25.61973011704369,44.783643417855785],[25.62599399503396,44.78283043334571],[25.625847268464284,44.77864739738303],[25.62114852960931,44.774599831590095],[25.63010175137751,44.758981742809716]]],[[[25.75607774822837,44.84297712310793],[25.752821098350694,44.841542553548045],[25.749806903501028,44.83277025491329],[25.724639838088383,44.793863125391745],[25.73080312212118,44.79272776257086],[25.736880987262804,44.788447466197724],[25.73957648185301,44.78497990872624],[25.73682173655448,44.78314430403078],[25.754970482256596,44.77038803338725],[25.76198596436988,44.77690441448923],[25.769702395276454,44.77125499106287],[25.755776692182987,44.75881068892082],[25.752855465104204,44.751706571091376],[25.736961219535083,44.74623854692876],[25.732353716905752,44.74243259317974],[25.724215904587446,44.76389371134453],[25.686380680896253,44.756972192063536],[25.683598987980652,44.765104677401325],[25.67816085483379,44.76126055041812],[25.668916548396393,44.76918507752409],[25.652202431523403,44.768315395548235],[25.65102009116874,44.781347152731826],[25.666405129124698,44.79187847133408],[25.66606413234042,44.79572830650743],[25.68611918309266,44.8067420650102],[25.688071753139322,44.811733755315274],[25.75072514015011,44.85600512283602],[25.751814785306014,44.85263967664263],[25.748013496085704,44.84781883364338],[25.75607774822837,44.84297712310793]]],[[[25.544926774435275,44.69572028495268],[25.515574250288296,44.685936427410994],[25.511019459610555,44.67947411120148],[25.508031741896783,44.67992303549892],[25.508940581459164,44.67811106388024],[25.516961839995155,44.67834321541134],[25.51993090637061,44.67622457720519],[25.515521341735184,44.671069099106575],[25.499146629491236,44.67425055477198],[25.48166551816135,44.66509374473648],[25.47631360199366,44.667376338098514],[25.476793824268412,44.674481735373035],[25.46586419363547,44.67436626823706],[25.458211163097925,44.6768321268409],[25.45981307864223,44.67840572134111],[25.457732695838565,44.679451494903724],[25.494681408222945,44.696982036220085],[25.48646859097404,44.70168433885407],[25.48607783123712,44.70524125454558],[25.478022366654088,44.70733349712721],[25.470513487859243,44.7172771663679],[25.510026652041173,44.73028745122553],[25.51092693870993,44.72813195335548],[25.517865554982507,44.72931509150151],[25.54253446590903,44.737978639636],[25.544926774435275,44.69572028495268]]],[[[25.507664205108604,44.672705856595634],[25.518570237939592,44.66594474215364],[25.513497708886028,44.661795737851115],[25.52127543158283,44.65088970479484],[25.514354446246696,44.645117674296934],[25.526391518149893,44.63279487533048],[25.51999996558579,44.62600834767532],[25.522291404819825,44.62255453768993],[25.52679439906737,44.62536754464224],[25.530652866242296,44.62161336805931],[25.511325720983702,44.610613636302325],[25.49188428680013,44.61301181799274],[25.48308554681495,44.618476838164796],[25.478581067665058,44.61751519513868],[25.479369465955774,44.622376688879584],[25.474400323765007,44.622447327990116],[25.471961407502175,44.625932381817094],[25.464564501106572,44.624523501371094],[25.462269236955954,44.63299661020201],[25.456018985263654,44.63381628432223],[25.45187576022381,44.63738223329744],[25.445315172337644,44.6371186373638],[25.46475619068445,44.65184686453923],[25.462238459329896,44.654551874922255],[25.467240034264677,44.65859480410156],[25.463540311970025,44.663074996976135],[25.468084936052264,44.66137108590605],[25.47620711276161,44.66766392411154],[25.48166551816135,44.66509374473648],[25.499146629491236,44.67425055477198],[25.507664205108604,44.672705856595634]]],[[[25.26826152817221,44.62089098227748],[25.25387189699654,44.62687161218177],[25.25203281968275,44.62457450429862],[25.25426691112261,44.62272784351347],[25.225659993813267,44.60516002464029],[25.211604761839123,44.61594184398107],[25.199938848880137,44.60736626680302],[25.193251170237343,44.619774790818916],[25.205020074384123,44.63285894905203],[25.199279351985545,44.63285680531244],[25.195377310891114,44.63664294721476],[25.184370047503865,44.63074223119256],[25.180757791772365,44.63215961542109],[25.179273797350668,44.63466161211258],[25.188162174783457,44.63918111380046],[25.19430617690043,44.639525122660345],[25.19281438255412,44.64319180631043],[25.179560673617367,44.649286611759905],[25.174908472703407,44.65372186402811],[25.177016400001637,44.65479784399517],[25.168392010916353,44.661781454418396],[25.187959265632895,44.67045258339038],[25.196624440096794,44.66613724564872],[25.237283797400142,44.69475509874255],[25.23607639248832,44.69115171553148],[25.250604599066005,44.68669936378179],[25.25059865568417,44.68324624313943],[25.25430518522264,44.684541823696044],[25.2640292156487,44.68010066740253],[25.26219035390353,44.6771759537796],[25.26576450150244,44.67239675839057],[25.27756008280005,44.66741400149595],[25.275442505027385,44.65866828564423],[25.280568572003734,44.6617131585666],[25.281506963618792,44.65287299872199],[25.286768063847493,44.647932936454744],[25.291182951463504,44.64731850901964],[25.279906021348403,44.62304855837062],[25.27082199635257,44.62559908098474],[25.26826152817221,44.62089098227748]]],[[[25.732353716905752,44.74243259317974],[25.744476831522984,44.734585877161436],[25.75354728259749,44.740352800680654],[25.75674134404364,44.739963394771785],[25.759073926531318,44.73426887458167],[25.76599073557744,44.72815639943592],[25.76595839613647,44.72346986009216],[25.736633145562127,44.712475751187455],[25.722049019521098,44.70438384681337],[25.71645438738469,44.70894893594414],[25.698499571728327,44.69225680209853],[25.6976577818786,44.69962868808144],[25.693681127537502,44.698623871422996],[25.689987374849917,44.70231369035175],[25.68244733653625,44.70461945201992],[25.65224549665625,44.704723396186765],[25.639510860610102,44.699852300667],[25.62888335674435,44.71064022790979],[25.61738265424563,44.70975838226376],[25.605050235115165,44.736228584699276],[25.611982862017477,44.7414467828159],[25.607958246173375,44.75339580280755],[25.63010175137751,44.758981742809716],[25.65302591784719,44.759206061569884],[25.652202431523403,44.768315395548235],[25.664888144224452,44.769004041808955],[25.668916548396393,44.76918507752409],[25.67816085483379,44.76126055041812],[25.683598987980652,44.765104677401325],[25.686380680896253,44.756972192063536],[25.724215904587446,44.76389371134453],[25.732353716905752,44.74243259317974]]],[[[25.809325245337163,44.769244042646775],[25.81000753781135,44.76777894033462],[25.804925393528585,44.767130427435426],[25.8099999036252,44.766788023982535],[25.811843025129235,44.76139285366787],[25.828542333041675,44.75753874959951],[25.839557806204528,44.742179139140106],[25.844559729477027,44.74421011415108],[25.846564902645973,44.74094720208108],[25.833682343992198,44.73596995074814],[25.835651662089095,44.73263570459217],[25.833524712358503,44.73090776403967],[25.824511709105654,44.730734833500826],[25.812634540600815,44.724572381745375],[25.782083785823087,44.69872162209497],[25.780023318534198,44.70326985926217],[25.772984185727413,44.70776006336011],[25.763110450850863,44.70974874242878],[25.756431719746892,44.719902754123574],[25.76604460123555,44.72372386509643],[25.76599073557744,44.72815639943592],[25.759073926531318,44.73426887458167],[25.757161699360104,44.739617340970796],[25.75354728259749,44.740352800680654],[25.744476831522984,44.734585877161436],[25.732353716905752,44.74243259317974],[25.736961219535083,44.74623854692876],[25.79210917440961,44.76776491201989],[25.792721758818573,44.76475137598453],[25.796170534751496,44.76342714486293],[25.800021722747385,44.76983286527948],[25.80378844446114,44.76998571592294],[25.805405294419916,44.767825207579506],[25.809325245337163,44.769244042646775]]]]},"properties":{"alert_id":"fc69187d50c2f7db","source":"nowcasting","alert_type":"nowcasting","feature_id":"f4364e7a9d1923544a","judet_cod":"DB","judet_nume":"Dâmbovița","county_code":"DB","county_name":"Dâmbovița","cod_judet":"DB","cod_culoare":1,"cod_culoare_nume":"Galben","culoare":"1","cod":"Galben","fenomen_principal":"Averse torențiale care vor acumula 15...25 l/mp, descărcări electrice, grindină de mici dimensiuni (sub 1 cm).","fenomen_group":"ploi/vijelii","zona_text":"Județul Argeş: Costești, Ștefănești, Călinești, Vedea, Bradu, Moșoaia, Lunca Corbului, Suseni, Albota, Căteasca, Oarja, Săpata;<br>Județul Dâmboviţa: Găești, Titu, Cornești, Dragodana, Petrești, Cojasca, Mătăsaru, Odobești, Finta, Braniștea, Uliești, Mogoșani, Sălcioara, Dobra, Produlești, Costeștii din Vale, Crângurile, Morteni, Cornățelu, Bilciurești;<br>","zona_nume":"Dâmbovița - localitati","zone_name":"Dâmbovița - localitati","display_name":"Dâmbovița - localitati","localities":["Găești","Titu","Cornești","Dragodana","Petrești","Cojasca","Mătăsaru","Odobești","Finta","Braniștea","Uliești","Mogoșani","Sălcioara","Dobra","Produlești","Costeștii din Vale","Crângurile","Morteni","Cornățelu","Bilciurești"],"geometry_source":"uat_match","match_confidence":"medium","interval_text":"","interval_start":"2026-09-13T19:20:00","valid_from":"2026-09-13T19:20:00","valid_to":"2026-09-13T20:30:00","interval_valabilitate_text":"","interval_end":"2026-09-13T20:30:00","data_expirare":"2026-09-13T20:30:00","mesaj_plain":"Averse torențiale care vor acumula 15...25 l/mp, descărcări electrice, grindină de mici dimensiuni (sub 1 cm).","source_url":"","source_label":"","notes":"","durata_ore":1.2,"zi":"2026-09-13"}},{"type":"Feature","geometry":{"type":"MultiPolygon","coordinates":[[[[28.995024,44.678991],[28.995017,44.678975],[28.995076,44.678304],[28.994257,44.676612],[28.991894,44.674732],[28.987179,44.670177],[28.987122,44.669715],[28.986303,44.669236],[28.98551,44.668432],[28.985632,44.667885],[28.98342,44.666815],[28.983082,44.666392],[28.982452,44.66561],[28.980145,44.662988],[28.977456,44.659554],[28.972728,44.655172],[28.970765,44.653024],[28.969395,44.651186],[28.963069,44.646872],[28.961826,44.646809],[28.96033,44.646064],[28.958723,44.644187],[28.9555,44.640243],[28.952242,44.637961],[28.950923,44.637662],[28.950272,44.636859],[28.950374,44.636224],[28.950336,44.635413],[28.949559,44.634389],[28.948522,44.63396],[28.947483,44.632355],[28.946356,44.629787],[28.944159,44.62778],[28.942194,44.624722],[28.941972,44.624379],[28.942449,44.623618],[28.942369,44.62272],[28.94184,44.621747],[28.941108,44.620604],[28.940789,44.61941],[28.939378,44.61719],[28.936651,44.612931],[28.935979,44.611909],[28.934457,44.609411],[28.930904,44.603963],[28.930279,44.603584],[28.930011,44.603783],[28.929781,44.604541],[28.929366,44.604474],[28.929586,44.603523],[28.92992,44.602789],[28.927957,44.599872],[28.92611,44.597768],[28.925962,44.5976],[28.92386,44.594376],[28.922584,44.592092],[28.921041,44.591043],[28.920161,44.590525],[28.920244,44.589558],[28.919664,44.588309],[28.918681,44.586917],[28.917073,44.585254],[28.916392,44.584239],[28.915605,44.583057],[28.915045,44.582221],[28.914532,44.581653],[28.914185,44.581049],[28.913624,44.579993],[28.912449,44.578893],[28.910486,44.576051],[28.909108,44.573386],[28.907958,44.572193],[28.906753,44.570566],[28.905303,44.568609],[28.903853,44.566651],[28.893868,44.552349],[28.889068,44.545425],[28.887353,44.542906],[28.886954,44.54184],[28.886657,44.541388],[28.88655,44.541038],[28.885464,44.540221],[28.884872,44.538973],[28.883972,44.538097],[28.881974,44.535656],[28.878896,44.531357],[28.874259,44.525571],[28.873481,44.524654],[28.872877,44.524174],[28.872422,44.523558],[28.871437,44.5228],[28.871097,44.522021],[28.870338,44.521017],[28.870036,44.520134],[28.869117,44.519168],[28.860953,44.510782],[28.856981,44.5056],[28.85574,44.504496],[28.853758,44.502346],[28.851341,44.500538],[28.850621,44.499722],[28.850249,44.499414],[28.849935,44.499012],[28.849026,44.498457],[28.848045,44.49697],[28.846293,44.495311],[28.845921,44.494703],[28.843822,44.492906],[28.842341,44.491746],[28.837588,44.486964],[28.83513,44.485074],[28.832633,44.483353],[28.829694,44.480763],[28.822294,44.475586],[28.819089,44.472893],[28.818775,44.472706],[28.818728,44.472435],[28.811364,44.466184],[28.810982,44.465886],[28.809003,44.464606],[28.802709,44.460497],[28.802547,44.460353],[28.800787,44.458777],[28.799957,44.45797],[28.797752,44.456344],[28.796085,44.454944],[28.794817,44.453914],[28.79322,44.452617],[28.791085,44.450762],[28.790644,44.450382],[28.789175,44.449086],[28.788031,44.448239],[28.786735,44.447104],[28.784678,44.445342],[28.782342,44.443204],[28.78146,44.442465],[28.779905,44.441035],[28.777837,44.438793],[28.777381,44.438398],[28.775557,44.436633],[28.773696,44.434675],[28.772929,44.433911],[28.771487,44.43232],[28.770812,44.431607],[28.76983,44.430512],[28.769343,44.430025],[28.769151,44.429738],[28.76913,44.429518],[28.769149,44.429328],[28.769027,44.429238],[28.768886,44.429301],[28.768774,44.429421],[28.768604,44.429523],[28.768367,44.429508],[28.768182,44.429431],[28.766715,44.42859],[28.765339,44.427698],[28.764644,44.427248],[28.763381,44.426506],[28.761972,44.425678],[28.760928,44.424827],[28.759756,44.423739],[28.759157,44.422995],[28.758674,44.422399],[28.75682,44.420913],[28.754201,44.418304],[28.752729,44.41684],[28.75077,44.415034],[28.749003,44.41314],[28.748686,44.412827],[28.748115,44.412276],[28.748026,44.412191],[28.747798,44.411971],[28.746566,44.410929],[28.744038,44.408302],[28.742159,44.406523],[28.740313,44.404607],[28.739847,44.404106],[28.739169,44.403393],[28.73824,44.402505],[28.737338,44.401544],[28.736067,44.400319],[28.734884,44.399273],[28.733843,44.398169],[28.733634,44.398045],[28.732962,44.397311],[28.73235,44.39663],[28.731486,44.395756],[28.730775,44.395122],[28.73,44.394321],[28.729593,44.393861],[28.729049,44.393259],[28.728296,44.392518],[28.727794,44.391955],[28.726628,44.390765],[28.725774,44.389829],[28.725495,44.389505],[28.724702,44.388582],[28.723775,44.387546],[28.722879,44.386511],[28.722021,44.385502],[28.721384,44.384711],[28.720866,44.384002],[28.720606,44.383571],[28.720428,44.383493],[28.720177,44.383431],[28.719875,44.383405],[28.719628,44.383391],[28.719432,44.383316],[28.719141,44.383171],[28.718715,44.382905],[28.718247,44.382602],[28.717347,44.382044],[28.71696,44.381835],[28.716669,44.381591],[28.716436,44.381371],[28.715662,44.380734],[28.714478,44.379817],[28.713743,44.379141],[28.712817,44.378281],[28.712764,44.37822],[28.712736,44.378188],[28.712379,44.377782],[28.711514,44.376936],[28.711129,44.376544],[28.710212,44.375436],[28.70892,44.373768],[28.707617,44.372036],[28.706676,44.370782],[28.70595,44.369678],[28.705542,44.369038],[28.705385,44.368731],[28.705115,44.368203],[28.704593,44.367324],[28.704455,44.366979],[28.704366,44.366755],[28.70427,44.366344],[28.703896,44.365799],[28.703281,44.365],[28.702651,44.364849],[28.702303,44.364699],[28.702003,44.364425],[28.701755,44.364069],[28.699741,44.360483],[28.699162,44.359688],[28.698461,44.358658],[28.697971,44.357268],[28.697666,44.356563],[28.63866,44.384682],[28.616279,44.663919],[28.739374,44.870485],[28.985562,45.02888],[29.387904,44.805573],[29.384229,44.805351],[29.379429,44.805301],[29.373477,44.804955],[29.372474,44.804883],[29.369109,44.804748],[29.364745,44.803955],[29.35456,44.804118],[29.346909,44.804212],[29.325926,44.80412],[29.312713,44.80247],[29.310976,44.802403],[29.309146,44.802075],[29.298918,44.801301],[29.276719,44.79999],[29.271638,44.799672],[29.271474,44.799629],[29.268712,44.798911],[29.254688,44.797469],[29.248476,44.796981],[29.245356,44.796752],[29.219966,44.791987],[29.219204,44.791399],[29.210782,44.788413],[29.189279,44.781778],[29.185976,44.784639],[29.184233,44.784357],[29.17209,44.782063],[29.164854,44.780875],[29.159089,44.78],[29.140968,44.774395],[29.128317,44.77034],[29.123475,44.770095],[29.1218,44.767993],[29.115459,44.765148],[29.108515,44.761639],[29.088022,44.750428],[29.086597,44.749729],[29.085032,44.749],[29.066347,44.736296],[29.060976,44.732316],[29.058503,44.731506],[29.029261,44.70925],[29.02801,44.708061],[29.02633,44.706496],[29.020744,44.701776],[29.008586,44.690853],[28.999128,44.681861],[28.998477,44.68135],[28.997019,44.680245],[28.996038,44.67983],[28.995024,44.678991]]]]},"properties":{"alert_id":"4bdbb8fd75a32ad6","source":"nowcasting","alert_type":"nowcasting","feature_id":"4c1f50e17710e3822d","judet_cod":"CT","judet_nume":"Constanța","county_code":"CT","county_name":"Constanța","cod_judet":"CT","cod_culoare":1,"cod_culoare_nume":"Galben","culoare":"1","cod":"Galben","fenomen_principal":"Va ploua, iar în timp scurt sau prin acumulare cantitățile de apă vor fi de 20…30 l/mp.","fenomen_group":"alte fenomene","zona_text":"Județul Constanta: Corbu, Mihai Viteazu, Istria, Săcele;<br>Județul Tulcea: Sarichioi, Jurilovca, Baia, Ceamurlia de Jos;<br>","zona_nume":"Constanța - localitati","zone_name":"Constanța - localitati","display_name":"Constanța - localitati","localities":["Corbu","Mihai Viteazu","Istria","Săcele"],"geometry_source":"coordGis","match_confidence":"high","interval_text":"","interval_start":"2026-09-13T07:25:00","valid_from":"2026-09-13T07:25:00","valid_to":"2026-09-13T08:35:00","interval_valabilitate_text":"","interval_end":"2026-09-13T08:35:00","data_expirare":"2026-09-13T08:35:00","mesaj_plain":"Va ploua, iar în timp scurt sau prin acumulare cantitățile de apă vor fi de 20…30 l/mp.","source_url":"","source_label":"","notes":"","durata_ore":1.2,"zi":"2026-09-13"}},{"type":"Feature","geometry":{"type":"MultiPolygon","coordinates":[[[[28.982780372143605,44.91155150935368],[29.017360679343135,44.83740553966985],[28.91898564812044,44.84183006789912],[28.91482538182544,44.84569855219844],[28.901006455984927,44.84977725464705],[28.90002675466931,44.85706319145374],[28.893466248873715,44.859807134327895],[28.886612552775954,44.868007930356434],[28.877982042743305,44.86856830145071],[28.87638666564824,44.86443009551508],[28.86818617461557,44.8629846507269],[28.865397276150667,44.859706317498734],[28.84755022372567,44.85741073437674],[28.783757179966432,44.82204214736478],[28.782915310321382,44.819196689543595],[28.78017882945294,44.82024397011766],[28.78463479725951,44.8012719886042],[28.749265109091112,44.80065288918508],[28.74594756244249,44.80971626329896],[28.747836740906617,44.81162092647673],[28.74503768564987,44.81202783784747],[28.73990670071207,44.82111025336857],[28.737492952819903,44.83572678793655],[28.727636061903528,44.85293463877416],[28.740342376309247,44.85845674560961],[28.75796926250844,44.85762477173095],[28.761111241496085,44.85464864815386],[28.756703345597145,44.84786805034377],[28.760695525544996,44.8407402633569],[28.762631507727427,44.84757356357155],[28.767869462758277,44.85257520317249],[28.763769613893416,44.865352783938576],[28.76829395769003,44.86562541931346],[28.767406957784065,44.871615647159615],[28.76220923379144,44.87566464682529],[28.76323736174349,44.88049657520122],[28.76005699299627,44.880584052447986],[28.760391955306027,44.88526017534131],[28.76751354512167,44.88619824638291],[28.7688638879129,44.88867051490147],[28.76602021322373,44.890199103927124],[28.772945557406853,44.899159716324505],[28.792163637677227,44.895558123520594],[28.79460622612068,44.889205363861876],[28.805786311540437,44.88010350098731],[28.812742254943597,44.88097044019054],[28.817029609379784,44.88619637436067],[28.82298693131669,44.885624749472456],[28.827344140684165,44.888809671424006],[28.82447839627633,44.897961121680936],[28.804693403979854,44.90501349340078],[28.794947907634306,44.91209397231148],[28.782367184283142,44.93006200788539],[28.768856136317527,44.94020280455609],[28.75856710434444,44.94392006449983],[28.757135667432518,44.94163763985579],[28.75145211556991,44.94299270225434],[28.734853135278144,44.939259250069874],[28.732272227414114,44.943413899426766],[28.725201878603357,44.945155731967525],[28.72056680225206,44.95636179349072],[28.719346954084177,44.98288436520059],[28.72892622579708,44.98025786276493],[28.730138797880027,44.982061597176155],[28.734014645191916,44.98152968436775],[28.724949940691936,44.97315952287515],[28.728172724109747,44.96983130903137],[28.73666599518647,44.97328323129319],[28.742417100738212,44.97056791051911],[28.74194293536317,44.97417635443376],[28.76136016295969,44.977118492193014],[28.762932156399117,44.973189224316144],[28.80664210133307,44.9683427880242],[28.806295823963627,44.989735272611355],[28.811558634010993,45.00887293110391],[28.808896873127537,45.0176544536387],[28.816511945064285,45.01844370111405],[28.811837255647063,45.01961302224986],[28.81082539607562,45.02723345532355],[28.85562152028257,45.03143678364984],[28.85374261485495,45.020853967274626],[28.84864888419467,45.01997146582023],[28.848409612350817,45.0149374458424],[28.844185106363717,45.01655854886942],[28.84720245605619,45.01121458606342],[28.850870352455143,45.01184296275735],[28.85323268036644,45.00882079075385],[28.853058793798237,45.006042255800196],[28.846590357795687,45.00496195255878],[28.84652023383303,44.99937946652388],[28.85756662498481,44.99886115160433],[28.856954306971563,44.99607983104326],[28.885921778374946,44.99343533308195],[28.8864671834278,44.99651910428032],[28.897198436181256,44.99527024485837],[28.90232072952446,44.98568700032787],[28.90906746712068,44.9833445204664],[28.93261802759359,44.95808952553581],[28.982780372143605,44.91155150935368]]],[[[29.016154303074625,44.837514695921556],[29.0217643848974,44.79142146496675],[29.02260605335468,44.74975398863758],[29.0293171958551,44.70927937536392],[28.995079780849593,44.67902018127704],[28.99198836699473,44.68055141554284],[28.98570159738238,44.679106747646145],[28.96960872320444,44.689830300768705],[28.958132748264845,44.69425158588853],[28.92900892365335,44.69772452452727],[28.914578886018123,44.69664749045306],[28.9126542648501,44.69450894829962],[28.915675337145036,44.69011149572002],[28.914812261016607,44.68627435258145],[28.888229173227298,44.675794293433995],[28.85932821667774,44.65904524802799],[28.84722140878587,44.67590995119217],[28.815543642606475,44.73455523615288],[28.809485829431583,44.7818326579524],[28.813378031602582,44.78213728261982],[28.808613740387603,44.78780655533032],[28.80597720046406,44.80734962088656],[28.78338346543813,44.81005257435456],[28.78017882945294,44.82024397011766],[28.782915310321382,44.819196689543595],[28.783757179966432,44.82204214736478],[28.84755022372567,44.85741073437674],[28.865397276150667,44.859706317498734],[28.86818617461557,44.8629846507269],[28.87638666564824,44.86443009551508],[28.877982042743305,44.86856830145071],[28.886612552775954,44.868007930356434],[28.893466248873715,44.859807134327895],[28.90002675466931,44.85706319145374],[28.901006455984927,44.84977725464705],[28.91482538182544,44.84569855219844],[28.91898564812044,44.84183006789912],[29.016154303074625,44.837514695921556]]],[[[28.691607371226,44.81484913825002],[28.68813667251947,44.76731153742011],[28.69701221591925,44.7522402700554],[28.696841126813784,44.74695754830807],[28.693816622462244,44.74532731772796],[28.696398689822427,44.74213288314326],[28.703490705876447,44.74298646066123],[28.713256433664313,44.72607186919057],[28.711055517328486,44.72656084543391],[28.711092790192986,44.72412324463674],[28.71448479674712,44.71732253238085],[28.709593281307715,44.71339669927252],[28.711545449058868,44.70808212931466],[28.717232005272106,44.70572564790692],[28.712154955637367,44.702426639497176],[28.71260534500352,44.69354510574897],[28.72025281517939,44.68856128857541],[28.727332656940252,44.68824659087894],[28.736117564976013,44.691903452493094],[28.741156492315543,44.69117649350593],[28.75117847293927,44.68255009894393],[28.749429654797222,44.675092743686434],[28.755459267593455,44.671952064080344],[28.763601938565543,44.67121323566402],[28.76528618582635,44.67378622798183],[28.770698783121922,44.67460948396646],[28.770261038280594,44.67716894421684],[28.77431359965971,44.675374337392],[28.77696138940692,44.66874197632053],[28.774307800842866,44.66381277492417],[28.77908186457041,44.65518918171744],[28.74950971653792,44.65428286989965],[28.740945859668653,44.646780780712106],[28.733086267912785,44.651627315106026],[28.725277582859192,44.64874593753202],[28.710400590063315,44.65501206708939],[28.696089806078604,44.65014334594377],[28.69190082002143,44.65291995662066],[28.701539044976567,44.65769515863257],[28.677687342444283,44.662603674258655],[28.683002294659317,44.66881566837827],[28.59616239819429,44.65834904520352],[28.59005739323315,44.65422799674255],[28.579587157974373,44.65946117735554],[28.587118179317425,44.66855076249081],[28.587449781959872,44.676766855560295],[28.600218587424088,44.679976488260365],[28.60272799555192,44.68425554998902],[28.609025870610683,44.68342141549477],[28.61025581481532,44.70473576324848],[28.61357191888091,44.705073182405165],[28.60039595972533,44.72680756934771],[28.591124939845496,44.72293346802565],[28.586768825637474,44.7262827935451],[28.581311180664315,44.720731730366076],[28.580527356983584,44.723651662685675],[28.574399107582668,44.72455912574369],[28.570417277569074,44.739791265244875],[28.57387773432809,44.743222365779125],[28.568836381088037,44.75858663431814],[28.568787106237043,44.78416720496505],[28.5795820341325,44.7780155751233],[28.58283779605977,44.78088320539028],[28.574892461054283,44.79353287484969],[28.5710447731887,44.79167749934332],[28.562666503880525,44.79267099327803],[28.552993763956522,44.801869884519746],[28.54283601472695,44.801471748338685],[28.53011366037647,44.81112749050149],[28.532599582581526,44.820805712399235],[28.529536902201023,44.8236201222193],[28.539541495272662,44.83107087619249],[28.550351767976547,44.827949889449066],[28.563104134243662,44.83128566705961],[28.56396991992446,44.837330963892455],[28.568310043882335,44.84126157116088],[28.588579352207443,44.85058838424261],[28.590059007472895,44.84747559530696],[28.595657480521126,44.84893803034955],[28.60614935974532,44.843404489406815],[28.60200633742034,44.84067449273812],[28.599159982384197,44.841179386325926],[28.596910746575965,44.83675300029627],[28.60826094282059,44.841923326732434],[28.61306075340083,44.83923976112115],[28.623040550411677,44.82332731082427],[28.637907766129015,44.83637026741402],[28.645295665777763,44.83661799728075],[28.659546513725505,44.841509118668235],[28.655683395439983,44.846400710924954],[28.663335881117966,44.85155881456645],[28.681792262238933,44.84274243708707],[28.679841026994033,44.83403804491719],[28.68619919284318,44.82641843096349],[28.683305013992257,44.82128809432821],[28.691607371226,44.81484913825002]]],[[[28.739694781075816,44.816869708994],[28.747836740906617,44.81162092647673],[28.74594756244249,44.80971626329896],[28.749265109091112,44.80065288918508],[28.78463479725951,44.8012719886042],[28.783561648867042,44.81007798778079],[28.80597720046406,44.80734962088656],[28.808613740387603,44.78780655533032],[28.813378031602582,44.78213728261982],[28.809485829431583,44.7818326579524],[28.815543642606475,44.73455523615288],[28.84722140878587,44.67590995119217],[28.85932821667774,44.65904524802799],[28.824350476126675,44.63233625312131],[28.807963760512614,44.6330491345223],[28.803772271374914,44.63904369316022],[28.79789923671078,44.63423308708724],[28.789434595458275,44.635727167251105],[28.784493452856466,44.641329690061376],[28.784897220634832,44.644531070516194],[28.77782041418826,44.64957857860314],[28.77908186457041,44.65518918171744],[28.774307800842866,44.66381277492417],[28.77696138940692,44.66874197632053],[28.774969135621735,44.674986801794915],[28.770261038280594,44.67716894421684],[28.770698783121922,44.67460948396646],[28.76528618582635,44.67378622798183],[28.763601938565543,44.67121323566402],[28.754334068139535,44.67229958594218],[28.749429654797222,44.675092743686434],[28.75117847293927,44.68255009894393],[28.743570961540296,44.68990011548292],[28.73676740745428,44.691969855238014],[28.727332656940252,44.68824659087894],[28.720021717834076,44.6885989894476],[28.711392117993825,44.69589887376774],[28.712561572071213,44.70319534658905],[28.717232005272106,44.70572564790692],[28.711545449058868,44.70808212931466],[28.709593281307715,44.71339669927252],[28.71448479674712,44.71732253238085],[28.711092790192986,44.72412324463674],[28.711055517328486,44.72656084543391],[28.713256433664313,44.72607186919057],[28.703490705876447,44.74298646066123],[28.696398689822427,44.74213288314326],[28.693816622462244,44.74532731772796],[28.696841126813784,44.74695754830807],[28.69701221591925,44.7522402700554],[28.68813667251947,44.76731153742011],[28.691607371226,44.81484913825002],[28.702190095344605,44.8171335781519],[28.70276014999618,44.81313272093999],[28.71322268251516,44.81431403673348],[28.71493154969444,44.81199515331104],[28.732513926647755,44.81837065238108],[28.739694781075816,44.816869708994]]]]},"properties":{"alert_id":"4bdbb8fd75a32ad6","source":"nowcasting","alert_type":"nowcasting","feature_id":"1dfaead8dfc528dd2f","judet_cod":"TL","judet_nume":"Tulcea","county_code":"TL","county_name":"Tulcea","cod_judet":"TL","cod_culoare":1,"cod_culoare_nume":"Galben","culoare":"1","cod":"Galben","fenomen_principal":"Va ploua, iar în timp scurt sau prin acumulare cantitățile de apă vor fi de 20…30 l/mp.","fenomen_group":"alte fenomene","zona_text":"Județul Constanta: Corbu, Mihai Viteazu, Istria, Săcele;<br>Județul Tulcea: Sarichioi, Jurilovca, Baia, Ceamurlia de Jos;<br>","zona_nume":"Tulcea - localitati","zone_name":"Tulcea - localitati","display_name":"Tulcea - localitati","localities":["Sarichioi","Jurilovca","Baia","Ceamurlia de Jos"],"geometry_source":"uat_match","match_confidence":"high","interval_text":"","interval_start":"2026-09-13T07:25:00","valid_from":"2026-09-13T07:25:00","valid_to":"2026-09-13T08:35:00","interval_valabilitate_text":"","interval_end":"2026-09-13T08:35:00","data_expirare":"2026-09-13T08:35:00","mesaj_plain":"Va ploua, iar în timp scurt sau prin acumulare cantitățile de apă vor fi de 20…30 l/mp.","source_url":"","source_label":"","notes":"","durata_ore":1.2,"zi":"2026-09-13"}},{"type":"Feature","geometry":{"type":"MultiPolygon","coordinates":[[[[28.088455053335444,45.606142836730015],[28.092091543313913,45.59856003917283],[28.100107690474992,45.595469479760624],[28.10577829079125,45.58846112938035],[28.113224074983357,45.58613414910464],[28.12100156363922,45.57910099199067],[28.117280051601266,45.576047610700805],[28.12112227256344,45.572230255447465],[28.125073528867542,45.57386685848847],[28.12698795991214,45.57127157228717],[28.130731594483585,45.57555152597412],[28.13433899185053,45.57105827161873],[28.1347583004265,45.57709730895341],[28.138538815588582,45.577556756703736],[28.145531937432356,45.56602009817613],[28.156666406984893,45.57498659120368],[28.155023726945572,45.565813749803695],[28.148166740279752,45.56241181613945],[28.158810264516376,45.56076587459886],[28.155425788301667,45.554959631831004],[28.16128747890464,45.54694645469281],[28.165326480610098,45.545379266705105],[28.165873704858303,45.5370226709391],[28.162062760290926,45.53361895930645],[28.16628944603698,45.52842195679073],[28.165435855983986,45.52441026531908],[28.159209266575303,45.525668612939796],[28.156943526798788,45.52433036585237],[28.1667441963443,45.52017406628755],[28.16229827727225,45.512128311084766],[28.154394571865645,45.50975800429626],[28.163903403698356,45.50831991270529],[28.162245752519173,45.50030735614917],[28.172275762125405,45.500588260615494],[28.176559615482773,45.4947446634032],[28.178722148927832,45.48439805945161],[28.183108879838496,45.481280137158976],[28.185606082419472,45.47482767590263],[28.210800162494607,45.46717808423124],[28.202977037513108,45.46691824585858],[28.193816958030094,45.45809737282367],[28.19085896254272,45.44131393526913],[28.192196700163613,45.41532830686914],[28.18718766725068,45.412972722335134],[28.182023004180717,45.41334991040179],[28.130785134561993,45.437281734647485],[28.098262009486177,45.4411024395617],[28.080937215172565,45.43722081022701],[28.05418973571357,45.42424397483861],[28.038979398586527,45.415869939642775],[28.03054957670442,45.40433499461437],[28.014768303734673,45.40138085356705],[28.00584334154316,45.39614176659472],[27.993335407481165,45.400494190437094],[27.988720693586558,45.393162334616065],[27.983007064107248,45.39063297364732],[27.977132471231137,45.395415251781074],[27.970255508194263,45.396080988002296],[27.956014797459382,45.40280481496831],[27.959476195606296,45.40322531164643],[27.95322387428488,45.40457060702309],[27.9676530002276,45.40402748832662],[27.967502789592388,45.40797109536838],[27.96419746911931,45.40850394713923],[27.964888259097187,45.419690047781984],[27.96137847621964,45.42390258837596],[27.96393403390631,45.423878135542886],[27.96495625483546,45.42960498151718],[27.959000340686295,45.4297728687995],[27.960235183900608,45.433854120147714],[27.964915000524527,45.43392204975501],[27.956941163665316,45.44683292977395],[27.945307200439874,45.445959983375666],[27.943404256697196,45.44991346864897],[27.94685854311958,45.46445744700358],[27.95111319867982,45.465301748130045],[27.950785798788782,45.468820171531746],[27.956066630228356,45.466766172984414],[27.95698592845897,45.472979125217904],[27.95186747231912,45.47276068471506],[27.95059739444566,45.47661483180744],[27.954712254904894,45.48326943263108],[27.955583351594385,45.49129461096056],[27.958381313879944,45.49139983273171],[27.959768140147485,45.49558511519767],[27.9773317272478,45.49532590223691],[27.976849403194436,45.48926147451217],[27.992697216810306,45.48910068708927],[27.992969454351943,45.49275446066266],[28.00236702771992,45.49258653801545],[28.006183132815305,45.48348770099954],[28.008905294156246,45.483617914438675],[28.010478633814934,45.480096280582245],[28.011491912382148,45.46878399449961],[28.017036120562413,45.46864550633342],[28.02290674088253,45.484360845692414],[28.0356530922467,45.48385205833398],[28.03490988328285,45.48151886531922],[28.04241196987347,45.482000791417114],[28.038374754800362,45.50996857532399],[28.040094205180743,45.53163482733066],[28.04553489246409,45.556107875715554],[28.052325085116195,45.56634748192736],[28.054611211766982,45.566222147108476],[28.05350814929765,45.588216434056314],[28.062890012407347,45.61037034402211],[28.078636085588755,45.60578612105532],[28.088455053335444,45.606142836730015]]],[[[27.696655678961704,45.650662450697546],[27.698915660225264,45.63655753038455],[27.694650153680477,45.63523537279781],[27.70013437610943,45.6288530640374],[27.687659584430147,45.62925020892144],[27.686632458296756,45.611418810743515],[27.661391238265576,45.61293311464852],[27.66063806927072,45.60480192503933],[27.642415990145363,45.6044985599342],[27.63808212297163,45.5882388394092],[27.63333898707196,45.5877068744696],[27.635385099993993,45.60399017947872],[27.630134708331276,45.61105182473166],[27.59344701897954,45.601083685960525],[27.558262065539573,45.58486889467357],[27.55518894194385,45.59050243590798],[27.5362850146562,45.58109687045971],[27.53285218267193,45.585347143753744],[27.51878050371717,45.5902437868321],[27.515173571868228,45.604626628699265],[27.50754527949658,45.60810559495272],[27.49756322349564,45.60689507173888],[27.513418799511953,45.615493107730536],[27.513089562019037,45.621002636202526],[27.504934578097256,45.62608411913713],[27.48785995672053,45.630321010628954],[27.492789772325207,45.641093214289924],[27.50086504628512,45.638359714604434],[27.524437068803593,45.63954632439319],[27.599719139212183,45.65624743343805],[27.638204349703514,45.65418313209733],[27.635051083853742,45.66795891730648],[27.642023879046214,45.668056686077364],[27.640949055301018,45.67180490229668],[27.6682070255402,45.67001461555606],[27.667750227264484,45.66279585902811],[27.69349725669008,45.66162172318067],[27.691396940590842,45.65063114941926],[27.696655678961704,45.650662450697546]]],[[[27.770441110605415,45.69822132125599],[27.81155285513747,45.69285739841728],[27.820578931898204,45.69461458293679],[27.820893865800947,45.69102382826005],[27.826454770614614,45.69233826934959],[27.825578916729626,45.690098478222126],[27.865834289177474,45.68685358874379],[27.856390597532997,45.664763438152825],[27.876412592918314,45.6614642139267],[27.873618621459094,45.605478611734824],[27.795429206317593,45.608852637043476],[27.789882536112717,45.60048368509665],[27.78695295440628,45.601379957540445],[27.782754930083293,45.59623503053836],[27.780396324141343,45.59962198740995],[27.768881124722604,45.60055053200327],[27.767894290127444,45.59894930964476],[27.760372770203634,45.60646251240838],[27.763846903171995,45.61340224690297],[27.74369117359938,45.614891335010526],[27.753060347475785,45.63632775397799],[27.711999245430615,45.638339481284305],[27.709291880130106,45.62847634765259],[27.701988506183042,45.62861493324874],[27.700842509292954,45.61866010245583],[27.69497472331641,45.619047126062256],[27.693377645438947,45.61101836399148],[27.686632458296756,45.611418810743515],[27.687659584430147,45.62925020892144],[27.70013437610943,45.6288530640374],[27.694650153680477,45.63523537279781],[27.698915660225264,45.63655753038455],[27.696606984056476,45.65114950223249],[27.698518675993856,45.67862601310965],[27.7049304002094,45.67816098787327],[27.70554252788607,45.68464887671818],[27.709152385990397,45.68429868826781],[27.70963081983545,45.68974551838284],[27.766100293145264,45.6852430281034],[27.770441110605415,45.69822132125599]]],[[[27.724437580224652,45.832963167933734],[27.724960858613162,45.824918143528464],[27.759357892858255,45.82324918436133],[27.757001946370778,45.80447162532899],[27.770954702286712,45.80126308707428],[27.77365142840681,45.78109934913856],[27.785416446237505,45.7554217859564],[27.80458167379968,45.75521709834201],[27.804308052976484,45.7450715030401],[27.79659152261368,45.743545499198],[27.792610533479824,45.74545632372944],[27.79435571074569,45.73049311093819],[27.784123441506576,45.731140570909155],[27.783522768300596,45.721198502219856],[27.749796608085546,45.72295094279922],[27.748786221953814,45.72935264215623],[27.746355827282137,45.73019299391312],[27.71803052066933,45.73150805432292],[27.71801672441297,45.72807983558929],[27.704316902774774,45.72919026721097],[27.70410596446217,45.72403660553132],[27.70115339429516,45.72421652042206],[27.699803423285555,45.72858398997494],[27.693956689556035,45.72838051871395],[27.692345188567682,45.722078955313904],[27.666963800528002,45.72377106665825],[27.666389139528178,45.72781070627775],[27.656167280475746,45.72870413540337],[27.65611088794593,45.73404747753099],[27.623194664807436,45.737351097956456],[27.6263844427571,45.73201925047228],[27.625634527685794,45.72381086806938],[27.60478313748969,45.7202612185829],[27.584755687827794,45.76160110937001],[27.595184059306174,45.76365755781341],[27.594258570163383,45.76933847060665],[27.617751059973667,45.773491699220784],[27.616281000133533,45.79517761995155],[27.62464876409612,45.795568778600256],[27.624615423059094,45.8101675395256],[27.632316454304746,45.80967102259148],[27.62967177572597,45.83052459768876],[27.662838811138297,45.83225141527626],[27.663189791275496,45.823529817670604],[27.6758292004808,45.823328120476376],[27.676091282108853,45.81833865945172],[27.684038385110085,45.81824967495676],[27.683186132651407,45.81455356520252],[27.68586265042241,45.814375626883276],[27.68696011564006,45.81716534712662],[27.689883965602284,45.81673262213836],[27.69088790201581,45.8239448562627],[27.7117753811646,45.822267495855975],[27.71565143056176,45.83529319204088],[27.724437580224652,45.832963167933734]]],[[[28.112783935615173,45.62617706477325],[28.109562919394087,45.621332055929045],[28.100611594259238,45.6187026858925],[28.089526270299306,45.61012041286041],[28.088455053335444,45.606142836730015],[28.078636085588755,45.60578612105532],[28.062890012407347,45.61037034402211],[28.053265660716722,45.58713927044581],[28.054611211766982,45.566222147108476],[28.052325085116195,45.56634748192736],[28.04553489246409,45.556107875715554],[28.043091098703687,45.54434244527976],[28.031099843470034,45.544253808384234],[28.030405937171924,45.539373602516214],[28.017650433461363,45.539361421154446],[28.01741562675804,45.54070153684549],[28.00467313046031,45.539290014687545],[28.006349156522536,45.55524766216705],[27.97077154925125,45.560280917971305],[27.963960691852193,45.639113884403095],[27.996352560602716,45.63992663038528],[27.99902582482539,45.63770354934058],[28.013951957829125,45.637799941196306],[28.031672217396036,45.63992978304112],[28.032864557734815,45.62606145506617],[28.049190333555384,45.628204027043665],[28.06502137691967,45.626871005359355],[28.064358800374144,45.62940013667977],[28.09583019888342,45.63122551786488],[28.090257230327875,45.62357130710111],[28.112783935615173,45.62617706477325]]],[[[27.604576235022176,45.72052428368427],[27.549258362076117,45.710400538612504],[27.545878836038355,45.71993979524222],[27.503096111534457,45.710746550618815],[27.50915043675004,45.699655457753636],[27.492591902389204,45.69462100022989],[27.50077742231197,45.6865340955586],[27.502797058639008,45.68061041932354],[27.4836415870158,45.671074090711855],[27.475670130829908,45.67454978248194],[27.453649460809913,45.67289338254824],[27.45018046202141,45.67082063061473],[27.438054366408565,45.67930993492474],[27.432347398595297,45.67159177198664],[27.426282667728962,45.668328861999036],[27.421055968095267,45.67092899613974],[27.424437861389045,45.67284627586222],[27.426192889305973,45.67820850405918],[27.41744118270209,45.67996264320572],[27.415628310954844,45.67745118317715],[27.403618232837456,45.68230537457706],[27.399968652345297,45.68595508867405],[27.38816746496509,45.70136962219571],[27.394039260569656,45.70543777748993],[27.388448231273898,45.709988380016455],[27.385750099781877,45.7171633971561],[27.396409169211285,45.724614680428125],[27.396512531190083,45.72176460527153],[27.399459903249088,45.721286797696344],[27.407505779807366,45.72376632465905],[27.405701609875813,45.73335406465155],[27.415601449196274,45.734054519905854],[27.414615846525702,45.73993720882329],[27.41907777928519,45.746392581522365],[27.43001996543443,45.7465402533678],[27.433332991207667,45.73700530998243],[27.4435333872233,45.73767011328303],[27.438568313290183,45.73378615383655],[27.440866890181017,45.731751509908406],[27.445826726431914,45.7309545255398],[27.44623413675165,45.73285420994771],[27.453030906331758,45.73291465334289],[27.452447152586714,45.73105813110743],[27.459827933505565,45.73151290364981],[27.464527846192315,45.72683265246944],[27.48193879663706,45.729691594135126],[27.48181852114494,45.733573500362006],[27.55247978176303,45.74914515052812],[27.553530983373843,45.74666130790371],[27.587991366008094,45.75475171737328],[27.604576235022176,45.72052428368427]]],[[[28.122235457963356,45.788112727653136],[28.13527555267879,45.778312571043024],[28.1514708317563,45.78354646030821],[28.15364827158675,45.78268514565598],[28.152264280591165,45.77990260235637],[28.155402230729674,45.776804979664035],[28.15406359260976,45.774238801233125],[28.14977688265207,45.77321271147303],[28.14980305103322,45.76416556016302],[28.14456969422057,45.76405269074808],[28.143362350804043,45.76084986301628],[28.151235735796426,45.75264864870701],[28.077939797154453,45.750686499532954],[28.07742649109282,45.74755863649197],[28.06613441764398,45.7554368976696],[28.055567575862696,45.753820713065366],[28.035761721331394,45.75916082525178],[28.037363055655128,45.756021976649315],[28.02608962442485,45.75302593501402],[28.030238803013635,45.744616966374],[28.001468933839853,45.735076857211304],[27.99897740325895,45.73936898785688],[27.98335979153829,45.734329290202645],[27.982856119546195,45.738280967938614],[27.975276725151218,45.7354298398483],[27.9684567879611,45.7417514467775],[27.963213388739685,45.737976558409194],[27.96509611032657,45.744996661960926],[27.974431782811852,45.75200911822979],[27.987334395280723,45.75638884278613],[27.99943232473905,45.776598373463635],[28.0091420995342,45.781754575863395],[28.00599395946532,45.78470892195798],[28.00955302969006,45.79615313115872],[28.033402411069236,45.79976453239704],[28.031182262407928,45.816558054756285],[28.012768795565798,45.81434517238863],[28.012182057703363,45.82547309568264],[28.032688839686596,45.828176257877466],[28.031135954338428,45.835768908568845],[28.043400766527395,45.83172552118915],[28.05386340120211,45.814888710568475],[28.061957141776542,45.794198615974935],[28.072342143722807,45.79452638602316],[28.080319052986,45.781587885889735],[28.122235457963356,45.788112727653136]]],[[[27.661391238265576,45.61293311464852],[27.693377645438947,45.61101836399148],[27.68369170280064,45.55451240029928],[27.69659944182932,45.53894220433284],[27.69336348145029,45.536057399837574],[27.697881764434875,45.5314443739086],[27.689526563598058,45.52943332530589],[27.696526138625554,45.51561987140822],[27.687329289800058,45.51339860040982],[27.6893482898658,45.50933919627061],[27.68285125795116,45.50769597713138],[27.68602482721894,45.50124715453038],[27.68075640431672,45.499848924459194],[27.691181344424628,45.48449305213741],[27.68533747863157,45.48533814157279],[27.676749793629824,45.483338752380874],[27.672291744570238,45.48482104515573],[27.665023169278413,45.48236585144615],[27.66107977365316,45.48301524925111],[27.66536329499445,45.49635452100253],[27.659068313135744,45.49797515783523],[27.650535598602094,45.4965601255356],[27.64622550499926,45.49965399189062],[27.657022926467416,45.50530042262996],[27.659387818756212,45.514290741111566],[27.66595847246457,45.51896945907001],[27.663744192788755,45.52806695513302],[27.647102806249595,45.53427937249008],[27.645531626532907,45.54212237340521],[27.642152229802623,45.54529871293945],[27.610264825413378,45.553965225878066],[27.604110244042204,45.55063679424985],[27.60024651429049,45.54341447006123],[27.59273141481015,45.54156750463692],[27.598943196488598,45.5498090240853],[27.597391554618106,45.56547959134758],[27.600485603930903,45.57842061114218],[27.60603277096561,45.57678839099536],[27.613937597730196,45.577883680264655],[27.612545068860157,45.58537227855825],[27.63808212297163,45.5882388394092],[27.642415990145363,45.6044985599342],[27.66063806927072,45.60480192503933],[27.661391238265576,45.61293311464852]]],[[[28.12019053271174,45.62660824907955],[28.090257230327875,45.62357130710111],[28.09583019888342,45.63122551786488],[28.064358800374144,45.62940013667977],[28.06502137691967,45.626871005359355],[28.049190333555384,45.628204027043665],[28.032864557734815,45.62606145506617],[28.031672217396036,45.63992978304112],[28.013951957829125,45.637799941196306],[27.99902582482539,45.63770354934058],[27.996352560602716,45.63992663038528],[27.963960691852193,45.639113884403095],[27.96040163371306,45.66999525370401],[27.91149335352291,45.66872436950018],[27.91498433342116,45.69220663202861],[27.912999077223393,45.69397140495879],[27.93430230566216,45.69784498787524],[27.966052370217728,45.66679331700393],[27.998116983076535,45.66708658774023],[27.99688939125256,45.66021192514361],[28.034162252036037,45.65818591412461],[28.028036642355204,45.667264326727725],[28.027268446001678,45.6749272968072],[28.01338979648861,45.68982828944473],[28.077894584517846,45.69787512235562],[28.078989028672712,45.69542979237208],[28.08297717422342,45.69565441049732],[28.082113970653243,45.69109943546247],[28.1080771071289,45.691692887531225],[28.109779631330994,45.705851134392056],[28.16995876986132,45.707820410122665],[28.16014733003196,45.70357212391741],[28.16438199461581,45.69733313372331],[28.162507472736294,45.69279594152615],[28.166645736817145,45.68227869856035],[28.17142674074618,45.67933800066315],[28.16211301523592,45.660446669211744],[28.165926483532242,45.65350672822446],[28.157782865492205,45.65115035473675],[28.173255520490635,45.64753368004571],[28.17211402135476,45.64103555506824],[28.15675770398131,45.63657284778916],[28.14413232185002,45.62147081374663],[28.13697915276092,45.62548518683204],[28.130265959413926,45.62367394436123],[28.131801395431854,45.61988765661805],[28.129754898687313,45.61882910027228],[28.122404865369976,45.62262918500108],[28.12019053271174,45.62660824907955]]],[[[27.770193685490256,45.51824718313913],[27.766623098272774,45.50661935897667],[27.744730423217682,45.50338957039897],[27.740407310379798,45.500451663673985],[27.74006603612061,45.496614645025474],[27.734067503744704,45.490948211427174],[27.73150806442007,45.49249389113138],[27.726241120604616,45.48590511235967],[27.702202347999847,45.47902383173396],[27.69942060132245,45.475989324084246],[27.704485843648918,45.46884363699013],[27.702920226612537,45.463527253378324],[27.688566872350123,45.46053697385388],[27.681394909060906,45.464593175676185],[27.68196371330374,45.46714935810168],[27.689415987912213,45.46892603142786],[27.694137534736385,45.47319329700286],[27.69497626234019,45.4796295636207],[27.69067417582818,45.482161332619945],[27.673514001806385,45.475009562433804],[27.660172956633126,45.47237344227265],[27.66107977365316,45.48301524925111],[27.691181344424628,45.48449305213741],[27.68075640431672,45.499848924459194],[27.68602482721894,45.50124715453038],[27.68285125795116,45.50769597713138],[27.6893482898658,45.50933919627061],[27.687329289800058,45.51339860040982],[27.696526138625554,45.51561987140822],[27.689526563598058,45.52943332530589],[27.697881764434875,45.5314443739086],[27.69336348145029,45.536057399837574],[27.69659944182932,45.53894220433284],[27.68369170280064,45.55451240029928],[27.6901334848549,45.59311157556764],[27.74415338261026,45.587898545080044],[27.738464618753795,45.55801978184642],[27.763195153380966,45.553305098710716],[27.756609225273447,45.53716375751746],[27.757889243560673,45.530936107952165],[27.760603623630068,45.53025633378278],[27.758186042100053,45.524517014403344],[27.762444788831566,45.52400235906049],[27.76586897066871,45.52607457398625],[27.770193685490256,45.51824718313913]]],[[[27.630787537904105,45.685750851387645],[27.638204349703514,45.65418313209733],[27.599719139212183,45.65624743343805],[27.524437068803593,45.63954632439319],[27.50086504628512,45.638359714604434],[27.494281649649476,45.64090520010586],[27.490579064293502,45.63957760130012],[27.485837293388208,45.641144186436954],[27.47007386112545,45.63655666926214],[27.46408027582556,45.63975708360829],[27.46377455485124,45.645550946229896],[27.452330180007948,45.65060650440353],[27.456781769272386,45.65674333154607],[27.450088917002475,45.663247897997245],[27.451913437842606,45.672538478248875],[27.475670130829908,45.67454978248194],[27.4836415870158,45.671074090711855],[27.502797058639008,45.68061041932354],[27.50077742231197,45.6865340955586],[27.492591902389204,45.69462100022989],[27.50915043675004,45.699655457753636],[27.503096111534457,45.710746550618815],[27.545878836038355,45.71993979524222],[27.549258362076117,45.710400538612504],[27.622652170303052,45.723319909073915],[27.627173553971126,45.68664016876635],[27.630787537904105,45.685750851387645]]],[[[27.831217814158165,45.53982468610385],[27.83139268541226,45.53191845955193],[27.821962431714404,45.530129140941256],[27.820738019407834,45.52457548746265],[27.818059496360185,45.52356209682936],[27.81641658915833,45.50606925083204],[27.8221694705867,45.50578227219109],[27.821213905582358,45.49309105564693],[27.803318924258946,45.49377591214571],[27.802597558034854,45.47275119487746],[27.78741612254804,45.47345590103477],[27.78643229464208,45.45594035214145],[27.78233789739853,45.44908623391985],[27.77642923087498,45.45080438838779],[27.75989880068994,45.42288168663311],[27.768414747634754,45.42411488831547],[27.769311417589584,45.419508294807315],[27.756545457758207,45.41894646672268],[27.74308324656339,45.413948234900566],[27.739629192730494,45.41536729585145],[27.73894167956376,45.42113559996554],[27.74398175067381,45.426257176286256],[27.742286926935478,45.43275621439987],[27.750186974375318,45.44850115372083],[27.74710991981639,45.448612345036786],[27.73742839375707,45.43899615442819],[27.733245416303696,45.43994227062708],[27.738083808141536,45.43669878603513],[27.730860893163413,45.43847693149576],[27.72842298392973,45.441631532313814],[27.71812283603184,45.44093814340368],[27.72061455884056,45.43957141078058],[27.71678036867721,45.43347063277278],[27.706125011050364,45.4372904481324],[27.70499125748145,45.435510432530116],[27.67326689395337,45.446184514103365],[27.683387966979446,45.46149094194385],[27.687472861889145,45.45946397190986],[27.702920226612537,45.463527253378324],[27.704485843648918,45.46884363699013],[27.69942060132245,45.475989324084246],[27.702376312027596,45.47914353478537],[27.726241120604616,45.48590511235967],[27.73150806442007,45.49249389113138],[27.734067503744704,45.490948211427174],[27.74006603612061,45.496614645025474],[27.740407310379798,45.500451663673985],[27.744730423217682,45.50338957039897],[27.766623098272774,45.50661935897667],[27.77031602428716,45.518752857196475],[27.774640024404523,45.51859083777898],[27.77540332314322,45.521447825675786],[27.7850652678675,45.520822128009364],[27.785983915181955,45.53977204662862],[27.807959193021386,45.537659596857],[27.809383803479964,45.54201832298208],[27.831217814158165,45.53982468610385]]],[[[27.780396324141343,45.59962198740995],[27.784192954066377,45.591140359243596],[27.782793021630436,45.58863891073287],[27.779584255995,45.5892969273462],[27.780478666228774,45.58670592738119],[27.776205670730736,45.58411165368764],[27.781530969608408,45.58247765051397],[27.783541567179565,45.585040284731015],[27.78533818051345,45.58202374165015],[27.78939708130367,45.58142530035599],[27.783599284205412,45.576668435686095],[27.829330465705937,45.570384620279675],[27.829616192957563,45.575294533850276],[27.837382860546132,45.57502235266161],[27.851687914602426,45.567835256925555],[27.854654599936897,45.55516600330999],[27.83435045379993,45.55558785147651],[27.833897440238736,45.53976912795972],[27.809383803479964,45.54201832298208],[27.807959193021386,45.537659596857],[27.785983915181955,45.53977204662862],[27.7850652678675,45.520822128009364],[27.77540332314322,45.521447825675786],[27.774640024404523,45.51859083777898],[27.770193685490256,45.51824718313913],[27.76586897066871,45.52607457398625],[27.762444788831566,45.52400235906049],[27.758186042100053,45.524517014403344],[27.760603623630068,45.53025633378278],[27.757889243560673,45.530936107952165],[27.756609225273447,45.53716375751746],[27.763195153380966,45.553305098710716],[27.738464618753795,45.55801978184642],[27.74415338261026,45.587898545080044],[27.6901334848549,45.59311157556764],[27.69497472331641,45.619047126062256],[27.700842509292954,45.61866010245583],[27.701988506183042,45.62861493324874],[27.709291880130106,45.62847634765259],[27.711999245430615,45.638339481284305],[27.753060347475785,45.63632775397799],[27.74369117359938,45.614891335010526],[27.763846903171995,45.61340224690297],[27.760372770203634,45.60646251240838],[27.764244549991364,45.60068661105176],[27.76845906579478,45.598864628047586],[27.768881124722604,45.60055053200327],[27.780396324141343,45.59962198740995]]],[[[27.63333898707196,45.5877068744696],[27.612545068860157,45.58537227855825],[27.613937597730196,45.577883680264655],[27.60603277096561,45.57678839099536],[27.600485603930903,45.57842061114218],[27.597391554618106,45.56547959134758],[27.598943196488598,45.5498090240853],[27.59273141481015,45.54156750463692],[27.579796366178623,45.54607180450448],[27.560347068709223,45.546746330848414],[27.54865544199245,45.54098625777158],[27.532155133564945,45.524578569131734],[27.523663609973543,45.52428349054157],[27.52223053194069,45.52968402136651],[27.528230804471708,45.53865590295907],[27.528638667713956,45.547541129590655],[27.52405855870303,45.553363573416576],[27.50556749568882,45.56098816906475],[27.50479343404024,45.568198613789406],[27.510061608915862,45.57665832915226],[27.534102722128132,45.57843603229923],[27.55518894194385,45.59050243590798],[27.558262065539573,45.58486889467357],[27.59344701897954,45.601083685960525],[27.630134708331276,45.61105182473166],[27.635385099993993,45.60399017947872],[27.63333898707196,45.5877068744696]]],[[[27.699803423285555,45.72858398997494],[27.7021226322463,45.716054760501684],[27.69688752553696,45.71595306010956],[27.6968477919534,45.70982954111634],[27.680074464516725,45.71026916680348],[27.67898692716681,45.70443854045794],[27.69536113897844,45.7030126244457],[27.69603579679233,45.70929486024882],[27.69851501061565,45.66757942292293],[27.696655678961704,45.650662450697546],[27.691396940590842,45.65063114941926],[27.69349725669008,45.66162172318067],[27.667750227264484,45.66279585902811],[27.6682070255402,45.67001461555606],[27.640949055301018,45.67180490229668],[27.642023879046214,45.668056686077364],[27.635051083853742,45.66795891730648],[27.630787537904105,45.685750851387645],[27.627173553971126,45.68664016876635],[27.622652170303052,45.723319909073915],[27.625634527685794,45.72381086806938],[27.6263844427571,45.73201925047228],[27.62312043367315,45.73733642771521],[27.65611088794593,45.73404747753099],[27.656167280475746,45.72870413540337],[27.666389139528178,45.72781070627775],[27.666963800528002,45.72377106665825],[27.692698952758295,45.72207698741182],[27.693956689556035,45.72838051871395],[27.699803423285555,45.72858398997494]]],[[[27.821213905582358,45.49309105564693],[27.820018182499886,45.47631654466243],[27.82394749221673,45.47610375531307],[27.82344930627677,45.468573772752016],[27.82760847978049,45.46836324206682],[27.82666728855581,45.46577500440739],[27.833596238575677,45.46691323939645],[27.83694670431937,45.46030816590905],[27.85216247529004,45.479291085840615],[27.87207610175743,45.482499652655946],[27.86369444585878,45.46461937914156],[27.882223754304675,45.460248295752756],[27.873856245943156,45.43454683217206],[27.865522125676137,45.41864610723989],[27.866675120171546,45.416433861486865],[27.868396757739763,45.417961374818375],[27.873072205623707,45.41660297807101],[27.872605560922462,45.41066435972828],[27.86554597819362,45.405826800437225],[27.870155041826262,45.39912917793216],[27.86563337862277,45.3969807554325],[27.856496723098306,45.39650268859917],[27.84536526139583,45.400097158713756],[27.83021940236332,45.39917614367374],[27.821880971221272,45.396521325132646],[27.809494139849953,45.40302017111787],[27.78636177683493,45.40688978314884],[27.786672699991616,45.41946650106451],[27.78301866102488,45.422309298295886],[27.77539044950363,45.42230509187613],[27.769311417589584,45.419508294807315],[27.768414747634754,45.42411488831547],[27.75989880068994,45.42288168663311],[27.77642923087498,45.45080438838779],[27.78233789739853,45.44908623391985],[27.78643229464208,45.45594035214145],[27.78741612254804,45.47345590103477],[27.802597558034854,45.47275119487746],[27.803318924258946,45.49377591214571],[27.821213905582358,45.49309105564693]]],[[[28.151235735796426,45.75264864870701],[28.15110107256377,45.74429901122091],[28.155840302889544,45.744074030477215],[28.15737430358224,45.739974204156994],[28.166845848127924,45.73646561626465],[28.165989551474272,45.73045544246602],[28.160736010558814,45.72550835584723],[28.16716914835214,45.72376430880316],[28.164071384181835,45.717251738648876],[28.17063472854522,45.710163196469956],[28.16995876986132,45.707820410122665],[28.109779631330994,45.705851134392056],[28.1080771071289,45.691692887531225],[28.082113970653243,45.69109943546247],[28.08297717422342,45.69565441049732],[28.078989028672712,45.69542979237208],[28.077894584517846,45.69787512235562],[28.02278474009425,45.691404393515015],[28.016849950889394,45.70869556477767],[28.014754206575898,45.70820310077384],[28.001468933839853,45.735076857211304],[28.030238803013635,45.744616966374],[28.02608962442485,45.75302593501402],[28.037363055655128,45.756021976649315],[28.035761721331394,45.75916082525178],[28.055567575862696,45.753820713065366],[28.06613441764398,45.7554368976696],[28.07742649109282,45.74755863649197],[28.077939797154453,45.750686499532954],[28.151235735796426,45.75264864870701]]],[[[27.880870264879917,45.49815676034573],[27.878924346294525,45.49877790701417],[27.87207610175743,45.482499652655946],[27.85216247529004,45.479291085840615],[27.844000396515735,45.47116367936266],[27.838492805374557,45.460601753640674],[27.833596238575677,45.46691323939645],[27.82666728855581,45.46577500440739],[27.82760847978049,45.46836324206682],[27.82344930627677,45.468573772752016],[27.82394749221673,45.47610375531307],[27.820018182499886,45.47631654466243],[27.8221694705867,45.50578227219109],[27.81641658915833,45.50606925083204],[27.818059496360185,45.52356209682936],[27.820738019407834,45.52457548746265],[27.821962431714404,45.530129140941256],[27.831970371703022,45.53290188348307],[27.83435045379993,45.55558785147651],[27.854654599936897,45.55516600330999],[27.850809395715967,45.57222667353152],[27.873337107829453,45.574229033279586],[27.87713008895472,45.5560464172219],[27.88425613254868,45.5520110840016],[27.884183042092285,45.51774072984855],[27.887813431938913,45.51742636726305],[27.880870264879917,45.49815676034573]]],[[[27.878924346294525,45.49877790701417],[27.89812919397366,45.49398124282624],[27.911758363134943,45.487635329044764],[27.90926390643035,45.481278436725106],[27.91092026238258,45.46189539438608],[27.94112718173777,45.45629932384311],[27.941800052662526,45.445383062494805],[27.956941163665316,45.44683292977395],[27.964915000524527,45.43392204975501],[27.960235183900608,45.433854120147714],[27.959000340686295,45.4297728687995],[27.96495625483546,45.42960498151718],[27.96393403390631,45.423878135542886],[27.96137847621964,45.42390258837596],[27.964888259097187,45.419690047781984],[27.96419746911931,45.40850394713923],[27.967502789592388,45.40797109536838],[27.967412223386457,45.40358093182394],[27.953709128813866,45.40572429099489],[27.959206145325183,45.40260934726608],[27.941521120881536,45.40608469986317],[27.92211401511256,45.40563933792432],[27.889085458736975,45.42006780678799],[27.88371417058505,45.41649688650037],[27.868396757739763,45.417961374818375],[27.866675120171546,45.416433861486865],[27.8659033426132,45.4197321193427],[27.873856245943156,45.43454683217206],[27.882223754304675,45.460248295752756],[27.86369444585878,45.46461937914156],[27.878924346294525,45.49877790701417]]],[[[27.873618621459094,45.605478611734824],[27.873337107829453,45.574229033279586],[27.850809395715967,45.57222667353152],[27.851687914602426,45.567835256925555],[27.837382860546132,45.57502235266161],[27.829616192957563,45.575294533850276],[27.829330465705937,45.570384620279675],[27.783599284205412,45.576668435686095],[27.78939708130367,45.58142530035599],[27.78533818051345,45.58202374165015],[27.783541567179565,45.585040284731015],[27.781530969608408,45.58247765051397],[27.776205670730736,45.58411165368764],[27.780478666228774,45.58670592738119],[27.779584255995,45.5892969273462],[27.782793021630436,45.58863891073287],[27.784192954066377,45.591140359243596],[27.78038474886554,45.597664947260625],[27.782754930083293,45.59623503053836],[27.78695295440628,45.601379957540445],[27.789882536112717,45.60048368509665],[27.795429206317593,45.608852637043476],[27.873618621459094,45.605478611734824]]],[[[27.9370662627764,45.735187293433476],[27.93401504065133,45.735003487642814],[27.934194824643487,45.72538228751673],[27.929097941548886,45.724607250554826],[27.930299312344367,45.721237358565794],[27.91653666519632,45.71902011207491],[27.93430230566216,45.69784498787524],[27.91298727925164,45.693420718465404],[27.901722307048924,45.69335157270445],[27.90124725609456,45.68758469174679],[27.87840627389697,45.68948640907815],[27.880910472661213,45.69796036923557],[27.872431541093675,45.69818856115565],[27.87237783184044,45.72614723721427],[27.8770169339015,45.73902466433861],[27.881576625315898,45.73871130779617],[27.87859432139902,45.75965409922177],[27.88362140792399,45.76097252795477],[27.877299162503487,45.77132192903156],[27.891000310331247,45.7746973622497],[27.885368889364525,45.79437640355583],[27.915143792369836,45.792517722955985],[27.91850695153616,45.786550253862494],[27.91575498126041,45.78071744499007],[27.932184824812097,45.778575318181794],[27.9369243537328,45.774697830650865],[27.9377305827269,45.773288134978394],[27.926816542713862,45.76669917115853],[27.938173287909464,45.75047872790379],[27.93933576476677,45.73949151829264],[27.9370662627764,45.735187293433476]]],[[[27.863962723760917,45.848074055866604],[27.86730088801874,45.8312143777722],[27.879127584912506,45.80821775860905],[27.882920848506856,45.808336616516975],[27.886993907886037,45.78281548752982],[27.891000310331247,45.7746973622497],[27.86972087351803,45.76994119343342],[27.83084614261804,45.76699883928243],[27.82907443573797,45.76170635734322],[27.832588753852505,45.76132118283168],[27.830577705268034,45.754832342851586],[27.785416446237505,45.7554217859564],[27.77343051932551,45.78198577403009],[27.770954702286712,45.80126308707428],[27.776308597695724,45.800860880117106],[27.770422364871077,45.81652475597342],[27.817447701486113,45.82560591038884],[27.816035605045695,45.84997438749566],[27.863962723760917,45.848074055866604]]],[[[27.664180527862577,45.48979742001229],[27.654408810033754,45.49071392567926],[27.654954220937736,45.47980126304911],[27.643578846861534,45.47767871049891],[27.646233161195635,45.46214157491497],[27.627217780162344,45.45503087159814],[27.624061712994106,45.4661737093598],[27.611554075401024,45.46431851276832],[27.614133248008073,45.4734945729324],[27.60273857286985,45.47757683997068],[27.605606343224746,45.482243787013516],[27.58821252694116,45.485404882879806],[27.575288607514885,45.49166504274849],[27.572648351791425,45.48727113751322],[27.562193698433177,45.49081375974219],[27.558545025001536,45.4883830064208],[27.542934638878428,45.49936665175857],[27.53696323752921,45.493938122452306],[27.52758709565325,45.499761432288764],[27.532449930804628,45.50550082116428],[27.5392963667204,45.50518115367188],[27.541812985834916,45.50915113725463],[27.539856662128884,45.512039820893676],[27.53046753502978,45.514648988901946],[27.524541060911915,45.51958302981067],[27.523663609973543,45.52428349054157],[27.532155133564945,45.524578569131734],[27.54865544199245,45.54098625777158],[27.560347068709223,45.546746330848414],[27.569313272476315,45.54767730286366],[27.596453564970858,45.541518540622945],[27.602641073953023,45.54559008217959],[27.606886609279616,45.55342313623875],[27.621448960177165,45.55160154945393],[27.642152229802623,45.54529871293945],[27.645531626532907,45.54212237340521],[27.647102806249595,45.53427937249008],[27.663744192788755,45.52806695513302],[27.66595847246457,45.51896945907001],[27.659387818756212,45.514290741111566],[27.657022926467416,45.50530042262996],[27.64622550499926,45.49965399189062],[27.650535598602094,45.4965601255356],[27.663905668294188,45.49756414202706],[27.664180527862577,45.48979742001229]]],[[[27.90124725609456,45.68758469174679],[27.892183849436147,45.658726702821774],[27.856546967811575,45.664693202165836],[27.865834289177474,45.68685358874379],[27.825578916729626,45.690098478222126],[27.826454770614614,45.69233826934959],[27.820893865800947,45.69102382826005],[27.820578931898204,45.69461458293679],[27.81155285513747,45.69285739841728],[27.780214610605388,45.6973224784504],[27.781745952910864,45.71019501739775],[27.80063955827762,45.71194429571507],[27.810968222874532,45.71530851360794],[27.825705686821426,45.711541882327516],[27.830780319610998,45.71686275293603],[27.833299348027612,45.74432617898714],[27.83951609121267,45.74436154367336],[27.84046578212169,45.76113143693233],[27.8716657788603,45.762379474607485],[27.881472587708306,45.76459934190614],[27.88362140792399,45.76097252795477],[27.87859432139902,45.75965409922177],[27.881576625315898,45.73871130779617],[27.8770169339015,45.73902466433861],[27.87237783184044,45.72614723721427],[27.872431541093675,45.69818856115565],[27.880910472661213,45.69796036923557],[27.87840627389697,45.68948640907815],[27.90124725609456,45.68758469174679]]],[[[27.783522768300596,45.721198502219856],[27.780214610605388,45.6973224784504],[27.770441110605415,45.69822132125599],[27.766100293145264,45.6852430281034],[27.70963081983545,45.68974551838284],[27.709152385990397,45.68429868826781],[27.70554252788607,45.68464887671818],[27.7049304002094,45.67816098787327],[27.698518675993856,45.67862601310965],[27.69603579679233,45.70929486024882],[27.69536113897844,45.7030126244457],[27.67898692716681,45.70443854045794],[27.680074464516725,45.71026916680348],[27.6968477919534,45.70982954111634],[27.69688752553696,45.71595306010956],[27.7021226322463,45.716054760501684],[27.70115339429516,45.72421652042206],[27.70410596446217,45.72403660553132],[27.704316902774774,45.72919026721097],[27.71801672441297,45.72807983558929],[27.71803052066933,45.73150805432292],[27.746355827282137,45.73019299391312],[27.748786221953814,45.72935264215623],[27.749796608085546,45.72295094279922],[27.783522768300596,45.721198502219856]]],[[[28.127681487984436,45.86583164880225],[28.12686691280971,45.86278101662649],[28.120255994570776,45.86367056593156],[28.114420143541796,45.86017417777877],[28.10575477482371,45.85935216126093],[28.11411077079789,45.849250370917076],[28.112196416820904,45.84475483046162],[28.105376991628884,45.84309432310949],[28.112585738939593,45.83454648135977],[28.108884819220243,45.83108113099345],[28.111933913681387,45.82670071084292],[28.109379196976146,45.82441452963535],[28.113023413519628,45.82088706824944],[28.107767350250345,45.815986672301264],[28.118602527471154,45.81487696421195],[28.121223171317332,45.805520809700496],[28.119711956023924,45.802076962374],[28.12255541144493,45.79805916136],[28.118924866686783,45.794534868689276],[28.113056400054216,45.79597306687032],[28.112668215569613,45.79303683100942],[28.114575196945047,45.79009201328722],[28.12048760075665,45.791100695097356],[28.122235457963356,45.788112727653136],[28.080319052986,45.781587885889735],[28.072342143722807,45.79452638602316],[28.061957141776542,45.794198615974935],[28.05386340120211,45.814888710568475],[28.043400766527395,45.83172552118915],[28.030079641870557,45.83600353843608],[28.021657351209257,45.84255518265324],[28.01949570670888,45.87235586125483],[28.029695732604477,45.872407705239326],[28.030425757886277,45.87654189933163],[28.036683515756398,45.876400990309214],[28.038557613616963,45.88463101458189],[28.067988370723697,45.88483004219344],[28.082915535489533,45.882779320650215],[28.09855622967977,45.875013921174585],[28.127681487984436,45.86583164880225]]],[[[28.127681487984436,45.86583164880225],[28.09855622967977,45.875013921174585],[28.082915535489533,45.882779320650215],[28.067988370723697,45.88483004219344],[28.038557613616963,45.88463101458189],[28.041958614834854,45.90251852465448],[28.038913043648844,45.90695819310967],[28.035611812450178,45.94655497606505],[28.09076741115737,45.957153173682066],[28.105326622859668,45.96232000499901],[28.110964580509872,45.95841402254013],[28.118292426436437,45.94427698285212],[28.114337296745475,45.93556667365715],[28.120767107227394,45.93128490635462],[28.12570504609233,45.92222073854212],[28.120409997927705,45.91832157627403],[28.11609622239565,45.90941684985734],[28.11967864865884,45.900684479680365],[28.11214068619386,45.89894066540643],[28.118148368668482,45.88753214453793],[28.112497039550245,45.8848863954868],[28.115113725133934,45.88268824719537],[28.12126031395169,45.88356566469127],[28.12312532369009,45.88206976221428],[28.126858852448155,45.88524372589357],[28.130216740276893,45.88249571547864],[28.127783638137558,45.87780299729352],[28.132535487767925,45.876403937442916],[28.127558492512,45.87069736173698],[28.127681487984436,45.86583164880225]]],[[[27.881472587708306,45.76459934190614],[27.8716657788603,45.762379474607485],[27.84046578212169,45.76113143693233],[27.83951609121267,45.74436154367336],[27.833299348027612,45.74432617898714],[27.830780319610998,45.71686275293603],[27.825705686821426,45.711541882327516],[27.810968222874532,45.71530851360794],[27.80063955827762,45.71194429571507],[27.78176095177701,45.71022852941861],[27.784123441506576,45.731140570909155],[27.79435571074569,45.73049311093819],[27.792610533479824,45.74545632372944],[27.79659152261368,45.743545499198],[27.804308052976484,45.7450715030401],[27.804623272448573,45.75486940675469],[27.830577705268034,45.754832342851586],[27.832588753852505,45.76132118283168],[27.82907443573797,45.76170635734322],[27.83084614261804,45.76699883928243],[27.877299162503487,45.77132192903156],[27.881472587708306,45.76459934190614]]]]},"properties":{"alert_id":"be4c18a362778f71","source":"nowcasting","alert_type":"nowcasting","feature_id":"dd9773acce015cda20","judet_cod":"GL","judet_nume":"Galați","county_code":"GL","county_name":"Galați","cod_judet":"GL","cod_culoare":1,"cod_culoare_nume":"Galben","culoare":"1","cod":"Galben","fenomen_principal":"Va ploua, iar în timp scurt sau prin acumulare cantitățile de apă vor fi de 20…30 l/mp. În zona avertizată în ultimele ore s-au acumulat cantități de 20...30 l/mp.","fenomen_group":"alte fenomene","zona_text":"Județul Galaţi: Galați, Liești, Pechea, Cudalbi, Târgu Bujor, Tulucești, Umbrărești, Măstăcani, Fârțănești, Tudor Vladimirescu, Frumușița, Piscu, Ivești, Independența, Slobozia Conachi, Fundeni, Vânători, Grivița, Braniștea, Foltești, Schela, Smârdan, Șendreni, Cuza Vodă, Scânteiești, Cuca, Băleni, Nămoloasa, Rediu, Costache Negri, Vlădești, Oancea, Suhurlui;<br>Județul Vrancea: Vulturu, Măicănești, Nănești;<br>","zona_nume":"Galați - localitati","zone_name":"Galați - localitati","display_name":"Galați - localitati","localities":["Galați","Liești","Pechea","Cudalbi","Târgu Bujor","Tulucești","Umbrărești","Măstăcani","Fârțănești","Tudor Vladimirescu","Frumușița","Piscu","Ivești","Independența","Slobozia Conachi","Fundeni","Vânători","Grivița","Braniștea","Foltești","Schela","Smârdan","Șendreni","Cuza Vodă","Scânteiești","Cuca","Băleni","Nămoloasa","Rediu","Costache Negri","Vlădești","Oancea","Suhurlui"],"geometry_source":"uat_match","match_confidence":"medium","interval_text":"","interval_start":"2026-09-13T07:00:00","valid_from":"2026-09-13T07:00:00","valid_to":"2026-09-13T08:30:00","interval_valabilitate_text":"","interval_end":"2026-09-13T08:30:00","data_expirare":"2026-09-13T08:30:00","mesaj_plain":"Va ploua, iar în timp scurt sau prin acumulare cantitățile de apă vor fi de 20…30 l/mp. În zona avertizată în ultimele ore s-au acumulat cantități de 20...30 l/mp.","source_url":"","source_label":"","notes":"","durata_ore":1.5,"zi":"2026-09-13"}},{"type":"Feature","geometry":{"type":"MultiPolygon","coordinates":[[[[27.490579064293502,45.63957760130012],[27.488375832179326,45.629386159785064],[27.499425235659423,45.6277069341305],[27.491175174137215,45.62378005312933],[27.493420400462067,45.62091121058094],[27.48579061514856,45.61903829405482],[27.48388025462859,45.61474720442616],[27.482025129290342,45.61391625162976],[27.478575653332133,45.61781350230427],[27.478289178259093,45.61275703863401],[27.4746049250392,45.61224029321315],[27.474082868855106,45.59911473708835],[27.469647501614222,45.60002779843699],[27.464707792107095,45.59759578794198],[27.46115660543067,45.59912510329025],[27.459816891397487,45.56380622040059],[27.466373246470155,45.56340973783789],[27.475602174712012,45.56622231906551],[27.475598686108786,45.561939331617],[27.465484953694936,45.557605209309436],[27.465583927674665,45.539162638884065],[27.455491667050826,45.53921314620304],[27.455515918002355,45.54408208777341],[27.428647255788462,45.54422050952694],[27.415106825338686,45.533115662780624],[27.396326514754104,45.54120125676879],[27.398066049007923,45.55252353278228],[27.34279228150957,45.56677347846144],[27.354650870084427,45.64609564082892],[27.366174358426782,45.64073098520712],[27.378144825495706,45.64550115676866],[27.37864629953875,45.63801198983829],[27.38324761586157,45.6379640570025],[27.388056948591764,45.631672955306904],[27.39429822744125,45.631130921118974],[27.403063809162283,45.6331962575266],[27.404376766033952,45.63804216941998],[27.447312214923155,45.65820247841849],[27.447077819761887,45.663028270214916],[27.450114291309635,45.66310488245483],[27.456781769272386,45.65674333154607],[27.452330180007948,45.65060650440353],[27.46377455485124,45.645550946229896],[27.464833746327205,45.63892730549839],[27.47007386112545,45.63655666926214],[27.48390565174321,45.640861659955355],[27.490579064293502,45.63957760130012]]],[[[27.460443739444205,45.53916712459357],[27.460374861579826,45.527536005486205],[27.46296257689205,45.525124859429816],[27.486735822864446,45.52493900025949],[27.507195946315402,45.51870572169514],[27.50948132000594,45.51390937700675],[27.505382251224827,45.51435414516748],[27.506786739193977,45.51047177519068],[27.515561241349168,45.51432356401991],[27.532449930804628,45.50550082116428],[27.526888389999694,45.50030753870652],[27.53696323752921,45.493938122452306],[27.542934638878428,45.49936665175857],[27.558545025001536,45.4883830064208],[27.486617026528723,45.43998654294788],[27.440402680964965,45.41480094314159],[27.43276826146274,45.409667102991904],[27.435210534875562,45.40688269032535],[27.407946792380084,45.400989184924164],[27.401277746457332,45.41150957940835],[27.384104876373307,45.42262749301746],[27.36269306078509,45.4496124865393],[27.369197131374925,45.45038643223675],[27.382760758245308,45.461302789547005],[27.36824737993506,45.471104875340636],[27.367518330405957,45.47538846757243],[27.328836491618496,45.47330453079052],[27.333113875912144,45.501486866281816],[27.347121127129874,45.502298457018895],[27.345648664193327,45.49518993971621],[27.352176187112658,45.49556646322719],[27.352826029940704,45.49848581066646],[27.356251630218146,45.498719664505465],[27.355811437480487,45.50423629853274],[27.360344956308264,45.504554676512996],[27.361166443907983,45.50820185513459],[27.354673302400474,45.50680612266375],[27.355420515318023,45.51026012289011],[27.36010595519624,45.510920982933875],[27.36502044551472,45.53329276932552],[27.370088818150716,45.53551732096417],[27.37471776066429,45.536484730690624],[27.380499760066318,45.53463781282372],[27.38256723932813,45.53649252924276],[27.387315697313884,45.535362981267824],[27.388451811508546,45.53261592776713],[27.394353693722795,45.53207029575643],[27.396326514754104,45.54120125676879],[27.415106825338686,45.533115662780624],[27.428647255788462,45.54422050952694],[27.455515918002355,45.54408208777341],[27.455491667050826,45.53921314620304],[27.460443739444205,45.53916712459357]]],[[[27.5362850146562,45.58109687045971],[27.534102722128132,45.57843603229923],[27.510061608915862,45.57665832915226],[27.50424850399017,45.563163437989324],[27.50737553660777,45.55980626582122],[27.514894898982714,45.55834329646448],[27.52405855870303,45.553363573416576],[27.528220884708027,45.54871373670061],[27.52912438499044,45.54178766193155],[27.522342939943258,45.52764979987991],[27.524541060911915,45.51958302981067],[27.53046753502978,45.514648988901946],[27.540604691144335,45.51121236472384],[27.540007032853136,45.50569450770809],[27.53721891945111,45.50484786096818],[27.530196029871995,45.50551838782301],[27.515561241349168,45.51432356401991],[27.50807020530029,45.50979335295906],[27.505520215951556,45.51142503487041],[27.505382251224827,45.51435414516748],[27.5094469800942,45.513688298530134],[27.507195946315402,45.51870572169514],[27.48697942141131,45.52489288338633],[27.46355766924678,45.524970852244714],[27.460665553398,45.52695465020726],[27.460443739444205,45.53916712459357],[27.465583927674665,45.539162638884065],[27.465484953694936,45.557605209309436],[27.475598686108786,45.561939331617],[27.475602174712012,45.56622231906551],[27.466373246470155,45.56340973783789],[27.459816891397487,45.56380622040059],[27.46115660543067,45.59912510329025],[27.464707792107095,45.59759578794198],[27.469647501614222,45.60002779843699],[27.474082868855106,45.59911473708835],[27.4746049250392,45.61224029321315],[27.478289178259093,45.61275703863401],[27.478575653332133,45.61781350230427],[27.482025129290342,45.61391625162976],[27.48579061514856,45.61903829405482],[27.493420400462067,45.62091121058094],[27.49152832398387,45.624045933820966],[27.500902019539563,45.62736685467004],[27.50989766324921,45.62372602603081],[27.514340031961506,45.61696435881955],[27.508448485452632,45.61174304163374],[27.49756322349564,45.60689507173888],[27.50754527949658,45.60810559495272],[27.515173571868228,45.604626628699265],[27.51878050371717,45.5902437868321],[27.53285218267193,45.585347143753744],[27.5362850146562,45.58109687045971]]]]},"properties":{"alert_id":"be4c18a362778f71","source":"nowcasting","alert_type":"nowcasting","feature_id":"bab9eeceb71292700c","judet_cod":"VN","judet_nume":"Vrancea","county_code":"VN","county_name":"Vrancea","cod_judet":"VN","cod_culoare":1,"cod_culoare_nume":"Galben","culoare":"1","cod":"Galben","fenomen_principal":"Va ploua, iar în timp scurt sau prin acumulare cantitățile de apă vor fi de 20…30 l/mp. În zona avertizată în ultimele ore s-au acumulat cantități de 20...30 l/mp.","fenomen_group":"alte fenomene","zona_text":"Județul Galaţi: Galați, Liești, Pechea, Cudalbi, Târgu Bujor, Tulucești, Umbrărești, Măstăcani, Fârțănești, Tudor Vladimirescu, Frumușița, Piscu, Ivești, Independența, Slobozia Conachi, Fundeni, Vânători, Grivița, Braniștea, Foltești, Schela, Smârdan, Șendreni, Cuza Vodă, Scânteiești, Cuca, Băleni, Nămoloasa, Rediu, Costache Negri, Vlădești, Oancea, Suhurlui;<br>Județul Vrancea: Vulturu, Măicănești, Nănești;<br>","zona_nume":"Vrancea - localitati","zone_name":"Vrancea - localitati","display_name":"Vrancea - localitati","localities":["Vulturu","Măicănești","Nănești"],"geometry_source":"uat_match","match_confidence":"high","interval_text":"","interval_start":"2026-09-13T07:00:00","valid_from":"2026-09-13T07:00:00","valid_to":"2026-09-13T08:30:00","interval_valabilitate_text":"","interval_end":"2026-09-13T08:30:00","data_expirare":"2026-09-13T08:30:00","mesaj_plain":"Va ploua, iar în timp scurt sau prin acumulare cantitățile de apă vor fi de 20…30 l/mp. În zona avertizată în ultimele ore s-au acumulat cantități de 20...30 l/mp.","source_url":"","source_label":"","notes":"","durata_ore":1.5,"zi":"2026-09-13"}},{"type":"Feature","geometry":{"type":"MultiPolygon","coordinates":[[[[23.455012,44.569522],[23.452255,44.558755],[23.452135,44.552572],[23.449173,44.552808],[23.445053,44.550327],[23.443728,44.550835],[23.439612,44.545709],[23.428293,44.542513],[23.427427,44.541411],[23.435313,44.539892],[23.430926,44.537612],[23.429451,44.534128],[23.427124,44.532579],[23.422374,44.531731],[23.417468,44.532442],[23.415543,44.526929],[23.404806,44.531045],[23.404023,44.533277],[23.399198,44.535959],[23.392943,44.536623],[23.380405,44.542078],[23.370386,44.544378],[23.366805,44.543546],[23.36215,44.540661],[23.356364,44.540746],[23.353031,44.537826],[23.356807,44.536427],[23.354509,44.533813],[23.34999,44.53027],[23.347115,44.531857],[23.336772,44.523623],[23.328368,44.527147],[23.326678,44.530855],[23.323184,44.530813],[23.3227,44.532071],[23.326137,44.533191],[23.316614,44.539929],[23.311872,44.538821],[23.311504,44.539824],[23.309893,44.539871],[23.300162,44.536857],[23.287388,44.538307],[23.277923,44.533133],[23.268068,44.531164],[23.267068,44.530117],[23.253835,44.529839],[23.256976,44.520165],[23.265392,44.521037],[23.272995,44.520268],[23.283778,44.515987],[23.279091,44.50807],[23.279444,44.501488],[23.252347,44.496751],[23.244514,44.49676],[23.246457,44.48366],[23.248821,44.480267],[23.239224,44.478208],[23.235916,44.474381],[23.223162,44.472798],[23.223013,44.470498],[23.214071,44.470341],[23.214099,44.466949],[23.199799,44.467971],[23.196084,44.459906],[23.196304,44.451947],[23.198321,44.452153],[23.201391,44.450676],[23.201222,44.449379],[23.208129,44.447457],[23.207151,44.445841],[23.216503,44.44375],[23.215115,44.440121],[23.223028,44.439047],[23.222218,44.436041],[23.215769,44.436822],[23.205194,44.436056],[23.197164,44.413728],[23.178242,44.424177],[23.171724,44.418847],[23.16639,44.412097],[23.19982,44.392009],[23.217332,44.386602],[23.2181,44.375496],[23.207075,44.367565],[23.197713,44.372586],[23.195781,44.372471],[23.192454,44.36933],[23.193334,44.367025],[23.191465,44.366151],[23.188847,44.367338],[23.188575,44.365092],[23.190506,44.364866],[23.189346,44.360984],[23.193262,44.352614],[23.189181,44.348502],[23.189634,44.347241],[23.184848,44.340964],[23.176145,44.324428],[23.145896,44.31901],[23.139687,44.315386],[23.131108,44.31624],[23.118737,44.303012],[23.12394,44.301246],[23.109034,44.271661],[23.108289,44.262504],[23.09354,44.261863],[23.089034,44.242908],[23.097727,44.2404],[23.094155,44.222661],[23.112104,44.217333],[23.095094,44.199183],[23.114441,44.189844],[23.117824,44.189463],[23.109853,44.150107],[23.09722,44.146201],[23.084533,44.151475],[23.085506,44.15677],[23.005287,44.158026],[23.004594,44.139627],[23.000615,44.135777],[22.983161,44.124117],[22.963834,44.098491],[22.959175,44.098499],[22.93595,44.09972],[22.925453,44.102097],[22.898934,44.11466],[22.870988,44.133088],[22.854649,44.139392],[22.840598,44.146436],[22.813187,44.153782],[22.782148,44.171843],[22.749394,44.197812],[22.730508,44.201723],[22.694461,44.204439],[22.685945,44.207949],[22.675643,44.214698],[22.672218,44.219156],[22.672072,44.228784],[22.682936,44.247774],[22.685573,44.256154],[22.685139,44.265445],[22.678776,44.278093],[22.671849,44.283555],[22.644927,44.292492],[22.636902,44.29376],[22.617262,44.293259],[22.605179,44.29548],[22.578149,44.303532],[22.563615,44.305479],[22.557858,44.309045],[22.547773,44.322608],[22.523881,44.33926],[22.516613,44.358319],[22.508433,44.374079],[22.503738,44.380418],[22.500104,44.395285],[22.498863,44.411213],[22.501668,44.417218],[22.481091,44.432666],[22.471819,44.436739],[22.465439,44.443042],[22.461476,44.450246],[22.461415,44.4536],[22.457665,44.459029],[22.455971,44.469992],[22.460961,44.477433],[22.465628,44.479685],[22.473899,44.480585],[22.496473,44.477531],[22.516797,44.471625],[22.524152,44.47254],[22.548189,44.481635],[22.555156,44.48974],[22.560348,44.505123],[22.560421,44.520451],[22.562875,44.533101],[22.565027,44.536718],[22.572482,44.543453],[22.582147,44.549274],[22.60048,44.552105],[22.620773,44.551682],[22.634704,44.546099],[22.642726,44.544469],[22.654685,44.535906],[22.680828,44.521472],[22.687648,44.518453],[22.695903,44.516546],[22.711399,44.51944],[22.758937,44.536673],[22.763088,44.539969],[22.763939,44.544145],[22.762371,44.55232],[22.759639,44.557941],[22.744108,44.573567],[22.708028,44.602579],[22.692222,44.604995],[22.685938,44.606943],[22.681319,44.610172],[22.678641,44.616697],[22.670856,44.619157],[22.63668,44.61435],[22.626659,44.614054],[22.618188,44.615462],[22.570961,44.635546],[22.564571,44.641161],[22.56261,44.647861],[22.557472,44.649757],[22.544279,44.661038],[22.537975,44.663629],[22.534834,44.667746],[22.524064,44.676179],[22.51457,44.681858],[22.50765,44.691004],[22.495377,44.697808],[22.479222,44.709583],[22.463872,44.714722],[22.426098,44.709133],[22.416184,44.703068],[22.398398,44.684573],[22.384855,44.676813],[22.37156,44.674707],[22.360184,44.675278],[22.351316,44.677569],[22.343772,44.678283],[22.331623,44.675221],[22.308432,44.65867],[22.303414,44.653158],[22.301868,44.649132],[22.302067,44.642515],[22.300259,44.639039],[22.28502,44.630378],[22.277982,44.628188],[22.274366,44.625387],[22.272972,44.622584],[22.27227,44.612878],[22.26462,44.596536],[22.241496,44.571261],[22.23021,44.561337],[22.204913,44.519983],[22.195122,44.509778],[22.182229,44.481722],[22.178547,44.478771],[22.169877,44.47527],[22.145435,44.472666],[22.13709,44.472917],[22.128089,44.475204],[22.083478,44.500173],[22.080389,44.503667],[22.073665,44.51716],[22.07256,44.522685],[22.068087,44.52866],[22.056503,44.535907],[22.041581,44.543132],[22.035245,44.54919],[22.026602,44.567569],[22.028089,44.583641],[22.026266,44.591134],[22.024786,44.593744],[22.016308,44.599297],[22.020915,44.603286],[22.023449,44.607703],[22.029691,44.605787],[22.061977,44.609908],[22.065172,44.612421],[22.063732,44.615028],[22.070558,44.61654],[22.072461,44.61879],[22.078605,44.621783],[22.082232,44.621897],[22.084367,44.61798],[22.089552,44.619574],[22.092259,44.619032],[22.097139,44.613214],[22.097559,44.611296],[22.095945,44.609498],[22.098673,44.608753],[22.104134,44.604271],[22.109317,44.596352],[22.1142,44.594502],[22.117372,44.59177],[22.122808,44.591439],[22.128584,44.592767],[22.13048,44.597978],[22.132989,44.600567],[22.139795,44.594213],[22.143299,44.589202],[22.14281,44.587803],[22.147486,44.585263],[22.150605,44.59033],[22.153381,44.59049],[22.156046,44.592296],[22.156926,44.593532],[22.153977,44.59556],[22.154627,44.5987],[22.158068,44.600773],[22.159872,44.604067],[22.163282,44.605199],[22.163255,44.609426],[22.167421,44.611742],[22.167595,44.613763],[22.170235,44.617472],[22.172731,44.618575],[22.176268,44.624453],[22.173717,44.628162],[22.172799,44.633863],[22.177377,44.639838],[22.171134,44.648662],[22.158986,44.650889],[22.153457,44.650097],[22.148365,44.653328],[22.146407,44.653356],[22.144201,44.655886],[22.142256,44.655952],[22.142801,44.659498],[22.141206,44.65895],[22.138647,44.659888],[22.144893,44.678668],[22.149172,44.682412],[22.148939,44.684576],[22.145984,44.687661],[22.149029,44.697366],[22.146867,44.700714],[22.14932,44.704547],[22.149218,44.707153],[22.153509,44.711449],[22.153475,44.715804],[22.157423,44.730025],[22.155631,44.732521],[22.156094,44.736546],[22.15839,44.737837],[22.161138,44.737454],[22.163508,44.743384],[22.166903,44.741174],[22.171339,44.742138],[22.174025,44.740303],[22.185515,44.741239],[22.190513,44.745804],[22.193159,44.745844],[22.193517,44.747659],[22.191744,44.749823],[22.199813,44.756537],[22.202302,44.760724],[22.204133,44.761363],[22.19891,44.766137],[22.199138,44.768471],[22.196453,44.771725],[22.198212,44.7765],[22.195031,44.779167],[22.198494,44.783084],[22.199166,44.791135],[22.207124,44.799302],[22.206693,44.805092],[22.208767,44.812063],[22.206775,44.817427],[22.2133,44.816534],[22.216395,44.814717],[22.223441,44.814067],[22.23576,44.808318],[22.240077,44.808775],[22.243374,44.807496],[22.251814,44.798308],[22.251935,44.793705],[22.259132,44.792177],[22.262666,44.785085],[22.268058,44.782487],[22.272984,44.782487],[22.277552,44.780802],[22.297302,44.780151],[22.310831,44.774965],[22.314285,44.775725],[22.321669,44.775255],[22.327191,44.778181],[22.331628,44.777857],[22.341616,44.774017],[22.352505,44.757193],[22.353928,44.753087],[22.352849,44.74999],[22.354014,44.741772],[22.357822,44.741372],[22.358097,44.738673],[22.358817,44.743311],[22.361534,44.744603],[22.36198,44.742036],[22.363907,44.741419],[22.365407,44.742619],[22.365973,44.752207],[22.364732,44.752879],[22.368149,44.75614],[22.36852,44.754389],[22.370253,44.755978],[22.377914,44.757579],[22.381461,44.756673],[22.381442,44.755385],[22.388405,44.761038],[22.39109,44.761866],[22.393597,44.759976],[22.399594,44.758185],[22.401648,44.755684],[22.400289,44.754276],[22.401427,44.753296],[22.413961,44.756727],[22.418006,44.756816],[22.418566,44.758375],[22.420342,44.758416],[22.420861,44.761521],[22.417674,44.768616],[22.419312,44.769015],[22.421913,44.773937],[22.424969,44.775792],[22.424324,44.781472],[22.427786,44.782124],[22.429654,44.780622],[22.430479,44.781636],[22.429231,44.784493],[22.425847,44.787162],[22.426306,44.792163],[22.423517,44.795699],[22.423705,44.80047],[22.427819,44.801905],[22.432603,44.809398],[22.443366,44.818008],[22.443459,44.820021],[22.446382,44.823094],[22.444812,44.828297],[22.446522,44.835176],[22.449234,44.836651],[22.453023,44.836943],[22.455884,44.84262],[22.45781,44.843911],[22.459723,44.843251],[22.457499,44.851284],[22.464404,44.857028],[22.467556,44.857375],[22.470798,44.86068],[22.469235,44.86279],[22.470888,44.869111],[22.475384,44.872089],[22.478091,44.872559],[22.478246,44.874466],[22.476295,44.876444],[22.479473,44.877307],[22.481108,44.879495],[22.486516,44.881116],[22.486313,44.887694],[22.488733,44.894035],[22.487188,44.89943],[22.483748,44.901583],[22.482158,44.906865],[22.491006,44.909275],[22.489271,44.913925],[22.491029,44.914904],[22.491117,44.917309],[22.496101,44.92489],[22.493303,44.928988],[22.496179,44.928818],[22.488768,44.935586],[22.490261,44.936851],[22.490145,44.940653],[22.488983,44.942723],[22.486806,44.942595],[22.486578,44.949248],[22.490675,44.951612],[22.493736,44.950294],[22.502137,44.955442],[22.516368,44.955674],[22.515214,44.962285],[22.511667,44.965869],[22.502518,44.968375],[22.501038,44.970335],[22.495038,44.970767],[22.492129,44.973231],[22.497236,44.979054],[22.501972,44.980978],[22.50361,44.983958],[22.511021,44.986114],[22.511899,44.988385],[22.517686,44.992799],[22.524069,44.996186],[22.528518,44.996327],[22.536598,45.001992],[22.546279,45.013297],[22.549903,45.014853],[22.55551,45.019072],[22.556135,45.020846],[22.55893,45.021887],[22.558067,45.02382],[22.559954,45.024766],[22.561004,45.027296],[22.563596,45.027695],[22.561568,45.030976],[22.564445,45.032718],[22.563454,45.034298],[22.568212,45.03646],[22.570784,45.040806],[22.574223,45.040918],[22.574246,45.042478],[22.575844,45.04311],[22.585738,45.043675],[22.586903,45.046711],[22.593199,45.049329],[22.594267,45.053912],[22.59834,45.053874],[22.601274,45.055287],[22.600678,45.059803],[22.603762,45.062904],[22.607253,45.065557],[22.609958,45.065867],[22.610011,45.067639],[22.613781,45.070704],[22.61525,45.07371],[22.619116,45.07457],[22.627753,45.083315],[22.630957,45.084499],[22.631447,45.087118],[22.63614,45.090406],[22.637727,45.094832],[22.643231,45.096273],[22.6485,45.101316],[22.653539,45.102399],[22.655581,45.103844],[22.655232,45.107132],[22.656637,45.108042],[22.656619,45.10993],[22.658381,45.110728],[22.657443,45.109129],[22.658401,45.108029],[22.66109,45.107969],[22.661261,45.105776],[22.668299,45.104445],[22.673372,45.100676],[22.68252,45.106135],[22.685933,45.103934],[22.6911,45.097821],[22.689889,45.096528],[22.691459,45.093736],[22.698901,45.086955],[22.69783,45.085834],[22.699368,45.083323],[22.698649,45.078514],[22.70141,45.071327],[22.705006,45.067258],[22.704971,45.068808],[22.708404,45.071569],[22.715835,45.07238],[22.7182,45.074452],[22.720102,45.073668],[22.726678,45.078036],[22.727747,45.075344],[22.733312,45.075173],[22.730352,45.071473],[22.724866,45.069763],[22.72501,45.067969],[22.729426,45.068057],[22.732203,45.069277],[22.733289,45.068699],[22.734743,45.069599],[22.737478,45.067976],[22.733784,45.065714],[22.732976,45.063805],[22.73365,45.062129],[22.738188,45.058973],[22.74672,45.058161],[22.75651,45.060076],[22.761157,45.058563],[22.768213,45.061158],[22.773849,45.057115],[22.776392,45.053228],[22.777735,45.053946],[22.782454,45.050161],[22.783044,45.045817],[22.785235,45.046438],[22.786808,45.044475],[22.797467,45.043034],[22.806017,45.039663],[22.808612,45.037035],[22.81385,45.036489],[22.818575,45.031347],[22.82905,45.026067],[22.83127,45.023703],[22.828354,45.019401],[22.831384,45.018917],[22.831627,45.016731],[22.835803,45.01337],[22.836954,45.010481],[22.839922,45.008142],[22.841999,45.008388],[22.845007,45.006336],[22.846135,45.001779],[22.848362,45.001623],[22.850778,44.999079],[22.848522,44.992922],[22.851073,44.992665],[22.855854,44.989617],[22.860729,44.989421],[22.866741,44.99182],[22.866235,44.992963],[22.885734,44.997026],[22.891672,44.995903],[22.895744,44.993252],[22.893027,44.993893],[22.892692,44.992215],[22.899964,44.99175],[22.900304,44.990311],[22.896929,44.989515],[22.893463,44.985752],[22.89247,44.982829],[22.893235,44.977601],[22.889527,44.976756],[22.890084,44.973519],[22.897919,44.967227],[22.897722,44.965029],[22.895505,44.964138],[22.894961,44.966251],[22.886432,44.964447],[22.886367,44.963334],[22.880334,44.960201],[22.877597,44.962523],[22.869877,44.961465],[22.874366,44.952497],[22.871242,44.947607],[22.872149,44.945802],[22.871254,44.944868],[22.874371,44.942913],[22.875936,44.937208],[22.878754,44.934277],[22.877687,44.925855],[22.880741,44.922007],[22.884507,44.919927],[22.882489,44.916833],[22.886238,44.913234],[22.885515,44.909789],[22.887323,44.90763],[22.886788,44.90655],[22.890067,44.904459],[22.890433,44.900372],[22.888342,44.895452],[22.89057,44.894048],[22.89179,44.888828],[22.89362,44.888665],[22.895856,44.884974],[22.89219,44.879886],[22.892232,44.877912],[22.894834,44.877104],[22.895562,44.872809],[22.89302,44.871025],[22.891687,44.867394],[22.895949,44.862995],[22.895042,44.861016],[22.897159,44.858743],[22.889453,44.853052],[22.895359,44.849201],[22.896898,44.841391],[22.90776,44.827804],[22.908724,44.821926],[22.91124,44.821918],[22.91246,44.822971],[22.916767,44.82089],[22.919814,44.822291],[22.93325,44.814587],[22.934978,44.815952],[22.937616,44.814525],[22.939826,44.814766],[22.939632,44.813475],[22.943026,44.811464],[22.941296,44.810152],[22.946934,44.807088],[22.947243,44.805323],[22.944557,44.805967],[22.941767,44.804077],[22.939195,44.805467],[22.93396,44.802025],[22.936422,44.799475],[22.935716,44.798197],[22.93734,44.797568],[22.936186,44.796324],[22.9382,44.794128],[22.937835,44.791177],[22.941611,44.783091],[22.947592,44.77927],[22.952468,44.783255],[22.953906,44.7858],[22.953024,44.786504],[22.961138,44.794668],[22.966821,44.791391],[22.971937,44.791022],[22.973566,44.789199],[22.977844,44.787774],[22.978863,44.785127],[22.982278,44.783281],[22.984923,44.782502],[22.989197,44.783176],[22.992681,44.780615],[22.996016,44.775885],[22.993505,44.774352],[22.990572,44.774163],[22.991915,44.772477],[22.996355,44.771596],[22.991902,44.768381],[22.994761,44.767444],[22.992771,44.766375],[22.994434,44.765162],[22.994661,44.76188],[23.000008,44.75837],[23.00333,44.757854],[23.004475,44.755658],[23.003254,44.752234],[23.005842,44.751099],[23.004017,44.75026],[23.003202,44.747728],[23.008609,44.746191],[23.00462,44.745958],[23.004919,44.744709],[23.011532,44.741565],[23.014014,44.741448],[23.015271,44.739103],[23.019372,44.739076],[23.019951,44.73683],[23.021857,44.735587],[23.024803,44.737354],[23.025617,44.735174],[23.02973,44.733874],[23.03169,44.733813],[23.033311,44.735322],[23.047431,44.733926],[23.048808,44.73222],[23.047017,44.731149],[23.050805,44.728739],[23.052637,44.725338],[23.054501,44.726114],[23.055542,44.729256],[23.059294,44.727454],[23.059467,44.729543],[23.062697,44.729068],[23.062914,44.727483],[23.065207,44.727255],[23.065752,44.72376],[23.060667,44.72351],[23.058737,44.72188],[23.060223,44.719017],[23.065536,44.718047],[23.067249,44.715522],[23.063552,44.715445],[23.062527,44.711529],[23.06822,44.708804],[23.072956,44.709101],[23.075052,44.708082],[23.078098,44.704031],[23.077306,44.701573],[23.081507,44.700649],[23.085177,44.701601],[23.086794,44.698642],[23.090102,44.696866],[23.089567,44.694964],[23.096823,44.695571],[23.099117,44.693225],[23.103074,44.694459],[23.104988,44.69399],[23.110671,44.689104],[23.110639,44.685227],[23.112263,44.68496],[23.115048,44.687603],[23.117206,44.687896],[23.118199,44.686636],[23.11559,44.684001],[23.117497,44.681798],[23.119012,44.684703],[23.123583,44.687457],[23.131679,44.686428],[23.137434,44.680632],[23.139765,44.679874],[23.13966,44.678718],[23.144838,44.681177],[23.136994,44.686116],[23.134821,44.686325],[23.135307,44.687239],[23.130538,44.68801],[23.132655,44.69299],[23.135058,44.695234],[23.138081,44.691334],[23.145688,44.688884],[23.147039,44.690167],[23.15555,44.689049],[23.170331,44.690231],[23.177457,44.691779],[23.181574,44.694326],[23.182481,44.69364],[23.188261,44.69516],[23.193543,44.693932],[23.19364,44.692091],[23.187684,44.67998],[23.185512,44.6788],[23.192219,44.677864],[23.206885,44.678994],[23.219442,44.674865],[23.225419,44.675716],[23.227499,44.676983],[23.230264,44.674107],[23.238886,44.670978],[23.246114,44.670769],[23.248379,44.669787],[23.262396,44.670731],[23.274442,44.668749],[23.280296,44.671489],[23.28228,44.674504],[23.288475,44.676341],[23.293456,44.67078],[23.315752,44.661795],[23.317766,44.655865],[23.321277,44.653661],[23.319628,44.647747],[23.335895,44.63995],[23.348164,44.636117],[23.355813,44.631909],[23.356714,44.629987],[23.372166,44.626733],[23.393395,44.629457],[23.384854,44.620225],[23.404464,44.611493],[23.41271,44.610485],[23.411337,44.607979],[23.412262,44.603007],[23.403096,44.591069],[23.424978,44.588258],[23.424084,44.581845],[23.425591,44.580844],[23.430888,44.58073],[23.432336,44.578109],[23.439793,44.576329],[23.444479,44.576771],[23.442108,44.57419],[23.443056,44.571293],[23.455012,44.569522]]]]},"properties":{"alert_id":"1a14709eca421b0f","source":"nowcasting","alert_type":"nowcasting","feature_id":"50fcd78d9bdf0bf02d","judet_cod":"MH","judet_nume":"Mehedinți","county_code":"MH","county_name":"Mehedinți","cod_judet":"MH","cod_culoare":1,"cod_culoare_nume":"Galben","culoare":"1","cod":"Galben","fenomen_principal":"Local intensificări ale vântului cu viteze la rafală de 50...60 km/h.","fenomen_group":"alte fenomene","zona_text":"Județul Mehedinţi ;<br>","zona_nume":"Mehedinți","zone_name":"Mehedinți","display_name":"Mehedinți","localities":[],"geometry_source":"coordGis","match_confidence":"high","interval_text":"","interval_start":"2026-09-13T00:00:00","valid_from":"2026-09-13T00:00:00","valid_to":"2026-09-13T03:00:00","interval_valabilitate_text":"","interval_end":"2026-09-13T03:00:00","data_expirare":"2026-09-13T03:00:00","mesaj_plain":"Local intensificări ale vântului cu viteze la rafală de 50...60 km/h.","source_url":"","source_label":"","notes":"","durata_ore":3.0,"zi":"2026-09-13"}},{"type":"Feature","geometry":{"type":"MultiPolygon","coordinates":[[[[23.455043372419496,44.56956097161334],[23.452166733543226,44.55261134388745],[23.428324410061347,44.5425519063959],[23.43534393830779,44.53993097501541],[23.42715523167797,44.53261771302779],[23.417499061655587,44.532481037474646],[23.41557440703845,44.52696779037347],[23.370416721063634,44.54441679519435],[23.3563953429095,44.54078500667924],[23.354539600146154,44.533851740251514],[23.336802951279036,44.52366210156273],[23.3166448800291,44.53996811224279],[23.287418324242328,44.53834654343426],[23.26709846633319,44.53015571926923],[23.253865919657542,44.52987806357834],[23.25700663825949,44.52020452553048],[23.283808668783937,44.516025645919335],[23.279474436005906,44.50152734193326],[23.24454461735276,44.4967995570185],[23.248851161064827,44.48030569824833],[23.21410125717023,44.47037995208088],[23.21412959623184,44.46698803959689],[23.199829080022095,44.46801039381456],[23.196333701937753,44.45198604639841],[23.216532682724797,44.44378880312438],[23.22224816556275,44.43607998585527],[23.205223610237677,44.43609510833988],[23.19719341885365,44.41376709137693],[23.17827159835018,44.424216358645076],[23.166419970257518,44.41213616163065],[23.2173622776859,44.386640920220096],[23.21812977997667,44.37553460754979],[23.207104562836268,44.36760406037408],[23.197742427483984,44.37262510429972],[23.188876816185832,44.3673770755238],[23.193291509642762,44.35265289339537],[23.176174414444063,44.3244668654266],[23.13113769658342,44.31627843865415],[23.11876567274277,44.30305062731064],[23.123969669470046,44.30128487838091],[23.10831776377578,44.26254235337989],[23.09356845284452,44.26190167101581],[23.0890631372981,44.2429467669305],[23.097755476392372,44.24043835476261],[23.094184022310184,44.22269950284072],[23.112133242017013,44.217371315646865],[23.095122912249316,44.19922140441291],[23.117853011458045,44.18950147811014],[23.10988158360282,44.150144857664166],[23.09724824661676,44.14623920424606],[23.084561615060743,44.15151334853638],[23.08553409662143,44.15680789121939],[23.00531497172812,44.15806393178274],[23.004622042109556,44.139664724906226],[22.959202796831203,44.09853750365584],[22.925480246333468,44.10213546295161],[22.87101522308283,44.1331268006434],[22.81321464891034,44.153820292123974],[22.749421443053073,44.1978506056584],[22.694487490010943,44.20447839582422],[22.675669775901156,44.21473677725539],[22.672099187848826,44.22882298949129],[22.685599937180278,44.25619345666471],[22.678803225685673,44.27813262710387],[22.644954137797924,44.29253103356673],[22.60520540354482,44.295519418989045],[22.557884330512426,44.30908445256051],[22.5239073126064,44.33929975667635],[22.503764244362593,44.38045831007384],[22.501695332731735,44.417258036760295],[22.471846057477322,44.436779046025734],[22.461503077041304,44.45028600770163],[22.45599793790205,44.47003277621483],[22.465654604212492,44.479725592730844],[22.51682382794809,44.47166569817631],[22.54821647803373,44.48167549032876],[22.560375538397203,44.50516377344687],[22.562902928248914,44.53314139868119],[22.582174700385746,44.549314172582484],[22.620800363318242,44.5517226277099],[22.695931400829053,44.51658645170811],[22.758965001125006,44.5367129420382],[22.76396776524353,44.54418554313193],[22.759667094607558,44.5579811579524],[22.708056230669097,44.602619621190534],[22.685966176016557,44.606983519208974],[22.670884465295348,44.6191971373593],[22.61821575760881,44.615502949856456],[22.570988759163743,44.635587305620106],[22.562637572593836,44.64790191346932],[22.479249894620725,44.70962457137211],[22.463899323879062,44.71476303705547],[22.42996875202199,44.71001727885982],[22.383730146874644,44.676264197742846],[22.367923871156083,44.67226010477152],[22.331649736559818,44.67526193518182],[22.30845910099466,44.658711704991134],[22.299919189463765,44.63865812065212],[22.274392608131016,44.62542790175586],[22.264507325054733,44.59620912966115],[22.230235805132565,44.56137860716427],[22.19367295782435,44.507285724466925],[22.187265397260273,44.484948909921926],[22.173076917751054,44.47591937051658],[22.145460250653173,44.47270659551082],[22.128114049704347,44.47524538394197],[22.076250192712504,44.50527337147126],[22.068111963214534,44.52870170332458],[22.035269811407016,44.549230975656116],[22.026626856029726,44.56761077068179],[22.026291130902667,44.59117585487783],[22.01614857584527,44.59920365920885],[22.02347411217184,44.607744733362495],[22.062002201371254,44.609949854533205],[22.063757149187094,44.615070080761804],[22.08225806656026,44.62193840529088],[22.084393082434254,44.61802126167586],[22.092284264954692,44.61907343290228],[22.095970409623394,44.60953930081158],[22.117397898399386,44.59181190852836],[22.128609488287033,44.59280823539378],[22.13301510660071,44.600608894058965],[22.147511517981552,44.58530388272998],[22.156072329288207,44.59233737774511],[22.15465247404783,44.59874164961254],[22.176293636123837,44.624494675421836],[22.17282538276885,44.63390464192911],[22.177403538280846,44.63987976462381],[22.1711602284112,44.64870329054708],[22.153483513753415,44.65013819980406],[22.138673147573357,44.65992961180335],[22.149198441000543,44.68245343210044],[22.14689297855093,44.70075613903004],[22.156120303158865,44.73658805187568],[22.16353459589623,44.743426273322015],[22.185541986886015,44.74128109582749],[22.20415921989356,44.76140481432721],[22.195057586650915,44.77920861800936],[22.207151104609288,44.7993444881426],[22.20680143555298,44.81746909677758],[22.24340114859426,44.807537788961],[22.25196201620913,44.793746972881976],[22.26808555522799,44.78252848748065],[22.341643417976915,44.774058669767705],[22.358124025897506,44.73871449646474],[22.35884449983646,44.74335289570911],[22.36543444351235,44.7426602708799],[22.36817684593315,44.75618203405185],[22.381469249647505,44.755426537724965],[22.39111746687094,44.76190796671],[22.40145488104666,44.75333774558731],[22.420369421220045,44.75845754975908],[22.4177015291702,44.76865776226853],[22.42435155244813,44.78151331980912],[22.430506309221123,44.78167735789311],[22.423732761412943,44.80051199021989],[22.443394240310116,44.81804947678195],[22.44655000043985,44.83521766159841],[22.459751544557406,44.84329231775065],[22.45752688579844,44.85132550872924],[22.47082669855847,44.86072154002222],[22.47632308084987,44.87648541975799],[22.486544578125372,44.88115754985422],[22.488761894779664,44.89407653084908],[22.48218667080325,44.90690731463188],[22.49103464032516,44.90931716657443],[22.49620780039784,44.92886005252516],[22.486606397436347,44.94929010248042],[22.516397019621195,44.955716172508076],[22.511695665795685,44.96591112241874],[22.492157829918273,44.973273458060135],[22.53662712199258,45.00203397637927],[22.55895895636381,45.02192896386497],[22.5708137077289,45.04084842740699],[22.585767827794662,45.043717491856185],[22.60130398522767,45.0553295789653],[22.6037913173933,45.06294666917262],[22.65841045181031,45.11077021783149],[22.673401838243564,45.100718049500294],[22.682549821582356,45.10617724006307],[22.685963005029272,45.103976219600675],[22.705035836715652,45.067300386506695],[22.726708409678917,45.07807787021217],[22.733341695998195,45.0752153826259],[22.72503984735553,45.06801080668543],[22.737507848307523,45.06801850662427],[22.733006391518973,45.06384730396519],[22.738217809684258,45.0590147699325],[22.768242823855307,45.06120037665732],[22.783074675889427,45.04585945206201],[22.813880772864294,45.03653133196933],[22.831300484585036,45.02374523960705],[22.82838415426216,45.01944321332428],[22.850808030811482,44.999120182219826],[22.84855189032184,44.99296408781508],[22.860759767809423,44.98946221312126],[22.88576468773381,44.997067402995064],[22.899994601358035,44.9917914694481],[22.889557806214544,44.97679752284943],[22.897752315453097,44.96507062232131],[22.869907852099036,44.96150615790174],[22.877717725886438,44.9258967433804],[22.89588624417143,44.88501513497387],[22.891717402945726,44.86743487930683],[22.897189486182633,44.858783575390376],[22.88948297943244,44.853093127207494],[22.908753924335343,44.821967361252746],[22.939856340397895,44.8148070791684],[22.946964104805627,44.807128426721114],[22.933989837167847,44.80206548943497],[22.94164066626694,44.78313155837053],[22.94762254638729,44.7793104236739],[22.961168244522078,44.79470839066238],[22.98922773608118,44.783216594457095],[22.996046444538685,44.77592556720503],[22.990602574686143,44.774203712783404],[22.996384832668447,44.77163655782739],[22.99469151269367,44.76192087730886],[23.00336064858477,44.757894614042335],[23.003232416471647,44.74776819141008],[23.00863964245934,44.74623116795538],[23.004949214196753,44.74474952269049],[23.02188735682409,44.73562759425695],[23.04746133050427,44.733966706516995],[23.05266735432941,44.725378722072925],[23.062726988712434,44.72910854617444],[23.06578230863382,44.723800606796786],[23.058766864784193,44.72192071681773],[23.06727917531554,44.71556249770655],[23.062557447792592,44.71156888687712],[23.075081941649113,44.70812170148902],[23.089597327306425,44.695004335863345],[23.10501840175299,44.69402985555479],[23.11066976919874,44.6852665521975],[23.117236639112136,44.68793649860286],[23.117527446814126,44.68183804204275],[23.123613337782423,44.68749738728649],[23.13969030262819,44.67875806232881],[23.14486864321837,44.68121717732767],[23.130568480952057,44.68804978256436],[23.13508841996626,44.69527388747673],[23.14571869074551,44.688924168246295],[23.188291584010912,44.69520007202989],[23.193670412435292,44.69213087809637],[23.185542545307715,44.678839945943835],[23.22752974277185,44.67702283647687],[23.23891740354411,44.671017686776814],[23.27447315812717,44.668788491140795],[23.28850636138687,44.67638106157425],[23.315783429854733,44.66183500278267],[23.319658889542772,44.64778686427756],[23.35674560550803,44.63002615264575],[23.37219769457977,44.62677267029404],[23.393426542269776,44.62949618400875],[23.384885186340213,44.62026430367957],[23.412741184902945,44.610524111781956],[23.40312729212372,44.59110862824882],[23.425009748122122,44.588297102772245],[23.42562289766239,44.58088297941072],[23.455043372419496,44.56956097161334]]]]},"properties":{"alert_id":"edc142f357b1bf4f","source":"nowcasting","alert_type":"nowcasting","feature_id":"61f181eea2be5ce55a","judet_cod":"MH","judet_nume":"Mehedinți","county_code":"MH","county_name":"Mehedinți","cod_judet":"MH","cod_culoare":1,"cod_culoare_nume":"Galben","culoare":"1","cod":"Galben","fenomen_principal":"Local intensificări ale vântului cu viteze la rafală de 50...60 km/h.","fenomen_group":"alte fenomene","zona_text":"Județul Mehedinţi ;<br>","zona_nume":"Mehedinți","zone_name":"Mehedinți","display_name":"Mehedinți","localities":[],"geometry_source":"county_fallback","match_confidence":"medium","interval_text":"","interval_start":"2026-09-12T21:45:00","valid_from":"2026-09-12T21:45:00","valid_to":"2026-09-13T00:00:00","interval_valabilitate_text":"","interval_end":"2026-09-13T00:00:00","data_expirare":"2026-09-13T00:00:00","mesaj_plain":"Local intensificări ale vântului cu viteze la rafală de 50...60 km/h.","source_url":"","source_label":"","notes":"","durata_ore":2.2,"zi":"2026-09-13"}}]}