{"type":"FeatureCollection","metadata":{"date":"2026-07-14","active_alerts":[{"alert_id":"5c334839703304a2","source":"nowcasting","alert_type":"nowcasting","interval_text":"","interval_start":"2026-07-14T14:50:00","interval_end":"2026-07-14T16:20:00","durata_ore":1.5,"valid_from":"2026-07-14T14:50:00","valid_to":"2026-07-14T16:20:00","cod_culoare_max":1,"fenomene_pe_cod":{"1":"local averse care vor acumula 15...25 l/mp, descărcări electrice, intensificări ale vântului și vilelie cu viteze de 40...60 km/h, grindină (1...2 cm)."},"judete_afectate":["BZ"],"judete_count":1,"judete_culori":{"BZ":1},"color_counts":{"1":1},"text_alerta_html":"","message":"local averse care vor acumula 15...25 l/mp, descărcări electrice, intensificări ale vântului și vilelie cu viteze de 40...60 km/h, grindină (1...2 cm).","feature_meta":{"BZ":{"county_code":"BZ","county_name":"Buzău","zone_name":"Buzău - localitati","display_name":"Buzău - localitati","localities":["Râmnicu Sărat","Nehoiu","Berca","Pătârlagele","Vernești","Mărăcineni","Pârscov","Poșta Câlnău","Zărnești","Valea Râmnicului","Tisău","Grebănu","Lopătari","Cislău","Ziduri","Topliceni","Cernătești","Chiojdu","Beceni","Vintilă Vodă","Scorțoasa","Viperești","Buda","Podgoria","Săpoca","Pănătău","Mânzălești","Bisoca","Cozieni","Brăești","Unguriu","Măgura","Sărulești","Racovițeni","Blăjani","Colți","Bozioru","Odăile","Cănești","Murgești","Valea Salciei","Mărgăritești","Chiliile","Pardoși"],"geometry_source":"coordGis","match_confidence":"high"}},"source_url":"","source_label":"","notes":""},{"alert_id":"bb1e738002c73dac","source":"nowcasting","alert_type":"nowcasting","interval_text":"","interval_start":"2026-07-14T14:38:00","interval_end":"2026-07-14T15:40:00","durata_ore":1.0,"valid_from":"2026-07-14T14:38:00","valid_to":"2026-07-14T15:40:00","cod_culoare_max":1,"fenomene_pe_cod":{"1":"Local averse care vor acumula 15...25 l/mp, descărcări electrice, intensificări ale vântului și vilelie cu viteze de 40...60 km/h, grindină cu diametrul de 1...2 cm."},"judete_afectate":["BV"],"judete_count":1,"judete_culori":{"BV":1},"color_counts":{"1":1},"text_alerta_html":"","message":"Local averse care vor acumula 15...25 l/mp, descărcări electrice, intensificări ale vântului și vilelie cu viteze de 40...60 km/h, grindină cu diametrul de 1...2 cm.","feature_meta":{"BV":{"county_code":"BV","county_name":"Brașov","zone_name":"Brașov - localitati","display_name":"Brașov - localitati","localities":["Cața","Județul Harghita"],"geometry_source":"uat_match","match_confidence":"medium"}},"source_url":"","source_label":"","notes":""},{"alert_id":"bb1e738002c73dac","source":"nowcasting","alert_type":"nowcasting","interval_text":"","interval_start":"2026-07-14T14:38:00","interval_end":"2026-07-14T15:40:00","durata_ore":1.0,"valid_from":"2026-07-14T14:38:00","valid_to":"2026-07-14T15:40:00","cod_culoare_max":1,"fenomene_pe_cod":{"1":"Local averse care vor acumula 15...25 l/mp, descărcări electrice, intensificări ale vântului și vilelie cu viteze de 40...60 km/h, grindină cu diametrul de 1...2 cm."},"judete_afectate":["BV"],"judete_count":1,"judete_culori":{"BV":1},"color_counts":{"1":1},"text_alerta_html":"","message":"Local averse care vor acumula 15...25 l/mp, descărcări electrice, intensificări ale vântului și vilelie cu viteze de 40...60 km/h, grindină cu diametrul de 1...2 cm.","feature_meta":{"BV":{"county_code":"BV","county_name":"Brașov","zone_name":"Brașov - localitati","display_name":"Brașov - localitati","localities":["Cața","Județul Harghita"],"geometry_source":"uat_match","match_confidence":"medium"}},"source_url":"","source_label":"","notes":""},{"alert_id":"159e6e3c8ce6e234","source":"nowcasting","alert_type":"nowcasting","interval_text":"","interval_start":"2026-07-14T14:15:00","interval_end":"2026-07-14T15:15:00","durata_ore":1.0,"valid_from":"2026-07-14T14:15:00","valid_to":"2026-07-14T15:15:00","cod_culoare_max":1,"fenomene_pe_cod":{"1":"Averse torențiale care vor acumula 15...25 l/mp, descărcări electrice, intensificări ale vântului (40...60 km/h), grindină de mici dimensiuni (1...2 cm)."},"judete_afectate":["BN","MM"],"judete_count":2,"judete_culori":{"MM":1,"BN":1},"color_counts":{"1":2},"text_alerta_html":"","message":"Averse torențiale care vor acumula 15...25 l/mp, descărcări electrice, intensificări ale vântului (40...60 km/h), grindină de mici dimensiuni (1...2 cm).","feature_meta":{"MM":{"county_code":"MM","county_name":"Maramureș","zone_name":"Maramureș - localitati","display_name":"Maramureș - localitati","localities":["Borșa","Poienile de Sub Munte","Moisei","Repedea","Județul Maramureş","zona de munte de peste 1800 m"],"geometry_source":"uat_match","match_confidence":"medium"},"BN":{"county_code":"BN","county_name":"Bistrița-Năsăud","zone_name":"Bistrița-Năsăud - localitati","display_name":"Bistrița-Năsăud - localitati","localities":["Sângeorz-Băi","Maieru","Rodna","Tiha Bârgăului","Ilva Mica","Lunca Ilvei","Șanț","Leșu","Ilva Mare","Măgura Ilvei","Poiana Ilvei","Județul Bistriţa-Năsăud","zona de munte de peste 1800 m"],"geometry_source":"uat_match","match_confidence":"medium"}},"source_url":"","source_label":"","notes":""},{"alert_id":"0b6759b913d31e3c","source":"nowcasting","alert_type":"nowcasting","interval_text":"","interval_start":"2026-07-14T13:30:00","interval_end":"2026-07-14T15:00:00","durata_ore":1.5,"valid_from":"2026-07-14T13:30:00","valid_to":"2026-07-14T15:00:00","cod_culoare_max":1,"fenomene_pe_cod":{"1":"Local averse care vor acumula 15...25 l/mp, descărcări electrice, intensificări ale vântului și vilelie cu viteze de 40...60 km/h, grindină cu diametrul de 1...2 cm."},"judete_afectate":["BC","VN"],"judete_count":2,"judete_culori":{"BC":1,"VN":1},"color_counts":{"1":2},"text_alerta_html":"","message":"Local averse care vor acumula 15...25 l/mp, descărcări electrice, intensificări ale vântului și vilelie cu viteze de 40...60 km/h, grindină cu diametrul de 1...2 cm.","feature_meta":{"BC":{"county_code":"BC","county_name":"Bacău","zone_name":"Bacău - localitati","display_name":"Bacău - localitati","localities":["Onești","Moinești","Comănești","Târgu Ocna","Dărmănești","Sascut","Dofteana","Oituz","Poduri","Răcăciuni","Helegiu","Asău","Cleja","Agăș","Mănăstirea Cașin","Berești-Tazlău","Faraoani","Slănic-Moldova","Berzunți","Căiuți","Livezi","Târgu Trotuș","Bârsănești","Nicolae Bălcescu","Pârgărești","Măgirești","Sănduleni","Orbeni","Ștefan cel Mare","Urechești","Palanca","Valea Seacă","Cașin","Parava","Scorțeni","Coțofănești","Gura Văii","Buciumi","Strugari","Ardeoani","Bogdănești","Zona de munte a județului Vrancea","respectiv zona de munte a localităților: Nereju","Tulnici","Vrâncioaia","Soveja","Nistorești","Vintileasca","Jitia","Spulber"],"geometry_source":"uat_match","match_confidence":"medium"},"VN":{"county_code":"VN","county_name":"Vrancea","zone_name":"Vrancea - localitati","display_name":"Vrancea - localitati","localities":["Mărășești","Panciu","Odobești","Vidra","Păunești","Dumitrești","Țifești","Bolotești","Ruginești","Garoafa","Vizantea-Livezi","Jariștea","Movilița","Străoane","Câmpuri","Nereju","Mera","Tulnici","Răcoasa","Vârteșcoiu","Fitionești","Vrâncioaia","Soveja","Gura Caliței","Poiana Cristei","Cârligele","Reghiu","Nistorești","Chiojdeni","Paltin","Paulești","Vintileasca","Negrilești","Andreiașu de Jos","Broșteni","Năruja","Jitia","Valea Sării","Bârsești","Spulber"],"geometry_source":"uat_match","match_confidence":"medium"}},"source_url":"","source_label":"","notes":""},{"alert_id":"0a3f8852042b6019","source":"nowcasting","alert_type":"nowcasting","interval_text":"","interval_start":"2026-07-14T13:17:00","interval_end":"2026-07-14T14:30:00","durata_ore":1.2,"valid_from":"2026-07-14T13:17:00","valid_to":"2026-07-14T14:30:00","cod_culoare_max":1,"fenomene_pe_cod":{"1":"Averse care vor acumula local 15...25 l/mp, descărcări electrice, intensificări ale vântului (cu viteze de 55-60 km/h), vijelie, grindină de mici dimensiuni (1...2 cm)."},"judete_afectate":["CV"],"judete_count":1,"judete_culori":{"CV":1},"color_counts":{"1":1},"text_alerta_html":"","message":"Averse care vor acumula local 15...25 l/mp, descărcări electrice, intensificări ale vântului (cu viteze de 55-60 km/h), vijelie, grindină de mici dimensiuni (1...2 cm).","feature_meta":{"CV":{"county_code":"CV","county_name":"Covasna","zone_name":"Covasna - localitati","display_name":"Covasna - localitati","localities":["Târgu Secuiesc","Zăbala","Ghelința","Brețcu","Ojdula","Lemnia","Poian","Mereni","Estelnic","Comandău"],"geometry_source":"uat_match","match_confidence":"high"}},"source_url":"","source_label":"","notes":""},{"alert_id":"5acb2b09469978c5","source":"nowcasting","alert_type":"nowcasting","interval_text":"","interval_start":"2026-07-14T13:30:00","interval_end":"2026-07-14T15:00:00","durata_ore":1.5,"valid_from":"2026-07-14T13:30:00","valid_to":"2026-07-14T15:00:00","cod_culoare_max":1,"fenomene_pe_cod":{"1":"Local averse care vor acumula 15...25 l/mp, descărcări electrice, intensificări ale vântului și vilelie cu viteze de 40...60 km/h, grindină cu diametrul de 1...2 cm."},"judete_afectate":["BC"],"judete_count":1,"judete_culori":{"BC":1},"color_counts":{"1":1},"text_alerta_html":"","message":"Local averse care vor acumula 15...25 l/mp, descărcări electrice, intensificări ale vântului și vilelie cu viteze de 40...60 km/h, grindină cu diametrul de 1...2 cm.","feature_meta":{"BC":{"county_code":"BC","county_name":"Bacău","zone_name":"Bacău - localitati","display_name":"Bacău - localitati","localities":["Onești","Moinești","Comănești","Târgu Ocna","Dărmănești","Sascut","Dofteana","Oituz","Poduri","Răcăciuni","Helegiu","Asău","Cleja","Agăș","Mănăstirea Cașin","Berești-Tazlău","Faraoani","Slănic-Moldova","Berzunți","Căiuți","Livezi","Târgu Trotuș","Bârsănești","Nicolae Bălcescu","Pârgărești","Măgirești","Sănduleni","Orbeni","Ștefan cel Mare","Urechești","Palanca","Valea Seacă","Cașin","Parava","Scorțeni","Coțofănești","Gura Văii","Buciumi","Strugari","Ardeoani","Bogdănești"],"geometry_source":"coordGis","match_confidence":"high"}},"source_url":"","source_label":"","notes":""},{"alert_id":"103663e53cba7645","source":"nowcasting","alert_type":"nowcasting","interval_text":"","interval_start":"2026-07-14T10:40:00","interval_end":"2026-07-14T12:00:00","durata_ore":1.3,"valid_from":"2026-07-14T10:40:00","valid_to":"2026-07-14T12:00:00","cod_culoare_max":1,"fenomene_pe_cod":{"1":"Averse care vor acumula 15...25 l/mp, descărcări electrice, intensificări ale vântului și vilelie cu viteze de 40...60 km/h, grindină cu diametrul de 1...2 cm."},"judete_afectate":["BT","IS","NT","SV"],"judete_count":4,"judete_culori":{"BT":1,"SV":1,"NT":1,"IS":1},"color_counts":{"1":4},"text_alerta_html":"","message":"Averse care vor acumula 15...25 l/mp, descărcări electrice, intensificări ale vântului și vilelie cu viteze de 40...60 km/h, grindină cu diametrul de 1...2 cm.","feature_meta":{"BT":{"county_code":"BT","county_name":"Botoșani","zone_name":"Botoșani - localitati","display_name":"Botoșani - localitati","localities":["Vorona","Frumușica","Tudora","Prăjeni"],"geometry_source":"coordGis","match_confidence":"high"},"SV":{"county_code":"SV","county_name":"Suceava","zone_name":"Suceava - localitati","display_name":"Suceava - localitati","localities":["Fălticeni","Dolhasca","Liteni","Preutești","Forăști","Boroaia","Vadu Moldovei","Rădășeni","Dolhești","Vulturești","Bogdănești","Drăgușeni","Bunești","Fântâna Mare","Hârtop"],"geometry_source":"uat_match","match_confidence":"high"},"NT":{"county_code":"NT","county_name":"Neamț","zone_name":"Neamț - localitati","display_name":"Neamț - localitati","localities":["Târgu Neamț","Vânători-Neamț","Răucești","Grumăzești","Petricani","Agapia","Urecheni","Timișești","Brusturi","Păstrăveni","Drăgănești"],"geometry_source":"uat_match","match_confidence":"medium"},"IS":{"county_code":"IS","county_name":"Iași","zone_name":"Iași - localitati","display_name":"Iași - localitati","localities":["Pașcani","Hârlău","Deleni","Cotnari","Scobinți","Lespezi","Tătăruși","Stolniceni-Prăjescu","Valea Seacă","Miroslovești","Moțca","Vânători","Ceplenița","Todirești","Cristești","Sirețel","Ciohorăni"],"geometry_source":"uat_match","match_confidence":"medium"}},"source_url":"","source_label":"","notes":""},{"alert_id":"5e09318ab0b2176e","source":"nowcasting","alert_type":"nowcasting","interval_text":"","interval_start":"2026-07-14T10:30:00","interval_end":"2026-07-14T12:00:00","durata_ore":1.5,"valid_from":"2026-07-14T10:30:00","valid_to":"2026-07-14T12:00:00","cod_culoare_max":1,"fenomene_pe_cod":{"1":"Averse care vor acumula 15...25 l/mp, descărcări electrice, intensificări ale vântului și vilelie cu viteze de 40...60 km/h, grindină cu diametrul de 1...2 cm."},"judete_afectate":["IS","NT"],"judete_count":2,"judete_culori":{"NT":1,"IS":1},"color_counts":{"1":2},"text_alerta_html":"","message":"Averse care vor acumula 15...25 l/mp, descărcări electrice, intensificări ale vântului și vilelie cu viteze de 40...60 km/h, grindină cu diametrul de 1...2 cm.","feature_meta":{"NT":{"county_code":"NT","county_name":"Neamț","zone_name":"Neamț - localitati","display_name":"Neamț - localitati","localities":["Săbăoani","Tămășeni","Cordun","Doljești","Gherăești","Sagna","Botești","Dulcești","Stănița","Boghicea","Văleni","Bira"],"geometry_source":"uat_match","match_confidence":"high"},"IS":{"county_code":"IS","county_name":"Iași","zone_name":"Iași - localitati","display_name":"Iași - localitati","localities":["Pașcani","Târgu Frumos","Podu Iloaiei","Hălăucești","Lețcani","Țibana","Ruginoasa","Stolniceni-Prăjescu","Bălțați","Dagâța","Dumești","Strunga","Ion Neculce","Sinești","Todirești","Butea","Mogoșești-Siret","Popești","Lungani","Oțeleni","Mircești","Brăești","Rachițeni","Horlești","Alexandru I. Cuza","Balș","Heleșteni","Hărmănești","Costești","Mădârjac","Cucuteni"],"geometry_source":"uat_match","match_confidence":"medium"}},"source_url":"","source_label":"","notes":""},{"alert_id":"3caccda01542cc24","source":"nowcasting","alert_type":"nowcasting","interval_text":"","interval_start":"2026-07-14T09:45:00","interval_end":"2026-07-14T12:00:00","durata_ore":2.2,"valid_from":"2026-07-14T09:45:00","valid_to":"2026-07-14T12:00:00","cod_culoare_max":1,"fenomene_pe_cod":{"1":"Vor fi averse, iar prin acumulare cantitățile de apă vor fi de 15…25 l/mp.  În zona atenționată, în ultimele ore, s-au acumulat cantități de 25...35 l/mp."},"judete_afectate":["SV"],"judete_count":1,"judete_culori":{"SV":1},"color_counts":{"1":1},"text_alerta_html":"","message":"Vor fi averse, iar prin acumulare cantitățile de apă vor fi de 15…25 l/mp.  În zona atenționată, în ultimele ore, s-au acumulat cantități de 25...35 l/mp.","feature_meta":{"SV":{"county_code":"SV","county_name":"Suceava","zone_name":"Suceava - localitati","display_name":"Suceava - localitati","localities":["Straja","Moldovița","Vatra Moldoviței","Fundu Moldovei","Brodina","Putna","Frumosu","Pojorâta","Sucevița","Sadova","Breaza"],"geometry_source":"uat_match","match_confidence":"medium"}},"source_url":"","source_label":"","notes":""}],"alert_count":9,"general_alert_count":0,"nowcasting_alert_count":9,"manual_nowcasting_alert_count":0,"feature_count":16,"general_feature_count":0,"nowcasting_feature_count":16,"max_color":1,"general_max_color":0,"nowcasting_count":9,"has_nowcasting":true,"has_manual_nowcasting":false,"calendar_badge":"NC","sources":["nowcasting"],"alerts_by_county":{"BC":[{"alert_id":"0b6759b913d31e3c","cod":"Galben","culoare":"1","fenomen_group":"ploi/vijelii","source":"nowcasting"},{"alert_id":"5acb2b09469978c5","cod":"Galben","culoare":"1","fenomen_group":"ploi/vijelii","source":"nowcasting"}],"BN":[{"alert_id":"159e6e3c8ce6e234","cod":"Galben","culoare":"1","fenomen_group":"ploi/vijelii","source":"nowcasting"}],"BT":[{"alert_id":"103663e53cba7645","cod":"Galben","culoare":"1","fenomen_group":"ploi/vijelii","source":"nowcasting"}],"BV":[{"alert_id":"bb1e738002c73dac","cod":"Galben","culoare":"1","fenomen_group":"ploi/vijelii","source":"nowcasting"},{"alert_id":"bb1e738002c73dac","cod":"Galben","culoare":"1","fenomen_group":"ploi/vijelii","source":"nowcasting"}],"BZ":[{"alert_id":"5c334839703304a2","cod":"Galben","culoare":"1","fenomen_group":"ploi/vijelii","source":"nowcasting"}],"CV":[{"alert_id":"0a3f8852042b6019","cod":"Galben","culoare":"1","fenomen_group":"ploi/vijelii","source":"nowcasting"}],"IS":[{"alert_id":"103663e53cba7645","cod":"Galben","culoare":"1","fenomen_group":"ploi/vijelii","source":"nowcasting"},{"alert_id":"5e09318ab0b2176e","cod":"Galben","culoare":"1","fenomen_group":"ploi/vijelii","source":"nowcasting"}],"MM":[{"alert_id":"159e6e3c8ce6e234","cod":"Galben","culoare":"1","fenomen_group":"ploi/vijelii","source":"nowcasting"}],"NT":[{"alert_id":"103663e53cba7645","cod":"Galben","culoare":"1","fenomen_group":"ploi/vijelii","source":"nowcasting"},{"alert_id":"5e09318ab0b2176e","cod":"Galben","culoare":"1","fenomen_group":"ploi/vijelii","source":"nowcasting"}],"SV":[{"alert_id":"103663e53cba7645","cod":"Galben","culoare":"1","fenomen_group":"ploi/vijelii","source":"nowcasting"},{"alert_id":"3caccda01542cc24","cod":"Galben","culoare":"1","fenomen_group":"ploi/vijelii","source":"nowcasting"}],"VN":[{"alert_id":"0b6759b913d31e3c","cod":"Galben","culoare":"1","fenomen_group":"ploi/vijelii","source":"nowcasting"}]},"max_by_county":{"BC":{"max_color":1,"alert_count":2,"phenomena":["ploi/vijelii"]},"BN":{"max_color":1,"alert_count":1,"phenomena":["ploi/vijelii"]},"BT":{"max_color":1,"alert_count":1,"phenomena":["ploi/vijelii"]},"BV":{"max_color":1,"alert_count":1,"phenomena":["ploi/vijelii"]},"BZ":{"max_color":1,"alert_count":1,"phenomena":["ploi/vijelii"]},"CV":{"max_color":1,"alert_count":1,"phenomena":["ploi/vijelii"]},"IS":{"max_color":1,"alert_count":2,"phenomena":["ploi/vijelii"]},"MM":{"max_color":1,"alert_count":1,"phenomena":["ploi/vijelii"]},"NT":{"max_color":1,"alert_count":2,"phenomena":["ploi/vijelii"]},"SV":{"max_color":1,"alert_count":2,"phenomena":["ploi/vijelii"]},"VN":{"max_color":1,"alert_count":1,"phenomena":["ploi/vijelii"]}}},"features":[{"type":"Feature","geometry":{"type":"MultiPolygon","coordinates":[[[[26.110404,45.526358],[26.195091,45.371371],[26.32028,45.252259],[26.548567,45.247074],[26.656829,45.182927],[26.890477,45.204332],[27.159173,45.258632],[27.091415,45.352301],[27.103097,45.432699],[27.023657,45.455649],[26.974041,45.519999],[26.914501,45.525214],[26.874809,45.513915],[26.830154,45.515654],[26.797904,45.541723],[26.709835,45.553015],[26.681306,45.578199],[26.560987,45.612916],[26.497727,45.649346],[26.44439,45.713475],[26.378649,45.713475],[26.322831,45.596428],[26.245926,45.571253],[26.208714,45.571253],[26.110404,45.526358]]]]},"properties":{"alert_id":"5c334839703304a2","source":"nowcasting","alert_type":"nowcasting","feature_id":"4f45122e69f9f3e70f","judet_cod":"BZ","judet_nume":"Buzău","county_code":"BZ","county_name":"Buzău","cod_judet":"BZ","cod_culoare":1,"cod_culoare_nume":"Galben","culoare":"1","cod":"Galben","fenomen_principal":"local averse care vor acumula 15...25 l/mp, descărcări electrice, intensificări ale vântului și vilelie cu viteze de 40...60 km/h, grindină (1...2 cm).","fenomen_group":"ploi/vijelii","zona_text":"Județul Buzău: Râmnicu Sărat, Nehoiu, Berca, Pătârlagele, Vernești, Mărăcineni, Pârscov, Poșta Câlnău, Zărnești, Valea Râmnicului, Tisău, Grebănu, Lopătari, Cislău, Ziduri, Topliceni, Cernătești, Chiojdu, Beceni, Vintilă Vodă, Scorțoasa, Viperești, Buda, Podgoria, Săpoca, Pănătău, Mânzălești, Bisoca, Cozieni, Brăești, Unguriu, Măgura, Sărulești, Racovițeni, Blăjani, Colți, Bozioru, Odăile, Cănești, Murgești, Valea Salciei, Mărgăritești, Chiliile, Pardoși;<br>Zona de munte a județului Buzău, respectiv zona de munte a localităților: Nehoiu, Lopătari, Gura Teghii, Chiojdu, Siriu, Mânzălești, Bisoca, Brăești, Colți, Bozioru, Chiliile;<br>","zona_nume":"Buzău - localitati","zone_name":"Buzău - localitati","display_name":"Buzău - localitati","localities":["Râmnicu Sărat","Nehoiu","Berca","Pătârlagele","Vernești","Mărăcineni","Pârscov","Poșta Câlnău","Zărnești","Valea Râmnicului","Tisău","Grebănu","Lopătari","Cislău","Ziduri","Topliceni","Cernătești","Chiojdu","Beceni","Vintilă Vodă","Scorțoasa","Viperești","Buda","Podgoria","Săpoca","Pănătău","Mânzălești","Bisoca","Cozieni","Brăești","Unguriu","Măgura","Sărulești","Racovițeni","Blăjani","Colți","Bozioru","Odăile","Cănești","Murgești","Valea Salciei","Mărgăritești","Chiliile","Pardoși"],"geometry_source":"coordGis","match_confidence":"high","interval_text":"","interval_start":"2026-07-14T14:50:00","valid_from":"2026-07-14T14:50:00","valid_to":"2026-07-14T16:20:00","interval_valabilitate_text":"","interval_end":"2026-07-14T16:20:00","data_expirare":"2026-07-14T16:20:00","mesaj_plain":"local averse care vor acumula 15...25 l/mp, descărcări electrice, intensificări ale vântului și vilelie cu viteze de 40...60 km/h, grindină (1...2 cm).","source_url":"","source_label":"","notes":"","durata_ore":1.5,"zi":"2026-07-14"}},{"type":"Feature","geometry":{"type":"MultiPolygon","coordinates":[[[[25.329689337561142,46.178281556756396],[25.333224253168755,46.17721453201628],[25.337334546906696,46.17069884014725],[25.346442173390756,46.16577191716867],[25.34954086589707,46.162128139896396],[25.347371132591743,46.1611236757141],[25.356459259481877,46.15384848898541],[25.36417229624731,46.14210516918949],[25.375622494234136,46.13474187495418],[25.361731015604736,46.13632475285405],[25.35154171514461,46.133690009827546],[25.33657973050996,46.11486860042573],[25.32682309636191,46.108902963885605],[25.32237932789889,46.10148934732333],[25.30890885531148,46.09375815489814],[25.308611082179723,46.08735081556928],[25.29568761327181,46.06641012339198],[25.27596064032372,46.06861396243555],[25.274635588449936,46.07206046183727],[25.256311689929753,46.07780034031672],[25.23804672062121,46.078634542311015],[25.239176211237993,46.087509632320774],[25.231933988172603,46.092386194476944],[25.228849396980653,46.09850442840992],[25.21772939037834,46.103515680322964],[25.20918255989654,46.10121928730973],[25.19725413128094,46.108046728505734],[25.18322834755375,46.1088962148425],[25.18971531875409,46.12222742831444],[25.183105751008235,46.122774481643056],[25.17621326706912,46.12716772611525],[25.1678496377098,46.12537674156222],[25.12983905393527,46.140087046794044],[25.123888517048822,46.13948282495818],[25.11567518711405,46.14177814496077],[25.12584329498823,46.1423807825228],[25.13064459650295,46.14795549325842],[25.12895526976117,46.150121568591445],[25.13405513896208,46.14996608795075],[25.132539531370593,46.14808376397981],[25.135717891990257,46.147276910834044],[25.14634750476884,46.15380568819799],[25.149470467609536,46.15860453702742],[25.162943998864712,46.15878991905977],[25.17200879334269,46.16528161389326],[25.179444313753383,46.16423363885293],[25.188759623909025,46.170969416904796],[25.216518382331163,46.155235021234965],[25.218444956428943,46.151290309471],[25.22485764924338,46.151519299390465],[25.22892051700601,46.14665801754963],[25.240620594021067,46.14390393388333],[25.243113940496414,46.14138171486967],[25.250560408486667,46.14157579620755],[25.26050839564189,46.15103325309721],[25.260303043014783,46.15423337263089],[25.256922256341344,46.15551919858714],[25.266138394054067,46.1686081207645],[25.25141923562957,46.17728809792436],[25.25825312251366,46.18174460913296],[25.258631918118198,46.19046268208444],[25.273439616072476,46.187220711729914],[25.266247218963816,46.175523318487286],[25.272692500878364,46.170800774235985],[25.298282218632302,46.17747778843857],[25.30905260754992,46.175389042145724],[25.31135134146853,46.177372722731874],[25.319687832997474,46.17314369453353],[25.329689337561142,46.178281556756396]]]]},"properties":{"alert_id":"bb1e738002c73dac","source":"nowcasting","alert_type":"nowcasting","feature_id":"d2eb9f8bc214416213","judet_cod":"BV","judet_nume":"Brașov","county_code":"BV","county_name":"Brașov","cod_judet":"BV","cod_culoare":1,"cod_culoare_nume":"Galben","culoare":"1","cod":"Galben","fenomen_principal":"Local averse care vor acumula 15...25 l/mp, descărcări electrice, intensificări ale vântului și vilelie cu viteze de 40...60 km/h, grindină cu diametrul de 1...2 cm.","fenomen_group":"ploi/vijelii","zona_text":"Zona depresionară a județului Covasna, respectiv zona localităților: Sfântu Gheorghe, Târgu Secuiesc, Covasna, Baraolt, Zagon, Zăbala, Ozun, Sânzieni, Ghelința, Brăduț, Bățani, Cernat, Brețcu, Turia, Ojdula, Catalina, Boroșneu Mare, Bodoc, Ghidfalău, Belin, Dobârlău, Reci, Lemnia, Valea Crișului, Vârghiș, Ilieni, Poian, Aita Mare, Chichiș, Brateș, Mereni, Malnaș, Moacșa, Arcuș, Valea Mare, Estelnic, Dalnic;<br>Zona de munte a județului Covasna, respectiv zona de munte a localităților: Ozun, Bixad, Aita Mare, Estelnic, Ghelința, Poian, Sita Buzăului, Sânzieni, Mereni, Ojdula, Ghidfalău, Barcani, Reci, Turia, Belin, Malnaș, Moacșa, Brețcu, Vâlcele, Comandău, Cernat, Întorsura Buzăului, Dobârlău, Hăghig, Boroșneu Mare, Bățani, Bodoc, Micfalău;<br>Județul Braşov: Cața;<br>Județul Harghita;<br>","zona_nume":"Brașov - localitati","zone_name":"Brașov - localitati","display_name":"Brașov - localitati","localities":["Cața","Județul Harghita"],"geometry_source":"uat_match","match_confidence":"medium","interval_text":"","interval_start":"2026-07-14T14:38:00","valid_from":"2026-07-14T14:38:00","valid_to":"2026-07-14T15:40:00","interval_valabilitate_text":"","interval_end":"2026-07-14T15:40:00","data_expirare":"2026-07-14T15:40:00","mesaj_plain":"Local averse care vor acumula 15...25 l/mp, descărcări electrice, intensificări ale vântului și vilelie cu viteze de 40...60 km/h, grindină cu diametrul de 1...2 cm.","source_url":"","source_label":"","notes":"","durata_ore":1.0,"zi":"2026-07-14"}},{"type":"Feature","geometry":{"type":"MultiPolygon","coordinates":[[[[25.329689337561142,46.178281556756396],[25.333224253168755,46.17721453201628],[25.337334546906696,46.17069884014725],[25.346442173390756,46.16577191716867],[25.34954086589707,46.162128139896396],[25.347371132591743,46.1611236757141],[25.356459259481877,46.15384848898541],[25.36417229624731,46.14210516918949],[25.375622494234136,46.13474187495418],[25.361731015604736,46.13632475285405],[25.35154171514461,46.133690009827546],[25.33657973050996,46.11486860042573],[25.32682309636191,46.108902963885605],[25.32237932789889,46.10148934732333],[25.30890885531148,46.09375815489814],[25.308611082179723,46.08735081556928],[25.29568761327181,46.06641012339198],[25.27596064032372,46.06861396243555],[25.274635588449936,46.07206046183727],[25.256311689929753,46.07780034031672],[25.23804672062121,46.078634542311015],[25.239176211237993,46.087509632320774],[25.231933988172603,46.092386194476944],[25.228849396980653,46.09850442840992],[25.21772939037834,46.103515680322964],[25.20918255989654,46.10121928730973],[25.19725413128094,46.108046728505734],[25.18322834755375,46.1088962148425],[25.18971531875409,46.12222742831444],[25.183105751008235,46.122774481643056],[25.17621326706912,46.12716772611525],[25.1678496377098,46.12537674156222],[25.12983905393527,46.140087046794044],[25.123888517048822,46.13948282495818],[25.11567518711405,46.14177814496077],[25.12584329498823,46.1423807825228],[25.13064459650295,46.14795549325842],[25.12895526976117,46.150121568591445],[25.13405513896208,46.14996608795075],[25.132539531370593,46.14808376397981],[25.135717891990257,46.147276910834044],[25.14634750476884,46.15380568819799],[25.149470467609536,46.15860453702742],[25.162943998864712,46.15878991905977],[25.17200879334269,46.16528161389326],[25.179444313753383,46.16423363885293],[25.188759623909025,46.170969416904796],[25.216518382331163,46.155235021234965],[25.218444956428943,46.151290309471],[25.22485764924338,46.151519299390465],[25.22892051700601,46.14665801754963],[25.240620594021067,46.14390393388333],[25.243113940496414,46.14138171486967],[25.250560408486667,46.14157579620755],[25.26050839564189,46.15103325309721],[25.260303043014783,46.15423337263089],[25.256922256341344,46.15551919858714],[25.266138394054067,46.1686081207645],[25.25141923562957,46.17728809792436],[25.25825312251366,46.18174460913296],[25.258631918118198,46.19046268208444],[25.273439616072476,46.187220711729914],[25.266247218963816,46.175523318487286],[25.272692500878364,46.170800774235985],[25.298282218632302,46.17747778843857],[25.30905260754992,46.175389042145724],[25.31135134146853,46.177372722731874],[25.319687832997474,46.17314369453353],[25.329689337561142,46.178281556756396]]]]},"properties":{"alert_id":"bb1e738002c73dac","source":"nowcasting","alert_type":"nowcasting","feature_id":"d2eb9f8bc214416213","judet_cod":"BV","judet_nume":"Brașov","county_code":"BV","county_name":"Brașov","cod_judet":"BV","cod_culoare":1,"cod_culoare_nume":"Galben","culoare":"1","cod":"Galben","fenomen_principal":"Local averse care vor acumula 15...25 l/mp, descărcări electrice, intensificări ale vântului și vilelie cu viteze de 40...60 km/h, grindină cu diametrul de 1...2 cm.","fenomen_group":"ploi/vijelii","zona_text":"Zona depresionară a județului Covasna, respectiv zona localităților: Sfântu Gheorghe, Târgu Secuiesc, Covasna, Baraolt, Zagon, Zăbala, Ozun, Sânzieni, Ghelința, Brăduț, Bățani, Cernat, Brețcu, Turia, Ojdula, Catalina, Boroșneu Mare, Bodoc, Ghidfalău, Belin, Dobârlău, Reci, Lemnia, Valea Crișului, Vârghiș, Ilieni, Poian, Aita Mare, Chichiș, Brateș, Mereni, Malnaș, Moacșa, Arcuș, Valea Mare, Estelnic, Dalnic;<br>Zona de munte a județului Covasna, respectiv zona de munte a localităților: Ozun, Bixad, Aita Mare, Estelnic, Ghelința, Poian, Sita Buzăului, Sânzieni, Mereni, Ojdula, Ghidfalău, Barcani, Reci, Turia, Belin, Malnaș, Moacșa, Brețcu, Vâlcele, Comandău, Cernat, Întorsura Buzăului, Dobârlău, Hăghig, Boroșneu Mare, Bățani, Bodoc, Micfalău;<br>Județul Braşov: Cața;<br>Județul Harghita;<br>","zona_nume":"Brașov - localitati","zone_name":"Brașov - localitati","display_name":"Brașov - localitati","localities":["Cața","Județul Harghita"],"geometry_source":"uat_match","match_confidence":"medium","interval_text":"","interval_start":"2026-07-14T14:38:00","valid_from":"2026-07-14T14:38:00","valid_to":"2026-07-14T15:40:00","interval_valabilitate_text":"","interval_end":"2026-07-14T15:40:00","data_expirare":"2026-07-14T15:40:00","mesaj_plain":"Local averse care vor acumula 15...25 l/mp, descărcări electrice, intensificări ale vântului și vilelie cu viteze de 40...60 km/h, grindină cu diametrul de 1...2 cm.","source_url":"","source_label":"","notes":"","durata_ore":1.0,"zi":"2026-07-14"}},{"type":"Feature","geometry":{"type":"MultiPolygon","coordinates":[[[[24.797617072480037,47.569821651157305],[24.81255220391836,47.56430903677591],[24.811376818276543,47.56267688212886],[24.817924260595017,47.553399380797394],[24.815039201054365,47.551512888748526],[24.815532591971763,47.547069761748475],[24.80255596501427,47.54283107012669],[24.799569021839847,47.539896344454995],[24.793215675614526,47.52496845513124],[24.791326476583368,47.51814686964212],[24.797514565801247,47.51071301331888],[24.785646017361024,47.48507801021411],[24.786631314123564,47.48068978541302],[24.79611937545724,47.47745081248767],[24.79807513307555,47.46730007107674],[24.791613408728644,47.44959313778658],[24.782752923142603,47.43744537477071],[24.7769123014777,47.434123832890194],[24.774802682420503,47.4261512827509],[24.776737443184004,47.425281583865846],[24.774302260704502,47.423033688597265],[24.77672492823792,47.42176682384337],[24.77432648088318,47.41976382061531],[24.777245819024056,47.41780971655149],[24.77322842941751,47.41487508986719],[24.77917037335815,47.41356181934748],[24.790409622465653,47.39777428835766],[24.796985820203698,47.39369394241873],[24.806127600201194,47.392038373177876],[24.802876221703883,47.38707412987743],[24.79846571330434,47.38830858383014],[24.79014330766482,47.38431165203315],[24.78454431521783,47.38393819644162],[24.783023572279713,47.38570909291884],[24.778804619287488,47.38426314447314],[24.78576438302363,47.38081373249658],[24.78272451823154,47.37892741076968],[24.775408283257615,47.38101834204393],[24.77443246611289,47.383022950317134],[24.767235005788784,47.38009397416525],[24.7609107808913,47.38134687434156],[24.760601977595787,47.377838684705864],[24.758315539894554,47.37744350766797],[24.762897217246483,47.378158958379316],[24.764202370920096,47.374055028752686],[24.758464731890594,47.37201071875295],[24.753396314824496,47.374082281782634],[24.753993169250318,47.379885901134756],[24.751299893089154,47.37957346997298],[24.75001604953007,47.382519837676284],[24.746430655818802,47.37766116454354],[24.741340414610633,47.37563169322683],[24.733185570192052,47.37785632827075],[24.722341424639822,47.3762067501063],[24.71447044096153,47.38727775723567],[24.710540972300077,47.386723909620166],[24.715923229798573,47.38992197454956],[24.712529509923993,47.38965030671924],[24.711166350720053,47.39337803038962],[24.714272244788127,47.3941117924178],[24.708718603706146,47.40220411238841],[24.713588823138725,47.411511966760955],[24.708048885287443,47.422431928648734],[24.71072612263076,47.4256638372062],[24.70985954081951,47.434396626101076],[24.7253004796941,47.4548215467953],[24.72346636551374,47.47238824977901],[24.728332463961124,47.479166804584885],[24.72408811204234,47.48276898454178],[24.72749839000426,47.490883358508924],[24.7151808357465,47.49348011034532],[24.71495586922352,47.50050977634256],[24.707374911331318,47.50350580721128],[24.705977616992705,47.50622393935714],[24.701128193471202,47.50433640842738],[24.69858700690304,47.498757698621716],[24.69484795229035,47.4979684335202],[24.68070197179615,47.48431119840891],[24.666172003287787,47.50480162774447],[24.66794460879614,47.50723457046671],[24.69088136805425,47.51512705784196],[24.680249984474546,47.53327757606474],[24.663222400145674,47.53547586505434],[24.655157109574635,47.53908669441312],[24.659594130399096,47.55398927773755],[24.66434200427887,47.557463268349736],[24.691239702541637,47.55854881355406],[24.715297666014184,47.57254170863133],[24.72540265023173,47.575928645067265],[24.73455596195216,47.571403065665926],[24.739312949434588,47.57296992849618],[24.755289460403784,47.57127353894563],[24.76642464290582,47.573470254680565],[24.77115373652009,47.57204840918819],[24.78742280882264,47.57699226612239],[24.7941686999195,47.57466157245439],[24.797617072480037,47.569821651157305]]],[[[24.878876502415235,47.39985515075308],[24.864347277021167,47.40238615674325],[24.85802499231558,47.401673651233246],[24.84466021729885,47.39529653824495],[24.835312631447085,47.39329457701848],[24.825682748800375,47.386128951502045],[24.81677374662593,47.38307058611241],[24.808995164915512,47.390790457882],[24.80191438405254,47.39379878331383],[24.796985820203698,47.39369394241873],[24.790409622465653,47.39777428835766],[24.77917037335815,47.41356181934748],[24.77322842941751,47.41487508986719],[24.777245819024056,47.41780971655149],[24.77432648088318,47.41976382061531],[24.77672492823792,47.42176682384337],[24.774302260704502,47.423033688597265],[24.776737443184004,47.425281583865846],[24.774802682420503,47.4261512827509],[24.7769123014777,47.434123832890194],[24.782752923142603,47.43744537477071],[24.791613408728644,47.44959313778658],[24.79807513307555,47.46730007107674],[24.79611937545724,47.47745081248767],[24.786631314123564,47.48068978541302],[24.785646017361024,47.48507801021411],[24.797514565801247,47.51071301331888],[24.791326476583368,47.51814686964212],[24.793215675614526,47.52496845513124],[24.799569021839847,47.539896344454995],[24.80255596501427,47.54283107012669],[24.815532591971763,47.547069761748475],[24.815039201054365,47.551512888748526],[24.81801610546814,47.55426563953829],[24.811376818276543,47.56267688212886],[24.81255220391836,47.56430903677591],[24.80725262010722,47.56666979283571],[24.816511628667463,47.576471675863566],[24.82175898783776,47.593257404409755],[24.8294260861093,47.59684555982168],[24.845919237705214,47.59668024908082],[24.860842008045903,47.59132802447211],[24.864226735923058,47.59443301922003],[24.872004004110458,47.593963460042204],[24.881284311210486,47.59817496448415],[24.88411174504883,47.57962028025457],[24.88942236315421,47.57518759013584],[24.883833002453272,47.56787960059199],[24.875798826178926,47.56377280936701],[24.870625247061618,47.554174857525645],[24.876192305972943,47.54151731624779],[24.866792916478104,47.537459177004635],[24.873270455658467,47.52867122756314],[24.891251675634297,47.51731903762781],[24.88867256455163,47.51039027184576],[24.891187548296266,47.50265445894602],[24.88306604865518,47.49297852034084],[24.880204531215675,47.48522607353906],[24.87991370134126,47.47876948678484],[24.884758678064724,47.46653178037095],[24.87349248831859,47.46550199630827],[24.87050720962055,47.45968254555128],[24.872297160832222,47.455144686496375],[24.86586661792704,47.456392505394895],[24.8587387399972,47.447212811931145],[24.862255196225526,47.43978539388024],[24.876926008766425,47.439224454077234],[24.87935674319536,47.42613585802956],[24.877491900602738,47.42315924659146],[24.88214303518097,47.40993503471104],[24.878876502415235,47.39985515075308]]],[[[24.704595020613322,47.33885366319327],[24.709422374326667,47.33344536116965],[24.71052985739534,47.337743821225494],[24.712919631448468,47.33827651296616],[24.723504780853062,47.333792970084964],[24.7262484205174,47.3302094060427],[24.72470909507915,47.32395859609923],[24.720453896299272,47.32119467292222],[24.720059936949138,47.312203941365695],[24.726448967922604,47.307740928463566],[24.72540122565025,47.30061160369649],[24.723189549790945,47.29720884985248],[24.71848641974746,47.29660234194962],[24.718537727130343,47.29059963089943],[24.73571442466088,47.27740765357978],[24.731272417199968,47.27607641371365],[24.72533479785588,47.267985695648214],[24.716554590327767,47.26638747455626],[24.70638097457999,47.26017105139585],[24.689974689669828,47.258510045352615],[24.681833861390583,47.25129040988319],[24.676465873049214,47.25292168393427],[24.659187932049623,47.24827349400966],[24.650645843438816,47.25494335271131],[24.649358248802606,47.262202543556306],[24.653608225333624,47.265418297780464],[24.652142963191768,47.27257927376235],[24.639016556898977,47.270902683129755],[24.631077278393956,47.2757534199541],[24.629204927355055,47.280704262812534],[24.638195400207696,47.28236678476389],[24.642680319388493,47.27822125846369],[24.647919943887384,47.27826669759072],[24.65157182521826,47.28346178161494],[24.63836236599683,47.296547059008695],[24.643394996860653,47.29867555924925],[24.647221943241522,47.30651367548948],[24.63984367558722,47.30621561926464],[24.64012198294936,47.30298233962711],[24.63557004486671,47.29791622670772],[24.628566756514147,47.2990826934322],[24.636277569963962,47.304184041506275],[24.631308765635158,47.31822551712204],[24.636198812942293,47.329378823591696],[24.629317853333376,47.34333048460966],[24.63122609005538,47.34510682000579],[24.639609882944296,47.34239877349559],[24.642698733915434,47.335955767380504],[24.64553400679654,47.33315207684509],[24.64854150571523,47.333245282964775],[24.647754142863537,47.33147785519011],[24.658077819271522,47.32103669601484],[24.656352585843184,47.327500542518145],[24.658260098932594,47.3277866767615],[24.660103348249365,47.31803479457493],[24.66373558735128,47.31789815447933],[24.666154883502564,47.32296965128661],[24.671086994082543,47.32355295180865],[24.674824235448057,47.33088586141971],[24.679373231749516,47.330713872280135],[24.67980486592797,47.33214919097481],[24.693346828669682,47.33022652724487],[24.691526662685884,47.33632190192903],[24.69493336761087,47.34196772308148],[24.704595020613322,47.33885366319327]]],[[[24.982845348313365,47.42403572818634],[24.985608135685325,47.418077397482946],[24.9906546463991,47.41839248313186],[24.995717096173557,47.41324925064226],[25.001348425967688,47.414261102725234],[25.03333728997022,47.39432315332096],[25.035770130625842,47.39151431208462],[25.033570964291997,47.38934684094423],[25.034721204763514,47.384976289540305],[25.03997352759075,47.380444510700336],[25.05280555488801,47.37726394794498],[25.062646490889843,47.379196912662444],[25.069429355135807,47.3699382186378],[25.064126698655237,47.36647302687552],[25.060324158886168,47.353271870823114],[25.069791744435296,47.34179284134534],[25.077102652604832,47.34077296689246],[25.072872992139896,47.33503529039594],[25.072690338130634,47.32948591111997],[25.076422470041507,47.32693421339339],[25.07468519247394,47.321393480086776],[25.07871761369494,47.315200931341366],[25.07754390819599,47.31166544534753],[25.062211251294197,47.309724458057595],[25.058255600018068,47.30702064013442],[25.05856239448506,47.30443485325233],[25.047514206415826,47.303686709366055],[25.028073993388123,47.28666990830467],[25.024672114323277,47.288534422203476],[25.014652802027424,47.286456623471736],[25.00599640289975,47.289642267986125],[24.995446769613896,47.29020417106649],[24.985408007164512,47.29650627794009],[24.980566775141167,47.303115867995864],[24.9707043148797,47.31011999689702],[24.967603800118646,47.316076094443325],[24.968080629201243,47.325955540762415],[24.961852943823033,47.326452337413635],[24.960270281862382,47.33411212338441],[24.963837957859166,47.340572739791185],[24.950903444229137,47.34037337380698],[24.94783622129203,47.34229839931062],[24.94190726115319,47.34941032352812],[24.94062370627252,47.35600517157814],[24.92875988304786,47.36053361569209],[24.918501240046794,47.37558766565104],[24.92211167299058,47.3842015649018],[24.920139513329367,47.3871854622059],[24.927843523575703,47.38497877353604],[24.930874081391128,47.38702354032869],[24.93036469958421,47.39060942549935],[24.938118853465394,47.39940818326204],[24.93816824372102,47.402875375982894],[24.94821093149238,47.406362802135945],[24.947759331699444,47.41303478929073],[24.95082356101212,47.41687542645293],[24.955563042115998,47.41746993234203],[24.95962078500485,47.420698933528804],[24.967411051220825,47.40996291569217],[24.97258323954671,47.412869760020165],[24.97365942941763,47.42875856970074],[24.982845348313365,47.42403572818634]]],[[[24.960848646392115,47.59686784703264],[24.975922477433993,47.592120304293296],[24.983131714776952,47.58734878310585],[24.99215039612093,47.585587601474735],[24.989679348143532,47.58360578018953],[24.99106336455644,47.58048549853733],[24.99442258228204,47.57700402573858],[25.00094201656446,47.57589828468875],[25.007783344181515,47.56884111243191],[25.014833247398325,47.56876009532041],[25.015376594674823,47.56661212082936],[25.018972119536823,47.568091728941624],[25.04437713008032,47.559899845890364],[25.051962073733748,47.560457206219766],[25.056575278625903,47.55251256034154],[25.05674428253713,47.54490973205865],[25.066497284035258,47.530355999138884],[25.081358721568577,47.52615145426527],[25.094894916540596,47.516527726437154],[25.09379658802691,47.503977657609504],[25.07312571290273,47.49339664570275],[25.07236013029601,47.4890545431987],[25.061475264676776,47.483720409315744],[25.06147443308527,47.48127905639834],[25.05681822953184,47.483023976416646],[25.052107589769083,47.48079811610167],[25.045373902058106,47.48104622620459],[25.046993974934054,47.470234719864365],[25.055627486402518,47.46703472188141],[25.06024939644704,47.46252341705998],[25.063338204070387,47.45468210395916],[25.06793662293338,47.45301431368258],[25.06620296072168,47.450213822499],[25.0811568306133,47.45397763759021],[25.090902286091413,47.448940679261526],[25.077557622788273,47.43823649761993],[25.062312776839693,47.436951502525865],[25.061549951305597,47.43344809957395],[25.052381328546023,47.43102017665016],[25.05031515600482,47.425470478778195],[25.05518645160955,47.42116205623598],[25.05909202283076,47.420782787424216],[25.05828745580104,47.416548009516404],[25.050040063365447,47.41836068677978],[25.032476952512397,47.43328164181379],[25.024096767006345,47.435577131228264],[25.014651629442046,47.433434236042125],[25.012118510068728,47.428387775521195],[24.99894278556285,47.42009987803921],[24.99463111824581,47.42007012781509],[24.986492911334157,47.42460788441733],[24.982845348313365,47.42403572818634],[24.97365942941763,47.42875856970074],[24.972420096254687,47.41266295024766],[24.967411051220825,47.40996291569217],[24.958912162630398,47.42048093474673],[24.94843983994335,47.41401608928606],[24.94821093149238,47.406362802135945],[24.94068067250204,47.404319183236026],[24.932841890426978,47.39907086519279],[24.923427780372432,47.40079262502358],[24.91083856834688,47.39891030811363],[24.906623696972336,47.40336887330559],[24.893594150552726,47.405420115096206],[24.878876502415235,47.39985515075308],[24.88214303518097,47.40993503471104],[24.877491900602738,47.42315924659146],[24.87935674319536,47.42613585802956],[24.876926008766425,47.439224454077234],[24.862255196225526,47.43978539388024],[24.8587387399972,47.447212811931145],[24.86586661792704,47.456392505394895],[24.872297160832222,47.455144686496375],[24.87050720962055,47.45968254555128],[24.87349248831859,47.46550199630827],[24.884758678064724,47.46653178037095],[24.87991370134126,47.47876948678484],[24.880204531215675,47.48522607353906],[24.891703851776533,47.50448414099633],[24.88867256455163,47.51039027184576],[24.891251675634297,47.51731903762781],[24.873270455658467,47.52867122756314],[24.866792916478104,47.537459177004635],[24.876192305972943,47.54151731624779],[24.870625247061618,47.554174857525645],[24.875798826178926,47.56377280936701],[24.889012570016686,47.57318916449187],[24.88411174504883,47.57962028025457],[24.881284311210486,47.59817496448415],[24.899121259426053,47.60302955749407],[24.916613844406218,47.59824389774522],[24.95435134630789,47.59561226187105],[24.960848646392115,47.59686784703264]]],[[[24.85414551987804,47.333509629139414],[24.862370938633664,47.33008830295446],[24.866825493375888,47.330996630355926],[24.871471866641986,47.32528903662461],[24.883199762942173,47.32878015704657],[24.886039719089542,47.32574625583043],[24.89221192399691,47.3264382309078],[24.901834707029714,47.321743642545165],[24.902959256047506,47.31864316555855],[24.90947338983931,47.31470820770655],[24.9226814995303,47.311783194068525],[24.923817798852777,47.30715225620283],[24.941715004474286,47.3065053627237],[24.945421531503282,47.30451026145299],[24.957654636482967,47.30566514250075],[24.950871232120676,47.29178116561382],[24.925898746405913,47.28997092825822],[24.919207841878325,47.29275968804043],[24.906489628898434,47.284848799958574],[24.895548352595924,47.28621420015951],[24.87952435223854,47.282860333979926],[24.872637536028535,47.28502294994619],[24.870735432909132,47.29188313437659],[24.859002155938377,47.28796773565161],[24.843540679321237,47.29143574294273],[24.80740713496591,47.28400096432832],[24.8031407088433,47.2720532673794],[24.79714611497344,47.267051265029366],[24.781179643335733,47.26938102983764],[24.764779476267822,47.2655918371906],[24.744752487703146,47.27186898436979],[24.7227446837011,47.285555769407964],[24.718537727130343,47.29059963089943],[24.71848641974746,47.29660234194962],[24.723189549790945,47.29720884985248],[24.72540122565025,47.30061160369649],[24.726448967922604,47.307740928463566],[24.720059936949138,47.312203941365695],[24.720453896299272,47.32119467292222],[24.726203289632206,47.326453231503436],[24.733124260323024,47.32799999249865],[24.734910651553292,47.330288928733275],[24.754031216738202,47.33225177214611],[24.75740866856932,47.33594385900181],[24.768888892714823,47.330583251229235],[24.777114197406206,47.33592003136615],[24.784770237256623,47.345715412327046],[24.791023622771466,47.348898545851426],[24.8013251239368,47.34838545887947],[24.806192549471483,47.34094130364495],[24.816940081839586,47.3401667332294],[24.824973194700874,47.334968285236904],[24.840519769146802,47.331477242516875],[24.85414551987804,47.333509629139414]]],[[[24.9377521371471,47.401175344599615],[24.92854815106051,47.38500020171003],[24.920139513329367,47.3871854622059],[24.92211167299058,47.3842015649018],[24.918501240046794,47.37558766565104],[24.92875988304786,47.36053361569209],[24.94062370627252,47.35600517157814],[24.94190726115319,47.34941032352812],[24.94783622129203,47.34229839931062],[24.950903444229137,47.34037337380698],[24.963837957859166,47.340572739791185],[24.960270281862382,47.33411212338441],[24.961852943823033,47.326452337413635],[24.968080629201243,47.325955540762415],[24.967603800118646,47.316076094443325],[24.972808475464596,47.30719121526291],[24.980566775141167,47.303115867995864],[24.98300113540599,47.29909867652839],[24.980538645566522,47.29743435844618],[24.966029833437037,47.306181090770245],[24.945421531503282,47.30451026145299],[24.941715004474286,47.3065053627237],[24.923817798852777,47.30715225620283],[24.9226814995303,47.311783194068525],[24.90947338983931,47.31470820770655],[24.902959256047506,47.31864316555855],[24.901834707029714,47.321743642545165],[24.89221192399691,47.3264382309078],[24.886039719089542,47.32574625583043],[24.883199762942173,47.32878015704657],[24.871908473513564,47.32521206491509],[24.866825493375888,47.330996630355926],[24.862370938633664,47.33008830295446],[24.856033608341544,47.332327842469944],[24.85385664764565,47.33541948861216],[24.856038832236987,47.346056383950206],[24.853518739168162,47.34880697677841],[24.85768512232802,47.353346418361355],[24.8559240973067,47.35634222969555],[24.843680725950556,47.362794170540944],[24.836071493047793,47.371126045345186],[24.838684563786344,47.37885896598494],[24.831869458073808,47.384327251196915],[24.825682748800375,47.386128951502045],[24.835312631447085,47.39329457701848],[24.84466021729885,47.39529653824495],[24.85802499231558,47.401673651233246],[24.864347277021167,47.40238615674325],[24.869785987136744,47.40024681805624],[24.88037169907881,47.3998497170112],[24.893594150552726,47.405420115096206],[24.906623696972336,47.40336887330559],[24.91083856834688,47.39891030811363],[24.923427780372432,47.40079262502358],[24.931119208265905,47.39880887862231],[24.9377521371471,47.401175344599615]]],[[[24.825682748800375,47.386128951502045],[24.831869458073808,47.384327251196915],[24.838684563786344,47.37885896598494],[24.836071493047793,47.371126045345186],[24.843680725950556,47.362794170540944],[24.8559240973067,47.35634222969555],[24.85768512232802,47.353346418361355],[24.853592475083047,47.34935366500231],[24.856503415751938,47.34245915607102],[24.85414551987804,47.333509629139414],[24.84805481686033,47.33200216904914],[24.840519769146802,47.331477242516875],[24.824231367194475,47.33522870629544],[24.814708755592793,47.340858614438716],[24.806192549471483,47.34094130364495],[24.8013251239368,47.34838545887947],[24.791069173907694,47.348803897689876],[24.789943796055613,47.355178975294386],[24.77508495217045,47.36096075869801],[24.773253447957075,47.36750126580531],[24.76297992384575,47.37266078748865],[24.762897217246483,47.378158958379316],[24.760511602244918,47.376840285819895],[24.758315539894554,47.37744350766797],[24.760601977595787,47.377838684705864],[24.7609107808913,47.38134687434156],[24.767235005788784,47.38009397416525],[24.77417571911516,47.38301884296749],[24.78131746581618,47.378952654925065],[24.785838217530795,47.379719908324105],[24.778804619287488,47.38426314447314],[24.783023572279713,47.38570909291884],[24.78454431521783,47.38393819644162],[24.79014330766482,47.38431165203315],[24.79846571330434,47.38830858383014],[24.802876221703883,47.38707412987743],[24.806127600201194,47.392038373177876],[24.81677374662593,47.38307058611241],[24.825682748800375,47.386128951502045]]],[[[24.76290656853028,47.372882330241524],[24.773253447957075,47.36750126580531],[24.77508495217045,47.36096075869801],[24.789943796055613,47.355178975294386],[24.791023622771466,47.348898545851426],[24.779036351345358,47.34059215884334],[24.776889003432338,47.33574205440957],[24.766868146275026,47.33018580311685],[24.75740866856932,47.33594385900181],[24.754031216738202,47.33225177214611],[24.734910651553292,47.330288928733275],[24.726759242596753,47.3264509076834],[24.723504780853062,47.333792970084964],[24.712919631448468,47.33827651296616],[24.709217125892163,47.333538284397065],[24.704595020613322,47.33885366319327],[24.710260974574666,47.34302823303702],[24.71072366798963,47.35171498543513],[24.7162726979603,47.35353070933501],[24.71407135910042,47.35579834595242],[24.718329043418336,47.357751026647975],[24.720949587167496,47.35615781242052],[24.725422665883595,47.35985284567695],[24.724391788223347,47.36389497704806],[24.721187544360994,47.3650608499433],[24.722168246078606,47.37631275328475],[24.733185570192052,47.37785632827075],[24.741340414610633,47.37563169322683],[24.746430655818802,47.37766116454354],[24.75001604953007,47.382519837676284],[24.751299893089154,47.37957346997298],[24.753993169250318,47.379885901134756],[24.753396314824496,47.374082281782634],[24.758464731890594,47.37201071875295],[24.76290656853028,47.372882330241524]]]]},"properties":{"alert_id":"159e6e3c8ce6e234","source":"nowcasting","alert_type":"nowcasting","feature_id":"69f0cd40ed842f6ca1","judet_cod":"BN","judet_nume":"Bistrița-Năsăud","county_code":"BN","county_name":"Bistrița-Năsăud","cod_judet":"BN","cod_culoare":1,"cod_culoare_nume":"Galben","culoare":"1","cod":"Galben","fenomen_principal":"Averse torențiale care vor acumula 15...25 l/mp, descărcări electrice, intensificări ale vântului (40...60 km/h), grindină de mici dimensiuni (1...2 cm).","fenomen_group":"ploi/vijelii","zona_text":"Județul Maramureş: Borșa, Poienile de Sub Munte, Moisei, Repedea;<br>Județul Maramureş, zona de munte de peste 1800 m;<br>Județul Bistriţa-Năsăud: Sângeorz-Băi, Maieru, Rodna, Tiha Bârgăului, Ilva Mica, Lunca Ilvei, Șanț, Leșu, Ilva Mare, Măgura Ilvei, Poiana Ilvei;<br>Județul Bistriţa-Năsăud, zona de munte de peste 1800 m;<br>","zona_nume":"Bistrița-Năsăud - localitati","zone_name":"Bistrița-Năsăud - localitati","display_name":"Bistrița-Năsăud - localitati","localities":["Sângeorz-Băi","Maieru","Rodna","Tiha Bârgăului","Ilva Mica","Lunca Ilvei","Șanț","Leșu","Ilva Mare","Măgura Ilvei","Poiana Ilvei","Județul Bistriţa-Năsăud","zona de munte de peste 1800 m"],"geometry_source":"uat_match","match_confidence":"medium","interval_text":"","interval_start":"2026-07-14T14:15:00","valid_from":"2026-07-14T14:15:00","valid_to":"2026-07-14T15:15:00","interval_valabilitate_text":"","interval_end":"2026-07-14T15:15:00","data_expirare":"2026-07-14T15:15:00","mesaj_plain":"Averse torențiale care vor acumula 15...25 l/mp, descărcări electrice, intensificări ale vântului (40...60 km/h), grindină de mici dimensiuni (1...2 cm).","source_url":"","source_label":"","notes":"","durata_ore":1.0,"zi":"2026-07-14"}},{"type":"Feature","geometry":{"type":"MultiPolygon","coordinates":[[[[24.883150485895083,47.7243710761257],[24.947111725710332,47.729141477238144],[24.94777748097523,47.717396733549506],[24.953668745206222,47.71220216440751],[24.952265068551906,47.70553762536352],[24.96034589853133,47.70552421063124],[24.97834101095326,47.69752195111324],[25.007598035058088,47.67668187390184],[25.017398212570768,47.67434137825446],[25.022162861807047,47.66639532860744],[25.038362599376693,47.66412164259248],[25.043247787470488,47.659608841419725],[25.052541450367446,47.658182455635306],[25.056436514717415,47.64756062357498],[25.052911868238965,47.64537822625594],[25.053035342643735,47.6413299893115],[25.032798398701235,47.63791752519484],[25.02569698371664,47.63408455365288],[25.011651421337003,47.633745810235276],[25.00044064083552,47.62690094815645],[24.99497473495586,47.62651478737348],[24.99126946972532,47.62038589303431],[24.984295433317236,47.620375887066686],[24.9748935545394,47.6137878942308],[24.969869022245604,47.613738211701516],[24.96528568083901,47.616189321598085],[24.95856970977295,47.61519311541911],[24.956509539348144,47.61232171189513],[24.961127918942005,47.597925181390046],[24.959131444698542,47.59630154288848],[24.916613844406218,47.59824389774522],[24.899121259426053,47.60302955749407],[24.87833027634593,47.59748087186869],[24.872004004110458,47.593963460042204],[24.864226735923058,47.59443301922003],[24.860842008045903,47.59132802447211],[24.845919237705214,47.59668024908082],[24.82592137291081,47.59610393605543],[24.82032165760595,47.590430594803784],[24.814537193889553,47.572976522948316],[24.80725262010722,47.56666979283571],[24.797617072480037,47.569821651157305],[24.7941686999195,47.57466157245439],[24.78742280882264,47.57699226612239],[24.77115373652009,47.57204840918819],[24.76642464290582,47.573470254680565],[24.755289460403784,47.57127353894563],[24.739312949434588,47.57296992849618],[24.73455596195216,47.571403065665926],[24.726149048684043,47.575935455762405],[24.71395067239221,47.571513031276616],[24.709243135346288,47.57288623017879],[24.703995104259228,47.577049840947936],[24.697283514246603,47.59443407273766],[24.690719701824268,47.598087759416835],[24.69413619330937,47.608099583917934],[24.677043282940904,47.60252604967139],[24.66638046881832,47.602507307564835],[24.655289300457245,47.59837583280554],[24.65102879805914,47.59872109239273],[24.650148097811034,47.59608301490677],[24.64372742981474,47.593567849644],[24.63752408569076,47.594852691635076],[24.640139485061844,47.599304261247845],[24.636267615595205,47.59812150854507],[24.632855710751706,47.601705482467416],[24.625767549960223,47.60075634256303],[24.618563667040245,47.605108714546404],[24.613764938289812,47.62026972228625],[24.6141789563185,47.63953622806002],[24.610552533374623,47.65543609510127],[24.613806596588784,47.66460931748463],[24.608638090692,47.677615444784394],[24.62064658800903,47.688935469325855],[24.610045390927855,47.699214608084155],[24.60432905638952,47.711982944173634],[24.611312814083796,47.713353491404],[24.623387682423495,47.7198219072734],[24.671479359794127,47.72724123507942],[24.710958498644104,47.723404272210516],[24.71967763195813,47.732112106222324],[24.727488935712366,47.72978682621153],[24.73804989706187,47.73049744259367],[24.748388843133245,47.72851223056401],[24.75939158172596,47.718838863685576],[24.770166873722847,47.718063711742076],[24.784080869173923,47.71095926840513],[24.794889655437284,47.71266140282095],[24.816651641276934,47.71127869970922],[24.822054178614405,47.716222955991036],[24.830043895611073,47.71939436958733],[24.83646461938655,47.716238976893884],[24.855618188931658,47.71431975737032],[24.861468143686956,47.70981576812389],[24.872728232033154,47.70670670767709],[24.88753837869928,47.71833924982114],[24.887354804717035,47.721346920517874],[24.883150485895083,47.7243710761257]]],[[[24.670900945257756,47.86529446868238],[24.648043947132088,47.85327451714299],[24.642526687923233,47.85409931616984],[24.635758424172298,47.84724500834194],[24.62813124496832,47.84511522179317],[24.612295557047517,47.83442120512279],[24.61076492084523,47.831183371665944],[24.5959589809738,47.82636533712203],[24.59073494841457,47.816562211356306],[24.592240697512242,47.80487036768309],[24.58346650412721,47.794671013606816],[24.572115581549827,47.795617826565326],[24.56116719801289,47.793831870255175],[24.558895750153496,47.78784475841771],[24.54853850605184,47.78163504482213],[24.53932554734875,47.77890025989284],[24.527605651857204,47.76971384090317],[24.520990384968286,47.771984334426946],[24.501997443726914,47.77164129752894],[24.496674971466227,47.773926120931485],[24.485530552728594,47.7696923234541],[24.474533262603718,47.7686908640427],[24.47022487693944,47.76584853311149],[24.461951188770147,47.77555445807309],[24.456456257682696,47.77671242921947],[24.45560508108724,47.7797611048313],[24.443515538895017,47.78146136832827],[24.437191019501395,47.78537594872234],[24.434947745686326,47.79366492778956],[24.428042773541726,47.79362711967001],[24.42115525542787,47.79096122142596],[24.408762514238553,47.79386502949141],[24.390989937882043,47.788558948668964],[24.381465376856625,47.79140691159291],[24.385462459314006,47.798582932902576],[24.38016225196607,47.810469645217324],[24.387570563901484,47.8161775788476],[24.409611883892026,47.82602712553572],[24.41034610117562,47.8282119776232],[24.40677851363892,47.82831438687429],[24.406277801771264,47.8291043403521],[24.411418256493402,47.829249060046614],[24.411420665440026,47.83213111409482],[24.417119199568464,47.83252709896727],[24.42492274534668,47.8563927842641],[24.43188943958033,47.863413542881354],[24.442104090194913,47.86913263404703],[24.446210119738275,47.868792632598755],[24.44574332571378,47.87770611353658],[24.45391518217292,47.88447260952412],[24.456213983799252,47.901463054538134],[24.46475782676594,47.90641707955279],[24.45461911548994,47.91161866229719],[24.451617435906744,47.91972036882626],[24.466104125323813,47.927633032556784],[24.471993034717972,47.93931586021816],[24.485140952078694,47.95023062862287],[24.48773097805423,47.955870534440685],[24.502014188555297,47.95228629520879],[24.51237484433761,47.95184973872562],[24.526999835006542,47.9615429668609],[24.53694094476984,47.96193234317768],[24.552383865677108,47.95864504035011],[24.56286803169934,47.96859564753862],[24.58330202082035,47.96487040655175],[24.584102930589392,47.96073597361361],[24.595635371132076,47.954421288218214],[24.598482719571955,47.95023005033026],[24.59692563526063,47.946355991041884],[24.60169554622955,47.94533715208116],[24.610827340147395,47.95184718546234],[24.623568835548536,47.95170869409386],[24.628386452772837,47.94794837019273],[24.63234452351631,47.9397868163019],[24.629834948216928,47.934421939888985],[24.636538839252136,47.92979261295016],[24.63504051643685,47.92457468787269],[24.651580046772803,47.91911858402],[24.652592694034233,47.91066176580943],[24.660969917447158,47.908862999972825],[24.673782378022224,47.89637989965824],[24.667282671997196,47.885707870740724],[24.665789348662827,47.87650677823399],[24.670900945257756,47.86529446868238]]],[[[24.61151893569422,47.680296462427215],[24.608638090692,47.677615444784394],[24.61386075057684,47.66413852387198],[24.610552533374623,47.65543609510127],[24.6141789563185,47.63953622806002],[24.613764938289812,47.62026972228625],[24.618563667040245,47.605108714546404],[24.625767549960223,47.60075634256303],[24.632855710751706,47.601705482467416],[24.636267615595205,47.59812150854507],[24.640139485061844,47.599304261247845],[24.63752408569076,47.594852691635076],[24.64372742981474,47.593567849644],[24.650148097811034,47.59608301490677],[24.65102879805914,47.59872109239273],[24.655289300457245,47.59837583280554],[24.66638046881832,47.602507307564835],[24.677043282940904,47.60252604967139],[24.69413619330937,47.608099583917934],[24.690719701824268,47.598087759416835],[24.697283514246603,47.59443407273766],[24.705735128336137,47.57472712065568],[24.71395067239221,47.571513031276616],[24.691239702541637,47.55854881355406],[24.66434200427887,47.557463268349736],[24.659594130399096,47.55398927773755],[24.651895020753855,47.558318915865065],[24.654026859988953,47.56234187515032],[24.652145250777252,47.567521903846384],[24.63189463063508,47.57581993875155],[24.604531337689636,47.56862667004457],[24.5815064382219,47.57045611906833],[24.57169304665613,47.56229960265621],[24.561051188253877,47.563504492732115],[24.55813051104545,47.56790865896155],[24.563099786012113,47.57508518328157],[24.5647987353997,47.586688079449075],[24.583358454657176,47.59576810987429],[24.585033433620563,47.59980731629496],[24.5665633455647,47.60315305370246],[24.54862979692291,47.603919547992646],[24.542977758028563,47.60850173597787],[24.542059310536892,47.6136514053652],[24.533766228264753,47.623256008365104],[24.526679403587476,47.62595853958788],[24.523467610708874,47.63523694391094],[24.505990176043632,47.63828727362061],[24.50392255048712,47.64020228065187],[24.482494475271327,47.63954209620871],[24.482096308480198,47.64157147330283],[24.476841402584363,47.641466968726576],[24.47414651669799,47.649744896946814],[24.468594965140333,47.64987855759299],[24.47082123320517,47.657682494943785],[24.46721555500308,47.65714010991009],[24.47089601978034,47.6641022476052],[24.465847674313117,47.66734804525147],[24.471236227835774,47.669340577568626],[24.475433663029264,47.67548837466099],[24.493039544920187,47.688778020654496],[24.51694736057821,47.692362889443984],[24.53109533440239,47.69079509497627],[24.53507401791044,47.68617613185759],[24.54383209458505,47.68315394811611],[24.567344332541808,47.68870554983413],[24.577088617870828,47.68005833224267],[24.59891368979267,47.682315527895746],[24.61151893569422,47.680296462427215]]],[[[24.48773097805423,47.955870534440685],[24.485140952078694,47.95023062862287],[24.471993034717972,47.93931586021816],[24.466104125323813,47.927633032556784],[24.451617435906744,47.91972036882626],[24.45461911548994,47.91161866229719],[24.46475782676594,47.90641707955279],[24.456213983799252,47.901463054538134],[24.45391518217292,47.88447260952412],[24.44574332571378,47.87770611353658],[24.446210119738275,47.868792632598755],[24.442104090194913,47.86913263404703],[24.43188943958033,47.863413542881354],[24.42492274534668,47.8563927842641],[24.417119199568464,47.83252709896727],[24.411420665440026,47.83213111409482],[24.411418256493402,47.829249060046614],[24.406277801771264,47.8291043403521],[24.41034610117562,47.8282119776232],[24.409611883892026,47.82602712553572],[24.387570563901484,47.8161775788476],[24.38016225196607,47.810469645217324],[24.384077701847293,47.80130957210783],[24.379987599166167,47.80158007143725],[24.379388342632918,47.80512657553792],[24.37377984787521,47.80793996897791],[24.375841095370053,47.812240011728086],[24.370113758093524,47.81767705166327],[24.34620536415617,47.81424224518026],[24.33264701099319,47.815751458858145],[24.33601827943416,47.81887797850097],[24.32748407404759,47.82408513358516],[24.328173921515358,47.828056074851425],[24.317029950681523,47.83282975728602],[24.31316262691907,47.837437901760424],[24.316351090508338,47.84329005082476],[24.30934323343762,47.84689607560483],[24.313620615706817,47.848204165234726],[24.311604592447676,47.85077453239305],[24.31601893823173,47.85178816113063],[24.31626856280927,47.85706058356727],[24.32474254670388,47.857313226219034],[24.32552260047719,47.854897644137125],[24.329359376673427,47.854736134896754],[24.333488390263458,47.86004843270966],[24.3410426458085,47.862357107392896],[24.343541127872808,47.86616849577191],[24.34805648064039,47.8667160866913],[24.350010119853668,47.87474116871538],[24.356555101901975,47.879300808807784],[24.357635272145217,47.885813617587615],[24.344773497828715,47.90009689459323],[24.348305671348392,47.909897833370536],[24.34463051153135,47.91475205269174],[24.38159657247885,47.926587680629176],[24.380338188479598,47.93387954467118],[24.383140887011425,47.93996485588153],[24.392143659931833,47.94841925389315],[24.393909745661983,47.95430234581083],[24.409686864910952,47.96007827347728],[24.417205268706972,47.959661073105735],[24.43587723369339,47.97051233371472],[24.45066675228908,47.96291319802035],[24.463966067197745,47.96169567794012],[24.471749086456036,47.96305951152211],[24.48773097805423,47.955870534440685]]]]},"properties":{"alert_id":"159e6e3c8ce6e234","source":"nowcasting","alert_type":"nowcasting","feature_id":"9ae1d99716eb21e4c2","judet_cod":"MM","judet_nume":"Maramureș","county_code":"MM","county_name":"Maramureș","cod_judet":"MM","cod_culoare":1,"cod_culoare_nume":"Galben","culoare":"1","cod":"Galben","fenomen_principal":"Averse torențiale care vor acumula 15...25 l/mp, descărcări electrice, intensificări ale vântului (40...60 km/h), grindină de mici dimensiuni (1...2 cm).","fenomen_group":"ploi/vijelii","zona_text":"Județul Maramureş: Borșa, Poienile de Sub Munte, Moisei, Repedea;<br>Județul Maramureş, zona de munte de peste 1800 m;<br>Județul Bistriţa-Năsăud: Sângeorz-Băi, Maieru, Rodna, Tiha Bârgăului, Ilva Mica, Lunca Ilvei, Șanț, Leșu, Ilva Mare, Măgura Ilvei, Poiana Ilvei;<br>Județul Bistriţa-Năsăud, zona de munte de peste 1800 m;<br>","zona_nume":"Maramureș - localitati","zone_name":"Maramureș - localitati","display_name":"Maramureș - localitati","localities":["Borșa","Poienile de Sub Munte","Moisei","Repedea","Județul Maramureş","zona de munte de peste 1800 m"],"geometry_source":"uat_match","match_confidence":"medium","interval_text":"","interval_start":"2026-07-14T14:15:00","valid_from":"2026-07-14T14:15:00","valid_to":"2026-07-14T15:15:00","interval_valabilitate_text":"","interval_end":"2026-07-14T15:15:00","data_expirare":"2026-07-14T15:15:00","mesaj_plain":"Averse torențiale care vor acumula 15...25 l/mp, descărcări electrice, intensificări ale vântului (40...60 km/h), grindină de mici dimensiuni (1...2 cm).","source_url":"","source_label":"","notes":"","durata_ore":1.0,"zi":"2026-07-14"}},{"type":"Feature","geometry":{"type":"MultiPolygon","coordinates":[[[[26.861522563465176,46.242433870121054],[26.87284155223173,46.232296868455876],[26.847816952360187,46.22634598189099],[26.822136732717723,46.23806204258844],[26.816420943505307,46.23351366149763],[26.81965093264722,46.23160148236548],[26.803384425421058,46.22596143021383],[26.797363214480374,46.240987192389056],[26.77501979697465,46.24074301386208],[26.774500939330803,46.23864388099615],[26.7652167862862,46.23747405385765],[26.75618563315155,46.24232077580304],[26.753392116951016,46.2258172147054],[26.74638521773126,46.2247456105511],[26.73846246913341,46.220545515523014],[26.72491898710487,46.236888589398646],[26.71952252086891,46.23758084579167],[26.715466105930798,46.23581925604159],[26.715366265257796,46.239385335800364],[26.717522539602253,46.243023416533894],[26.722136649816374,46.242514675803854],[26.723916516757875,46.24652961510877],[26.728027315206454,46.262354377607906],[26.72343051167457,46.2685460963746],[26.730954589640753,46.27766829416924],[26.734109031498885,46.277976284150256],[26.746089288853256,46.28928443360774],[26.766972943380782,46.29304515024192],[26.772979883106856,46.28933976212828],[26.780293564503847,46.29199541176556],[26.779725335872648,46.29481382185981],[26.787852105382292,46.29859729183561],[26.796828405791242,46.29568408886413],[26.79534089531785,46.28961963011488],[26.800501384074106,46.27787408987088],[26.80804329486858,46.27744954080816],[26.82228372960774,46.26622295154738],[26.82068133677288,46.26456882213987],[26.83130410824652,46.2635713825316],[26.839949533778917,46.25532608566419],[26.85941866554007,46.24687674534669],[26.861522563465176,46.242433870121054]]],[[[26.53165378853898,46.4931518614188],[26.537153112036087,46.48900807149787],[26.515966817129716,46.48749911410942],[26.508993388951524,46.485079435934985],[26.508936347912584,46.48168131831933],[26.514106994731925,46.48080648097618],[26.51189101013662,46.477846458233145],[26.50422380909172,46.476480289967036],[26.499704422010872,46.47854986233818],[26.498186160710862,46.47074736640335],[26.49662569716307,46.469171364241475],[26.493320460274635,46.46998293014425],[26.491607405643027,46.466457176828975],[26.495584968629572,46.4640337618418],[26.494552415065108,46.456680208640016],[26.497496934720647,46.45168525994075],[26.49320355916318,46.44717293194093],[26.498054696712405,46.44438606383975],[26.48855231118096,46.43969369942137],[26.490197608605648,46.435199878775],[26.48498657022442,46.4339873336916],[26.48475293558438,46.43077196054873],[26.47689578919237,46.42908786684905],[26.47733857082446,46.43043703488837],[26.468678844191537,46.430594332992165],[26.464167693713723,46.428769054043634],[26.46530271117956,46.42307397084664],[26.46221208346313,46.421954478120355],[26.456340633679105,46.42561755044957],[26.457818644810498,46.42697278187828],[26.45504521244739,46.42908767526085],[26.457846299562245,46.430207853426296],[26.456503550498528,46.43279128178344],[26.454614066043238,46.43216045913874],[26.45493873594118,46.4347565946828],[26.448492581391648,46.43521279087924],[26.446404478886308,46.44382221853172],[26.434090868747564,46.44752005401842],[26.432353168638535,46.44989861678083],[26.427021497416728,46.44856030413473],[26.418435907044273,46.45593707099605],[26.4176292723611,46.46769434274975],[26.423368432685454,46.47243888206132],[26.427744648550124,46.47101573798402],[26.429702319931742,46.47761693792988],[26.42883960521806,46.48241392105516],[26.42341407330887,46.48551204302568],[26.423868873225025,46.4909946276016],[26.418557699689714,46.496672228771565],[26.430131264779362,46.500556514833406],[26.43476296167961,46.50612222830941],[26.436776058472716,46.50542874894017],[26.44114131706204,46.50877396747043],[26.447154306132052,46.50719181976613],[26.457016775829626,46.50804992623481],[26.45756380302048,46.50528279005901],[26.462793289137714,46.50706098133609],[26.4646535422838,46.511691952413905],[26.47572651199439,46.51283909494331],[26.48014017696975,46.517420212132194],[26.483292760856102,46.51455759866708],[26.477227724449726,46.511390088385696],[26.483267497309754,46.50859832385087],[26.48646803655056,46.509973856199586],[26.48258221857889,46.502329226626884],[26.48822039132725,46.49748381941498],[26.492691628300193,46.49670945374485],[26.494836750189474,46.49044938459927],[26.509591980878806,46.49096373228125],[26.519945906847095,46.493797423689664],[26.526870136196766,46.49172201497387],[26.53165378853898,46.4931518614188]]],[[[26.517258965542336,46.42923611412789],[26.526575462408207,46.423914302892925],[26.47699058731851,46.40206174873164],[26.47782380140431,46.398683598608535],[26.451202499299878,46.3962162962901],[26.43589743423779,46.391203733719315],[26.434116285822096,46.38768260986998],[26.425892446623717,46.384604418472094],[26.40204085666531,46.38157102145975],[26.392418094208264,46.377417523892234],[26.38023380314089,46.38232393677555],[26.38261241082043,46.385105472050775],[26.369965305449295,46.38705445118066],[26.36021460526752,46.38220930110918],[26.34954114941393,46.37084087265272],[26.336724399219836,46.37059980771261],[26.334875945272163,46.367284594024504],[26.334571502125993,46.374175996578316],[26.32241323503428,46.371846540564334],[26.32324595457058,46.376844158208705],[26.335192207339094,46.375489546146405],[26.34035992477722,46.38147264864696],[26.339018228844214,46.38388962236501],[26.343652769581656,46.38446355407481],[26.348229391265853,46.38814339246421],[26.354097342375674,46.405426517631824],[26.351584505037334,46.41020710636798],[26.358643373408412,46.41961613361235],[26.350409891409615,46.43101794727477],[26.352669078298593,46.43304985761302],[26.350735681476205,46.43433460307577],[26.353256819581475,46.43697792468185],[26.35256592253264,46.44292970542484],[26.36566660438281,46.43683480436602],[26.380954905563073,46.43836202812685],[26.399676523708052,46.43711021852492],[26.4087933201324,46.43189689389056],[26.41884523519234,46.432594307224655],[26.430163130068753,46.42352624596563],[26.431421884823465,46.425833443543105],[26.43699603213269,46.42398937200469],[26.437281070052077,46.428836294765354],[26.42545948432563,46.435975439323336],[26.428972501569405,46.438408386983085],[26.426877791970416,46.44867887862668],[26.432353168638535,46.44989861678083],[26.434090868747564,46.44752005401842],[26.446404478886308,46.44382221853172],[26.448492581391648,46.43521279087924],[26.45493873594118,46.4347565946828],[26.454614066043238,46.43216045913874],[26.456503550498528,46.43279128178344],[26.457846299562245,46.430207853426296],[26.45504521244739,46.42908767526085],[26.457818644810498,46.42697278187828],[26.456340633679105,46.42561755044957],[26.46221208346313,46.421954478120355],[26.46530271117956,46.42307397084664],[26.4644383359232,46.42892193190763],[26.468837507832152,46.430608392767674],[26.47733857082446,46.43043703488837],[26.47689578919237,46.42908786684905],[26.484016092750718,46.430526052897115],[26.48498657022442,46.4339873336916],[26.490197608605648,46.435199878775],[26.48855231118096,46.43969369942137],[26.49304018838062,46.44047797064037],[26.498282772637204,46.444812952276216],[26.49320355916318,46.44717293194093],[26.497496934720647,46.45168525994075],[26.50482930696702,46.4491974540862],[26.50600711549501,46.4452991267414],[26.51160517243858,46.4426585858314],[26.514373349379483,46.43546760862816],[26.51677911693823,46.43500037644292],[26.517258965542336,46.42923611412789]]],[[[26.553045847864126,46.417356744495464],[26.55967643148692,46.40589023502254],[26.56812930736629,46.401206699884455],[26.55833923329795,46.39353050825392],[26.556395530136925,46.38073634789476],[26.54931467123494,46.37498448121967],[26.548598990627585,46.376826027844004],[26.539899043497016,46.37698573583797],[26.537974874175116,46.38041793046851],[26.53386600874076,46.378670991256406],[26.53501132106927,46.37682253267053],[26.52995818542463,46.372421208244404],[26.527892393285224,46.36595970821277],[26.51926562074276,46.35681130859674],[26.52274950828204,46.34797950339152],[26.517015268546164,46.34842534640381],[26.511843439005357,46.35492749394463],[26.501887929779514,46.35236606261084],[26.499771232560256,46.35126082575937],[26.507312717419502,46.34301964926591],[26.49058007003141,46.33959756883347],[26.479974418386192,46.3329832136703],[26.464785504003867,46.32833346883858],[26.451647539174843,46.32735292140714],[26.450243199003644,46.32231984853094],[26.44481884780808,46.320551542635],[26.443381250702537,46.312192363904366],[26.43801989465903,46.305783455359254],[26.434372895069455,46.30506402529606],[26.432228993171645,46.296198546550094],[26.41892525352752,46.28236283791535],[26.399657466773498,46.27818563039877],[26.390171040951337,46.27012109138514],[26.378739020733043,46.2655271918342],[26.37074618358499,46.25939565171714],[26.324068529098263,46.25665722134262],[26.326681707612426,46.24536518123835],[26.32494841336593,46.23117611140028],[26.30996524605876,46.23893972182117],[26.281121103529937,46.24631417073118],[26.26346008652676,46.24634892183105],[26.25863492126712,46.250102651050184],[26.260164585944327,46.254152379419146],[26.26479498300939,46.256295252836054],[26.258699394149836,46.260060011875254],[26.257199835600314,46.26567047859148],[26.253268257935353,46.26687106447716],[26.253416538903522,46.27734667842946],[26.26301567599624,46.280054862343334],[26.269057056561408,46.2871563624403],[26.274367100624968,46.28735146684444],[26.27124452597895,46.29197439940957],[26.27221711568509,46.29655914564529],[26.27881386666402,46.29947381101115],[26.2775155193823,46.304013581804234],[26.280723918841304,46.30676519353544],[26.28360338987374,46.321210169676995],[26.2880927384441,46.3232619471369],[26.29296533555724,46.331583764389954],[26.28865841232935,46.33750045289195],[26.281818321178733,46.3383096174268],[26.270911401063454,46.34489815372092],[26.25899829337058,46.341380079816766],[26.245175384871022,46.340215880993654],[26.241945031364164,46.335743889340364],[26.235482028912326,46.334887338192324],[26.23217400288507,46.32572784024759],[26.229099651365395,46.324760832907764],[26.225283523329548,46.31717920154868],[26.209144268089922,46.31178173652779],[26.205309758978803,46.31385247387647],[26.200702777067075,46.31085552799421],[26.192797673904572,46.31032045151829],[26.191142956807067,46.31244690092339],[26.177317522682138,46.31067522319121],[26.175418329908833,46.313135965474125],[26.16332591704378,46.31637533344089],[26.1561008825416,46.31516963827434],[26.15060148426937,46.321754863628854],[26.14926438259915,46.32903905384538],[26.151819126135422,46.33520235074298],[26.1638904885468,46.34710821309405],[26.175092891627365,46.34811590276401],[26.18226722479661,46.34412095026942],[26.203227585979704,46.362716992994265],[26.210372126955605,46.36255767377],[26.232952482264626,46.369243655682986],[26.234229311783686,46.37411729701541],[26.244823717757022,46.37951339152832],[26.25323077329178,46.37944885365025],[26.258034168872765,46.38169496674897],[26.269296869473063,46.376070786248874],[26.277366028914628,46.375143939015125],[26.28438722445948,46.37677414120701],[26.29396884656508,46.3701316742351],[26.30428377189131,46.370055678364],[26.32324595457058,46.376844158208705],[26.32241323503428,46.371846540564334],[26.334571502125993,46.374175996578316],[26.334875945272163,46.367284594024504],[26.336724399219836,46.37059980771261],[26.349699032480437,46.37091039517357],[26.36021460526752,46.38220930110918],[26.369965305449295,46.38705445118066],[26.38261241082043,46.385105472050775],[26.38023380314089,46.38232393677555],[26.392731351115938,46.37741887747091],[26.40204085666531,46.38157102145975],[26.425892446623717,46.384604418472094],[26.434116285822096,46.38768260986998],[26.43589743423779,46.391203733719315],[26.451202499299878,46.3962162962901],[26.47782380140431,46.398683598608535],[26.47699058731851,46.40206174873164],[26.526575462408207,46.423914302892925],[26.52335304519554,46.42615750334275],[26.52655319365233,46.42723371186806],[26.530839406519988,46.42567543410768],[26.53273408800013,46.42170914858335],[26.54460421776835,46.42080183497013],[26.553045847864126,46.417356744495464]]],[[[27.15225120604489,46.22510947849774],[27.170510473230728,46.193625389117514],[27.163452540633052,46.190634961460084],[27.173241486821777,46.181278542065506],[27.173231126898564,46.17769766075039],[27.169443677812104,46.173851327484755],[27.166495735541606,46.17676466674832],[27.164644816116887,46.17467247683108],[27.170170082486838,46.169604173245254],[27.12362274197212,46.14748181226119],[27.12656535462118,46.1433472322957],[27.127247562184582,46.13781049824273],[27.125134678149514,46.137301020543454],[27.119996313562265,46.13813349169011],[27.09759988035507,46.15466700093582],[27.095628302720858,46.151156827216745],[27.09141921258252,46.1510524197231],[27.091077402847045,46.152847460110756],[27.078306542346077,46.151799626542605],[27.075459279294517,46.15465570187602],[27.07258887292247,46.15324369729203],[27.067191705796578,46.15887912271197],[27.060427997479827,46.16140811166933],[27.060948027215932,46.16294720194059],[27.049896652582582,46.16448756413309],[27.048650872871946,46.16317292783938],[27.04395168963979,46.16928452307047],[27.031716177610985,46.17358897423661],[27.024218966676706,46.173909741900765],[27.016100835501074,46.18272472468972],[27.012166781107496,46.18326643883629],[27.011123939461807,46.18711283714784],[27.00190666621513,46.19010773031131],[26.998791564342156,46.19617496998705],[26.987044268229898,46.20219699047046],[26.987933700117964,46.209530341754366],[26.985630854799467,46.21150165651255],[26.97674624830362,46.215050755245976],[26.967104357872955,46.222939072022925],[26.9593534900239,46.22422465033167],[26.955671143615973,46.2273085274],[26.950959030426752,46.22618067620535],[26.94370769489487,46.22771038722791],[26.938417641506977,46.23391996747847],[26.928927643410148,46.23831407970989],[26.928547445632187,46.23985366313053],[26.947611760190174,46.23201621847862],[26.967101752701808,46.23272794101296],[27.004496402036413,46.229048511423834],[27.029585012386296,46.230822946607056],[27.02899463319977,46.22586598926962],[27.0386785165562,46.22390887141603],[27.03775319632603,46.22915858885862],[27.04654414091658,46.22641720717499],[27.08466921975318,46.228387515025965],[27.096508733532467,46.23419427285852],[27.10009642980994,46.23345728238023],[27.10156234804902,46.230177601613086],[27.10950753710327,46.230148934165804],[27.1125083481754,46.23136872735166],[27.11024706122447,46.24634403036828],[27.128729293029437,46.24753713476704],[27.13910698079367,46.241859912495634],[27.15225120604489,46.22510947849774]]],[[[26.60741514557869,46.36137413023386],[26.61012002222474,46.3451017375302],[26.615784513695566,46.34242664061294],[26.617607793139438,46.331505582400325],[26.615779386733113,46.32758780131501],[26.609618671379422,46.32425926906056],[26.59922802596678,46.3254738288535],[26.596447238602916,46.32793793634141],[26.593420223031142,46.326018110218],[26.581330664870226,46.31046920734615],[26.57793194196517,46.30803882479845],[26.572059900917274,46.30771445427859],[26.561442666018056,46.29577304440154],[26.555222581488003,46.29538947594779],[26.54811781819538,46.283007198212175],[26.538000033673956,46.2759410209532],[26.539517209298726,46.268091197891664],[26.537259192507904,46.26509542975671],[26.5127459221822,46.2585557010488],[26.50960254025658,46.261593793030194],[26.497731527143845,46.25989301980313],[26.489132374507054,46.25391782930848],[26.47578699377019,46.25000478380657],[26.467589257670266,46.24501240070914],[26.45369704438155,46.24820869204429],[26.446780955802314,46.25190906983211],[26.43339847956962,46.23144631627816],[26.424985602508773,46.22746130653215],[26.422974433409713,46.22040727324712],[26.403545690156054,46.223463876844896],[26.390943357932134,46.21916647514305],[26.378115263210105,46.21904259772991],[26.373123151389564,46.211522295921306],[26.35779465173102,46.20494873376661],[26.34146681435251,46.20097377465564],[26.33814580122755,46.215179960947836],[26.32434392593379,46.23163457678802],[26.326681707612426,46.24536518123835],[26.324068529098263,46.25665722134262],[26.36798013504114,46.25846317115348],[26.390171040951337,46.27012109138514],[26.399657466773498,46.27818563039877],[26.418317272063803,46.2818578379133],[26.432228993171645,46.296198546550094],[26.434372895069455,46.30506402529606],[26.43801989465903,46.305783455359254],[26.443381250702537,46.312192363904366],[26.44481884780808,46.320551542635],[26.450243199003644,46.32231984853094],[26.451647539174843,46.32735292140714],[26.464785504003867,46.32833346883858],[26.479974418386192,46.3329832136703],[26.49058007003141,46.33959756883347],[26.507312717419502,46.34301964926591],[26.499771232560256,46.35126082575937],[26.501887929779514,46.35236606261084],[26.511843439005357,46.35492749394463],[26.517015268546164,46.34842534640381],[26.52274950828204,46.34797950339152],[26.51926562074276,46.35681130859674],[26.527892393285224,46.36595970821277],[26.52995818542463,46.372421208244404],[26.53501132106927,46.37682253267053],[26.53386600874076,46.378670991256406],[26.537974874175116,46.38041793046851],[26.539899043497016,46.37698573583797],[26.548598990627585,46.376826027844004],[26.54931467123494,46.37498448121967],[26.556395530136925,46.38073634789476],[26.55833923329795,46.39353050825392],[26.56812930736629,46.401206699884455],[26.587360841724095,46.39141077809791],[26.590021779796242,46.38174180389387],[26.594585341794772,46.378297592639434],[26.59662555428639,46.36826680999517],[26.60741514557869,46.36137413023386]]],[[[26.662389521328983,46.22321858764312],[26.66678267395972,46.21738626082682],[26.669448976429173,46.20360658292571],[26.66301179509388,46.20224220371547],[26.66404251334497,46.19818363461533],[26.66100914389859,46.1974533353873],[26.662613042445,46.19585813128826],[26.659002328385657,46.189803535003016],[26.650994878063813,46.18482076910031],[26.651549266853873,46.181904135362096],[26.640924163996935,46.16878721387445],[26.63047496100002,46.16276139629205],[26.623820389058178,46.16217400675869],[26.600190341933445,46.163675529231426],[26.59754061213621,46.16891533996136],[26.58957154481535,46.16202802537885],[26.584359097301277,46.15005549397271],[26.586225370653686,46.14725305518124],[26.58306646489475,46.13900144181868],[26.583885295688404,46.12190173179772],[26.579227383772725,46.12189518197428],[26.575833442621708,46.12502576173861],[26.568037288518997,46.126916450535006],[26.560960473504334,46.12611550089235],[26.557959645638157,46.12257906963266],[26.543537904515432,46.12087536479766],[26.543149349897945,46.1254417764551],[26.538641149683514,46.12674919630417],[26.528323935070674,46.12263806483314],[26.516708875397107,46.12401856527978],[26.501141343868376,46.119825638010205],[26.499758141165152,46.10533812408392],[26.495688187516663,46.102346981696144],[26.496199908480644,46.08933840900811],[26.487893988152468,46.08728230386208],[26.482361814376073,46.09098986209907],[26.477836249974,46.08928898591468],[26.465455451749182,46.09135367755132],[26.45819971614146,46.087815180869775],[26.457336746812892,46.084966052305795],[26.450385047451014,46.08410194692225],[26.443390745283704,46.07712177633706],[26.432599715403484,46.07615139890044],[26.423785968533963,46.083180649088966],[26.420441166157307,46.08301508396801],[26.405058511826844,46.092256109162776],[26.40830223140224,46.095271823515816],[26.40790406148296,46.10357238620697],[26.38886464480192,46.101370242981126],[26.3707632408613,46.109790171460695],[26.36765136050909,46.11854864511489],[26.377520295918437,46.12409735493046],[26.38007951653968,46.1283241738838],[26.392542985379933,46.12303447741343],[26.38576307749632,46.128737930664805],[26.389556153405444,46.132987964807434],[26.38786689635688,46.13772495836286],[26.38357865945496,46.1390907195955],[26.38752328847614,46.1449650195246],[26.385348579539276,46.145018515954646],[26.419824507628558,46.15626496552597],[26.420674118921994,46.162409094890016],[26.43170026668077,46.16619170499665],[26.436536461017567,46.17008818361666],[26.446929624963733,46.17238977994625],[26.449808941632728,46.183400513665575],[26.460484287188734,46.191586060390144],[26.46117672502537,46.19850846685059],[26.467276171475778,46.204826095295466],[26.482603832397007,46.19954496174458],[26.490629250728926,46.20063745852414],[26.495308522808354,46.20735401375428],[26.4951119990858,46.2133563912994],[26.508330700493186,46.214746913037516],[26.51751033266051,46.21976483292849],[26.535084983690716,46.22206557201317],[26.536330422883868,46.22582104215511],[26.544081354423444,46.22601247175529],[26.549499885070798,46.22881383825924],[26.568229661313584,46.22671443169078],[26.573311573124876,46.229343590976754],[26.575142643623735,46.233175275587065],[26.58864617175875,46.23656610277197],[26.59384599091014,46.23411358433198],[26.59668789719085,46.23595829548525],[26.601396421608943,46.23459663597962],[26.610478152037622,46.238655375446356],[26.615059751700688,46.23287057391634],[26.626073696675988,46.23209663246987],[26.629592149165163,46.226381454948736],[26.63711900510873,46.22253518223466],[26.645463585590964,46.222186240195356],[26.650393834799218,46.216945997002874],[26.662389521328983,46.22321858764312]]],[[[26.624837891970365,46.49670633634761],[26.641339968741462,46.48687276335945],[26.644562637631708,46.48292044657455],[26.6434535478211,46.478687571747514],[26.641481613001172,46.47540462339308],[26.637707432642596,46.474742269207006],[26.637653158041417,46.47046134752186],[26.632300628312034,46.468815820442806],[26.633835476784647,46.464946353626736],[26.62219780590054,46.46467598657188],[26.623218423634402,46.461305568422596],[26.619394386147626,46.458556559584814],[26.622181846343224,46.45470765091607],[26.618968772980566,46.45414318338562],[26.620348966296227,46.44814050520247],[26.616046452107195,46.44833299707761],[26.612447770726316,46.44589222563814],[26.6112976087524,46.44369407145301],[26.614680736111072,46.44116565754416],[26.61040691561777,46.44114640929582],[26.611197687665225,46.43882814129879],[26.602591327798518,46.431470477950455],[26.599291828620572,46.43060488781009],[26.596088275631548,46.432570968767735],[26.59201436419401,46.430459806998684],[26.587658075871566,46.432323377155406],[26.581422964221836,46.42908816261306],[26.57919674786133,46.431410036328835],[26.57719467835991,46.430668158172644],[26.575702002725766,46.42827973428695],[26.582695398583773,46.41944291035901],[26.576677378226368,46.41955036559704],[26.557245559120926,46.4105711013161],[26.55162235584354,46.418112004663186],[26.54460421776835,46.42080183497013],[26.53273408800013,46.42170914858335],[26.530839406519988,46.42567543410768],[26.52655319365233,46.42723371186806],[26.519848992035335,46.4268877932573],[26.51160517243858,46.4426585858314],[26.50600711549501,46.4452991267414],[26.50502822301822,46.44906910297574],[26.49605391487105,46.45324999560573],[26.495584968629572,46.4640337618418],[26.491607405643027,46.466457176828975],[26.493320460274635,46.46998293014425],[26.49662569716307,46.469171364241475],[26.498186160710862,46.47074736640335],[26.499704422010872,46.47854986233818],[26.50422380909172,46.476480289967036],[26.513952746066312,46.47985840438307],[26.508936347912584,46.48168131831933],[26.508993388951524,46.485079435934985],[26.515966817129716,46.48749911410942],[26.537153112036087,46.48900807149787],[26.53165378853898,46.4931518614188],[26.537435908441623,46.49557963923117],[26.545743689851268,46.49108679216966],[26.56292744264195,46.497689482923164],[26.5690944066541,46.4941451347384],[26.572716213615834,46.496055862534604],[26.577161428193943,46.49396086581016],[26.57871686444878,46.49836383639425],[26.580661545042922,46.49738117757692],[26.579450393308743,46.502417157365755],[26.588279241538334,46.506046541833896],[26.619036767157898,46.49506112145398],[26.624837891970365,46.49670633634761]]],[[[27.00544168414254,46.391655714363374],[27.009567548334424,46.384861949110686],[27.009718534259857,46.36805415387334],[27.028200788591995,46.35522111040121],[27.042850652755963,46.349969154008825],[27.044047949677683,46.34362857877779],[27.05026729936338,46.338946841692376],[27.0480363631304,46.33278491835673],[27.041768103661184,46.33065239978855],[27.04126821597765,46.32800347662588],[27.014180964937964,46.31934213187987],[27.01305776654655,46.3207759474586],[26.99338812777895,46.316434165610865],[26.984257988996042,46.32198299882021],[26.978004752703846,46.33278892453934],[26.976444135049267,46.326484583596255],[26.973476365709068,46.331824293073424],[26.962185618243122,46.326497547189135],[26.958476626977212,46.32779592633313],[26.957130133064847,46.32533041181139],[26.953500362301313,46.32926961994973],[26.94906274721586,46.32808939331792],[26.94266379272996,46.33232119738055],[26.940346445601914,46.32917117744188],[26.935170475054758,46.331733080850775],[26.917599485176837,46.332015271799484],[26.91285687367111,46.329452699883795],[26.894832371927425,46.33271935516027],[26.884772534292896,46.329312527753274],[26.87986050896907,46.33336902545951],[26.88255800259798,46.337396896353006],[26.879830281522242,46.34176741096723],[26.870583405378166,46.33948190650348],[26.86670267722683,46.341016860158426],[26.86076702014477,46.34731120211292],[26.84797124815358,46.35135682128231],[26.84813329369762,46.35651976274747],[26.828243741506032,46.35245202859775],[26.82207405822831,46.36142379755666],[26.831186318386013,46.37623122496138],[26.832158408983435,46.38105620140638],[26.827043888503873,46.382398354858175],[26.834793319764927,46.38709735900376],[26.851712159959217,46.38006737341072],[26.855135529028736,46.38136489651955],[26.863874553516382,46.37701707442166],[26.869426040936,46.37667185637465],[26.873920913499703,46.3713608777059],[26.882528638548305,46.37294748177032],[26.890041967194055,46.36672197161726],[26.905614134567397,46.36441564590284],[26.91056195671152,46.3652059190157],[26.912504696816978,46.36999893839356],[26.92005144627117,46.366715410965696],[26.926107915877935,46.371021612150756],[26.92975672058649,46.370136186445826],[26.92992336301938,46.37302495501907],[26.937761534106386,46.373913436394105],[26.948281784991437,46.3792563109154],[26.951727244060937,46.38439205949538],[26.955784684602193,46.38222737263417],[26.96687904898214,46.393407949881095],[26.973065057609304,46.39530860112749],[26.976572146032414,46.402038292519755],[26.99099365551741,46.389285366930935],[27.00544168414254,46.391655714363374]]],[[[26.822171671849453,46.38561086106105],[26.832158408983435,46.38105620140638],[26.822070773534985,46.36226156023018],[26.82406451978224,46.357065068113876],[26.828243741506032,46.35245202859775],[26.84813329369762,46.35651976274747],[26.84797124815358,46.35135682128231],[26.850843394293957,46.3491085199412],[26.850810833309566,46.347392232301445],[26.843005986640186,46.34744199513145],[26.84012729950606,46.34361338624786],[26.83094125276462,46.343047509779865],[26.830837055150546,46.333097209848574],[26.837245368893456,46.32690671519515],[26.836982945175688,46.324295308678266],[26.82697838934542,46.32604433312042],[26.81879334580673,46.3197530002558],[26.811106185026315,46.31830540141613],[26.801601865047346,46.30793076483726],[26.800261579361752,46.303065134815526],[26.791504243776146,46.301745908453256],[26.783625234434012,46.297651253724155],[26.779126763956498,46.29152298559059],[26.772979883106856,46.28933976212828],[26.766972943380782,46.29304515024192],[26.743888988643484,46.28809511023807],[26.7410499877263,46.298074071816465],[26.735421058438607,46.30070568586077],[26.73506732142428,46.30385242162098],[26.73811614399208,46.30474290464973],[26.734446939688905,46.308142895987785],[26.73650945199901,46.31519682481436],[26.733052948188465,46.321198132029465],[26.745639718902154,46.3254783215864],[26.74330661407797,46.3297464970235],[26.74961799364399,46.32937159669848],[26.74421722660713,46.33264029100778],[26.74575540718198,46.33439609269873],[26.74010345586623,46.334434371161514],[26.737822014260423,46.34066403076159],[26.73648164929979,46.337931445680645],[26.73480174693288,46.34232745510226],[26.730627849699538,46.34280010547534],[26.723573168835504,46.350027174846545],[26.71923171045097,46.35724647030163],[26.724251963642256,46.36465397563393],[26.72017396347906,46.366174772849156],[26.740599444939583,46.372138167901255],[26.739950997902316,46.38315209130734],[26.751678976604246,46.3845606785886],[26.75616149693803,46.38285732317548],[26.761608440545736,46.386612231844644],[26.76524283885759,46.38651202092126],[26.766234207510657,46.39104392604615],[26.782628639389987,46.40393447407753],[26.79092033591835,46.404576858508996],[26.800443197997566,46.40901147732418],[26.80928558701654,46.406944887512694],[26.814036916803076,46.41634305508283],[26.822224947901137,46.40864663085448],[26.82057213294833,46.3915848542535],[26.822171671849453,46.38561086106105]]],[[[26.300786309039147,46.65358160994277],[26.300070259827976,46.64631255370647],[26.30512458557977,46.641872272495306],[26.307236616116928,46.6282575419988],[26.323286355438782,46.624875321872935],[26.33643894524676,46.61865018750999],[26.34303578419947,46.618696933479626],[26.34757377804269,46.62137802466106],[26.35226782104623,46.62060543003883],[26.358010627693833,46.61520503518587],[26.369520445496423,46.61350764115165],[26.380867590014137,46.59545269460037],[26.3783163218553,46.59222397171336],[26.379675202272693,46.58155987153024],[26.390641498607916,46.56894510753133],[26.38753497909582,46.56433153357893],[26.39431970919603,46.55762573407209],[26.397342899004144,46.54329743888109],[26.40181556871583,46.53723630869582],[26.400834593475167,46.53295621149418],[26.40892547492913,46.52319362372982],[26.40733587499115,46.51924447023487],[26.403330493076474,46.51813218130319],[26.404041937186857,46.51562190560236],[26.414932905893753,46.49810216637019],[26.423868873225025,46.4909946276016],[26.42341407330887,46.48551204302568],[26.42883960521806,46.48241392105516],[26.429182371374615,46.47242462434819],[26.427744648550124,46.47101573798402],[26.423368432685454,46.47243888206132],[26.4176292723611,46.46769434274975],[26.417846695996094,46.45732822807033],[26.426877791970416,46.44867887862668],[26.428972501569405,46.438408386983085],[26.42545948432563,46.435975439323336],[26.437281070052077,46.428836294765354],[26.43750984200948,46.42450431210932],[26.431421884823465,46.425833443543105],[26.430163130068753,46.42352624596563],[26.41884523519234,46.432594307224655],[26.4087933201324,46.43189689389056],[26.399676523708052,46.43711021852492],[26.380954905563073,46.43836202812685],[26.36566660438281,46.43683480436602],[26.35256592253264,46.44292970542484],[26.353256819581475,46.43697792468185],[26.350735681476205,46.43433460307577],[26.352669078298593,46.43304985761302],[26.350409891409615,46.43101794727477],[26.358643373408412,46.41961613361235],[26.351584505037334,46.41020710636798],[26.354097342375674,46.405426517631824],[26.348229391265853,46.38814339246421],[26.343652769581656,46.38446355407481],[26.339018228844214,46.38388962236501],[26.34035992477722,46.38147264864696],[26.335192207339094,46.375489546146405],[26.322982024755696,46.376838077454984],[26.30428377189131,46.370055678364],[26.29396884656508,46.3701316742351],[26.285716211799127,46.37641797788948],[26.269296869473063,46.376070786248874],[26.257445316537776,46.38168536862748],[26.239763077199253,46.37767302800061],[26.234229311783686,46.37411729701541],[26.232952482264626,46.369243655682986],[26.222077818466268,46.365433757761416],[26.203227585979704,46.362716992994265],[26.18226722479661,46.34412095026942],[26.17579232614666,46.3480007742597],[26.164404767125376,46.34712727162413],[26.166630258782874,46.355446990086975],[26.163529816084267,46.36191799623477],[26.166832977486504,46.36928366189416],[26.16352843961759,46.37288263813751],[26.162679858204413,46.38081517111326],[26.1659515720606,46.38477716825073],[26.159410771329558,46.3860340684762],[26.16093437328245,46.400981163928215],[26.15591473012577,46.403254406680674],[26.168780179809634,46.40436045428541],[26.180854618457943,46.40166856333163],[26.193373363180022,46.411213862955194],[26.215199761968787,46.41004702222757],[26.218582979790963,46.41302307208266],[26.224764823881365,46.413250126010816],[26.234471028853193,46.4172619821191],[26.24949213246672,46.41792323845714],[26.25202056522801,46.41333427713829],[26.263346405436216,46.41557576092878],[26.27446814835144,46.415071984573125],[26.2889061917439,46.41976821412315],[26.301893458516147,46.42014868041151],[26.308672615868712,46.42259823723504],[26.311977347813457,46.42721641058563],[26.322386014516997,46.430166266236625],[26.31601644508703,46.440065435937456],[26.32273347753371,46.44719432091032],[26.322264509671754,46.45955062820854],[26.327986755515912,46.46743288658986],[26.327343715765696,46.474540174058546],[26.31373385583777,46.47958478903882],[26.30297341122603,46.48901219262333],[26.300285706161823,46.49616464819779],[26.306363092088795,46.50370624623128],[26.30344438437345,46.508409550234056],[26.3074496509976,46.521690785581235],[26.30572855653636,46.52774539155304],[26.30178157588248,46.53108743241859],[26.288948514136322,46.533255026392716],[26.28508501626535,46.540108510747714],[26.28024208118453,46.54140674218476],[26.270450051499157,46.54968375452478],[26.27231023387531,46.553642470890914],[26.25755472168615,46.559177480553686],[26.2541143629879,46.57412417978014],[26.25755077301847,46.58413979791328],[26.254293165367994,46.589839791473736],[26.256331759250134,46.59784388572663],[26.251458895188126,46.60470082221468],[26.232415887044045,46.61095179718349],[26.2326152554353,46.61660382050566],[26.227236441681402,46.62223353797599],[26.227237441694513,46.638068535727335],[26.215629353205372,46.64147003684873],[26.215399697319246,46.644492616766485],[26.204584702860775,46.65170326068176],[26.21632000573932,46.656146355221395],[26.215218233365274,46.66734935823884],[26.222445345718352,46.6775239112099],[26.2183691899289,46.68013297659453],[26.23322731603268,46.68545936104553],[26.24341665533376,46.69707388951935],[26.250142383080192,46.697114764075614],[26.26631453499619,46.703238933688255],[26.267260962235603,46.69911689043639],[26.26186947293693,46.69411690034535],[26.265046650414263,46.69208388337191],[26.271925166671465,46.691804434924414],[26.273300535595368,46.68784521827848],[26.28418914776655,46.68081915721624],[26.284247895538506,46.67596007849185],[26.28900025697739,46.672897557356926],[26.29385565860413,46.66128781858988],[26.292756420894754,46.65620119650386],[26.300786309039147,46.65358160994277]]],[[[26.950740763508463,46.41545180723201],[26.96685768468959,46.42149420128996],[26.976572146032414,46.402038292519755],[26.973065057609304,46.39530860112749],[26.96687904898214,46.393407949881095],[26.955784684602193,46.38222737263417],[26.951727244060937,46.38439205949538],[26.948281784991437,46.3792563109154],[26.937761534106386,46.373913436394105],[26.92992336301938,46.37302495501907],[26.92975672058649,46.370136186445826],[26.926107915877935,46.371021612150756],[26.92005144627117,46.366715410965696],[26.912504696816978,46.36999893839356],[26.91056195671152,46.3652059190157],[26.905614134567397,46.36441564590284],[26.890041967194055,46.36672197161726],[26.882528638548305,46.37294748177032],[26.873920913499703,46.3713608777059],[26.869594439903025,46.376603036147735],[26.863874553516382,46.37701707442166],[26.855135529028736,46.38136489651955],[26.851712159959217,46.38006737341072],[26.83571737994752,46.38699569297283],[26.827043888503873,46.382398354858175],[26.82344474356003,46.38428067261827],[26.820442603506507,46.39330907142204],[26.822544883684927,46.40759551771599],[26.812907196651693,46.41973753237464],[26.819140322690483,46.42654698384231],[26.818431388266763,46.43137650331104],[26.82664225328355,46.431285022152935],[26.84194879839762,46.42387818732035],[26.843756683949618,46.42552685119606],[26.86116492188649,46.412591551406265],[26.88280068391553,46.40829509721276],[26.89583287031243,46.41821284735219],[26.904706022961484,46.417615891594416],[26.90703834454006,46.421942359139976],[26.922630766280363,46.415508340022],[26.937496875164985,46.420266539299895],[26.948536855649024,46.4198936437615],[26.950740763508463,46.41545180723201]]],[[[26.159717668947657,46.385819341886496],[26.134759495363323,46.39476386553151],[26.133218576893068,46.39687558862663],[26.1185961071012,46.3974238811175],[26.109755854411134,46.400547206765324],[26.087870028873343,46.40082672409802],[26.085335067226257,46.3993427981986],[26.061919636980523,46.40070211944896],[26.056396782584,46.40355341343111],[26.061817695384228,46.41018284168172],[26.06023613853022,46.413377239540736],[26.046905951842756,46.41658182264005],[26.03409246360792,46.41723044173326],[26.030039687005264,46.410125753824474],[26.02235584434498,46.416255758449125],[26.0199560886364,46.409111055889674],[26.006240018756785,46.41270461940228],[26.004553212988892,46.408426633556296],[26.002276256035305,46.40878921018051],[26.003524632418692,46.40636537356737],[25.995259115314266,46.406758664372624],[26.000251034959433,46.413799913292564],[25.99715719482263,46.420074167302104],[26.0036192871532,46.4230500162785],[26.00315906921533,46.42519771009053],[25.986991700378773,46.43889163757243],[26.005827756064377,46.444850699891006],[26.005137493743995,46.45479280015648],[26.0085441343558,46.45903320044382],[26.01682938421229,46.46080051923324],[26.015219609748772,46.4646428260565],[26.04438947677811,46.452127913171715],[26.057414653304846,46.450287900024236],[26.06946365695471,46.452063219275466],[26.075522135212413,46.44801177059313],[26.081377699017118,46.44815987052456],[26.085800836404974,46.45222700977269],[26.092802969551233,46.450592012526585],[26.09719867117543,46.45177450401872],[26.106596603541437,46.448512426754114],[26.105452342697795,46.445453617095545],[26.11006182045608,46.44190701800241],[26.115998114546343,46.441648293631545],[26.119736455242673,46.438017881007255],[26.12826214265664,46.435770179378125],[26.137464718130513,46.44767527656232],[26.136207990477065,46.46626084465959],[26.14428769396913,46.47932640601575],[26.157309784019038,46.48596995581269],[26.16543974681933,46.49583710715238],[26.186500941559686,46.50006384919732],[26.189248245535346,46.49829064771119],[26.201750608467936,46.503679250546725],[26.20401418601643,46.50011513203517],[26.2068941882922,46.5007982426259],[26.232528563857862,46.522933061971536],[26.24381526670789,46.526758868396165],[26.24722439144789,46.53066153706172],[26.252982851907824,46.530174149051405],[26.25702885250371,46.53403838337763],[26.263450698362202,46.534126878342626],[26.26760162540578,46.54154653184992],[26.266218936870764,46.54762366877191],[26.270450051499157,46.54968375452478],[26.28024208118453,46.54140674218476],[26.28508501626535,46.540108510747714],[26.288948514136322,46.533255026392716],[26.30178157588248,46.53108743241859],[26.30595627899325,46.52724686803888],[26.3074496509976,46.521690785581235],[26.30344438437345,46.508409550234056],[26.306363092088795,46.50370624623128],[26.300285706161823,46.49616464819779],[26.30297341122603,46.48901219262333],[26.31373385583777,46.47958478903882],[26.327343715765696,46.474540174058546],[26.327986755515912,46.46743288658986],[26.322264509671754,46.45955062820854],[26.32273347753371,46.44719432091032],[26.31601644508703,46.440065435937456],[26.322386014516997,46.430166266236625],[26.311977347813457,46.42721641058563],[26.308672615868712,46.42259823723504],[26.301893458516147,46.42014868041151],[26.2889061917439,46.41976821412315],[26.27446814835144,46.415071984573125],[26.263346405436216,46.41557576092878],[26.25202056522801,46.41333427713829],[26.24949213246672,46.41792323845714],[26.234471028853193,46.4172619821191],[26.224764823881365,46.413250126010816],[26.218582979790963,46.41302307208266],[26.215199761968787,46.41004702222757],[26.193373363180022,46.411213862955194],[26.180854618457943,46.40166856333163],[26.168780179809634,46.40436045428541],[26.158272996044374,46.40414961212282],[26.15591473012577,46.403254406680674],[26.16093437328245,46.400981163928215],[26.159717668947657,46.385819341886496]]],[[[26.787680927058904,46.15424640745079],[26.790693657216007,46.15119204808063],[26.787564082465757,46.14477572681311],[26.793669845633925,46.1386996917109],[26.79219197857177,46.135868214676044],[26.795177454082964,46.12728697750845],[26.788630137551102,46.125749421079874],[26.77339290585772,46.12679878593162],[26.767682758017678,46.1192262160501],[26.770097746492592,46.10810828998578],[26.77852095340836,46.10312386791193],[26.77524637982975,46.09563101180063],[26.777811183272924,46.09335802612756],[26.773603887347523,46.08908961678236],[26.767520012425543,46.089939015015865],[26.762112236047518,46.08655454824848],[26.758431352497315,46.089226573876516],[26.740500068140392,46.0873821425358],[26.733654655887282,46.09539769365082],[26.717754112264068,46.08903894157067],[26.704610538197908,46.09388443434982],[26.68381070802795,46.08431489876001],[26.68293781983883,46.08022262963124],[26.677761354136482,46.07822951674845],[26.670868753586745,46.077097054286654],[26.664905268878094,46.07933362662543],[26.65250957130125,46.07919199017756],[26.63953914312049,46.07070868027973],[26.64085093493906,46.065597779708426],[26.63372295506863,46.060991281483105],[26.634102246366773,46.057508860248674],[26.618580961827373,46.05313969523098],[26.608144095261068,46.04478109961918],[26.601439599507387,46.04739108500535],[26.591035161709545,46.04099235663647],[26.586079977005603,46.04043005921377],[26.582048407208447,46.025233004482814],[26.572700950428256,46.01683366614072],[26.55948656095444,46.020337806311744],[26.5519918238338,46.02012558780398],[26.548443014049653,46.02418586901554],[26.540051904428324,46.02330112702724],[26.535736545264395,46.02789885238532],[26.53190306467769,46.02615731611496],[26.52716748469255,46.028171978260715],[26.515648151672064,46.02691942825274],[26.49172229650586,46.04521937172412],[26.480030510670066,46.04478847140053],[26.477228445842957,46.03994601339768],[26.46036275708589,46.03513981824415],[26.440006849831388,46.03888616040582],[26.43771589154354,46.047809190496515],[26.441961339577162,46.05107784979472],[26.43239621696086,46.05862869160995],[26.434272762161612,46.05923107895492],[26.43111448866803,46.05951593553895],[26.432656738782992,46.06304162098512],[26.430779970854587,46.06189967047881],[26.425152321140423,46.06684258553645],[26.429070445484054,46.077435622636095],[26.443390745283704,46.07712177633706],[26.450385047451014,46.08410194692225],[26.457336746812892,46.084966052305795],[26.45819971614146,46.087815180869775],[26.465455451749182,46.09135367755132],[26.477836249974,46.08928898591468],[26.482361814376073,46.09098986209907],[26.487893988152468,46.08728230386208],[26.496199908480644,46.08933840900811],[26.495688187516663,46.102346981696144],[26.499758141165152,46.10533812408392],[26.501756965317135,46.12000427506822],[26.516708875397107,46.12401856527978],[26.528323935070674,46.12263806483314],[26.538641149683514,46.12674919630417],[26.543149349897945,46.1254417764551],[26.543537904515432,46.12087536479766],[26.557959645638157,46.12257906963266],[26.560960473504334,46.12611550089235],[26.568037288518997,46.126916450535006],[26.575833442621708,46.12502576173861],[26.579227383772725,46.12189518197428],[26.583885295688404,46.12190173179772],[26.58306646489475,46.13900144181868],[26.586225370653686,46.14725305518124],[26.584359097301277,46.15005549397271],[26.589493978996032,46.16192543522442],[26.59754061213621,46.16891533996136],[26.600190341933445,46.163675529231426],[26.614642094268554,46.163347159133785],[26.601859003702682,46.15537277054082],[26.602983857243974,46.147123568285544],[26.63510575916027,46.152713945364],[26.634154783012782,46.158905421986944],[26.651747001310422,46.162385994297296],[26.65222359094167,46.16093976620295],[26.6629238156115,46.16560872654888],[26.684631209626296,46.16528047187896],[26.685000116625638,46.16788139054832],[26.689724822874492,46.16894648083389],[26.68970646448893,46.17270306649265],[26.704683919369742,46.1726529781314],[26.708862754889896,46.17469235091375],[26.710578638202385,46.17107021704077],[26.719131766399094,46.16895814891164],[26.727780277185325,46.171506850438874],[26.730017883442617,46.175838794373036],[26.740286457258648,46.17554178345886],[26.741010953469573,46.17793096306989],[26.747335232681337,46.17398833452647],[26.755912185846597,46.1721103570707],[26.754951165965906,46.168161953908246],[26.761662646491775,46.15985565628216],[26.760755235591464,46.15062985156111],[26.757472917156985,46.152244714590864],[26.757388757091775,46.1493791741785],[26.765268390304637,46.14890342073396],[26.766546223614903,46.14676779169802],[26.77695911639383,46.14935014709425],[26.781440379996802,46.14733414759495],[26.787680927058904,46.15424640745079]]],[[[26.758153327488014,46.48801704380099],[26.756026317350035,46.48443761385232],[26.750283240259563,46.48539078429177],[26.751348607610282,46.48707256331817],[26.73699392061202,46.485279904023066],[26.73947748481875,46.48196319247853],[26.735756900378792,46.47966737404907],[26.742236654765584,46.48112874226084],[26.74460133448286,46.47924821573767],[26.750399236056477,46.479363366383396],[26.75072540045403,46.47605161313079],[26.746838369556315,46.47269950974628],[26.742077186812974,46.47189157025657],[26.725364012385857,46.46196337975465],[26.718358198223605,46.460233302627756],[26.714882081568373,46.46403961736437],[26.700310088695332,46.45887100574183],[26.69458633476976,46.45556403499521],[26.693079991762485,46.4483580409171],[26.68966290914328,46.44980342831216],[26.686752931107566,46.44477318870318],[26.682561973859862,46.444053664196524],[26.679671355558778,46.447286646322866],[26.666740013722663,46.438617509179075],[26.653656981783293,46.43806534303386],[26.652217754936395,46.43540725288801],[26.64052711782682,46.437904092208115],[26.6375545693697,46.43635863192264],[26.624608571952507,46.436334226951146],[26.610360605338645,46.43956894750321],[26.61046868804783,46.44117579776834],[26.614680736111072,46.44116565754416],[26.6112976087524,46.44369407145301],[26.612447770726316,46.44589222563814],[26.616046452107195,46.44833299707761],[26.620348966296227,46.44814050520247],[26.618968772980566,46.45414318338562],[26.622181846343224,46.45470765091607],[26.619394386147626,46.458556559584814],[26.623218423634402,46.461305568422596],[26.62219780590054,46.46467598657188],[26.633835476784647,46.464946353626736],[26.632300628312034,46.468815820442806],[26.6384793373412,46.47134837566344],[26.637707432642596,46.474742269207006],[26.641481613001172,46.47540462339308],[26.644562637631708,46.48292044657455],[26.640981736268493,46.48719076398071],[26.624837891970365,46.49670633634761],[26.625606047811676,46.51686635176419],[26.630336632759224,46.51608284018359],[26.63400448253015,46.51209369004767],[26.633010300110662,46.51587942237061],[26.628353737118783,46.51854392394268],[26.635845428147068,46.51969303151848],[26.640498119728495,46.52318258952094],[26.64558558377696,46.52251487936761],[26.650445309873724,46.53154099619735],[26.65978953703394,46.52665191474605],[26.658833837100595,46.52198581228512],[26.663395028851873,46.516957233496306],[26.666513473895883,46.520877271828404],[26.6731599286469,46.52252118129628],[26.673794727350206,46.53059161918587],[26.688393419257235,46.53095106947966],[26.688370047160507,46.53416552689985],[26.69623254569436,46.538271853708835],[26.69911777419504,46.53638871298521],[26.698398924031498,46.53337309896573],[26.691659756639687,46.52656416814316],[26.686924505918242,46.52767603821913],[26.685912700716802,46.52210791001449],[26.690666053699005,46.5178001055907],[26.69207017421558,46.50888659994179],[26.70923850813054,46.50631293995519],[26.710083529505226,46.508258224556],[26.719422292237173,46.50760221031918],[26.719257486853152,46.50623756105278],[26.736822859696286,46.50413154487575],[26.739199834756292,46.499094602292146],[26.74242853929885,46.500321874215366],[26.74997859784496,46.49508116345492],[26.748908375535077,46.49103296488885],[26.758153327488014,46.48801704380099]]],[[[26.958102250597676,46.447576020559495],[26.962268160984884,46.432407311222015],[26.956659986114172,46.43227274984934],[26.960186895750567,46.423428159726825],[26.96474127883816,46.42097267884804],[26.953814346686233,46.416383977282415],[26.950400379741136,46.41544494022219],[26.948536855649024,46.4198936437615],[26.937496875164985,46.420266539299895],[26.922630766280363,46.415508340022],[26.90703834454006,46.421942359139976],[26.904706022961484,46.417615891594416],[26.89583287031243,46.41821284735219],[26.88280068391553,46.40829509721276],[26.86116492188649,46.412591551406265],[26.843705725824588,46.42554950273493],[26.84194879839762,46.42387818732035],[26.82664225328355,46.431285022152935],[26.81832600809235,46.431277234209595],[26.80973102162943,46.43529799553499],[26.815512128284045,46.43652777116267],[26.814534394904317,46.440562023047654],[26.81788134501724,46.44180344851248],[26.82029798708695,46.44820367354228],[26.817823512591612,46.450301560640014],[26.82948630172679,46.45216091745697],[26.851119257644918,46.44787985932952],[26.85294148073782,46.45013931915994],[26.86672540213283,46.44968260078506],[26.8767096147481,46.45226525836492],[26.88299005117746,46.450313326513765],[26.893110383410484,46.45293111045923],[26.913531793446985,46.450804041278175],[26.913534509985872,46.452324353530415],[26.932914995850226,46.45132149806927],[26.933469445599222,46.443909347928596],[26.948338883285842,46.44911126311483],[26.958102250597676,46.447576020559495]]],[[[26.588811244838272,46.23655214981024],[26.57490121303522,46.233088177093386],[26.573311573124876,46.229343590976754],[26.568229661313584,46.22671443169078],[26.549499885070798,46.22881383825924],[26.544081354423444,46.22601247175529],[26.536330422883868,46.22582104215511],[26.535084983690716,46.22206557201317],[26.51751033266051,46.21976483292849],[26.508330700493186,46.214746913037516],[26.4951119990858,46.2133563912994],[26.495308522808354,46.20735401375428],[26.490629250728926,46.20063745852414],[26.482603832397007,46.19954496174458],[26.467276171475778,46.204826095295466],[26.46117672502537,46.19850846685059],[26.460484287188734,46.191586060390144],[26.449808941632728,46.183400513665575],[26.446929624963733,46.17238977994625],[26.436536461017567,46.17008818361666],[26.43170026668077,46.16619170499665],[26.420674118921994,46.162409094890016],[26.419824507628558,46.15626496552597],[26.41296410815945,46.15534152228688],[26.392457990923774,46.14652951107873],[26.3798391841891,46.14425617838174],[26.37153507884579,46.14598957985365],[26.367842856163602,46.14277335142395],[26.35920198223531,46.140651364919655],[26.354467976622352,46.14157530794976],[26.343335480013053,46.13703554156959],[26.347732038126765,46.15270559754097],[26.344716106208686,46.15554556298558],[26.34743729457669,46.16211841054277],[26.33439485092992,46.17520664191129],[26.330575135812797,46.18314192228526],[26.33328428987515,46.19583548064826],[26.34146681435251,46.20097377465564],[26.35779465173102,46.20494873376661],[26.37414941293689,46.21204363878945],[26.378115263210105,46.21904259772991],[26.390943357932134,46.21916647514305],[26.403545690156054,46.223463876844896],[26.422974433409713,46.22040727324712],[26.424985602508773,46.22746130653215],[26.43339847956962,46.23144631627816],[26.446780955802314,46.25190906983211],[26.45369704438155,46.24820869204429],[26.467589257670266,46.24501240070914],[26.47578699377019,46.25000478380657],[26.489132374507054,46.25391782930848],[26.497731527143845,46.25989301980313],[26.50960254025658,46.261593793030194],[26.51309939768601,46.2586073337447],[26.522338517160527,46.260283074166296],[26.52714508074764,46.263625480691175],[26.536467283711573,46.26336385193562],[26.541646029935794,46.266708170087774],[26.544357968481517,46.26530312332813],[26.54757349767866,46.269294995555974],[26.554615296589283,46.26808492873369],[26.5644009538976,46.269872576091885],[26.584114049126946,46.25625794174517],[26.582473463291613,46.25253526351946],[26.588811244838272,46.23655214981024]]],[[[26.665763543664617,46.43837012231353],[26.672508160887357,46.43139750562226],[26.691429822464787,46.42390643233385],[26.69462144135532,46.41547819277435],[26.69252506584007,46.41125053528441],[26.69895750043121,46.40740806440412],[26.70465934368284,46.407566575054624],[26.709611985635057,46.40216924809661],[26.702167098460148,46.39894316701698],[26.699217251794625,46.39992683334166],[26.691776546580346,46.39276130577359],[26.687225787586147,46.39177940423475],[26.679513368435163,46.39464289294461],[26.676771143117037,46.38969883236334],[26.665430706986648,46.3867103889001],[26.667225311514258,46.383569095887474],[26.639013587808336,46.37934379577209],[26.62301105726413,46.37405339623953],[26.617993226450864,46.37198614095632],[26.615740105069637,46.3680853801989],[26.607405932190066,46.36509982560474],[26.60741514557869,46.36137413023386],[26.59662555428639,46.36826680999517],[26.594585341794772,46.378297592639434],[26.590021779796242,46.38174180389387],[26.587360841724095,46.39141077809791],[26.560728649009523,46.40504427720743],[26.557245559120926,46.4105711013161],[26.576677378226368,46.41955036559704],[26.582695398583773,46.41944291035901],[26.575702002725766,46.42827973428695],[26.579046292042708,46.43137207827661],[26.581422964221836,46.42908816261306],[26.587658075871566,46.432323377155406],[26.59201436419401,46.430459806998684],[26.596088275631548,46.432570968767735],[26.600074253074993,46.43049711488423],[26.611276921488653,46.43888083504213],[26.624608571952507,46.436334226951146],[26.6375545693697,46.43635863192264],[26.64052711782682,46.437904092208115],[26.65202830176558,46.43540595739715],[26.653656981783293,46.43806534303386],[26.665763543664617,46.43837012231353]]],[[[27.012648733417787,46.18300093589267],[27.00395439510088,46.17771607179539],[26.99894514400972,46.17653683602157],[26.99639129176148,46.1783545119381],[26.99154822200706,46.17450203784798],[26.993597570335535,46.179026200378004],[26.988872946820628,46.183688497637895],[26.98265726822893,46.178045486879284],[26.98443977807894,46.17615149374783],[26.980097817019406,46.17356005571719],[26.978756328622584,46.17483750562023],[26.970926290256905,46.16821871832601],[26.961684992448973,46.17389920490583],[26.940067987311025,46.15800731437487],[26.940652422936683,46.15552323032359],[26.93607578921255,46.152435056530315],[26.933570299614587,46.14681415985226],[26.931220701537928,46.147349845868916],[26.928860222414936,46.14440717006663],[26.92911005212977,46.13671464795196],[26.92263691374145,46.13296700386617],[26.92564519925781,46.1278312497816],[26.91043176272582,46.122448067492165],[26.910743628780768,46.11915800426749],[26.901578395803593,46.112579243330295],[26.88825025966031,46.109806036738235],[26.884341403708394,46.101748174054556],[26.889044670616865,46.09165197759745],[26.886359629690098,46.080787478587936],[26.877223310297612,46.0818929029162],[26.872577040554585,46.08469435085698],[26.86625847526839,46.08458941382169],[26.862706698873577,46.08053327103341],[26.848085142486507,46.078697576681044],[26.84497441386009,46.07141609162803],[26.829493502947834,46.07054854109268],[26.82487002945215,46.07232027075084],[26.807101590790282,46.06578426524776],[26.801756671693816,46.07075308347475],[26.801185616202467,46.075806915236],[26.787983336030894,46.07863463827203],[26.78631862779908,46.08801360234596],[26.780768068075016,46.093902898678415],[26.775270709251963,46.095188732597386],[26.778398257509306,46.10350072551564],[26.76993481905979,46.10838968507614],[26.767472173202254,46.11857465783317],[26.77165796072862,46.122023023013256],[26.77182362710833,46.12602725755479],[26.790914589749747,46.12705036558743],[26.804970181789894,46.12318568860515],[26.80882792741195,46.1314317043208],[26.819390193032852,46.14052662437597],[26.826881133059484,46.141701470066444],[26.82924253508263,46.14779097066787],[26.8431193981146,46.15232535097259],[26.856740258983262,46.16299206070324],[26.863567437076256,46.164054724975585],[26.893866924199056,46.18610065413312],[26.90560613167296,46.19181775591288],[26.9067211928769,46.20349234014552],[26.903972595076095,46.20715566551238],[26.88911138304823,46.211647770930895],[26.89343413806214,46.21543914376444],[26.889089446226887,46.220221153284385],[26.890599571944566,46.22119049816668],[26.893579960500624,46.218118017728806],[26.896789144341206,46.2213497938027],[26.898936626745822,46.22006452017665],[26.902608826997344,46.22403725613545],[26.911380273966518,46.22586769338669],[26.928927643410148,46.23831407970989],[26.9329133402857,46.237405548034076],[26.94370769489487,46.22771038722791],[26.950959030426752,46.22618067620535],[26.955671143615973,46.2273085274],[26.9593534900239,46.22422465033167],[26.967104357872955,46.222939072022925],[26.97674624830362,46.215050755245976],[26.985630854799467,46.21150165651255],[26.987933700117964,46.209530341754366],[26.987044268229898,46.20219699047046],[26.998791564342156,46.19617496998705],[27.00190666621513,46.19010773031131],[27.011123939461807,46.18711283714784],[27.012648733417787,46.18300093589267]]],[[[26.816968646008416,46.451393562540204],[26.82034271871761,46.448597741947715],[26.818066082505737,46.44209357097921],[26.814534394904317,46.440562023047654],[26.815512128284045,46.43652777116267],[26.80973102162943,46.43529799553499],[26.81832600809235,46.431277234209595],[26.819140322690483,46.42654698384231],[26.813952089445024,46.423084554720965],[26.814036916803076,46.41634305508283],[26.80928558701654,46.406944887512694],[26.800443197997566,46.40901147732418],[26.79092033591835,46.404576858508996],[26.782628639389987,46.40393447407753],[26.766234207510657,46.39104392604615],[26.76524283885759,46.38651202092126],[26.761608440545736,46.386612231844644],[26.75616149693803,46.38285732317548],[26.751678976604246,46.3845606785886],[26.739950997902316,46.38315209130734],[26.740599444939583,46.372138167901255],[26.72017396347906,46.366174772849156],[26.7243423894444,46.36410450342641],[26.71693422623581,46.35900256320988],[26.707906145405957,46.35880325638659],[26.706243322215528,46.35706149544478],[26.705606567364534,46.36114788278583],[26.70155168183751,46.35643844344175],[26.692591546998454,46.35861947447221],[26.689610019604697,46.36167238241278],[26.686287616476758,46.36156821068456],[26.68328271844312,46.365974389490965],[26.680618934712207,46.36566449320422],[26.665430706986648,46.3867103889001],[26.676771143117037,46.38969883236334],[26.679513368435163,46.39464289294461],[26.687225787586147,46.39177940423475],[26.691776546580346,46.39276130577359],[26.699217251794625,46.39992683334166],[26.702167098460148,46.39894316701698],[26.709611985635057,46.40216924809661],[26.70465934368284,46.407566575054624],[26.69895750043121,46.40740806440412],[26.69252506584007,46.41125053528441],[26.69421493730389,46.418446187032394],[26.68937975912151,46.425297957055676],[26.70274944862188,46.42935675242383],[26.712613567540075,46.41892633011759],[26.719510347921393,46.4210125068938],[26.727862935111478,46.419676458621005],[26.72534059924804,46.42343355545092],[26.745208772683416,46.429503689444516],[26.74494404843624,46.43373906882623],[26.748223474097184,46.43291499077907],[26.754221285582844,46.4392705842907],[26.756738634654432,46.44007181966897],[26.758262990058885,46.4365239226209],[26.76158528835611,46.435582615245536],[26.78655529881766,46.44549643881432],[26.792401786167368,46.451548377374415],[26.805893009663226,46.45275895560833],[26.816968646008416,46.451393562540204]]],[[[26.948904114708466,46.50575317061591],[26.95610291129734,46.497549842914474],[26.962767093773994,46.49693179682762],[26.964657976835824,46.49454972810331],[26.964960860341712,46.48738627205773],[26.956177489068534,46.481966348804015],[26.956344671654723,46.45425206165959],[26.96568415475187,46.45441331927194],[26.96751665655273,46.438466127757906],[26.961662709506943,46.43781690945369],[26.958102250597676,46.447576020559495],[26.954132863335325,46.448816258117446],[26.937960783421275,46.44681796571489],[26.933469445599222,46.443909347928596],[26.932914995850226,46.45132149806927],[26.913534509985872,46.452324353530415],[26.913531793446985,46.450804041278175],[26.893110383410484,46.45293111045923],[26.88299005117746,46.450313326513765],[26.8767096147481,46.45226525836492],[26.86672540213283,46.44968260078506],[26.85294148073782,46.45013931915994],[26.851119257644918,46.44787985932952],[26.83315842326602,46.4520814614751],[26.818238517794068,46.45021002394811],[26.814526236281154,46.458397301126176],[26.809794378723957,46.45954865955043],[26.80698499348473,46.464104871811664],[26.79459919203317,46.464849506098844],[26.785701985153846,46.46770230109184],[26.78955445455939,46.472436530474795],[26.787143075905202,46.47760848374811],[26.792644938114787,46.48288011614562],[26.796333150317178,46.48097343884051],[26.839281640765286,46.49069765332309],[26.846598909185026,46.488227104414705],[26.86356062220644,46.48912051681612],[26.86548295693374,46.48482936141299],[26.87433027866315,46.48266082315911],[26.879282925258515,46.48918891409145],[26.888806081657425,46.48555710371583],[26.907068613192266,46.49536677582635],[26.923294242477194,46.49621423162796],[26.92560468539236,46.50739263079442],[26.94109479067177,46.50874867504471],[26.948904114708466,46.50575317061591]]],[[[26.560062818688234,46.52333803344851],[26.558932417726318,46.522151371710976],[26.568122315094246,46.516149658183544],[26.572362825188645,46.51538489436568],[26.569497072589783,46.513454945031036],[26.571924877095277,46.51178429529424],[26.57984735144632,46.51055134969302],[26.588279241538334,46.506046541833896],[26.579450393308743,46.502417157365755],[26.580661545042922,46.49738117757692],[26.57871686444878,46.49836383639425],[26.577161428193943,46.49396086581016],[26.572716213615834,46.496055862534604],[26.5690944066541,46.4941451347384],[26.56292744264195,46.497689482923164],[26.545743689851268,46.49108679216966],[26.537435908441623,46.49557963923117],[26.526870136196766,46.49172201497387],[26.52211869348662,46.493884417626155],[26.509591980878806,46.49096373228125],[26.494836750189474,46.49044938459927],[26.492691628300193,46.49670945374485],[26.48822039132725,46.49748381941498],[26.48258221857889,46.502329226626884],[26.48646803655056,46.509973856199586],[26.483267497309754,46.50859832385087],[26.477227724449726,46.511390088385696],[26.48342350791337,46.51486670353974],[26.47999884424711,46.517411972443],[26.47794466425504,46.513931265498655],[26.474359108555788,46.513526519219276],[26.477805336288792,46.52104310257266],[26.48018517070873,46.52032224327341],[26.48606003428042,46.52365018614064],[26.487659367115924,46.521961749689524],[26.490343819739454,46.52777404663944],[26.494679265933375,46.52558933558516],[26.483109777800244,46.54350846431033],[26.47912966038075,46.544969427917735],[26.478829871860658,46.54932945688755],[26.48626606342158,46.5526631988224],[26.484208445809106,46.55644164669947],[26.485831064909327,46.55804097453537],[26.49166682298772,46.55653758631618],[26.49349172965211,46.55080054453887],[26.500293207840887,46.54933548896878],[26.505899572422223,46.5426613849791],[26.546077232555753,46.53023938479353],[26.560062818688234,46.52333803344851]]],[[[26.79497982628679,46.492696240529284],[26.796334670769625,46.48892947389557],[26.787143075905202,46.47760848374811],[26.78955445455939,46.472436530474795],[26.785701985153846,46.46770230109184],[26.79459919203317,46.464849506098844],[26.80698499348473,46.464104871811664],[26.809794378723957,46.45954865955043],[26.814526236281154,46.458397301126176],[26.816968646008416,46.451393562540204],[26.805893009663226,46.45275895560833],[26.792401786167368,46.451548377374415],[26.78655529881766,46.44549643881432],[26.76158528835611,46.435582615245536],[26.758262990058885,46.4365239226209],[26.756738634654432,46.44007181966897],[26.754221285582844,46.4392705842907],[26.748223474097184,46.43291499077907],[26.74494404843624,46.43373906882623],[26.745208772683416,46.429503689444516],[26.72534059924804,46.42343355545092],[26.727862935111478,46.419676458621005],[26.719510347921393,46.4210125068938],[26.712613567540075,46.41892633011759],[26.70274944862188,46.42935675242383],[26.690483415530213,46.42508261942595],[26.67614221833627,46.429678363493416],[26.668659126043114,46.43487710196052],[26.665763543664617,46.43837012231353],[26.668128408741406,46.440206420789124],[26.679671355558778,46.447286646322866],[26.683078241596434,46.44403989459635],[26.686752931107566,46.44477318870318],[26.68966290914328,46.44980342831216],[26.693079991762485,46.4483580409171],[26.69458633476976,46.45556403499521],[26.700310088695332,46.45887100574183],[26.714882081568373,46.46403961736437],[26.718358198223605,46.460233302627756],[26.725364012385857,46.46196337975465],[26.742077186812974,46.47189157025657],[26.746838369556315,46.47269950974628],[26.75072540045403,46.47605161313079],[26.750399236056477,46.479363366383396],[26.74460133448286,46.47924821573767],[26.742236654765584,46.48112874226084],[26.735756900378792,46.47966737404907],[26.73947748481875,46.48196319247853],[26.73699392061202,46.485279904023066],[26.751348607610282,46.48707256331817],[26.750283240259563,46.48539078429177],[26.756026317350035,46.48443761385232],[26.762193453456103,46.49090310852492],[26.761295922062253,46.49406342959291],[26.764080645581732,46.492739560849195],[26.76292329433511,46.49474978568662],[26.768345656510494,46.49674180511525],[26.777447879364278,46.49245417879064],[26.79497982628679,46.492696240529284]]],[[[27.064195615916095,46.299684496970606],[27.092252286668018,46.288560717915225],[27.106276931057682,46.27872766500942],[27.08166034254645,46.27294846158063],[27.082575766259392,46.27031114590383],[27.067147416349417,46.26656253760369],[27.069203028930364,46.26444528373068],[27.046808288029037,46.25770925191991],[27.03348773632783,46.26028226455238],[27.023726299007897,46.256500393069416],[27.02270079662242,46.253163434800165],[27.01939134169443,46.25657152865533],[26.998908484221722,46.254670898756586],[26.99916047802295,46.24997744200895],[26.98354864863426,46.24626595712941],[26.976782816335888,46.24620308139928],[26.965811924390014,46.25069341138953],[26.955894067694036,46.24986720640252],[26.9417767164946,46.253728668252506],[26.926906296858135,46.261356873321574],[26.92113247360393,46.26070766384257],[26.923288370827763,46.26260889232968],[26.92005689803849,46.26978080238562],[26.909422676514392,46.27388829496274],[26.909724410245353,46.2802510277523],[26.912600350521934,46.28278902673911],[26.943781304145954,46.29159854152937],[26.958462715463273,46.28806466597802],[26.976514577632493,46.28905990088706],[26.989939750957273,46.28680832399739],[27.001193860840427,46.28825988690116],[27.0068080188256,46.28623659052235],[27.026278594063438,46.29887104693489],[27.01931268854627,46.30609259879656],[27.040731651675348,46.31246757457889],[27.044866132164426,46.31233650256458],[27.043732843009177,46.30893281333641],[27.05834298277963,46.313086888898546],[27.064195615916095,46.299684496970606]]],[[[26.928549358177076,46.243940225980865],[26.92872822869776,46.2378313479223],[26.908778049612465,46.22452013663337],[26.902784830844453,46.22411142583638],[26.893579960500624,46.218118017728806],[26.890777134228674,46.22126548841396],[26.889089446226887,46.220221153284385],[26.89343413806214,46.21543914376444],[26.88911138304823,46.211647770930895],[26.90556024180203,46.2056363307649],[26.907391506741504,46.199276413121446],[26.90560613167296,46.19181775591288],[26.893866924199056,46.18610065413312],[26.863567437076256,46.164054724975585],[26.856740258983262,46.16299206070324],[26.8431193981146,46.15232535097259],[26.82924253508263,46.14779097066787],[26.826881133059484,46.141701470066444],[26.819390193032852,46.14052662437597],[26.80882792741195,46.1314317043208],[26.804970181789894,46.12318568860515],[26.79483905411192,46.12636535786855],[26.793669845633925,46.1386996917109],[26.787564082465757,46.14477572681311],[26.796972203378836,46.14906049625642],[26.794978712422502,46.15244630255946],[26.796706710224715,46.155612805463626],[26.793045264280934,46.15780691574395],[26.79603215797164,46.16434729774025],[26.808001711883335,46.17668418493705],[26.802241619425704,46.182093784457564],[26.80962582661375,46.18843918668781],[26.808109915269004,46.19094278604005],[26.810500719361976,46.19441385276887],[26.804148451567503,46.19502647465887],[26.804128365078707,46.20582210582919],[26.811376793745435,46.206238887925146],[26.813215288362702,46.212215324097045],[26.82055264185284,46.21596394387595],[26.82086552496878,46.22096166111352],[26.831138030820604,46.22345243900354],[26.826894872203837,46.22575947410345],[26.825962439130258,46.22912903752626],[26.833636497356775,46.228592859901596],[26.83641234244738,46.23013722345845],[26.83360828185725,46.232024883807135],[26.83494391983198,46.23343786612936],[26.847816952360187,46.22634598189099],[26.87284155223173,46.232296868455876],[26.866802927429912,46.23934192040021],[26.876194054562998,46.24760733679493],[26.881754099226903,46.25653132116044],[26.88732811962712,46.25059520110652],[26.89958534235425,46.25216174173909],[26.901996576205967,46.25477686492732],[26.92113247360393,46.26070766384257],[26.92315336023288,46.24863947845275],[26.928549358177076,46.243940225980865]]],[[[27.02015935803608,46.17484779174456],[27.031716177610985,46.17358897423661],[27.04395168963979,46.16928452307047],[27.048650872871946,46.16317292783938],[27.049896652582582,46.16448756413309],[27.060948027215932,46.16294720194059],[27.060427997479827,46.16140811166933],[27.067191705796578,46.15887912271197],[27.07258887292247,46.15324369729203],[27.075459279294517,46.15465570187602],[27.078306542346077,46.151799626542605],[27.091077402847045,46.152847460110756],[27.09141921258252,46.1510524197231],[27.095628302720858,46.151156827216745],[27.09759988035507,46.15466700093582],[27.12020468771734,46.1380207428856],[27.129468122022722,46.13832010241095],[27.140113536609558,46.13419376412199],[27.133236147452727,46.120604465149476],[27.13856444665045,46.118294642879185],[27.137837600405383,46.116977035295655],[27.136126647570222,46.11448000682164],[27.131921037029567,46.117076609937556],[27.12296781853086,46.1040906066064],[27.111460386617665,46.109089946664255],[27.08609104383935,46.11145710481118],[27.087837671811478,46.10860451164951],[27.105193672330785,46.10502023370836],[27.10564438197667,46.0887001293537],[27.084509562154967,46.095286043957685],[27.079448836938237,46.08822690037576],[27.073181133733126,46.08767708540262],[27.05606213198417,46.094393707841725],[27.0453955546503,46.095540696533405],[27.042126928501425,46.09831237363878],[27.032030234280867,46.09899216535433],[27.029376813833878,46.10224438361938],[27.01776417189694,46.105974395442054],[27.011994767206104,46.10563790434329],[26.990008831283813,46.11296869485347],[26.98001849595003,46.11238783713226],[26.983745617977227,46.11831414037982],[26.981085022748097,46.12374681638141],[26.982847837967263,46.1284615476147],[26.99661659816926,46.1232455025339],[27.00240504289933,46.123514967061915],[27.00828497285602,46.12726829312272],[27.014775815679656,46.13820011351259],[27.021051905453103,46.14290929330892],[27.038638320627285,46.13519790408761],[27.040151589957432,46.13689116767132],[27.035591228932162,46.14389205487922],[27.036419586324307,46.15058058592658],[27.025030577375027,46.15568578447039],[27.020970661024272,46.15559787018207],[27.01410757273002,46.16251009807012],[27.00948229271671,46.162270264223544],[27.006309991597824,46.164852001680316],[27.01433438146706,46.16760551813081],[27.02015935803608,46.17484779174456]]],[[[26.154694772255347,46.484092426018144],[26.14428769396913,46.47932640601575],[26.13774914746827,46.46946476593353],[26.137572450308753,46.44802410977084],[26.12826214265664,46.435770179378125],[26.119736455242673,46.438017881007255],[26.115998114546343,46.441648293631545],[26.11006182045608,46.44190701800241],[26.105452342697795,46.445453617095545],[26.106596603541437,46.448512426754114],[26.09719867117543,46.45177450401872],[26.092802969551233,46.450592012526585],[26.085800836404974,46.45222700977269],[26.081377699017118,46.44815987052456],[26.075522135212413,46.44801177059313],[26.06946365695471,46.452063219275466],[26.05618631433114,46.45035386086732],[26.036180274714017,46.454983830570505],[26.015219609748772,46.4646428260565],[26.011595643564903,46.469223730164835],[26.01668420591664,46.47279391479167],[26.016839275293353,46.476973518011036],[26.00665294890423,46.481650061411656],[26.019037694625037,46.49235722958192],[26.03224506058702,46.49109120182],[26.056627722578376,46.494364031954255],[26.0606975656737,46.49269895457696],[26.063174151281522,46.487164912045586],[26.074610248748368,46.48453663381442],[26.083226452445967,46.51247387754852],[26.074453470727367,46.52548755877853],[26.061453753899475,46.52565946094584],[26.05722005388943,46.528980358018956],[26.084293419292894,46.54018306970651],[26.08639755831783,46.54720958189018],[26.091715193199178,46.55194453445085],[26.103701925472908,46.555154995508005],[26.111164155110075,46.555298653913624],[26.116007870823672,46.55326973467152],[26.123674722539864,46.5549841598736],[26.12892015037468,46.56086820979408],[26.130349711670718,46.56722857509043],[26.13863774989913,46.57598704565122],[26.141573291641958,46.59160597685776],[26.1466176785936,46.59172803260023],[26.148026878091557,46.59563571867955],[26.166178970377043,46.602859722108754],[26.170799927885614,46.579138972955725],[26.169297719557978,46.572775289121985],[26.16029030257551,46.55976657703848],[26.154214708201703,46.556708480383804],[26.140980313462503,46.5305895763818],[26.135745534063368,46.53107355650268],[26.13680065679871,46.52843527329666],[26.130762599161365,46.52189007096659],[26.140248440389247,46.51996079449681],[26.154125508273502,46.51195352836615],[26.154519437633667,46.501314573432644],[26.149036752092375,46.498437430190315],[26.148386334354083,46.494679148960415],[26.153297317652896,46.49161986773671],[26.154694772255347,46.484092426018144]]],[[[27.128729293029437,46.24753713476704],[27.11024706122447,46.24634403036828],[27.1125083481754,46.23136872735166],[27.10950753710327,46.230148934165804],[27.10156234804902,46.230177601613086],[27.10009642980994,46.23345728238023],[27.096508733532467,46.23419427285852],[27.08466921975318,46.228387515025965],[27.04654414091658,46.22641720717499],[27.03775319632603,46.22915858885862],[27.0386785165562,46.22390887141603],[27.02899463319977,46.22586598926962],[27.029585012386296,46.230822946607056],[27.004496402036413,46.229048511423834],[26.967101752701808,46.23272794101296],[26.94587672934089,46.232297837259075],[26.92861050765379,46.23973579124961],[26.928549358177076,46.243940225980865],[26.92315336023288,46.24863947845275],[26.920593124204274,46.260196295099206],[26.926906296858135,46.261356873321574],[26.9417767164946,46.253728668252506],[26.955894067694036,46.24986720640252],[26.965811924390014,46.25069341138953],[26.976782816335888,46.24620308139928],[26.98354864863426,46.24626595712941],[26.99916047802295,46.24997744200895],[26.998908484221722,46.254670898756586],[27.01939134169443,46.25657152865533],[27.02270079662242,46.253163434800165],[27.023726299007897,46.256500393069416],[27.03348773632783,46.26028226455238],[27.046808288029037,46.25770925191991],[27.069203028930364,46.26444528373068],[27.067147416349417,46.26656253760369],[27.082575766259392,46.27031114590383],[27.08166034254645,46.27294846158063],[27.106276931057682,46.27872766500942],[27.113177816656588,46.25721646571647],[27.128729293029437,46.24753713476704]]],[[[26.774500939330803,46.23864388099615],[26.772273488811702,46.23207497434573],[26.765476602889304,46.232958210551416],[26.76394240488385,46.22991241999642],[26.760493477039226,46.22916227373204],[26.760536829219944,46.22482955284789],[26.76788119205634,46.21840738466239],[26.75870980027636,46.213672634201046],[26.76588608314088,46.211958212265095],[26.767224145330346,46.19799661440796],[26.77111033687231,46.19154998913226],[26.764838966065955,46.19040647409698],[26.764696337928513,46.18839219178374],[26.76983277614243,46.18148735480145],[26.773794501032988,46.162857975896856],[26.787680927058904,46.15424640745079],[26.781440379996802,46.14733414759495],[26.77695911639383,46.14935014709425],[26.766546223614903,46.14676779169802],[26.765268390304637,46.14890342073396],[26.757388757091775,46.1493791741785],[26.757472917156985,46.152244714590864],[26.760755235591464,46.15062985156111],[26.761662646491775,46.15985565628216],[26.754951165965906,46.168161953908246],[26.755912185846597,46.1721103570707],[26.747335232681337,46.17398833452647],[26.74135763949331,46.17792568986442],[26.740286457258648,46.17554178345886],[26.730017883442617,46.175838794373036],[26.727780277185325,46.171506850438874],[26.719131766399094,46.16895814891164],[26.710578638202385,46.17107021704077],[26.708862754889896,46.17469235091375],[26.704683919369742,46.1726529781314],[26.68970646448893,46.17270306649265],[26.689724822874492,46.16894648083389],[26.685000116625638,46.16788139054832],[26.684631209626296,46.16528047187896],[26.6629238156115,46.16560872654888],[26.65222359094167,46.16093976620295],[26.651747001310422,46.162385994297296],[26.634803790534257,46.159173408894254],[26.63510575916027,46.152713945364],[26.629651690745742,46.15302371414733],[26.62599799630057,46.16066569746695],[26.633361448318496,46.16099357084343],[26.637120768130227,46.165458702193014],[26.646669631949226,46.16704988750501],[26.646508863161426,46.16944436717698],[26.64946685312991,46.16852809478625],[26.648265392361562,46.169757630772146],[26.652517613196284,46.17233162690395],[26.65459998730323,46.17154896071547],[26.655824397831502,46.1746696824219],[26.670232108391726,46.17670076110219],[26.67412459558603,46.186506549750156],[26.670857066998675,46.185916139711566],[26.671613542164504,46.18750445847625],[26.67511858579422,46.18846124394114],[26.68086850534013,46.19577325458083],[26.690869573562978,46.19423124163658],[26.699939163905793,46.196830446647354],[26.715713722825864,46.196614853595776],[26.733756883917795,46.2045237071651],[26.739209865584606,46.211629259792474],[26.732656654257696,46.21974001422934],[26.753392116951016,46.2258172147054],[26.75598324378086,46.24228318172067],[26.764823967992637,46.23753804752057],[26.774500939330803,46.23864388099615]]],[[[27.052855828866726,46.31096773392585],[27.043732843009177,46.30893281333641],[27.044866132164426,46.31233650256458],[27.040731651675348,46.31246757457889],[27.01931268854627,46.30609259879656],[27.026278594063438,46.29887104693489],[27.0068080188256,46.28623659052235],[27.001193860840427,46.28825988690116],[26.989939750957273,46.28680832399739],[26.976514577632493,46.28905990088706],[26.958462715463273,46.28806466597802],[26.943781304145954,46.29159854152937],[26.917616694629537,46.28530680676925],[26.909724410245353,46.2802510277523],[26.904941586228695,46.28247595176234],[26.902947057228957,46.2864164597933],[26.905780080966032,46.300624863159044],[26.887354449143153,46.330550690138445],[26.894832371927425,46.33271935516027],[26.913387879055612,46.32946515905045],[26.922269652168318,46.33217858875085],[26.935729566810664,46.33166376616647],[26.940346445601914,46.32917117744188],[26.94266379272996,46.33232119738055],[26.94906274721586,46.32808939331792],[26.953500362301313,46.32926961994973],[26.957130133064847,46.32533041181139],[26.958476626977212,46.32779592633313],[26.962185618243122,46.326497547189135],[26.973476365709068,46.331824293073424],[26.976444135049267,46.326484583596255],[26.978004752703846,46.33278892453934],[26.984257988996042,46.32198299882021],[26.99338812777895,46.316434165610865],[27.01305776654655,46.3207759474586],[27.014180964937964,46.31934213187987],[27.036257474895965,46.32601367363153],[27.04126821597765,46.32800347662588],[27.041768103661184,46.33065239978855],[27.049381908190977,46.33307302863734],[27.051289590196205,46.32897229142959],[27.056421911060983,46.32976129726761],[27.058303900462164,46.325525147612666],[27.048169734584647,46.321943487707166],[27.052855828866726,46.31096773392585]]],[[[26.696851418137197,46.63162927590729],[26.69532265574747,46.624422570648335],[26.700430140039746,46.62489866093076],[26.707119912063128,46.619356352826586],[26.70848338003951,46.61041274959264],[26.70580460146189,46.609533277267445],[26.706959529956787,46.575823912202274],[26.698628071221407,46.5719532214627],[26.702513947977597,46.56923933710031],[26.704018793633036,46.562718023981446],[26.701184477031177,46.554788010712656],[26.68801848387796,46.556279138479645],[26.68931184035663,46.551898129843984],[26.684233833059366,46.546165165251644],[26.688133899368754,46.54295805229767],[26.67932750941976,46.53763585149102],[26.694229291148577,46.53791726063508],[26.688267821894915,46.53406519583445],[26.68856554737771,46.53103214092426],[26.684858658553015,46.53197028293375],[26.679111996418726,46.529719155944804],[26.67577279325228,46.53176389413013],[26.673266400541962,46.530033086536164],[26.6731599286469,46.52252118129628],[26.667491935589865,46.52143327977212],[26.662414130801075,46.51696125598308],[26.662724142244933,46.519901702348456],[26.658620913766935,46.52383687674668],[26.66310486646154,46.53093379854842],[26.65035609098529,46.53526358482808],[26.6507052280026,46.538124049712714],[26.632909353420985,46.55210797195253],[26.631510481941824,46.5584187111933],[26.635502247560577,46.560252950210305],[26.632656876494693,46.56443268964882],[26.650725720661182,46.5725501904209],[26.653018960652453,46.587337189052704],[26.65767897601779,46.592631502582684],[26.65784805745757,46.60084088818052],[26.65450361102113,46.59899711162586],[26.65086484304456,46.60250535205754],[26.65015227882337,46.598658204560984],[26.644530309576318,46.59854619815578],[26.64667593223455,46.60706126586577],[26.65302924178296,46.60640740618776],[26.65381045493223,46.608867298809876],[26.657953524780154,46.609458830355145],[26.650476803698478,46.61127152029714],[26.653133816814773,46.61977600403899],[26.650137844354706,46.62386191188741],[26.664869082839303,46.61947580997104],[26.671899451329928,46.6359159904105],[26.682115435602626,46.62892440548329],[26.689874631295176,46.62817642472117],[26.696851418137197,46.63162927590729]]],[[[27.012648733417787,46.18300093589267],[27.016100835501074,46.18272472468972],[27.023977055593406,46.17405557587569],[27.02015935803608,46.17484779174456],[27.01433438146706,46.16760551813081],[27.006388257687192,46.16533971206917],[27.007224040476032,46.16302743759373],[27.0130680100598,46.1630255714757],[27.018139273341145,46.15708500120787],[27.036419586324307,46.15058058592658],[27.038638320627285,46.13519790408761],[27.021051905453103,46.14290929330892],[27.014775815679656,46.13820011351259],[27.00828497285602,46.12726829312272],[27.00240504289933,46.123514967061915],[26.99661659816926,46.1232455025339],[26.982847837967263,46.1284615476147],[26.981085022748097,46.12374681638141],[26.983745617977227,46.11831414037982],[26.979957879008175,46.112312168708605],[26.96121166572988,46.10871603617703],[26.945469200631564,46.09961312532075],[26.950696442158435,46.09784930126107],[26.95269882104323,46.086210293481976],[26.947940619380034,46.08065056184313],[26.940190017469828,46.07803097397819],[26.937331004958132,46.06695896567458],[26.93264973543234,46.06456260731248],[26.922828165470953,46.06569715398036],[26.918457058979946,46.06957936890089],[26.905404278952886,46.07354099760476],[26.90478056044039,46.07612072349516],[26.89542914433316,46.0788254669739],[26.8913529869914,46.07753416895055],[26.88530365066105,46.083081168703124],[26.889044670616865,46.09165197759745],[26.884341403708394,46.101748174054556],[26.88825025966031,46.109806036738235],[26.901578395803593,46.112579243330295],[26.910743628780768,46.11915800426749],[26.91043176272582,46.122448067492165],[26.92564519925781,46.1278312497816],[26.92263691374145,46.13296700386617],[26.92911005212977,46.13671464795196],[26.928860222414936,46.14440717006663],[26.931220701537928,46.147349845868916],[26.933570299614587,46.14681415985226],[26.93607578921255,46.152435056530315],[26.940652422936683,46.15552323032359],[26.940067987311025,46.15800731437487],[26.961684992448973,46.17389920490583],[26.970926290256905,46.16821871832601],[26.978756328622584,46.17483750562023],[26.980097817019406,46.17356005571719],[26.98443977807894,46.17615149374783],[26.98265726822893,46.178045486879284],[26.988872946820628,46.183688497637895],[26.993597570335535,46.179026200378004],[26.99154822200706,46.17450203784798],[26.99639129176148,46.1783545119381],[26.99894514400972,46.17653683602157],[27.00395439510088,46.17771607179539],[27.012648733417787,46.18300093589267]]],[[[26.887354449143153,46.330550690138445],[26.905780080966032,46.300624863159044],[26.902972617244334,46.28686655087411],[26.904502015406845,46.28292856357188],[26.909888706315964,46.280105938091964],[26.90983741741024,46.27320182672489],[26.92005689803849,46.26978080238562],[26.923288370827763,46.26260889232968],[26.89922952248031,46.25210541606319],[26.88732811962712,46.25059520110652],[26.881754099226903,46.25653132116044],[26.876194054562998,46.24760733679493],[26.866802927429912,46.23934192040021],[26.861522563465176,46.242433870121054],[26.85941866554007,46.24687674534669],[26.839949533778917,46.25532608566419],[26.83130410824652,46.2635713825316],[26.82068133677288,46.26456882213987],[26.82228372960774,46.26622295154738],[26.80804329486858,46.27744954080816],[26.800501384074106,46.27787408987088],[26.79534089531785,46.28961963011488],[26.796828405791242,46.29568408886413],[26.787852105382292,46.29859729183561],[26.791504243776146,46.301745908453256],[26.800261579361752,46.303065134815526],[26.801601865047346,46.30793076483726],[26.811106185026315,46.31830540141613],[26.81879334580673,46.3197530002558],[26.82697838934542,46.32604433312042],[26.836982945175688,46.324295308678266],[26.837245368893456,46.32690671519515],[26.830837055150546,46.333097209848574],[26.82991850278336,46.341214084171625],[26.836482303435535,46.34436043095488],[26.84012729950606,46.34361338624786],[26.843184844282206,46.34751884554131],[26.850810833309566,46.347392232301445],[26.84993506471224,46.35122066987207],[26.86076702014477,46.34731120211292],[26.870322787724994,46.33949579688877],[26.879830281522242,46.34176741096723],[26.88255800259798,46.337396896353006],[26.879903360218886,46.33327554443016],[26.884772534292896,46.329312527753274],[26.887354449143153,46.330550690138445]]],[[[26.822136732717723,46.23806204258844],[26.83641234244738,46.23013722345845],[26.833636497356775,46.228592859901596],[26.82592719735731,46.229015580049825],[26.831138030820604,46.22345243900354],[26.82086552496878,46.22096166111352],[26.82055264185284,46.21596394387595],[26.813215288362702,46.212215324097045],[26.811376793745435,46.206238887925146],[26.804128365078707,46.20582210582919],[26.804148451567503,46.19502647465887],[26.810500719361976,46.19441385276887],[26.808109915269004,46.19094278604005],[26.80962582661375,46.18843918668781],[26.802241619425704,46.182093784457564],[26.808001711883335,46.17668418493705],[26.79603215797164,46.16434729774025],[26.793045264280934,46.15780691574395],[26.796706710224715,46.155612805463626],[26.794978712422502,46.15244630255946],[26.796972203378836,46.14906049625642],[26.789687046765444,46.145863103721034],[26.790693657216007,46.15119204808063],[26.773794501032988,46.162857975896856],[26.76983277614243,46.18148735480145],[26.764696337928513,46.18839219178374],[26.764838966065955,46.19040647409698],[26.77111033687231,46.19154998913226],[26.767224145330346,46.19799661440796],[26.76588608314088,46.211958212265095],[26.75870980027636,46.213672634201046],[26.75961700559167,46.21540945665922],[26.766313308607824,46.216221855093075],[26.76782877784653,46.21870983136256],[26.759478872884294,46.22755713979236],[26.765476602889304,46.232958210551416],[26.772273488811702,46.23207497434573],[26.77501979697465,46.24074301386208],[26.797363214480374,46.240987192389056],[26.803384425421058,46.22596143021383],[26.81965093264722,46.23160148236548],[26.816420943505307,46.23351366149763],[26.822136732717723,46.23806204258844]]],[[[26.702137007088687,46.57505165350847],[26.70803831214184,46.574006620257826],[26.716091927523244,46.57552368493802],[26.714318055462027,46.570790917595744],[26.72178852425818,46.56656466193105],[26.73012762819126,46.5736118916441],[26.731107787471277,46.57068343599343],[26.73914629451799,46.57140473368],[26.74683217187206,46.56636006921662],[26.754291822546453,46.57090260943738],[26.77793687267618,46.56464009813538],[26.79010428089775,46.56395904451274],[26.797769248874154,46.56568705490206],[26.796342846006404,46.55673490256188],[26.788525965672704,46.54979654496189],[26.780623891706185,46.548139919487426],[26.781926157369007,46.5459823141115],[26.776096375160943,46.54266882193663],[26.780718154306356,46.540378429328484],[26.784996810638766,46.531945545629945],[26.78807708273914,46.53331606927893],[26.788849503343084,46.53325707744214],[26.787623190751503,46.530753727385836],[26.790964381057872,46.5296362073042],[26.797369070466736,46.520840621501776],[26.80048944817172,46.50870277696307],[26.798290095994385,46.50807233267877],[26.79952368120129,46.500925261549604],[26.79494439436399,46.49265003403259],[26.777447879364278,46.49245417879064],[26.768345656510494,46.49674180511525],[26.76292329433511,46.49474978568662],[26.763597549427637,46.494417394780335],[26.763897694235414,46.493558306247756],[26.763731622848216,46.49309580278287],[26.764080645581732,46.492739560849195],[26.761295922062253,46.49406342959291],[26.762193453456103,46.49090310852492],[26.758153327488014,46.48801704380099],[26.748908375535077,46.49103296488885],[26.74997859784496,46.49508116345492],[26.74242853929885,46.500321874215366],[26.739199834756292,46.499094602292146],[26.736822859696286,46.50413154487575],[26.719257486853152,46.50623756105278],[26.719422292237173,46.50760221031918],[26.710083529505226,46.508258224556],[26.70923850813054,46.50631293995519],[26.69207017421558,46.50888659994179],[26.690666053699005,46.5178001055907],[26.685912700716802,46.52210791001449],[26.686924505918242,46.52767603821913],[26.691659756639687,46.52656416814316],[26.69911777419504,46.53638871298521],[26.69623254569436,46.538271853708835],[26.67932750941976,46.53763585149102],[26.688133899368754,46.54295805229767],[26.684233833059366,46.546165165251644],[26.68931184035663,46.551898129843984],[26.68801848387796,46.556279138479645],[26.70121410099843,46.554814398238406],[26.70402702735622,46.56379259996366],[26.702513947977597,46.56923933710031],[26.698628071221407,46.5719532214627],[26.702137007088687,46.57505165350847]]],[[[26.660482386638563,46.52569428516104],[26.650445309873724,46.53154099619735],[26.64558558377696,46.52251487936761],[26.640498119728495,46.52318258952094],[26.635845428147068,46.51969303151848],[26.628353737118783,46.51854392394268],[26.633010300110662,46.51587942237061],[26.63400448253015,46.51209369004767],[26.630336632759224,46.51608284018359],[26.625606047811676,46.51686635176419],[26.625193319038814,46.497843154577865],[26.619036767157898,46.49506112145398],[26.609302295266666,46.49974641991704],[26.595026133861076,46.502427406610614],[26.57984735144632,46.51055134969302],[26.571924877095277,46.51178429529424],[26.569497072589783,46.513454945031036],[26.572362825188645,46.51538489436568],[26.558932417726318,46.522151371710976],[26.58058565949902,46.53918209092835],[26.58270751053414,46.53801506746382],[26.579708255116987,46.54791200357965],[26.580422546596665,46.554095059612415],[26.584378646608123,46.55520006021453],[26.5862088135829,46.551614853022556],[26.588583406508217,46.552204151593415],[26.591885393999924,46.54389744314594],[26.59827188201851,46.54548456180473],[26.59674423827553,46.548299981572015],[26.604397490192614,46.54988825746612],[26.603859363988303,46.55126167893448],[26.612759366728795,46.55018240421335],[26.621787905013846,46.54587064149824],[26.625435184172417,46.552550474760025],[26.632113237015524,46.55513838241259],[26.632909353420985,46.55210797195253],[26.6507052280026,46.538124049712714],[26.65035609098529,46.53526358482808],[26.66310486646154,46.53093379854842],[26.660482386638563,46.52569428516104]]],[[[26.72293836239572,46.24494469798693],[26.722136649816374,46.242514675803854],[26.717522539602253,46.243023416533894],[26.715466105930798,46.23581925604159],[26.723465084480388,46.237717920396804],[26.73509763068085,46.225420711040584],[26.73665919846566,46.22170011333767],[26.732656654257696,46.21974001422934],[26.739209865584606,46.211629259792474],[26.733756883917795,46.2045237071651],[26.715713722825864,46.196614853595776],[26.699939163905793,46.196830446647354],[26.690869573562978,46.19423124163658],[26.68086850534013,46.19577325458083],[26.67511858579422,46.18846124394114],[26.671613542164504,46.18750445847625],[26.670857066998675,46.185916139711566],[26.67412459558603,46.186506549750156],[26.670232108391726,46.17670076110219],[26.655824397831502,46.1746696824219],[26.65459998730323,46.17154896071547],[26.652517613196284,46.17233162690395],[26.648265392361562,46.169757630772146],[26.64946685312991,46.16852809478625],[26.646508863161426,46.16944436717698],[26.646669631949226,46.16704988750501],[26.637120768130227,46.165458702193014],[26.633361448318496,46.16099357084343],[26.62599799630057,46.16066569746695],[26.629307330691415,46.15231041026593],[26.602983857243974,46.147123568285544],[26.600627730221074,46.152050258594045],[26.60192952841213,46.15542765365118],[26.608497654859843,46.15803194770113],[26.606649097385688,46.159752052402666],[26.614642094268554,46.163347159133785],[26.631207348902688,46.163140613460364],[26.643666096914306,46.17125260815157],[26.651549266853873,46.181904135362096],[26.650994878063813,46.18482076910031],[26.659002328385657,46.189803535003016],[26.662613042445,46.19585813128826],[26.66100914389859,46.1974533353873],[26.66404251334497,46.19818363461533],[26.66301179509388,46.20224220371547],[26.669710935456678,46.20490556069401],[26.66678267395972,46.21738626082682],[26.662389521328983,46.22321858764312],[26.66990025195281,46.230471326054776],[26.671669563157565,46.22828964724426],[26.680049235244155,46.23487840281214],[26.684295948428197,46.23524315852766],[26.683683946977087,46.245460872204205],[26.70579085955342,46.244261175499496],[26.705582586042585,46.24593968354541],[26.711587199373056,46.24594888509911],[26.712012758208637,46.24842911968056],[26.71462788750808,46.24860032048182],[26.72293836239572,46.24494469798693]]]]},"properties":{"alert_id":"0b6759b913d31e3c","source":"nowcasting","alert_type":"nowcasting","feature_id":"40182889fa6f2ca23b","judet_cod":"BC","judet_nume":"Bacău","county_code":"BC","county_name":"Bacău","cod_judet":"BC","cod_culoare":1,"cod_culoare_nume":"Galben","culoare":"1","cod":"Galben","fenomen_principal":"Local averse care vor acumula 15...25 l/mp, descărcări electrice, intensificări ale vântului și vilelie cu viteze de 40...60 km/h, grindină cu diametrul de 1...2 cm.","fenomen_group":"ploi/vijelii","zona_text":"Județul Bacău: Onești, Moinești, Comănești, Târgu Ocna, Dărmănești, Sascut, Dofteana, Oituz, Poduri, Răcăciuni, Helegiu, Asău, Cleja, Agăș, Mănăstirea Cașin, Berești-Tazlău, Faraoani, Slănic-Moldova, Berzunți, Căiuți, Livezi, Târgu Trotuș, Bârsănești, Nicolae Bălcescu, Pârgărești, Măgirești, Sănduleni, Orbeni, Ștefan cel Mare, Urechești, Palanca, Valea Seacă, Cașin, Parava, Scorțeni, Coțofănești, Gura Văii, Buciumi, Strugari, Ardeoani, Bogdănești;<br>Zona de munte a județului Vrancea, respectiv zona de munte a localităților: Nereju, Tulnici, Vrâncioaia, Soveja, Nistorești, Vintileasca, Jitia, Spulber;<br>Județul Vrancea: Mărășești, Panciu, Odobești, Vidra, Păunești, Dumitrești, Țifești, Bolotești, Ruginești, Garoafa, Vizantea-Livezi, Jariștea, Movilița, Străoane, Câmpuri, Nereju, Mera, Tulnici, Răcoasa, Vârteșcoiu, Fitionești, Vrâncioaia, Soveja, Gura Caliței, Poiana Cristei, Cârligele, Reghiu, Nistorești, Chiojdeni, Paltin, Paulești, Vintileasca, Negrilești, Andreiașu de Jos, Broșteni, Năruja, Jitia, Valea Sării, Bârsești, Spulber;<br>","zona_nume":"Bacău - localitati","zone_name":"Bacău - localitati","display_name":"Bacău - localitati","localities":["Onești","Moinești","Comănești","Târgu Ocna","Dărmănești","Sascut","Dofteana","Oituz","Poduri","Răcăciuni","Helegiu","Asău","Cleja","Agăș","Mănăstirea Cașin","Berești-Tazlău","Faraoani","Slănic-Moldova","Berzunți","Căiuți","Livezi","Târgu Trotuș","Bârsănești","Nicolae Bălcescu","Pârgărești","Măgirești","Sănduleni","Orbeni","Ștefan cel Mare","Urechești","Palanca","Valea Seacă","Cașin","Parava","Scorțeni","Coțofănești","Gura Văii","Buciumi","Strugari","Ardeoani","Bogdănești","Zona de munte a județului Vrancea","respectiv zona de munte a localităților: Nereju","Tulnici","Vrâncioaia","Soveja","Nistorești","Vintileasca","Jitia","Spulber"],"geometry_source":"uat_match","match_confidence":"medium","interval_text":"","interval_start":"2026-07-14T13:30:00","valid_from":"2026-07-14T13:30:00","valid_to":"2026-07-14T15:00:00","interval_valabilitate_text":"","interval_end":"2026-07-14T15:00:00","data_expirare":"2026-07-14T15:00:00","mesaj_plain":"Local averse care vor acumula 15...25 l/mp, descărcări electrice, intensificări ale vântului și vilelie cu viteze de 40...60 km/h, grindină cu diametrul de 1...2 cm.","source_url":"","source_label":"","notes":"","durata_ore":1.5,"zi":"2026-07-14"}},{"type":"Feature","geometry":{"type":"MultiPolygon","coordinates":[[[[27.282799599655483,45.88631850841265],[27.276366118280105,45.883420652458014],[27.27572619955207,45.884969149415795],[27.252398499691687,45.88239590807227],[27.2486512848638,45.87265403713312],[27.27099494303419,45.87401323034886],[27.273025936999993,45.86927174363195],[27.279204132456876,45.8705517312763],[27.281582860346617,45.867965256246045],[27.27542982500014,45.86657803529638],[27.27914884283946,45.85690696818747],[27.281913303806625,45.85555281599559],[27.291299724238897,45.85939963513361],[27.292482063329416,45.85444415442801],[27.303256304591685,45.84510269321913],[27.308140007424054,45.83394476133653],[27.29996298861867,45.83318934340783],[27.296936687867007,45.83646689459787],[27.28087509994207,45.84191389237258],[27.266811890606743,45.835595256739595],[27.25244325110623,45.835118022256935],[27.245159420422304,45.837297735168626],[27.235168953037554,45.83494770952528],[27.226336553346705,45.83652220632192],[27.206897302784682,45.84305581093247],[27.207548718754534,45.845575564526584],[27.17647981847961,45.85451868532981],[27.17676181743362,45.86648017753663],[27.159321392478116,45.86652308156682],[27.158812629667107,45.87256990266359],[27.19457169692982,45.87316549902348],[27.194323721632767,45.88454968541839],[27.188951681176064,45.88437689648428],[27.188193359369713,45.89110262848077],[27.176305343656086,45.888980340331074],[27.163116686500782,45.91413912524025],[27.201927680233105,45.916921209890425],[27.198722606866163,45.92351317225661],[27.203656920222606,45.922963588390346],[27.20023825288903,45.95194646573255],[27.19292594522733,45.950980862176536],[27.18811194484226,45.96185381927423],[27.237081472203933,45.968336488794],[27.241926740082715,45.946897429662954],[27.255382254124616,45.931145004540454],[27.27391750578567,45.89678054474634],[27.282799599655483,45.88631850841265]]],[[[27.09859841414641,45.94744136500964],[27.100595773712335,45.94542344200558],[27.09490977559354,45.9326715518796],[27.1012901073551,45.919478225734224],[27.106879110818866,45.91929603724046],[27.108686795184806,45.91605507928392],[27.11541527974615,45.91859722057444],[27.121143760216572,45.913669137460474],[27.119679204386546,45.91085985705942],[27.154928270231395,45.91369217426873],[27.15713864063882,45.91739341704912],[27.16177816843912,45.9168697403762],[27.164944867411098,45.92095745803268],[27.166692924425117,45.918333942549424],[27.173098430582133,45.91904927396051],[27.17715249949992,45.91653090218808],[27.178791561685586,45.918791453381544],[27.183772410026112,45.91946597689567],[27.185542389167658,45.92302803555889],[27.199013683845962,45.92260457042795],[27.201927680233105,45.916921209890425],[27.163117019696177,45.91420933483328],[27.176305343656086,45.888980340331074],[27.188193359369713,45.89110262848077],[27.188951681176064,45.88437689648428],[27.194323721632767,45.88454968541839],[27.19457169692982,45.87316549902348],[27.158812629667107,45.87256990266359],[27.160578552975362,45.8660017439835],[27.17676181743362,45.86648017753663],[27.17647981847961,45.85451868532981],[27.14768126733652,45.862839850809905],[27.146305457077386,45.860620626528735],[27.1414311012626,45.863264112525655],[27.13580600732186,45.86227246466912],[27.120822616551308,45.86544363810139],[27.113691696238874,45.87032137021408],[27.113270829487437,45.868436216064865],[27.10345355631863,45.874103506124605],[27.101684998074013,45.87277680770582],[27.093787574186944,45.87889753102341],[27.08291130648887,45.88322221549351],[27.070378926941004,45.891785921764566],[27.068792718614542,45.889813498334384],[27.06877709763095,45.892429485236036],[27.048760724243547,45.90261304881912],[27.05316497468317,45.907803594595826],[27.06273501903266,45.902326915364455],[27.061695707122944,45.91320628435087],[27.067215381293504,45.91555120190286],[27.06546484090151,45.9233069626517],[27.074559073393015,45.92568004171427],[27.068928190763888,45.93875562064163],[27.065458990539895,45.938440730189214],[27.063316303124214,45.94048705749044],[27.0706657328766,45.942758010228495],[27.074072550321716,45.940213564029776],[27.08710692620333,45.945533381512874],[27.088089699798264,45.94408336028184],[27.092734364695826,45.9480123215136],[27.09618009098167,45.945694346253],[27.09859841414641,45.94744136500964]]],[[[27.110534187319224,45.79068177375446],[27.117794899094033,45.77804047677144],[27.132350598454455,45.775742080248286],[27.137313528517236,45.78882238117829],[27.155014819829194,45.78625112056364],[27.152017118063196,45.78396493212706],[27.16846034264292,45.78068837728711],[27.170576738210016,45.78828517457666],[27.17440088550456,45.78789350573753],[27.17232895125786,45.77967057818894],[27.175852679033575,45.77928556499563],[27.174938584154305,45.77559870733392],[27.18828313463868,45.773798975340696],[27.183662674716363,45.756504504301695],[27.19493910737896,45.75590745144166],[27.196341594746272,45.75847872754418],[27.203069114030686,45.757449983360196],[27.201749167386083,45.745245909977136],[27.187547809202485,45.74568490725696],[27.180820526359405,45.722322678434416],[27.174700891222216,45.722781466108934],[27.173237518142027,45.71694015343713],[27.16582518258441,45.72031375283011],[27.17172543057407,45.71661471071754],[27.168294736672195,45.71163306082505],[27.152380165815458,45.71726570339777],[27.153300267000912,45.7193401895242],[27.150035494541758,45.72105860056675],[27.154986438715397,45.73015857783788],[27.149253130266484,45.738564112199306],[27.152371124507287,45.74212720624438],[27.15657965808447,45.73830465645997],[27.156364115166717,45.73303645254425],[27.166162204608632,45.72457078590899],[27.1765915940065,45.74781758211975],[27.147933881234103,45.74803999359469],[27.13160425556451,45.73681263342505],[27.121745817557915,45.72616637513026],[27.11804439098623,45.72583918622413],[27.10072849678882,45.7354701446084],[27.095160872435404,45.741587161678986],[27.08205078692134,45.74085458559563],[27.076811428737425,45.746849382428756],[27.057679880292305,45.75337903551427],[27.052249630122063,45.7591093354078],[27.040195394570976,45.76188233997419],[27.037927400488808,45.76823242252728],[27.045357872627,45.768225415057806],[27.05086272034939,45.76299114527461],[27.056032507342806,45.765178446592365],[27.07055468310281,45.779343440006016],[27.080700492945134,45.785391468048466],[27.08330455259654,45.791357645608265],[27.10030445888104,45.78670880239906],[27.110534187319224,45.79068177375446]]],[[[26.95531351269567,45.96898399044633],[26.978130402257573,45.95144781508771],[26.98381500827541,45.95023118587914],[26.991547797431128,45.94381747081638],[26.996475901579906,45.93591290055452],[26.99472341525394,45.933674144503634],[26.997903947739655,45.93382294848826],[27.002446470482095,45.929502777759254],[26.991265969929078,45.918068627970484],[26.988795946568047,45.918935743686454],[26.98740025714778,45.91512675627877],[26.990061665212444,45.91389402595434],[26.98729098303747,45.911250202922325],[26.99541820472729,45.898360779196096],[26.991110964125397,45.89622696062574],[26.97601781636594,45.902582676206755],[26.97379366057044,45.89663202664038],[26.97035359345214,45.899405235437634],[26.96383321056842,45.89456661281277],[26.95258914544716,45.89910210096501],[26.946851759209054,45.89698817965494],[26.94840654462999,45.891826539834916],[26.943707291350204,45.8856912721371],[26.9454267999702,45.882718436375605],[26.94186262522509,45.87612809723742],[26.94667827351564,45.86005741452086],[26.930870920761944,45.8539956836677],[26.917063906391903,45.8561492611198],[26.913022059772953,45.855562704779075],[26.910024174634643,45.85210069999584],[26.898182223753356,45.85020656724896],[26.894239361803674,45.851420610624956],[26.885687033637655,45.85007368305021],[26.87920615930044,45.85201419628041],[26.871679804020168,45.85559618115084],[26.87199594491865,45.860944688530104],[26.867394299949144,45.863141350451635],[26.867476045760597,45.86564070757685],[26.863806274435838,45.864967832502586],[26.85478138734089,45.87156417091189],[26.857285246113182,45.87622249260049],[26.862108389789583,45.877644086458844],[26.86286401489274,45.88341205629606],[26.862034829861894,45.88633347769607],[26.858226189537888,45.88770149538446],[26.85517067651697,45.896415169198306],[26.829310438086335,45.908038375259565],[26.814268156810215,45.91960023414985],[26.80053296921413,45.92057564308057],[26.786762331364212,45.91781617450383],[26.779534201314103,45.9200457953991],[26.77862646949178,45.923342616798344],[26.781763733499176,45.92789859245261],[26.78137218704097,45.93203041426837],[26.77897670823339,45.932235988116865],[26.78004242018941,45.94250881050818],[26.79211708282748,45.9452298990927],[26.800772460926023,45.942638201181],[26.813228296128884,45.943703403181395],[26.814976909938373,45.93768863189951],[26.823661825308047,45.93665658499928],[26.83219739743804,45.93121993830368],[26.84558819576882,45.929454126010675],[26.8513072743967,45.93116159689545],[26.859607056246155,45.92681855498557],[26.8631059117943,45.9301190629984],[26.871335232346933,45.92917437733464],[26.874537156909447,45.93385240083791],[26.887242100035674,45.93191497582188],[26.888507270661446,45.93491353423044],[26.891193089492365,45.93471444085605],[26.887267853757674,45.9421529179847],[26.885639007638854,45.959860444230706],[26.88935038042155,45.97032957744348],[26.89541652134258,45.9740992572924],[26.898976561683103,45.97251006802678],[26.901753487945395,45.97444396153614],[26.90549169173037,45.973266036296046],[26.913894325054684,45.975251777367205],[26.917255853212442,45.9723684512589],[26.92356072855277,45.973004343408576],[26.938809405264625,45.980137806739066],[26.945561015757246,45.98070720251827],[26.9543876589041,45.972690429228315],[26.95531351269567,45.96898399044633]]],[[[27.179581594652134,46.03866458487224],[27.180186169029778,46.03432466396867],[27.17715004044294,46.03420387099743],[27.17662192060747,46.02988170092772],[27.17278538105839,46.02999494253407],[27.18039344881647,46.01969838630703],[27.175183619701787,46.01860959041304],[27.17683344460051,46.01433941258143],[27.161428217362765,46.01273234473266],[27.163814143155967,46.00229216773363],[27.155883621283206,46.00044282414312],[27.161121538851976,45.98860601975271],[27.176071708810916,45.98823548632997],[27.15645933165631,45.983392794072586],[27.155657193116333,45.97290066816383],[27.15169599261539,45.9718408848834],[27.149333207327704,45.97501047638297],[27.140399843584888,45.97270651332317],[27.129819160583445,45.98539683406568],[27.131888844690984,45.98681491407146],[27.127411264592183,45.99383230528104],[27.110336690585754,45.99188557587344],[27.107605972817588,45.99520805967878],[27.099641414001,45.99452931588011],[27.07374963103872,46.01127746703936],[27.063977638778823,46.0135891591278],[27.05302491623419,46.01928546672901],[27.042051040080214,46.03255370956381],[27.037704162911243,46.04268206096473],[27.02189275177748,46.050660381127535],[27.017954629551465,46.050754367563115],[27.016066441378754,46.053994293587],[26.988428952333212,46.06320687564769],[26.97163182973641,46.05481508892648],[26.96451861825207,46.054741616727675],[26.946436805260817,46.0614424362246],[26.937331004958132,46.06695896567458],[26.936985910022862,46.07015863038013],[26.940190017469828,46.07803097397819],[26.948254162180305,46.080901224266675],[26.96104833318187,46.07982672905654],[26.963289496251118,46.077606127141856],[26.966457453066464,46.08021061411733],[26.96956912279268,46.07733793827787],[26.975134711037096,46.0792844135066],[26.9917818228269,46.073885716067885],[26.99831585427066,46.074779009844534],[27.01521763210706,46.0704969654824],[27.03297914466753,46.06186582451292],[27.05695323773572,46.05682410038512],[27.064162764523104,46.05198280264532],[27.069205925071692,46.05827770762157],[27.070464248680366,46.06543132020925],[27.08738628631715,46.07234453445506],[27.09393165837445,46.07276773085715],[27.10250984331248,46.07101600478982],[27.109212138305274,46.06170436255022],[27.116651539327457,46.0637879085388],[27.119717495806018,46.05420405446715],[27.13273855918191,46.05603761494379],[27.139435476546222,46.055076539355646],[27.14286559671697,46.05401707725213],[27.14417279743153,46.045834244612365],[27.159873405222687,46.04190567390002],[27.162853444461444,46.04623797727787],[27.16669347106528,46.03924081057985],[27.176318080094383,46.04170739356838],[27.176702687782704,46.03845698106196],[27.179581594652134,46.03866458487224]]],[[[26.827513133083595,45.65813887337136],[26.828800230580132,45.651570820263004],[26.83515465966736,45.65101995699482],[26.840638772061077,45.64798353076231],[26.844559302533817,45.63705065643198],[26.853835207840667,45.63413813611603],[26.85460443158138,45.625125400220945],[26.860552728084315,45.61793582177008],[26.868790092050112,45.61654939487982],[26.886910338707384,45.62190136531597],[26.89533632279331,45.62076666945137],[26.90154123924024,45.615214975906134],[26.91838720501644,45.616556942579244],[26.91836132734034,45.60895991992765],[26.9288180712642,45.61243017598904],[26.937653422225775,45.60120926411106],[26.94289716404431,45.601055181006444],[26.948261642862793,45.59203995609248],[26.959193646223337,45.584674246669955],[26.965193167985948,45.58402355428325],[26.964602388192507,45.582263668428965],[26.96715264955717,45.584719690811106],[26.968876614095905,45.58332011347827],[26.973711447024243,45.58445319328142],[26.97963828811294,45.57817790517646],[26.983985789117522,45.57955849005241],[26.98829574166339,45.5772897770965],[26.989649044492264,45.575831426454975],[26.981346712115858,45.572180934881445],[26.975242604789806,45.564209827766135],[26.98084932578491,45.56260690352393],[26.988367992798814,45.55461464533484],[26.981618979194398,45.54974496933711],[26.982963780582228,45.5471436699438],[26.980672263534185,45.54531568066051],[26.98980350952411,45.54604502357622],[26.989110201973244,45.543214123587106],[26.994705896285957,45.544593678674545],[26.995054968003267,45.541830327008896],[26.976665557642754,45.53401954659588],[26.973209471842623,45.53331860180152],[26.97116992663552,45.53536658917487],[26.96413866396981,45.5336811655838],[26.963349441842688,45.53072211666695],[26.955403326141266,45.529013512067266],[26.94829288483366,45.52186897824236],[26.946140873742568,45.52503874012038],[26.940542794721697,45.52549339555781],[26.941900198846213,45.53052734590027],[26.934934910552247,45.53269792722178],[26.92919610264846,45.531766858839816],[26.927318708370397,45.53510850927573],[26.920304299305872,45.53493372634011],[26.918265100765726,45.5325778971301],[26.914734971950967,45.53542631273564],[26.906076494087756,45.5328360248863],[26.899219184725137,45.54613234396502],[26.89966779009212,45.55356071177689],[26.89747026435153,45.55273277426165],[26.882564107129767,45.56756961848013],[26.877551144483345,45.56808907286562],[26.86466201631829,45.57746207103165],[26.852969464498013,45.57977198494812],[26.8486535046793,45.58680895028336],[26.840450579523896,45.58600678398627],[26.835629018140466,45.60259889468885],[26.83001871784519,45.60311682912919],[26.810410071311473,45.617744278841364],[26.816866752492885,45.62356381312135],[26.809816661639296,45.62660019176785],[26.808061027956605,45.63252371025678],[26.812145846987818,45.6473707809996],[26.808108547222922,45.648799225564645],[26.810803056833336,45.655914808342146],[26.815521278285075,45.65932603442555],[26.827513133083595,45.65813887337136]]],[[[27.04815404534927,45.90383108280656],[27.069324899392697,45.8920791257396],[27.068792718614542,45.889813498334384],[27.070378926941004,45.891785921764566],[27.101684998074013,45.87277680770582],[27.10345355631863,45.874103506124605],[27.113270829487437,45.868436216064865],[27.113691696238874,45.87032137021408],[27.120822616551308,45.86544363810139],[27.13580600732186,45.86227246466912],[27.1414311012626,45.863264112525655],[27.146305457077386,45.860620626528735],[27.14768126733652,45.862839850809905],[27.20765695817534,45.845535086007224],[27.206897302784682,45.84305581093247],[27.21075153265354,45.84233382296731],[27.211182072607848,45.820484012554516],[27.200097718597185,45.81641220380587],[27.195448541461072,45.802934337581895],[27.20737171687555,45.80848449484636],[27.21371858725952,45.806905406701055],[27.230259263717684,45.80779311123889],[27.22915544744436,45.7948477327939],[27.215844997835397,45.79559789920472],[27.215732190412297,45.79319651569574],[27.19554623243543,45.79945292160621],[27.194288611118502,45.795006134827716],[27.186035002946625,45.7993739433968],[27.1855849229038,45.7954699268186],[27.17066563324305,45.80056596661542],[27.15415874405353,45.81312298115612],[27.132677554423918,45.82077224281246],[27.12532276785733,45.82612737175944],[27.110535514040894,45.827398730133105],[27.07446302539363,45.843639556107654],[27.051454822809447,45.87122322613347],[27.044107965616675,45.87359031446239],[27.035221267403276,45.88044182589312],[27.024159792065245,45.883499699944714],[27.01000528373629,45.894483123963724],[27.007878542454474,45.8985621754312],[27.002781622847355,45.90053827826936],[26.995122786632464,45.89987981134298],[26.98729098303747,45.911250202922325],[26.990061665212444,45.91389402595434],[26.98740025714778,45.91512675627877],[26.988795946568047,45.918935743686454],[26.991265969929078,45.918068627970484],[27.00345755881689,45.92991695382219],[27.008805200411626,45.925538573166094],[27.00832413454745,45.923461076138],[27.024263520638286,45.91623919234492],[27.034280970614173,45.908356029132996],[27.04815404534927,45.90383108280656]]],[[[26.995699659146755,45.89947113958648],[27.002781622847355,45.90053827826936],[27.007878542454474,45.8985621754312],[27.01000528373629,45.894483123963724],[27.024159792065245,45.883499699944714],[27.035221267403276,45.88044182589312],[27.044107965616675,45.87359031446239],[27.051454822809447,45.87122322613347],[27.07446302539363,45.843639556107654],[27.110535514040894,45.827398730133105],[27.12532276785733,45.82612737175944],[27.132677554423918,45.82077224281246],[27.15415874405353,45.81312298115612],[27.17066563324305,45.80056596661542],[27.185878854103972,45.795388450716125],[27.186198988235535,45.79299034989777],[27.193456995251672,45.793525338462395],[27.192884906575443,45.79111818556369],[27.184820025090847,45.790130636030916],[27.184488951911668,45.78794391850059],[27.192009267663135,45.787727770941885],[27.18828313463868,45.773798975340696],[27.17498471739596,45.775555080223754],[27.175852679033575,45.77928556499563],[27.17232895125786,45.77967057818894],[27.17440088550456,45.78789350573753],[27.170576738210016,45.78828517457666],[27.16846034264292,45.78068837728711],[27.152017118063196,45.78396493212706],[27.155014819829194,45.78625112056364],[27.137313528517236,45.78882238117829],[27.133644230556122,45.77625457042979],[27.117794899094033,45.77804047677144],[27.085487680104382,45.82702003964042],[27.083832317225944,45.82431885600734],[27.08016433279476,45.825829815372515],[27.072763852930567,45.81756545152271],[27.072887739366493,45.82424683735043],[27.05965293007815,45.817335531711755],[27.056910767054145,45.81918078952597],[27.062095698831087,45.82234917082816],[27.05801078648219,45.828165820046856],[27.03381411285011,45.822364172268934],[27.031782677275384,45.82271483262449],[27.032542224942326,45.82549376733885],[27.026952184170746,45.82472695183569],[27.023073389499697,45.826515624671174],[27.019666575401416,45.82524075156026],[27.02020942721983,45.8213064068625],[27.01252807086359,45.82256301489097],[26.998601971026876,45.81986612233997],[26.989358034726873,45.820830707990325],[26.991297795874445,45.81887674604738],[26.98698618011701,45.81649732618944],[26.987615139322777,45.81039384320436],[26.983983030293153,45.80612901198386],[26.978592829238654,45.810242901128404],[26.968804669348614,45.812627092419156],[26.96840505509114,45.8213549130435],[26.96420694292772,45.82748294505063],[26.96914245734681,45.83252931602589],[26.967862437298095,45.83574775386022],[26.96170705945261,45.83912575387481],[26.95995847373253,45.84438186326593],[26.947416073724945,45.85769857391889],[26.941978144760647,45.872997654421525],[26.9454267999702,45.882718436375605],[26.943707291350204,45.8856912721371],[26.94840654462999,45.891826539834916],[26.946851759209054,45.89698817965494],[26.95258914544716,45.89910210096501],[26.96383321056842,45.89456661281277],[26.97035359345214,45.899405235437634],[26.97379366057044,45.89663202664038],[26.97601781636594,45.902582676206755],[26.991110964125397,45.89622696062574],[26.995699659146755,45.89947113958648]]],[[[27.20125236784433,46.07337659677737],[27.209699513319862,46.05851818530954],[27.217242150252,46.057356640073365],[27.221438769011705,46.04981147974786],[27.197268865216973,46.04869631402317],[27.19092962588178,46.05392805295286],[27.191056610026223,46.04738594788176],[27.186639258114127,46.04723191547959],[27.187006654381026,46.044221529408034],[27.179118721292642,46.04221621132412],[27.179581594652134,46.03866458487224],[27.176702687782704,46.03845698106196],[27.176318080094383,46.04170739356838],[27.16669347106528,46.03924081057985],[27.162853444461444,46.04623797727787],[27.159873405222687,46.04190567390002],[27.14417279743153,46.045834244612365],[27.142812821072575,46.05406465652021],[27.1329509698346,46.05604048995707],[27.119717495806018,46.05420405446715],[27.116651539327457,46.0637879085388],[27.109212138305274,46.06170436255022],[27.10250984331248,46.07101600478982],[27.09393165837445,46.07276773085715],[27.08738628631715,46.07234453445506],[27.070464248680366,46.06543132020925],[27.069205925071692,46.05827770762157],[27.064162764523104,46.05198280264532],[27.056206190928677,46.05709302691847],[27.03297914466753,46.06186582451292],[27.01521763210706,46.0704969654824],[26.999575396571473,46.07455009714975],[26.9917818228269,46.073885716067885],[26.975134711037096,46.0792844135066],[26.96956912279268,46.07733793827787],[26.966457453066464,46.08021061411733],[26.963289496251118,46.077606127141856],[26.96104833318187,46.07982672905654],[26.948254162180305,46.080901224266675],[26.952891682898603,46.08726233207061],[26.950696442158435,46.09784930126107],[26.945469200631564,46.09961312532075],[26.96121166572988,46.10871603617703],[26.990008831283813,46.11296869485347],[26.995469131461256,46.11008716243235],[27.029376813833878,46.10224438361938],[27.03253848695504,46.09884028103358],[27.042126928501425,46.09831237363878],[27.0453955546503,46.095540696533405],[27.061730877164194,46.0927675638794],[27.073181133733126,46.08767708540262],[27.079448836938237,46.08822690037576],[27.084509562154967,46.095286043957685],[27.10564438197667,46.0887001293537],[27.105193672330785,46.10502023370836],[27.087837671811478,46.10860451164951],[27.08612713661542,46.11150414272948],[27.111460386617665,46.109089946664255],[27.12296781853086,46.1040906066064],[27.131921037029567,46.117076609937556],[27.136126647570222,46.11448000682164],[27.138695053427913,46.122541250361664],[27.156452019008963,46.117439616254714],[27.154429107989152,46.113877308990226],[27.159659082581094,46.11235092623744],[27.154971966187468,46.103819148510915],[27.15570109500582,46.09898342864885],[27.15033970749286,46.09760498132209],[27.148496712151665,46.09212155697726],[27.154435803421784,46.09030033853324],[27.157876322930363,46.086630691791065],[27.1677092109995,46.0850982401744],[27.17118301697,46.08203653474654],[27.188518920239115,46.07670874293845],[27.19658741031447,46.071257028856586],[27.20125236784433,46.07337659677737]]],[[[27.308140007424054,45.83394476133653],[27.319664440866116,45.80547819750136],[27.327587340023637,45.79477857753685],[27.342296536986556,45.78826332377976],[27.338980385199072,45.787582579716265],[27.338592945307333,45.78377509533556],[27.342950369054552,45.78033560511889],[27.354325028449118,45.75939261701391],[27.35059735007619,45.762409544152916],[27.344180951108118,45.76046706922513],[27.34295450754793,45.76281124407654],[27.335439819532112,45.76188728486361],[27.336133582211588,45.75925968794136],[27.33224890455284,45.76104746876302],[27.321709179663628,45.758130839397815],[27.31743759352762,45.76153669275392],[27.320590887588555,45.764784784727674],[27.316827206833924,45.7735973849183],[27.309628466065792,45.77484808368854],[27.293315871548756,45.76869987701859],[27.28355212846936,45.7688214673969],[27.268705964187173,45.780344750559934],[27.25945953146506,45.78114361332994],[27.24878512289165,45.779139763023124],[27.24714492306138,45.77195065204292],[27.21804040530666,45.777814148079855],[27.216902094992808,45.76934071558581],[27.20473885154126,45.7715212711148],[27.203069114030686,45.757449983360196],[27.196341594746272,45.75847872754418],[27.19493910737896,45.75590745144166],[27.183662674716363,45.756504504301695],[27.192009267663135,45.787727770941885],[27.184488951911668,45.78794391850059],[27.184820025090847,45.790130636030916],[27.192884906575443,45.79111818556369],[27.193456995251672,45.793525338462395],[27.185792545528457,45.79318519925272],[27.186035002946625,45.7993739433968],[27.193535309019342,45.79505598147235],[27.19554623243543,45.79945292160621],[27.215732190412297,45.79319651569574],[27.215844997835397,45.79559789920472],[27.22915544744436,45.7948477327939],[27.230259263717684,45.80779311123889],[27.21371858725952,45.806905406701055],[27.20737171687555,45.80848449484636],[27.195448541461072,45.802934337581895],[27.200097718597185,45.81641220380587],[27.211182072607848,45.820484012554516],[27.21075153265354,45.84233382296731],[27.235168953037554,45.83494770952528],[27.245159420422304,45.837297735168626],[27.25244325110623,45.835118022256935],[27.266811890606743,45.835595256739595],[27.281001389727905,45.841909262853264],[27.296936687867007,45.83646689459787],[27.29996298861867,45.83318934340783],[27.308140007424054,45.83394476133653]]],[[[26.825209316484628,45.98795637456959],[26.834637403153835,45.98417247209308],[26.85320008912645,45.981245666977884],[26.859688809168677,45.974956452499946],[26.867795150180626,45.97211901344402],[26.872608530911563,45.97528542948495],[26.892025436009693,45.97307542383925],[26.885639007638854,45.959860444230706],[26.887267853757674,45.9421529179847],[26.891193089492365,45.93471444085605],[26.888507270661446,45.93491353423044],[26.887242100035674,45.93191497582188],[26.874537156909447,45.93385240083791],[26.871335232346933,45.92917437733464],[26.8631059117943,45.9301190629984],[26.859607056246155,45.92681855498557],[26.8513072743967,45.93116159689545],[26.84558819576882,45.929454126010675],[26.83219739743804,45.93121993830368],[26.823661825308047,45.93665658499928],[26.814976909938373,45.93768863189951],[26.813228296128884,45.943703403181395],[26.800772460926023,45.942638201181],[26.79211708282748,45.9452298990927],[26.787925258455235,45.943155252095146],[26.776175298745724,45.94374202269388],[26.76795155161504,45.941797218267055],[26.760742632868833,45.94736826297288],[26.75298429614485,45.94718595343271],[26.747313881611873,45.953128509416686],[26.720366409054613,45.96813570719313],[26.713156566593906,45.974456820631886],[26.714734312816955,45.98000669117887],[26.709198794156354,45.98753647784063],[26.71609793768733,46.00630950782859],[26.745051592470304,46.008842182469266],[26.750707117542557,46.008333471847344],[26.75231410786953,46.00304291126015],[26.758341023170523,46.000324988568785],[26.76830176262694,46.00244913998432],[26.781085243032027,45.99534508460478],[26.794555363849366,45.99889288945762],[26.80335587721366,45.994016198075784],[26.80188026380486,45.99833169102291],[26.807057988901565,45.99592263381374],[26.80543177855349,45.990525695166745],[26.808672708157044,45.991070158459394],[26.81799090774506,45.987290150361886],[26.825209316484628,45.98795637456959]]],[[[27.110534187319224,45.79068177375446],[27.10030445888104,45.78670880239906],[27.08330455259654,45.791357645608265],[27.080700492945134,45.785391468048466],[27.05086272034939,45.76299114527461],[27.045357872627,45.768225415057806],[27.03074009747942,45.77269196015577],[27.01562194514689,45.78635243783226],[27.006246015618345,45.78873302684577],[27.000926312933444,45.792833546320985],[26.999389175838832,45.79555885366057],[27.002765431765237,45.79893589424082],[26.994127403578307,45.80825228475868],[26.99411409749953,45.81682483314184],[26.989358034726873,45.820830707990325],[26.998601971026876,45.81986612233997],[27.01252807086359,45.82256301489097],[27.02020942721983,45.8213064068625],[27.019666575401416,45.82524075156026],[27.023073389499697,45.826515624671174],[27.026952184170746,45.82472695183569],[27.032542224942326,45.82549376733885],[27.031782677275384,45.82271483262449],[27.03381411285011,45.822364172268934],[27.05801078648219,45.828165820046856],[27.062095698831087,45.82234917082816],[27.056910767054145,45.81918078952597],[27.05965293007815,45.817335531711755],[27.072887739366493,45.82424683735043],[27.072763852930567,45.81756545152271],[27.08016433279476,45.825829815372515],[27.083832317225944,45.82431885600734],[27.085487680104382,45.82702003964042],[27.110534187319224,45.79068177375446]]],[[[27.155657193116333,45.97290066816383],[27.155118988846343,45.96422190496025],[27.169327296030026,45.9678113461956],[27.172300959989492,45.95922830842426],[27.18811194484226,45.96185381927423],[27.19292594522733,45.950980862176536],[27.20023825288903,45.95194646573255],[27.203656920222606,45.922963588390346],[27.185542389167658,45.92302803555889],[27.183772410026112,45.91946597689567],[27.178791561685586,45.918791453381544],[27.17715249949992,45.91653090218808],[27.173098430582133,45.91904927396051],[27.166692924425117,45.918333942549424],[27.164944867411098,45.92095745803268],[27.16177816843912,45.9168697403762],[27.15713864063882,45.91739341704912],[27.154928270231395,45.91369217426873],[27.119679204386546,45.91085985705942],[27.121143760216572,45.913669137460474],[27.11541527974615,45.91859722057444],[27.108686795184806,45.91605507928392],[27.106879110818866,45.91929603724046],[27.1012901073551,45.919478225734224],[27.09490977559354,45.9326715518796],[27.100595773712335,45.94542344200558],[27.08584168709599,45.959426101617474],[27.080342638920076,45.96073463055315],[27.0825366742401,45.966121217932496],[27.096860821509946,45.971829673195955],[27.087344805188067,45.97800150964884],[27.090320353198987,45.979928960973574],[27.090612564794874,45.9841612183774],[27.07470373072364,45.9891506173124],[27.069537523294112,45.998661751393115],[27.05943196675556,46.00409971831552],[27.036203640434103,46.02266502201415],[27.01985690891344,46.03136038561148],[27.011369029969206,46.040222969707195],[27.00073785386627,46.04438252940707],[26.99670254507837,46.04943079542566],[26.97163182973641,46.05481508892648],[26.988428952333212,46.06320687564769],[27.016066441378754,46.053994293587],[27.017954629551465,46.050754367563115],[27.02189275177748,46.050660381127535],[27.037704162911243,46.04268206096473],[27.042051040080214,46.03255370956381],[27.05302491623419,46.01928546672901],[27.063977638778823,46.0135891591278],[27.07374963103872,46.01127746703936],[27.099641414001,45.99452931588011],[27.107605972817588,45.99520805967878],[27.110336690585754,45.99188557587344],[27.127346983707405,45.99387217373034],[27.131888844690984,45.98681491407146],[27.129819160583445,45.98539683406568],[27.140399843584888,45.97270651332317],[27.149333207327704,45.97501047638297],[27.15169599261539,45.9718408848834],[27.155657193116333,45.97290066816383]]],[[[27.0706657328766,45.942758010228495],[27.063316303124214,45.94048705749044],[27.065458990539895,45.938440730189214],[27.068928190763888,45.93875562064163],[27.074591389812856,45.92578863067832],[27.06546484090151,45.9233069626517],[27.067215381293504,45.91555120190286],[27.061695707122944,45.91320628435087],[27.06273501903266,45.902326915364455],[27.05316497468317,45.907803594595826],[27.047935886349464,45.903630313193915],[27.043577544356822,45.904543393935555],[27.00832413454745,45.923461076138],[27.00587638416622,45.92812616146968],[26.997903947739655,45.93382294848826],[26.99472341525394,45.933674144503634],[26.996475901579906,45.93591290055452],[26.991547797431128,45.94381747081638],[26.96710849651213,45.960916593718096],[26.973512200956417,45.97396344927585],[26.97894126700249,45.97894099284492],[26.978311362556486,45.98391334086429],[26.96889147355815,45.991046387862106],[26.96674337165994,45.99756497798639],[26.953945614447257,46.0072654701292],[26.946985531086618,46.01920703266684],[26.93723577994599,46.02382792680305],[26.929404439517263,46.03464295953814],[26.935871269965844,46.032946390569684],[26.943055451356365,46.03402762160384],[26.95683924033709,46.02841633624908],[26.967002549242476,46.0271618348494],[26.96963750788776,46.02425907753887],[26.967305772881165,46.021459567946614],[26.968995345659295,46.01887243580547],[26.9838909532759,46.012310209285296],[27.00077366233736,45.99938694774882],[27.002826431543554,45.99479119920936],[27.011693250515794,45.99109201105233],[27.025786548484188,45.97912285508798],[27.027667331743118,45.96986157662899],[27.03155404959557,45.965008423960434],[27.045192272135697,45.95558328375554],[27.049930907174346,45.95592372945219],[27.05269249383709,45.95267904321896],[27.06204765088379,45.94996448451026],[27.0706657328766,45.942758010228495]]],[[[26.754885866219762,45.71636531834406],[26.751491815056305,45.70655271225333],[26.743626079099744,45.706216623377365],[26.73726194142614,45.6998840942396],[26.728912092601707,45.69862365531094],[26.725060040829923,45.68896068964174],[26.706090427009762,45.679895340440964],[26.70715192415297,45.6720884106354],[26.68945863531818,45.65744072016069],[26.68167491967688,45.65905361160715],[26.67495541579653,45.652026654713204],[26.66917257477102,45.65034657687808],[26.656938333795715,45.649509808143264],[26.647386844058783,45.6533372561005],[26.641700766818076,45.65139076728269],[26.633884922274618,45.652029855570746],[26.622454311428015,45.63372627832034],[26.61527557606221,45.62804301554177],[26.608809647655203,45.627459845363305],[26.5935507482888,45.6203500778291],[26.58108497614676,45.628578077721016],[26.579682792884462,45.6333057521419],[26.57372189211685,45.6343608171641],[26.560975092904602,45.627872716673714],[26.553716807216578,45.630288778736464],[26.551690361616565,45.629283701347376],[26.54480103509869,45.63455986945095],[26.541482338734475,45.64177697727705],[26.529780435391878,45.641044860474395],[26.525341535181752,45.647229032214376],[26.51792923723994,45.65124891229177],[26.50806765099386,45.667116964094625],[26.49283232648644,45.67689689511024],[26.48719651891756,45.687516831107125],[26.489487529564734,45.69372965253972],[26.482999192002268,45.70114622878584],[26.467176775322187,45.70456812943103],[26.46524658040523,45.70925820981009],[26.46681318836648,45.719322769037255],[26.45898114889095,45.72564815534916],[26.443026100614855,45.731160735222566],[26.44290190519649,45.73536975830857],[26.438592369682432,45.73757559014722],[26.441267848316,45.739621250911284],[26.448617886849068,45.73835316677245],[26.449998417866677,45.734578619344774],[26.455514729228184,45.731128838122046],[26.464735589269218,45.73144456452521],[26.475013773293252,45.734870127112686],[26.521296630089594,45.73192982211854],[26.536875201275922,45.73364668141626],[26.541032774005753,45.73873184014372],[26.545333272930044,45.73970339894241],[26.555447751424175,45.73772213513736],[26.56502738469102,45.73258097026574],[26.566134267773386,45.72889437453581],[26.57402119150799,45.72538951009434],[26.588287513346323,45.724483943415116],[26.597442539898214,45.7154467364584],[26.598387146063565,45.71807917123365],[26.611787336490238,45.72657343754991],[26.613852992846695,45.73174389274515],[26.62217879009138,45.73483385748005],[26.627265823071937,45.73475003295288],[26.638172528998783,45.71782764510583],[26.65365054170463,45.72828458392408],[26.654990327477478,45.724685099280045],[26.66145300756175,45.72364669112525],[26.681010348918228,45.728076791849084],[26.677192385170766,45.7353275857046],[26.685475091353293,45.73766940242578],[26.697373224908393,45.73717607252274],[26.701732305755186,45.7406138189761],[26.703299344500177,45.73415460930005],[26.709683769835873,45.733717307749416],[26.719614760602017,45.73689392606965],[26.73866298369605,45.73365065091943],[26.737506089514163,45.731051647242786],[26.752166091886366,45.723766395074556],[26.749060041638074,45.720990332594845],[26.754885866219762,45.71636531834406]]],[[[26.983983030293153,45.80612901198386],[26.98702727835114,45.79962713578953],[26.985395760244916,45.7903210488716],[26.98038938465911,45.7827371268607],[26.97476549786539,45.780484066504414],[26.974173952775846,45.77513599491194],[26.976674749442058,45.7662312968172],[26.985127724440584,45.76165742520148],[26.98322448668737,45.75572163970924],[26.986641409991382,45.752981070593144],[26.981387422250023,45.74428094707227],[26.985868143914278,45.729973538619554],[26.994416123456414,45.719902587535394],[26.995775617084657,45.7132047647991],[26.982557651106724,45.70837036387913],[26.96858216136791,45.71694914601633],[26.958366617808892,45.7176459231492],[26.949045910351625,45.72303584429058],[26.929109504978598,45.71938805652738],[26.92323753127458,45.72632623560706],[26.91668662124445,45.72664477722781],[26.913729761261195,45.729065162035916],[26.90642705376482,45.72910686057535],[26.906574807153852,45.72184760010914],[26.900542487336374,45.725985485691666],[26.89855832938188,45.72148850763744],[26.893578120748415,45.72216359729067],[26.889906515790024,45.71983032528766],[26.883215994616556,45.72507360749247],[26.886540280361437,45.72929407124572],[26.885856297733177,45.73609078501221],[26.875191814455224,45.74440581762783],[26.862835281718567,45.74415892985547],[26.865187598218057,45.747740376744716],[26.859421198018868,45.760593361501805],[26.866025999243742,45.762437664603326],[26.864577667265618,45.767999918963234],[26.872439846595206,45.77478907426215],[26.896405303885988,45.77570564260577],[26.904435888229575,45.78321271019455],[26.912102542014665,45.77800839187111],[26.918654434830387,45.79317862295945],[26.915966955836556,45.793526285748186],[26.91258975778773,45.80047561433404],[26.917069962708503,45.808162398192394],[26.91221553649046,45.81318142618141],[26.911127494778075,45.825839298840414],[26.90521656788602,45.83370821143957],[26.9131910542724,45.840184527506935],[26.914594834964507,45.849261735138256],[26.921066334913554,45.85218468235639],[26.92259801374914,45.855822278789894],[26.930870920761944,45.8539956836677],[26.948270544940453,45.85942502466015],[26.947416073724945,45.85769857391889],[26.95995847373253,45.84438186326593],[26.96170705945261,45.83912575387481],[26.967862437298095,45.83574775386022],[26.96914245734681,45.83252931602589],[26.96420694292772,45.82748294505063],[26.96840505509114,45.8213549130435],[26.96768822036915,45.81375834711917],[26.978592829238654,45.810242901128404],[26.983983030293153,45.80612901198386]]],[[[26.579780938775833,46.02159870274207],[26.588272591952194,46.009303634245235],[26.58667103464445,45.99833081875331],[26.60240781908498,45.99046281676809],[26.60282537750313,45.988297493489384],[26.594049566947934,45.98279005444602],[26.606231696701112,45.97689220168674],[26.613412756609083,45.96813726052747],[26.62013259426182,45.96754647778197],[26.618099029911647,45.962045570016606],[26.626725985225562,45.95369822659004],[26.62606632568081,45.94997142769485],[26.637954979675182,45.946352813578955],[26.64056939787233,45.942943798515884],[26.65290122018143,45.94664395711729],[26.661930894323298,45.946290966142165],[26.669495903330507,45.948437054976445],[26.674923423046774,45.947862154323566],[26.677497091252473,45.942185586713],[26.689170499000614,45.943364344730576],[26.692102049307532,45.93224113436731],[26.690214916815506,45.93081533361318],[26.69259398309186,45.92970459262938],[26.689608630381382,45.92689189485169],[26.706709405557532,45.91727684709997],[26.70655912918197,45.91298925959468],[26.674513218114747,45.90198024341208],[26.66915396555745,45.89354567584809],[26.663182941471373,45.89258072286169],[26.660118818594203,45.88805416198069],[26.654929004684817,45.888339172113916],[26.654540205352003,45.884771009760954],[26.644739323002113,45.8811168686942],[26.64225650915311,45.88556346868164],[26.636736726236233,45.882199020872726],[26.631362728321108,45.884090857608854],[26.629689732999186,45.88793328303403],[26.606966226307442,45.88152618313311],[26.607972050225587,45.8895925449464],[26.600682451932812,45.895797474933815],[26.58510515334772,45.90179897650274],[26.57566901685503,45.9000376251972],[26.558703450041023,45.890016884130205],[26.551167082194496,45.90686915872557],[26.567580449792665,45.916071300896085],[26.566551420111466,45.921445176139784],[26.568932229214813,45.922075191520015],[26.565425836657266,45.92360177691597],[26.56413895208213,45.93003994884333],[26.56961783236707,45.9390164757044],[26.575282298071414,45.94002749723809],[26.57578605401397,45.94232135169461],[26.578472647599074,45.94057099155405],[26.58056819665574,45.942629802255745],[26.583962709652,45.940147329936785],[26.585955658507302,45.94238342843573],[26.581809745554143,45.94521008556548],[26.573004106162006,45.94610525703998],[26.572997542517705,45.9484751879536],[26.565557396508638,45.95169683251487],[26.541313576706635,45.94787794440987],[26.5189235010581,45.95290467660534],[26.513414025382687,45.95078932057394],[26.506036916369524,45.95108997050965],[26.48434079604271,45.94283892480137],[26.470073420768074,45.94192746366779],[26.458406035139355,45.93610787489205],[26.45486973096519,45.93197946416255],[26.454574105582576,45.9246803087977],[26.448591324190854,45.91747704184846],[26.450545708938332,45.90296744655888],[26.449777736914925,45.89985794196663],[26.446132778958702,45.89853256284404],[26.44694918862988,45.89317879921391],[26.438553182106645,45.88792858007718],[26.43165107095768,45.875631578137245],[26.42400828280889,45.87294185588583],[26.417243741083478,45.86483868790094],[26.40398354053304,45.85956833858693],[26.399476344477417,45.85565974261413],[26.372287055031784,45.849538798756655],[26.374365626817156,45.857769503527855],[26.381315326035974,45.862761013133536],[26.38798940336149,45.87359369817815],[26.385570203327497,45.88312562922785],[26.377023301789926,45.88934401645499],[26.379137623127423,45.894725527921345],[26.37566268279806,45.907219648679565],[26.381890502624778,45.91089720532848],[26.382287521201814,45.91690843235094],[26.394499930059208,45.920856768840935],[26.38977435655002,45.9288463823399],[26.39254657733785,45.93331657754149],[26.38720609729437,45.94031097651593],[26.391905409522966,45.94801101172445],[26.389251368979295,45.95488892573225],[26.39832592065811,45.96633564925661],[26.418617759249862,45.97623752251826],[26.43776217443079,45.98934960417385],[26.438126638179025,45.99317190685512],[26.43198910286767,46.00045915064118],[26.445652854320084,46.01876535841378],[26.440428974401833,46.02312589536231],[26.43754856524254,46.03552958221977],[26.440004149277723,46.0388842810815],[26.46036275708589,46.03513981824415],[26.477228445842957,46.03994601339768],[26.480030510670066,46.04478847140053],[26.49172229650586,46.04521937172412],[26.515648151672064,46.02691942825274],[26.52716748469255,46.028171978260715],[26.53190306467769,46.02615731611496],[26.535736545264395,46.02789885238532],[26.540051904428324,46.02330112702724],[26.548443014049653,46.02418586901554],[26.5519918238338,46.02012558780398],[26.55948656095444,46.020337806311744],[26.57259975240773,46.0168374111269],[26.579780938775833,46.02159870274207]]],[[[26.84463033132907,46.07132642809522],[26.851995061148802,46.06564613810944],[26.863197319362126,46.06105958237263],[26.865044209907296,46.05809522507605],[26.894309658209757,46.052801456897164],[26.905097754458176,46.04730745369127],[26.913976580855923,46.03853945320269],[26.92020261340921,46.038877514691606],[26.929404439517263,46.03464295953814],[26.93723577994599,46.02382792680305],[26.946985531086618,46.01920703266684],[26.953945614447257,46.0072654701292],[26.96674337165994,45.99756497798639],[26.96889147355815,45.991046387862106],[26.978311362556486,45.98391334086429],[26.979744187561558,45.98065058651248],[26.973512200956417,45.97396344927585],[26.96954431593026,45.96315969512193],[26.966019785983224,45.9616127082731],[26.962097823397226,45.963359205741135],[26.945561015757246,45.98070720251827],[26.938809405264625,45.980137806739066],[26.92356072855277,45.973004343408576],[26.917255853212442,45.9723684512589],[26.913894325054684,45.975251777367205],[26.90549169173037,45.973266036296046],[26.901753487945395,45.97444396153614],[26.898976561683103,45.97251006802678],[26.896580699266163,45.97416993981056],[26.891635343248538,45.97299188001673],[26.872608530911563,45.97528542948495],[26.868123084632618,45.97207091669337],[26.859688809168677,45.974956452499946],[26.853428107975702,45.98115852437313],[26.834637403153835,45.98417247209308],[26.823727934823918,45.98917560138553],[26.82290216585029,45.99063073270202],[26.82480535005206,45.98925479220337],[26.827826481197945,45.991062002842945],[26.833249474579826,45.990682263780904],[26.83198754370521,46.00771062159601],[26.825168432964322,46.024878492783174],[26.81101871155572,46.03852849612352],[26.814302853530325,46.04219074373562],[26.805742504021843,46.04904655272553],[26.80180203625683,46.058864726030365],[26.805741780182764,46.06620937950617],[26.82487002945215,46.07232027075084],[26.829493502947834,46.07054854109268],[26.84463033132907,46.07132642809522]]],[[[26.886359629690098,46.080787478587936],[26.891674433542565,46.07743998293153],[26.89542914433316,46.0788254669739],[26.90478056044039,46.07612072349516],[26.90596754015639,46.07321707535835],[26.918457058979946,46.06957936890089],[26.92338640370907,46.06551423403222],[26.927804532303437,46.066298864384194],[26.932417812255178,46.0645363887713],[26.937331004958132,46.06695896567458],[26.95266588646609,46.05807357301856],[26.955653187550638,46.05892141676678],[26.96451861825207,46.054741616727675],[26.973078857192807,46.0548252500777],[26.995938820058708,46.049730631529584],[27.00073785386627,46.04438252940707],[27.011369029969206,46.040222969707195],[27.01985690891344,46.03136038561148],[27.036203640434103,46.02266502201415],[27.05943196675556,46.00409971831552],[27.069759434789557,45.9984831406494],[27.07470373072364,45.9891506173124],[27.090612564794874,45.9841612183774],[27.090320353198987,45.979928960973574],[27.087344805188067,45.97800150964884],[27.096860821509946,45.971829673195955],[27.0825366742401,45.966121217932496],[27.080342638920076,45.96073463055315],[27.08584168709599,45.959426101617474],[27.098340542311952,45.947226306301],[27.09618009098167,45.945694346253],[27.092734364695826,45.9480123215136],[27.088089699798264,45.94408336028184],[27.08710692620333,45.945533381512874],[27.074072550321716,45.940213564029776],[27.06204765088379,45.94996448451026],[27.05269249383709,45.95267904321896],[27.049930907174346,45.95592372945219],[27.045192272135697,45.95558328375554],[27.03155404959557,45.965008423960434],[27.027667331743118,45.96986157662899],[27.025786548484188,45.97912285508798],[27.011693250515794,45.99109201105233],[27.002826431543554,45.99479119920936],[27.00077366233736,45.99938694774882],[26.9838909532759,46.012310209285296],[26.968995345659295,46.01887243580547],[26.967305772881165,46.021459567946614],[26.96963750788776,46.02425907753887],[26.967002549242476,46.0271618348494],[26.95683924033709,46.02841633624908],[26.943055451356365,46.03402762160384],[26.935871269965844,46.032946390569684],[26.92020261340921,46.038877514691606],[26.91407160831273,46.03849586388489],[26.905097754458176,46.04730745369127],[26.894888223979653,46.05257196649016],[26.865044209907296,46.05809522507605],[26.863197319362126,46.06105958237263],[26.851995061148802,46.06564613810944],[26.84463033132907,46.07132642809522],[26.848085142486507,46.078697576681044],[26.862706698873577,46.08053327103341],[26.86625847526839,46.08458941382169],[26.872577040554585,46.08469435085698],[26.877223310297612,46.0818929029162],[26.886359629690098,46.080787478587936]]],[[[26.71430606755993,46.00348464242092],[26.710132847395716,45.98519579366388],[26.695267341713386,45.97984333880146],[26.687458667443348,45.98037651628541],[26.684978899050442,45.975122518878216],[26.68083858055568,45.97555255980974],[26.679674305262854,45.973175484873025],[26.663603719693263,45.971672862290056],[26.657977824837186,45.96741361489178],[26.648011979311438,45.96695298207933],[26.626725985225562,45.95369822659004],[26.618099029911647,45.962045570016606],[26.62013259426182,45.96754647778197],[26.613412756609083,45.96813726052747],[26.606231696701112,45.97689220168674],[26.594049566947934,45.98279005444602],[26.60282537750313,45.988297493489384],[26.602190209171894,45.99072068184535],[26.598693363792922,45.99081603766157],[26.59865171796553,45.992748528990326],[26.586455338911513,45.99863554018674],[26.588272591952194,46.009303634245235],[26.57974713999316,46.0217466737746],[26.585603508397114,46.032120182100165],[26.585810906219074,46.04010151899536],[26.59805733810001,46.04421647368894],[26.601439599507387,46.04739108500535],[26.608144095261068,46.04478109961918],[26.618580961827373,46.05313969523098],[26.634102246366773,46.057508860248674],[26.63372295506863,46.060991281483105],[26.64085093493906,46.065597779708426],[26.63953914312049,46.07070868027973],[26.644699333456423,46.07513717186294],[26.662561193988797,46.07389859963028],[26.676650040902484,46.0669480920488],[26.67347784592423,46.0616075884173],[26.678497269424263,46.05774334285755],[26.687622225959302,46.05809314157843],[26.69165389721471,46.0555696069302],[26.705820916909243,46.05389412227496],[26.70686365060511,46.05594129392294],[26.71502741611082,46.05759530669032],[26.721592607923835,46.054483923675505],[26.72023701810182,46.02106702745146],[26.70950654818602,46.01209958386764],[26.71430606755993,46.00348464242092]]],[[[26.999597774833806,45.630402151834005],[27.00525475077503,45.61705894605653],[27.01791286356985,45.6124424140271],[27.0139400201313,45.604274637206096],[27.021496815093034,45.59806525061843],[27.019962771103536,45.59547203295231],[27.03375798167085,45.58569265682911],[27.036514557227697,45.57929622265128],[27.047579115687803,45.574248226023975],[27.044308915008383,45.5737027088297],[27.0463425919964,45.57148419108611],[27.049219360268985,45.57012506628836],[27.052478844149938,45.571860284369095],[27.065203027594123,45.56587441303232],[27.063032485156718,45.561036426959554],[27.062294771182305,45.565578064456496],[27.059212765034975,45.56632058401964],[27.057431472756857,45.56303351709865],[27.053575750686143,45.56438442736314],[27.052032162251255,45.56282322497429],[27.046332224018926,45.563773360306314],[27.047474320652103,45.565950821666824],[27.030501061032197,45.55904076002277],[27.025430851148887,45.562958111274774],[27.017226858368193,45.55927012893994],[27.011695775888253,45.56079919401836],[27.01306184678224,45.55664773358813],[27.00712117747483,45.56024871480216],[26.997618657405752,45.55982558798133],[26.97565162610229,45.56373822408535],[26.980535734103285,45.57150272956082],[26.98921718928054,45.57649903424051],[26.983985789117522,45.57955849005241],[26.97963828811294,45.57817790517646],[26.973711447024243,45.58445319328142],[26.968876614095905,45.58332011347827],[26.96715264955717,45.584719690811106],[26.964602388192507,45.582263668428965],[26.965193167985948,45.58402355428325],[26.959193646223337,45.584674246669955],[26.948261642862793,45.59203995609248],[26.94289716404431,45.601055181006444],[26.937653422225775,45.60120926411106],[26.9288180712642,45.61243017598904],[26.918615790492336,45.608838365468124],[26.91838720501644,45.616556942579244],[26.90154123924024,45.615214975906134],[26.89533632279331,45.62076666945137],[26.886910338707384,45.62190136531597],[26.868790092050112,45.61654939487982],[26.860552728084315,45.61793582177008],[26.85460443158138,45.625125400220945],[26.853835207840667,45.63413813611603],[26.844559302533817,45.63705065643198],[26.840638772061077,45.64798353076231],[26.83515465966736,45.65101995699482],[26.828800230580132,45.651570820263004],[26.82054377732984,45.671886986335494],[26.82585388280169,45.6751801613666],[26.854285162185498,45.67911108370576],[26.857409270674626,45.68841157508681],[26.861419838841613,45.68868497404837],[26.86498514992118,45.69411408452195],[26.875035788227034,45.69727655721257],[26.88675156732063,45.69683193986713],[26.907188711380943,45.69047641992688],[26.92730945083898,45.677031962240825],[26.94229266223513,45.674168263366504],[26.947192443627237,45.6693830416001],[26.947067315169786,45.663540513197475],[26.955015572684875,45.657551283477915],[26.962217230397016,45.65529266774404],[26.96848063046611,45.639880134880904],[26.97956884061592,45.6460378769536],[26.986116206495844,45.646718253166355],[26.98482994928483,45.639450036541106],[26.989202858309756,45.632649393826384],[26.993897881188435,45.633021356678285],[26.999597774833806,45.630402151834005]]],[[[26.982557651106724,45.70837036387913],[26.987858525057927,45.69802885107393],[26.98393645793466,45.69431559012791],[26.98789422236887,45.68238850790701],[26.991804052832446,45.68059908538256],[26.991315734464123,45.678008511065535],[26.996920861423966,45.67567492493707],[26.997083559508287,45.66937691141107],[27.00528002477758,45.66664544947422],[27.00319077938802,45.664394105348784],[27.013574463413136,45.655125266243935],[27.01487649193055,45.649774723444956],[27.012701843883395,45.648005128637834],[27.018059730391126,45.64280721220428],[27.015400522652925,45.641481665568996],[27.017931148422296,45.637517314751015],[27.009040385767552,45.638118419776816],[26.99953103524276,45.630351025562646],[26.993897881188435,45.633021356678285],[26.989202858309756,45.632649393826384],[26.98482994928483,45.639450036541106],[26.986116206495844,45.646718253166355],[26.97956884061592,45.6460378769536],[26.96848063046611,45.639880134880904],[26.962217230397016,45.65529266774404],[26.955015572684875,45.657551283477915],[26.947067315169786,45.663540513197475],[26.947192443627237,45.6693830416001],[26.94229266223513,45.674168263366504],[26.92730945083898,45.677031962240825],[26.91884562450415,45.68173093098795],[26.91648384996643,45.68573845752263],[26.900666826550523,45.69322210650947],[26.889934431595197,45.69458003176572],[26.88675156732063,45.69683193986713],[26.875035788227034,45.69727655721257],[26.868278395139118,45.70591758283714],[26.870615802472045,45.71261855302602],[26.88105466213012,45.7156989258452],[26.887615580093772,45.72146936297667],[26.889906515790024,45.71983032528766],[26.893578120748415,45.72216359729067],[26.89855832938188,45.72148850763744],[26.900542487336374,45.725985485691666],[26.90247311409279,45.723432767562294],[26.90513189719941,45.724422854315904],[26.906457132123904,45.721858359765086],[26.908117203141682,45.72271676301022],[26.906496813845575,45.729149521785885],[26.92323753127458,45.72632623560706],[26.929109504978598,45.71938805652738],[26.949203468301956,45.722998022118006],[26.958366617808892,45.7176459231492],[26.96858216136791,45.71694914601633],[26.982557651106724,45.70837036387913]]],[[[26.922174351405555,45.85550482962107],[26.921066334913554,45.85218468235639],[26.914594834964507,45.849261735138256],[26.9131910542724,45.840184527506935],[26.90521656788602,45.83370821143957],[26.911127494778075,45.825839298840414],[26.91221553649046,45.81318142618141],[26.917069962708503,45.808162398192394],[26.91258975778773,45.80047561433404],[26.915966955836556,45.793526285748186],[26.918654434830387,45.79317862295945],[26.912102542014665,45.77800839187111],[26.904336065615954,45.78320047400175],[26.89628036563177,45.77567401395487],[26.874373642737677,45.77529120494574],[26.850923804537288,45.77152698774211],[26.84702401838556,45.773565996607914],[26.83872863204537,45.767819588726574],[26.8274571154177,45.771278744683656],[26.82137273994884,45.776627851834874],[26.806078948563425,45.7774544028442],[26.80090237140782,45.773533497530735],[26.799155313808107,45.76657445636273],[26.792448586903387,45.76668534833992],[26.789193750118145,45.77005007535113],[26.79314638424519,45.77884739758017],[26.790637575597138,45.78508825299617],[26.792542726259175,45.78870770233413],[26.789888269609957,45.790843375579456],[26.796253544157153,45.79825104662126],[26.806345188637376,45.80001937408756],[26.8124493491724,45.80755638253055],[26.809123292649847,45.81482007331481],[26.815051442984494,45.81724050604088],[26.807201841165227,45.82007483052952],[26.816405258842025,45.82684276559935],[26.819831494514755,45.82738817998267],[26.82090954272701,45.82522329866211],[26.82440769513611,45.8249214940503],[26.83077184068385,45.82678509426471],[26.83882293905622,45.83650574607129],[26.839031857371467,45.841463198771116],[26.84933854722921,45.850834879030195],[26.85890906024646,45.8529891160111],[26.86177415598516,45.852521406921745],[26.863771679372384,45.84848424487884],[26.870521527377996,45.847979330430256],[26.87516126259567,45.85370885059579],[26.885687033637655,45.85007368305021],[26.894239361803674,45.851420610624956],[26.89783497178071,45.85016991123603],[26.910024174634643,45.85210069999584],[26.913022059772953,45.855562704779075],[26.922174351405555,45.85550482962107]]],[[[26.63241904496366,45.8390985850283],[26.6324554209627,45.83500573287093],[26.64182747693996,45.83258410937053],[26.640987001928554,45.82891034373775],[26.644301787671115,45.82695210675474],[26.641615623873875,45.82343107322052],[26.64994143716158,45.825924262646055],[26.651045865182294,45.82937705040573],[26.66963025105033,45.825843262908606],[26.680576937723927,45.83112044011956],[26.687565664136486,45.82926589115289],[26.690661336812994,45.83460828138215],[26.71064624573236,45.83799514852173],[26.72608382308365,45.83868192089229],[26.742208769629595,45.83162393771629],[26.740952880277334,45.826541270186425],[26.733867962870836,45.82498322692039],[26.720034955129456,45.81320367685495],[26.718444322439076,45.80820114735433],[26.724854015733886,45.80464393571927],[26.71509635781693,45.80130626297467],[26.707288060417774,45.804296443431944],[26.705299432439094,45.80203889744128],[26.70246424424442,45.802885904775806],[26.686955262857097,45.79845118114937],[26.680816138911265,45.78572502979814],[26.65324078873136,45.7668044041374],[26.643731583657463,45.74830179908587],[26.64268698542365,45.74260141767517],[26.645409135293807,45.739041783383904],[26.639152409100667,45.737689148785286],[26.63571855348216,45.731295071333605],[26.6367135299439,45.72050896429519],[26.626168783848208,45.73556551807225],[26.613852992846695,45.73174389274515],[26.611787336490238,45.72657343754991],[26.598387146063565,45.71807917123365],[26.597442539898214,45.7154467364584],[26.588287513346323,45.724483943415116],[26.57402119150799,45.72538951009434],[26.566134267773386,45.72889437453581],[26.56502738469102,45.73258097026574],[26.555447751424175,45.73772213513736],[26.545333272930044,45.73970339894241],[26.541032774005753,45.73873184014372],[26.536875201275922,45.73364668141626],[26.521296630089594,45.73192982211854],[26.475013773293252,45.734870127112686],[26.464735589269218,45.73144456452521],[26.455514729228184,45.731128838122046],[26.449998417866677,45.734578619344774],[26.448617886849068,45.73835316677245],[26.441267848316,45.739621250911284],[26.438592369682432,45.73757559014722],[26.435740467941674,45.73967300367819],[26.438799198017758,45.74253205543636],[26.43798608687206,45.746318260668424],[26.44339149768558,45.75156527021344],[26.443757112571966,45.75670129827046],[26.440293771799062,45.766367595761565],[26.44277659060269,45.77307064456152],[26.4407740259034,45.77663280382355],[26.43283657842312,45.78132710930794],[26.42675190642087,45.78845019119752],[26.418218245070612,45.7913741824247],[26.409887901880705,45.790237768012815],[26.40111847748443,45.7980836725091],[26.386268034523326,45.80481035656407],[26.38192924600301,45.814018509940695],[26.37486278366802,45.821170395888004],[26.378180070291922,45.82701508568056],[26.377189393991397,45.836364057296265],[26.38456619461199,45.84016585409327],[26.396838623558715,45.837205532589415],[26.409244342028163,45.84087620148214],[26.410990432195504,45.843246994367725],[26.417179740361036,45.84314473846835],[26.421323758461764,45.83711397904726],[26.430412437276264,45.83379253656904],[26.438001948983906,45.834008928621614],[26.446001407314398,45.841270232092945],[26.458632738669138,45.84084337699845],[26.46161659279946,45.84437537014421],[26.481424031292267,45.852990047885584],[26.492354416961497,45.84567039057039],[26.504378254844177,45.84528000975794],[26.510525910794573,45.84211789776835],[26.540198950174396,45.84169121968009],[26.551293364806288,45.84671309406171],[26.554560599111106,45.841654877215966],[26.560968946221035,45.838433538439894],[26.564517987857894,45.838667401145315],[26.573538552828982,45.83415172319588],[26.58385861318732,45.833750091657855],[26.60412787858961,45.84298684858325],[26.613442405521706,45.85126762811825],[26.620629068975013,45.84886183395859],[26.626263201885145,45.83867392494561],[26.63241904496366,45.8390985850283]]],[[[26.804624513133597,45.66900780190465],[26.82494722273616,45.664735498654025],[26.827513133083595,45.65813887337136],[26.814463628518915,45.65904141627395],[26.808108547222922,45.648799225564645],[26.812145846987818,45.6473707809996],[26.807772516441894,45.636150116327045],[26.809816661639296,45.62660019176785],[26.816866752492885,45.62356381312135],[26.810410071311473,45.617744278841364],[26.83001871784519,45.60311682912919],[26.835629018140466,45.60259889468885],[26.840450579523896,45.58600678398627],[26.8486535046793,45.58680895028336],[26.852969464498013,45.57977198494812],[26.86466201631829,45.57746207103165],[26.877551144483345,45.56808907286562],[26.882564107129767,45.56756961848013],[26.89747026435153,45.55273277426165],[26.89966779009212,45.55356071177689],[26.899219184725137,45.54613234396502],[26.90335877600358,45.53865351325572],[26.900694398312982,45.53474233721819],[26.90020200230226,45.5234578276629],[26.894048746316358,45.52294335219425],[26.890162261875794,45.51680862206783],[26.88546169746991,45.5162857300144],[26.868624820529366,45.523279604396954],[26.853046630284677,45.52535800054662],[26.832520541637287,45.51829422381424],[26.82452085353716,45.52306007288624],[26.820271267395942,45.529232182215004],[26.81762128553912,45.52875540479724],[26.807758150596225,45.542785432442095],[26.807537633672744,45.546769088235],[26.804642018664484,45.54787241431834],[26.80716988110417,45.55028560541207],[26.803880460141333,45.55476776989097],[26.806299356541473,45.55661211012508],[26.798988256342987,45.57606760320791],[26.802253509276728,45.58200200751508],[26.80069174809343,45.58981834401865],[26.803984594411027,45.5966910392366],[26.80057646370989,45.60011882730892],[26.80333960150169,45.60794310308145],[26.80065610283585,45.61142816259634],[26.790251872822022,45.616094756273164],[26.80082184996182,45.6306748183614],[26.78486442034908,45.635512744701344],[26.782523230025067,45.64541548057992],[26.766123725949967,45.65046112247523],[26.7651772404011,45.65464376209818],[26.757698264451886,45.657540574445626],[26.757295295728802,45.66520788357617],[26.762196068656312,45.67695346049741],[26.782571666487286,45.67599255613589],[26.787917949584184,45.68041676631823],[26.7946636475127,45.68045939293702],[26.800498107306602,45.67926662232155],[26.799633142751475,45.6741972180616],[26.804624513133597,45.66900780190465]]],[[[26.724854015733886,45.80464393571927],[26.724970511497084,45.79711091526105],[26.731619062714316,45.794032971120856],[26.750234219826016,45.7986889438068],[26.753445186587534,45.79654144011115],[26.763981625435726,45.79637629712461],[26.76910339078172,45.7929638417527],[26.79233208175805,45.78889884641879],[26.790637575597138,45.78508825299617],[26.793003492911147,45.77676629666541],[26.789193750118145,45.77005007535113],[26.792342630994707,45.76821879086658],[26.791875072124995,45.75210300473431],[26.76906876397712,45.76716280191192],[26.76803691068142,45.77144828904703],[26.757708668311256,45.7706503382047],[26.754653859234022,45.76837039410829],[26.751798580353086,45.77171725230665],[26.745933815145595,45.771891328506506],[26.736548525811592,45.76536569398201],[26.729556168974543,45.765162977299184],[26.72960968603316,45.76098415233393],[26.725829942079148,45.75744451749451],[26.71556761045022,45.75566299264443],[26.70810141787875,45.75066796011934],[26.69894531102338,45.75054996049327],[26.686778954137964,45.74568456530685],[26.673558809909014,45.748789907362784],[26.665877457271954,45.747414301465994],[26.6746945989854,45.743248174931736],[26.665593321214683,45.74044160816403],[26.656450923882872,45.72950391908196],[26.648618261092476,45.732044053819436],[26.64836592263653,45.7357246167563],[26.645126119711744,45.73762652522036],[26.64217782525992,45.733383102018045],[26.63976751091358,45.73475855703416],[26.639152409100667,45.737689148785286],[26.645409135293807,45.739041783383904],[26.64268698542365,45.74260141767517],[26.643731583657463,45.74830179908587],[26.65324078873136,45.7668044041374],[26.680816138911265,45.78572502979814],[26.68677612793271,45.79832139676904],[26.70246424424442,45.802885904775806],[26.705299432439094,45.80203889744128],[26.707288060417774,45.804296443431944],[26.71509635781693,45.80130626297467],[26.724854015733886,45.80464393571927]]],[[[26.70219688080047,45.91249519032372],[26.70440871036853,45.905935997494694],[26.690346754516042,45.90776648982459],[26.692915071782174,45.89824568416308],[26.696109623615815,45.89335705216316],[26.699944967570772,45.89238539857753],[26.6981109495898,45.886635724069244],[26.701724774297073,45.88441716649875],[26.692422556666834,45.87043994390896],[26.689326846515616,45.870896577332346],[26.68987026534648,45.86926115515541],[26.675940009370695,45.86558169810992],[26.676793030438787,45.862651994341],[26.666205313617905,45.86246553798103],[26.661589404321404,45.85820446643123],[26.65385118558218,45.8594796890621],[26.645959530785927,45.8544140149366],[26.642106465953013,45.85685966852025],[26.632671161914544,45.83911221852448],[26.626263201885145,45.83867392494561],[26.620629068975013,45.84886183395859],[26.612942355445536,45.85130134232249],[26.60412787858961,45.84298684858325],[26.58385861318732,45.833750091657855],[26.573538552828982,45.83415172319588],[26.564517987857894,45.838667401145315],[26.560968946221035,45.838433538439894],[26.554560599111106,45.841654877215966],[26.551293364806288,45.84671309406171],[26.540198950174396,45.84169121968009],[26.510525910794573,45.84211789776835],[26.504378254844177,45.84528000975794],[26.492354416961497,45.84567039057039],[26.481424031292267,45.852990047885584],[26.46161659279946,45.84437537014421],[26.458632738669138,45.84084337699845],[26.446001407314398,45.841270232092945],[26.44147871733115,45.835641210074925],[26.43558253758269,45.833782031007125],[26.421323758461764,45.83711397904726],[26.417179740361036,45.84314473846835],[26.410990432195504,45.843246994367725],[26.409244342028163,45.84087620148214],[26.396838623558715,45.837205532589415],[26.38456619461199,45.84016585409327],[26.377189393991397,45.836364057296265],[26.371040085291305,45.84326257216722],[26.372287055031784,45.849538798756655],[26.399476344477417,45.85565974261413],[26.40398354053304,45.85956833858693],[26.417243741083478,45.86483868790094],[26.42400828280889,45.87294185588583],[26.43165107095768,45.875631578137245],[26.438553182106645,45.88792858007718],[26.44694918862988,45.89317879921391],[26.446132778958702,45.89853256284404],[26.449777736914925,45.89985794196663],[26.450545708938332,45.90296744655888],[26.448591324190854,45.91747704184846],[26.454574105582576,45.9246803087977],[26.45486973096519,45.93197946416255],[26.4581822406366,45.935933703618474],[26.470073420768074,45.94192746366779],[26.48434079604271,45.94283892480137],[26.506036916369524,45.95108997050965],[26.513414025382687,45.95078932057394],[26.5189235010581,45.95290467660534],[26.541313576706635,45.94787794440987],[26.565557396508638,45.95169683251487],[26.572997542517705,45.9484751879536],[26.573004106162006,45.94610525703998],[26.581809745554143,45.94521008556548],[26.585955658507302,45.94238342843573],[26.583962709652,45.940147329936785],[26.58056819665574,45.942629802255745],[26.578472647599074,45.94057099155405],[26.57578605401397,45.94232135169461],[26.575282298071414,45.94002749723809],[26.56961783236707,45.9390164757044],[26.56413895208213,45.93003994884333],[26.565425836657266,45.92360177691597],[26.568932229214813,45.922075191520015],[26.566551420111466,45.921445176139784],[26.567580449792665,45.916071300896085],[26.551167082194496,45.90686915872557],[26.558703450041023,45.890016884130205],[26.57566901685503,45.9000376251972],[26.58510515334772,45.90179897650274],[26.600682451932812,45.895797474933815],[26.607972050225587,45.8895925449464],[26.606966226307442,45.88152618313311],[26.629689732999186,45.88793328303403],[26.631362728321108,45.884090857608854],[26.636736726236233,45.882199020872726],[26.64225650915311,45.88556346868164],[26.644739323002113,45.8811168686942],[26.654540205352003,45.884771009760954],[26.654929004684817,45.888339172113916],[26.660118818594203,45.88805416198069],[26.663182941471373,45.89258072286169],[26.66915396555745,45.89354567584809],[26.674513218114747,45.90198024341208],[26.70219688080047,45.91249519032372]]],[[[26.795974752442493,45.63271852620562],[26.780364197212823,45.625820650081224],[26.76359549143927,45.62402892461236],[26.759890331026366,45.61668220143849],[26.760762951497252,45.60941440425834],[26.738882119903902,45.612673415830514],[26.73595085725417,45.60665706849058],[26.7275232860179,45.60390297815526],[26.723819090931798,45.60032875164238],[26.712182422797856,45.5995937968482],[26.71226296568515,45.597178921863794],[26.70995032410702,45.59696240083642],[26.711152318559034,45.59255918674955],[26.702069805925117,45.58720857551977],[26.69891976423233,45.59402085581014],[26.684799775815318,45.601911936871076],[26.681548847298675,45.608701407097364],[26.66587142169795,45.611555630105734],[26.64777686038819,45.60903880549123],[26.640979551811547,45.614830030964534],[26.633747021814564,45.61630384606808],[26.623475944686458,45.62498354636135],[26.61527557606221,45.62804301554177],[26.622454311428015,45.63372627832034],[26.634281310327125,45.652144929308015],[26.641700766818076,45.65139076728269],[26.647386844058783,45.6533372561005],[26.656938333795715,45.649509808143264],[26.671980064064126,45.65062279782263],[26.68327059541324,45.65942374036276],[26.694161310782775,45.65555698259518],[26.699449137884578,45.65766655259793],[26.701173456806863,45.65573246011176],[26.716612910523466,45.65543162327652],[26.72756818727657,45.6593886215721],[26.735691442032795,45.658940277826616],[26.74682035970871,45.66400327186083],[26.751752896761932,45.663356378425846],[26.752001087710926,45.66124626623289],[26.757295295728802,45.66520788357617],[26.757698264451886,45.657540574445626],[26.7651772404011,45.65464376209818],[26.766123725949967,45.65046112247523],[26.782523230025067,45.64541548057992],[26.78486442034908,45.635512744701344],[26.795974752442493,45.63271852620562]]],[[[26.749724656234577,45.95040023961096],[26.749131970869364,45.947253481954355],[26.741150648749024,45.94826838952585],[26.73660556533744,45.939276723155665],[26.72934628347305,45.94055629968341],[26.727591629089382,45.93724565686727],[26.730167933391833,45.93246582954288],[26.726084966082635,45.9239971218431],[26.719656953883707,45.921123962785046],[26.71792837494614,45.9106544792944],[26.71229628931706,45.911524392941466],[26.71049406377665,45.90905056116401],[26.70219688080047,45.91249519032372],[26.70655912918197,45.91298925959468],[26.706709405557532,45.91727684709997],[26.689608630381382,45.92689189485169],[26.69259398309186,45.92970459262938],[26.690214916815506,45.93081533361318],[26.692102049307532,45.93224113436731],[26.689170499000614,45.943364344730576],[26.677497091252473,45.942185586713],[26.674923423046774,45.947862154323566],[26.669495903330507,45.948437054976445],[26.661930894323298,45.946290966142165],[26.65290122018143,45.94664395711729],[26.64056939787233,45.942943798515884],[26.637954979675182,45.946352813578955],[26.632553335182028,45.94675796550722],[26.62498313357304,45.95125121352928],[26.63482506061436,45.9601144400405],[26.648011979311438,45.96695298207933],[26.657977824837186,45.96741361489178],[26.663603719693263,45.971672862290056],[26.679674305262854,45.973175484873025],[26.68083858055568,45.97555255980974],[26.684978899050442,45.975122518878216],[26.687458667443348,45.98037651628541],[26.695267341713386,45.97984333880146],[26.710754125462827,45.98577755179834],[26.714734312816955,45.98000669117887],[26.713156566593906,45.974456820631886],[26.749724656234577,45.95040023961096]]],[[[26.872439846595206,45.77478907426215],[26.864577667265618,45.767999918963234],[26.866025999243742,45.762437664603326],[26.859478616478846,45.760811258081944],[26.865187598218057,45.747740376744716],[26.862835281718567,45.74415892985547],[26.875191814455224,45.74440581762783],[26.885856297733177,45.73609078501221],[26.886540280361437,45.72929407124572],[26.883215994616556,45.72507360749247],[26.887615580093772,45.72146936297667],[26.88105466213012,45.7156989258452],[26.8704167412381,45.712429760138356],[26.86831833596901,45.705781967850854],[26.875035788227034,45.69727655721257],[26.86498514992118,45.69411408452195],[26.861419838841613,45.68868497404837],[26.857458102783873,45.688473097118],[26.854285162185498,45.67911108370576],[26.82515662822026,45.674966169756274],[26.82054377732984,45.671886986335494],[26.820244437637704,45.66828384925902],[26.822913428057248,45.66920699190177],[26.820623776508405,45.66540736448892],[26.804624513133597,45.66900780190465],[26.799633142751475,45.6741972180616],[26.800045506931106,45.679547449970386],[26.787917949584184,45.68041676631823],[26.782571666487286,45.67599255613589],[26.762196068656312,45.67695346049741],[26.757295295728802,45.66520788357617],[26.752001087710926,45.66124626623289],[26.751752896761932,45.663356378425846],[26.74682035970871,45.66400327186083],[26.735691442032795,45.658940277826616],[26.72756818727657,45.6593886215721],[26.716612910523466,45.65543162327652],[26.701173456806863,45.65573246011176],[26.699449137884578,45.65766655259793],[26.694161310782775,45.65555698259518],[26.68945863531818,45.65744072016069],[26.70715192415297,45.6720884106354],[26.706090427009762,45.679895340440964],[26.725060040829923,45.68896068964174],[26.728794924710762,45.698534610654455],[26.73726194142614,45.6998840942396],[26.743626079099744,45.706216623377365],[26.751491815056305,45.70655271225333],[26.755100265127734,45.71744441100723],[26.761430106194403,45.722968779790925],[26.768981178896922,45.72437881087494],[26.772403567130237,45.72311330301107],[26.769887756270005,45.744414737633186],[26.780269044486104,45.75154432464302],[26.788738200011714,45.750314310429424],[26.791812332233025,45.75202661862651],[26.79214448002643,45.76635237875457],[26.799155313808107,45.76657445636273],[26.80090237140782,45.773533497530735],[26.80561979849985,45.7771761281689],[26.82137273994884,45.776627851834874],[26.8274571154177,45.771278744683656],[26.83872863204537,45.767819588726574],[26.84702401838556,45.773565996607914],[26.850923804537288,45.77152698774211],[26.872439846595206,45.77478907426215]]],[[[27.039920244000086,45.76915323650924],[27.037194391322583,45.767544507758096],[27.040195394570976,45.76188233997419],[27.052249630122063,45.7591093354078],[27.05982006263777,45.752529204599874],[27.054374321153436,45.74864116860338],[27.041702639747715,45.75278642390169],[27.029110456709994,45.74887896895644],[27.022147718443804,45.750422376484735],[27.018610719193564,45.74397358868398],[27.011245690079484,45.73798721332886],[27.010213836042013,45.73338711197004],[27.005865062271948,45.733429434500444],[27.002797319554222,45.72678836336246],[26.99251846664318,45.72105664209187],[26.985868143914278,45.729973538619554],[26.981387422250023,45.74428094707227],[26.986641409991382,45.752981070593144],[26.98322448668737,45.75572163970924],[26.985127724440584,45.76165742520148],[26.976674749442058,45.7662312968172],[26.974103378433284,45.777314814608545],[26.97476549786539,45.780484066504414],[26.983980107348234,45.78678362816012],[26.98702727835114,45.79962713578953],[26.983983030293153,45.80612901198386],[26.987615139322777,45.81039384320436],[26.98698618011701,45.81649732618944],[26.991297795874445,45.81887674604738],[26.994353938248537,45.81601186749583],[26.994127403578307,45.80825228475868],[27.002765431765237,45.79893589424082],[26.999389175838832,45.79555885366057],[27.000926312933444,45.792833546320985],[27.006246015618345,45.78873302684577],[27.01562194514689,45.78635243783226],[27.03014230958827,45.773055752909855],[27.039920244000086,45.76915323650924]]],[[[26.801993649000078,45.82127723245912],[26.815051442984494,45.81724050604088],[26.809123292649847,45.81482007331481],[26.8124493491724,45.80755638253055],[26.806129690425507,45.799863847983],[26.79428291421467,45.79699537016039],[26.790707918294547,45.789918454699354],[26.76910339078172,45.7929638417527],[26.763981625435726,45.79637629712461],[26.755481874152995,45.79607801009819],[26.750234219826016,45.7986889438068],[26.731619062714316,45.794032971120856],[26.724970511497084,45.79711091526105],[26.725182829602282,45.804531703263265],[26.718444322439076,45.80820114735433],[26.723370923537342,45.81773379876723],[26.736527078123665,45.82646495628266],[26.740952880277334,45.826541270186425],[26.74217111576337,45.83177641119574],[26.738984922773383,45.83226676071906],[26.74395747896508,45.84230251164636],[26.75540522390839,45.84260505724887],[26.770121129738634,45.8462823646746],[26.77014543856446,45.85853223516308],[26.78255712274904,45.844562726847336],[26.79020554793633,45.84532140701829],[26.804261206514365,45.836846149476614],[26.807047173382735,45.825581425376235],[26.801993649000078,45.82127723245912]]],[[[26.804642018664484,45.54787241431834],[26.79986689457184,45.54767037470302],[26.79161210876491,45.55227986041665],[26.782212970352496,45.547774260036626],[26.779833826939438,45.55057212351043],[26.774700750122317,45.54858218789014],[26.766625041912892,45.55138738005232],[26.764074896695114,45.5491605548143],[26.760648713253175,45.548803552493496],[26.76152823240553,45.5510817001574],[26.759712148812202,45.5488400912933],[26.75421442790101,45.55005250770653],[26.74843195366595,45.54841724775145],[26.743182944732116,45.55067784352564],[26.739241147684535,45.55619807212135],[26.746848720020495,45.56251531485469],[26.74338784277583,45.56646514525432],[26.73683656872856,45.570914620777565],[26.725827119191173,45.572478832050116],[26.720163938361797,45.57107082631932],[26.716085086071665,45.57762699358873],[26.713101060408167,45.577697689599205],[26.702310700848653,45.58669720390105],[26.711152318559034,45.59255918674955],[26.70995032410702,45.59696240083642],[26.712486298123757,45.59979782927754],[26.723819090931798,45.60032875164238],[26.7275232860179,45.60390297815526],[26.73595085725417,45.60665706849058],[26.74014719643897,45.61312912147957],[26.760762951497252,45.60941440425834],[26.759890331026366,45.61668220143849],[26.76359549143927,45.62402892461236],[26.780364197212823,45.625820650081224],[26.795974752442493,45.63271852620562],[26.80082184996182,45.6306748183614],[26.790251872822022,45.616094756273164],[26.80065610283585,45.61142816259634],[26.80333960150169,45.60794310308145],[26.80057646370989,45.60011882730892],[26.803984594411027,45.5966910392366],[26.80069174809343,45.58981834401865],[26.802253509276728,45.58200200751508],[26.798988256342987,45.57606760320791],[26.806299356541473,45.55661211012508],[26.803880460141333,45.55476776989097],[26.80716988110417,45.55028560541207],[26.804642018664484,45.54787241431834]]],[[[26.876589382864882,45.85377714413859],[26.8727026543457,45.85277554205494],[26.87152987596662,45.84808700382084],[26.863771679372384,45.84848424487884],[26.86177415598516,45.852521406921745],[26.85890906024646,45.8529891160111],[26.84933854722921,45.850834879030195],[26.839031857371467,45.841463198771116],[26.83882293905622,45.83650574607129],[26.83077184068385,45.82678509426471],[26.82440769513611,45.8249214940503],[26.82090954272701,45.82522329866211],[26.819831494514755,45.82738817998267],[26.816405258842025,45.82684276559935],[26.80771220030941,45.82011213609986],[26.80234111648088,45.82094185779848],[26.807047173382735,45.825581425376235],[26.804261206514365,45.836846149476614],[26.79020554793633,45.84532140701829],[26.78255712274904,45.844562726847336],[26.778284085629586,45.85174945019504],[26.76791980218422,45.86062729380441],[26.772099840102985,45.86499594828661],[26.770718053432795,45.8678190628669],[26.77425607916737,45.87083222054416],[26.772854722094625,45.87430594225261],[26.776605603378055,45.877762080645546],[26.77611317132065,45.881788898905654],[26.782014905918583,45.886313380201074],[26.77950708109912,45.894904423662005],[26.78491357546686,45.89766894747443],[26.78293921677264,45.903393135019456],[26.78466367814227,45.90739615642645],[26.777926197590986,45.919175269107185],[26.785264772283583,45.919555539402914],[26.786762331364212,45.91781617450383],[26.80053296921413,45.92057564308057],[26.814268156810215,45.91960023414985],[26.829310438086335,45.908038375259565],[26.85517067651697,45.896415169198306],[26.858226189537888,45.88770149538446],[26.862034829861894,45.88633347769607],[26.86286401489274,45.88341205629606],[26.862108389789583,45.877644086458844],[26.857285246113182,45.87622249260049],[26.85478138734089,45.87156417091189],[26.863806274435838,45.864967832502586],[26.867476045760597,45.86564070757685],[26.867394299949144,45.863141350451635],[26.87199594491865,45.860944688530104],[26.871679804020168,45.85559618115084],[26.876589382864882,45.85377714413859]]],[[[26.78004242018941,45.94250881050818],[26.77897670823339,45.932235988116865],[26.78137218704097,45.93203041426837],[26.781763733499176,45.92789859245261],[26.77774364992053,45.91847637546705],[26.781527828734447,45.91622071571704],[26.78466367814227,45.90739615642645],[26.784746981094532,45.89716606657485],[26.77945550231978,45.89467321234642],[26.782014905918583,45.886313380201074],[26.777984775985416,45.884043582793254],[26.770966750691326,45.888463947919114],[26.7608360783107,45.8829605870142],[26.755862049298766,45.88330544296901],[26.752521265530675,45.88583290382691],[26.754253014621,45.889231382285026],[26.749429030223958,45.89641736003676],[26.74205726926412,45.899007180238264],[26.731690232571268,45.89865428529675],[26.71049406377665,45.90905056116401],[26.71229628931706,45.911524392941466],[26.71792837494614,45.9106544792944],[26.719656953883707,45.921123962785046],[26.726084966082635,45.9239971218431],[26.730167933391833,45.93246582954288],[26.72759261630812,45.93841986377852],[26.729382349746253,45.94056984069055],[26.736651424237262,45.93930221377144],[26.741310104413436,45.94835672669691],[26.746847024789254,45.946725173479344],[26.750432018905766,45.950376543514984],[26.75328642625373,45.94705547822284],[26.760964218137307,45.947283673581396],[26.76795155161504,45.941797218267055],[26.776175298745724,45.94374202269388],[26.78004242018941,45.94250881050818]]],[[[26.791875072124995,45.75210300473431],[26.788738200011714,45.750314310429424],[26.780269044486104,45.75154432464302],[26.769887756270005,45.744414737633186],[26.77248613405433,45.72324618651664],[26.761430106194403,45.722968779790925],[26.754885866219762,45.71636531834406],[26.749060041638074,45.720990332594845],[26.752166091886366,45.723766395074556],[26.737506089514163,45.731051647242786],[26.73866298369605,45.73365065091943],[26.719614760602017,45.73689392606965],[26.709683769835873,45.733717307749416],[26.703299344500177,45.73415460930005],[26.701732305755186,45.7406138189761],[26.697373224908393,45.73717607252274],[26.685475091353293,45.73766940242578],[26.677192385170766,45.7353275857046],[26.681010348918228,45.728076791849084],[26.66145300756175,45.72364669112525],[26.654990327477478,45.724685099280045],[26.65365054170463,45.72828458392408],[26.638172528998783,45.71782764510583],[26.636660035323192,45.71946725254972],[26.635147053466305,45.725521270082126],[26.638221814900117,45.73601479149321],[26.64217782525992,45.733383102018045],[26.645126119711744,45.73762652522036],[26.64836592263653,45.7357246167563],[26.648618261092476,45.732044053819436],[26.656450923882872,45.72950391908196],[26.665593321214683,45.74044160816403],[26.6746945989854,45.743248174931736],[26.665877457271954,45.747414301465994],[26.673558809909014,45.748789907362784],[26.686778954137964,45.74568456530685],[26.69894531102338,45.75054996049327],[26.70810141787875,45.75066796011934],[26.71556761045022,45.75566299264443],[26.725829942079148,45.75744451749451],[26.72960968603316,45.76098415233393],[26.729556168974543,45.765162977299184],[26.736548525811592,45.76536569398201],[26.745933815145595,45.771891328506506],[26.751798580353086,45.77171725230665],[26.754653859234022,45.76837039410829],[26.757708668311256,45.7706503382047],[26.76803691068142,45.77144828904703],[26.76906876397712,45.76716280191192],[26.791875072124995,45.75210300473431]]]]},"properties":{"alert_id":"0b6759b913d31e3c","source":"nowcasting","alert_type":"nowcasting","feature_id":"cd314618e56b50a258","judet_cod":"VN","judet_nume":"Vrancea","county_code":"VN","county_name":"Vrancea","cod_judet":"VN","cod_culoare":1,"cod_culoare_nume":"Galben","culoare":"1","cod":"Galben","fenomen_principal":"Local averse care vor acumula 15...25 l/mp, descărcări electrice, intensificări ale vântului și vilelie cu viteze de 40...60 km/h, grindină cu diametrul de 1...2 cm.","fenomen_group":"ploi/vijelii","zona_text":"Județul Bacău: Onești, Moinești, Comănești, Târgu Ocna, Dărmănești, Sascut, Dofteana, Oituz, Poduri, Răcăciuni, Helegiu, Asău, Cleja, Agăș, Mănăstirea Cașin, Berești-Tazlău, Faraoani, Slănic-Moldova, Berzunți, Căiuți, Livezi, Târgu Trotuș, Bârsănești, Nicolae Bălcescu, Pârgărești, Măgirești, Sănduleni, Orbeni, Ștefan cel Mare, Urechești, Palanca, Valea Seacă, Cașin, Parava, Scorțeni, Coțofănești, Gura Văii, Buciumi, Strugari, Ardeoani, Bogdănești;<br>Zona de munte a județului Vrancea, respectiv zona de munte a localităților: Nereju, Tulnici, Vrâncioaia, Soveja, Nistorești, Vintileasca, Jitia, Spulber;<br>Județul Vrancea: Mărășești, Panciu, Odobești, Vidra, Păunești, Dumitrești, Țifești, Bolotești, Ruginești, Garoafa, Vizantea-Livezi, Jariștea, Movilița, Străoane, Câmpuri, Nereju, Mera, Tulnici, Răcoasa, Vârteșcoiu, Fitionești, Vrâncioaia, Soveja, Gura Caliței, Poiana Cristei, Cârligele, Reghiu, Nistorești, Chiojdeni, Paltin, Paulești, Vintileasca, Negrilești, Andreiașu de Jos, Broșteni, Năruja, Jitia, Valea Sării, Bârsești, Spulber;<br>","zona_nume":"Vrancea - localitati","zone_name":"Vrancea - localitati","display_name":"Vrancea - localitati","localities":["Mărășești","Panciu","Odobești","Vidra","Păunești","Dumitrești","Țifești","Bolotești","Ruginești","Garoafa","Vizantea-Livezi","Jariștea","Movilița","Străoane","Câmpuri","Nereju","Mera","Tulnici","Răcoasa","Vârteșcoiu","Fitionești","Vrâncioaia","Soveja","Gura Caliței","Poiana Cristei","Cârligele","Reghiu","Nistorești","Chiojdeni","Paltin","Paulești","Vintileasca","Negrilești","Andreiașu de Jos","Broșteni","Năruja","Jitia","Valea Sării","Bârsești","Spulber"],"geometry_source":"uat_match","match_confidence":"medium","interval_text":"","interval_start":"2026-07-14T13:30:00","valid_from":"2026-07-14T13:30:00","valid_to":"2026-07-14T15:00:00","interval_valabilitate_text":"","interval_end":"2026-07-14T15:00:00","data_expirare":"2026-07-14T15:00:00","mesaj_plain":"Local averse care vor acumula 15...25 l/mp, descărcări electrice, intensificări ale vântului și vilelie cu viteze de 40...60 km/h, grindină cu diametrul de 1...2 cm.","source_url":"","source_label":"","notes":"","durata_ore":1.5,"zi":"2026-07-14"}},{"type":"Feature","geometry":{"type":"MultiPolygon","coordinates":[[[[26.26332900964335,46.03020479116865],[26.25702572428033,46.02757491394055],[26.259273037711413,46.0248767110234],[26.215688766767798,46.005722266429196],[26.21882207998933,46.001037479156565],[26.21267036025072,45.99699021330279],[26.21471581670329,45.99489527184189],[26.20541892414936,45.99425898754557],[26.205719951350783,45.99200074899599],[26.196919817985947,45.98861683908035],[26.191078475535285,45.98197298060601],[26.195028467480267,45.97903154049832],[26.18312158368839,45.97190107250507],[26.18172299542834,45.97522489182276],[26.1642006767625,45.98391185940658],[26.159933085861482,45.98007664092814],[26.158909070557577,45.9811340185387],[26.14941161309356,45.97705446439504],[26.14979860106027,45.98123690684887],[26.146996880237257,45.98214845674744],[26.14379610930025,45.98925146355177],[26.13811069355962,45.987250167009094],[26.13029637633059,45.97955016701875],[26.122542061224436,45.98309351954088],[26.107029504585956,45.966755943130806],[26.08887542389949,45.9850698099648],[26.11162412560115,46.01269847357239],[26.117833688966343,46.01005095326552],[26.122415157222626,46.01545452964075],[26.114491681293796,46.01781973206202],[26.11730141947366,46.024586307169194],[26.12650438769279,46.02275072985955],[26.129228939800573,46.01960803514957],[26.139333741189635,46.021195678633],[26.14174373210614,46.01276818176778],[26.152713457659647,46.017579056553515],[26.153240263321603,46.014853068150146],[26.155856917925615,46.01483724005684],[26.153529501976056,46.01068854906213],[26.155350650169783,46.009405512405785],[26.157537825958258,46.00931529331345],[26.158664736479412,46.013679369607694],[26.17475814053698,46.00719938169279],[26.18379934809391,46.01309663719015],[26.17513828129282,46.0218005606349],[26.179980637126445,46.02353395348044],[26.177391299096296,46.026022368843165],[26.192541229071733,46.032746733322874],[26.194328339216824,46.03098623710347],[26.195989391146163,46.03646977743375],[26.191366830398934,46.03925301486314],[26.19885767377943,46.04383933690955],[26.20503012800199,46.043215313312324],[26.202971348179975,46.04162483636144],[26.20469396685175,46.04005407319246],[26.21777435165305,46.04640353987613],[26.236781537676183,46.0312535476496],[26.240858064720605,46.03489829599034],[26.26332900964335,46.03020479116865]]],[[[26.178242020481814,45.924698405352665],[26.187764451652427,45.91884142533317],[26.204247870587242,45.917151062856014],[26.214983066123427,45.9135143549717],[26.230608836111646,45.91635202714353],[26.248169790356688,45.91299094248511],[26.257572266792113,45.89796456088351],[26.261211825441077,45.895166343067494],[26.26728449566475,45.89508245764546],[26.266288655314796,45.892256720899134],[26.27151464173015,45.88760141216026],[26.269682042145973,45.88494689702007],[26.274223540728983,45.8749072024388],[26.282061304028982,45.874086074133196],[26.291770461875434,45.86048389496561],[26.302751902004935,45.856303936151946],[26.315167677754552,45.85519684879906],[26.32033844846661,45.85678391147658],[26.32110062493968,45.85998838270038],[26.32625426978878,45.86289924832648],[26.332790377057655,45.862476534076954],[26.339317616725218,45.86545786645371],[26.34835060306556,45.86460885081772],[26.354971398246303,45.85965363745904],[26.362828426290307,45.85930015066356],[26.372456591996578,45.86181194426946],[26.37657403843077,45.860418023448396],[26.371007038277142,45.84336926108762],[26.37715251345356,45.83690322830044],[26.378180070291922,45.82701508568056],[26.37493670683682,45.82091093788049],[26.37175534495684,45.82437852348985],[26.357571485351258,45.82583471368357],[26.348432006217504,45.8288110418709],[26.341825470237268,45.83529579804226],[26.334928186463245,45.83616763005002],[26.32944468743291,45.833990199745756],[26.325311502831276,45.82633238786578],[26.311442187060347,45.8158699996799],[26.305074068623767,45.82389718778322],[26.29245744534455,45.825853664457085],[26.2760088755969,45.82604908725582],[26.261944608817124,45.82281696290874],[26.262298931890182,45.830056477785874],[26.26756135887389,45.8320468791157],[26.271203081024986,45.83769819720864],[26.269165106923897,45.83901413230064],[26.275369699649712,45.8455471874764],[26.26603510399631,45.853911279193035],[26.262810364658836,45.849977361634],[26.256485364703575,45.848480516601846],[26.25659332897295,45.85823207215112],[26.250597059831815,45.859980373490146],[26.248905238754705,45.86355282382159],[26.225479438299953,45.865358830986814],[26.20952517264423,45.86192297732992],[26.186549190499587,45.86428226922951],[26.177925489484043,45.861458213356755],[26.14483309914605,45.869287594345025],[26.14268481203322,45.864571589316775],[26.118289271320002,45.86537022852145],[26.118140772891188,45.86073453335539],[26.11419778792368,45.858140618150884],[26.10098526626322,45.85902479050204],[26.091428183347325,45.85690573633649],[26.08932864483596,45.86443259684972],[26.08174326630332,45.86770489864299],[26.070040585879838,45.868399324691346],[26.065803265474674,45.8652853670089],[26.056776725302733,45.86636482337903],[26.06035509852825,45.8751602262819],[26.066927896010817,45.876250077832374],[26.0765050071198,45.882363307554144],[26.077182303995855,45.886575914534944],[26.08332621849493,45.88900894177966],[26.080994886329286,45.89311775641536],[26.087926846778515,45.89604461265589],[26.090503718659694,45.90328131459055],[26.103035059378975,45.90462423633839],[26.10224481266125,45.91155970655964],[26.10757601277359,45.91382567838769],[26.10403631127503,45.91788603412759],[26.107529281670196,45.91742783681575],[26.10708842772262,45.92027324230217],[26.110740815460968,45.92008069855233],[26.111983138079292,45.92218223192546],[26.11437460911788,45.92132670342254],[26.11508083048797,45.92858659867642],[26.11788688789238,45.92869970506617],[26.118036646642366,45.93143464870662],[26.12265268715845,45.931405901448805],[26.120282415490944,45.93411323356636],[26.123055193978562,45.93588822999517],[26.138751371211296,45.936839407237436],[26.148172890576305,45.93370337940081],[26.14853976825099,45.93064146669216],[26.159636915344713,45.93311690788654],[26.161945702066213,45.92490074696038],[26.168847965182273,45.923391741938005],[26.178242020481814,45.924698405352665]]],[[[26.387231173188237,45.94086367516957],[26.39254657733785,45.93331657754149],[26.38977435655002,45.9288463823399],[26.394499930059208,45.920856768840935],[26.382287521201814,45.91690843235094],[26.381890502624778,45.91089720532848],[26.375667033052917,45.90732255360358],[26.379137623127423,45.894725527921345],[26.377023301789926,45.88934401645499],[26.385570203327497,45.88312562922785],[26.387963379043,45.873898751433046],[26.381315326035974,45.862761013133536],[26.37694825594404,45.86014377820713],[26.372456591996578,45.86181194426946],[26.35880654663688,45.859280030721024],[26.352876193553207,45.860185978851675],[26.348157412028748,45.86467921702903],[26.339317616725218,45.86545786645371],[26.332790377057655,45.862476534076954],[26.32625426978878,45.86289924832648],[26.32110062493968,45.85998838270038],[26.32033844846661,45.85678391147658],[26.315167677754552,45.85519684879906],[26.306210129322846,45.85544711393854],[26.291770461875434,45.86048389496561],[26.282061304028982,45.874086074133196],[26.274223540728983,45.8749072024388],[26.269682042145973,45.88494689702007],[26.27151464173015,45.88760141216026],[26.266288655314796,45.892256720899134],[26.26728449566475,45.89508245764546],[26.261211825441077,45.895166343067494],[26.257572266792113,45.89796456088351],[26.248169790356688,45.91299094248511],[26.230608836111646,45.91635202714353],[26.214983066123427,45.9135143549717],[26.204247870587242,45.917151062856014],[26.187764451652427,45.91884142533317],[26.178760120154465,45.92375629629881],[26.177618546264185,45.93280330103017],[26.184068969258156,45.93524044999328],[26.183508003722498,45.94667730096264],[26.18731580382577,45.947541553097004],[26.18112874393903,45.95262772067945],[26.18574095877142,45.95424540530453],[26.169123610722743,45.96178173029712],[26.168998937629766,45.96391490430459],[26.171544496668567,45.968989809084604],[26.182788595449843,45.97162740546027],[26.195028467480267,45.97903154049832],[26.192301358967548,45.98181365153714],[26.207767205807013,45.98432578586045],[26.210353475615335,45.9767417019335],[26.220434049355443,45.97782381688742],[26.218823700706395,45.96836016545114],[26.233277475342163,45.96363788894533],[26.233184515724258,45.960739681049354],[26.242394554124175,45.95851718497902],[26.249794746225,45.960481051070346],[26.258278337837336,45.95938810195234],[26.269099660046727,45.945113794548014],[26.284325912399467,45.9350240503973],[26.29379977516986,45.930764857646935],[26.30801618261633,45.93076449635127],[26.314788895301604,45.925130784011955],[26.32268698154437,45.92602394893503],[26.32977205609692,45.9225916303137],[26.342321178062022,45.922660341177775],[26.356819697111362,45.92735387957439],[26.36821678441708,45.934245276365985],[26.36921784365461,45.93779801844086],[26.378178955993047,45.93708218627153],[26.387231173188237,45.94086367516957]]],[[[26.430651853423928,46.07801758572872],[26.427527660632748,46.075575809650125],[26.425118815038108,46.066963481462615],[26.430779970854587,46.06189967047881],[26.432656738782992,46.06304162098512],[26.43111448866803,46.05951593553895],[26.434272762161612,46.05923107895492],[26.43239621696086,46.05862869160995],[26.441961339577162,46.05107784979472],[26.43771589154354,46.047809190496515],[26.440036917688698,46.038907078604694],[26.43754856524254,46.03552958221977],[26.44051556294398,46.022828532716495],[26.445236242971063,46.020084318779126],[26.445312438931374,46.0166917081258],[26.432301064959375,46.006228182522264],[26.394853455165734,46.01134525985709],[26.385218181644316,45.9868591547815],[26.381705574519057,45.98412913319502],[26.371903541470914,45.988034737280515],[26.35837332104267,46.00001682248183],[26.324409002030883,46.009407623021396],[26.30604196553857,46.007146597876165],[26.301532092513224,46.0015416073022],[26.290054097815162,45.99790284586034],[26.27892347484568,46.00773485330442],[26.271847722927284,46.00862452053384],[26.26875990312569,46.01380159619273],[26.249451625727648,46.02097647869879],[26.259273037711413,46.0248767110234],[26.25702572428033,46.02757491394055],[26.263450410526026,46.03024960821859],[26.265146581347988,46.02653871117934],[26.266216255090608,46.029595797206035],[26.268273117022066,46.02916512791651],[26.26795409382862,46.034623096201905],[26.277449109051204,46.041487078275026],[26.277872452015288,46.04596311086988],[26.282728689595082,46.05077571027496],[26.297604477668642,46.05287391215811],[26.29910077956339,46.0556865589263],[26.311242045686946,46.06015033949355],[26.3164444278482,46.06575564761906],[26.324756461915037,46.06651148698214],[26.327741012106152,46.07682204019518],[26.34139940324641,46.09498401570592],[26.346268996926,46.09587366709548],[26.351057873720595,46.09341779734406],[26.358323615808235,46.09885074239105],[26.366711229971727,46.09769206273633],[26.376303804419948,46.10674933456724],[26.38886464480192,46.101370242981126],[26.40790406148296,46.10357238620697],[26.40830223140224,46.095271823515816],[26.405058511826844,46.092256109162776],[26.430651853423928,46.07801758572872]]],[[[26.434592494064656,46.00658439949704],[26.431930072330086,46.00022076377167],[26.438126638179025,45.99317190685512],[26.43776217443079,45.98934960417385],[26.418617759249862,45.97623752251826],[26.397577624197982,45.96569871125732],[26.389251368979295,45.95488892573225],[26.391905409522966,45.94801101172445],[26.387231173188237,45.94086367516957],[26.378178955993047,45.93708218627153],[26.36921784365461,45.93779801844086],[26.36821678441708,45.934245276365985],[26.356819697111362,45.92735387957439],[26.342321178062022,45.922660341177775],[26.32977205609692,45.9225916303137],[26.32268698154437,45.92602394893503],[26.314788895301604,45.925130784011955],[26.30949055524225,45.93021262016145],[26.30259566017616,45.931734629709375],[26.29379977516986,45.930764857646935],[26.269099660046727,45.945113794548014],[26.258278337837336,45.95938810195234],[26.249794746225,45.960481051070346],[26.242394554124175,45.95851718497902],[26.233184515724258,45.960739681049354],[26.233277475342163,45.96363788894533],[26.218823700706395,45.96836016545114],[26.220434049355443,45.97782381688742],[26.210353475615335,45.9767417019335],[26.207767205807013,45.98432578586045],[26.191078475535285,45.98197298060601],[26.196919817985947,45.98861683908035],[26.205719951350783,45.99200074899599],[26.20541892414936,45.99425898754557],[26.21471581670329,45.99489527184189],[26.21267036025072,45.99699021330279],[26.21882207998933,46.001037479156565],[26.215688766767798,46.005722266429196],[26.249451625727648,46.02097647869879],[26.26875990312569,46.01380159619273],[26.271847722927284,46.00862452053384],[26.27892347484568,46.00773485330442],[26.290054097815162,45.99790284586034],[26.301532092513224,46.0015416073022],[26.30604196553857,46.007146597876165],[26.324409002030883,46.009407623021396],[26.35837332104267,46.00001682248183],[26.366255579624188,45.99194560734226],[26.380074545913416,45.9838703452759],[26.385218181644316,45.9868591547815],[26.395608020735125,46.01168261953342],[26.42116412322149,46.00692419561088],[26.434592494064656,46.00658439949704]]],[[[26.37153507884579,46.14598957985365],[26.38752328847614,46.1449650195246],[26.38357865945496,46.1390907195955],[26.38786689635688,46.13772495836286],[26.389556153405444,46.132987964807434],[26.38576307749632,46.128737930664805],[26.392542985379933,46.12303447741343],[26.384273452664452,46.12517699079146],[26.3813769716763,46.12864374984784],[26.373022272663075,46.12093717197821],[26.368318776454522,46.119496790997985],[26.3707632408613,46.109790171460695],[26.376303804419948,46.10674933456724],[26.371320605812503,46.10079927617154],[26.366621542032068,46.09766218481975],[26.358181742147224,46.09881181202303],[26.351057873720595,46.09341779734406],[26.346268996926,46.09587366709548],[26.34139940324641,46.09498401570592],[26.327741012106152,46.07682204019518],[26.324756461915037,46.06651148698214],[26.3164444278482,46.06575564761906],[26.311242045686946,46.06015033949355],[26.29910077956339,46.0556865589263],[26.297604477668642,46.05287391215811],[26.282728689595082,46.05077571027496],[26.277872452015288,46.04596311086988],[26.277449109051204,46.041487078275026],[26.26795409382862,46.034623096201905],[26.26980802281175,46.03151375709177],[26.265146581347988,46.02653871117934],[26.263450410526026,46.03024960821859],[26.240858064720605,46.03489829599034],[26.236781537676183,46.0312535476496],[26.21777435165305,46.04640353987613],[26.215527065988525,46.051486879946204],[26.233687490198278,46.053285142869576],[26.23345581370881,46.05513603671377],[26.243779563875147,46.05633073881495],[26.2519403578185,46.06105775232311],[26.247458623988745,46.066397316369134],[26.26090104584148,46.079819747834755],[26.261664866327727,46.08172977669202],[26.25861044177651,46.08233277886205],[26.262783078046137,46.08825873818836],[26.262283230658646,46.095374709120975],[26.278640908104624,46.1038125865504],[26.28608202714278,46.11232854990715],[26.27640592990058,46.114758281563326],[26.27735727995635,46.116517931535874],[26.271884044337078,46.11952789404651],[26.272154756844202,46.12303594886731],[26.274833007909567,46.12246762571088],[26.276356651208783,46.124288868006424],[26.27151793674545,46.12637076217563],[26.27571550992484,46.12829363270175],[26.272016307813498,46.12875536363366],[26.27591622542557,46.13015963352104],[26.271790909726672,46.13201786202151],[26.275280024674917,46.13446870383755],[26.271492924767614,46.134492908395785],[26.270848075677165,46.13759982660565],[26.271916488853837,46.13607620539646],[26.273756418148853,46.13779626627956],[26.270114913923408,46.13939335177309],[26.27550215964874,46.13906428277308],[26.27429035155989,46.14472551858904],[26.2777175669998,46.14585364460929],[26.274719314266758,46.14681565013295],[26.27746551069896,46.15200983594996],[26.27527795595398,46.153792650279044],[26.282552297153607,46.159343850438624],[26.28389487001032,46.16611064303809],[26.288923745392808,46.17199782468538],[26.298677699457816,46.17465809961375],[26.302229801046035,46.18181987315276],[26.32087543061475,46.1798019786912],[26.33102048323542,46.18595640690746],[26.334203896871035,46.175463911527906],[26.34743729457669,46.16211841054277],[26.34342954982372,46.136948400753546],[26.354467976622352,46.14157530794976],[26.35920198223531,46.140651364919655],[26.367842856163602,46.14277335142395],[26.37153507884579,46.14598957985365]]],[[[26.19992385204466,46.06424939194359],[26.198495836685648,46.06336624994643],[26.211373487181792,46.05321208507232],[26.206382204503136,46.0443201938992],[26.194707899210034,46.042007833585764],[26.188195473168975,46.04304201411757],[26.190101579667296,46.046220480033945],[26.187014880666972,46.04728598191816],[26.18583583180529,46.04575968783097],[26.179820379396123,46.051319684520784],[26.17555248544459,46.04854667335719],[26.178684477275016,46.04502357359866],[26.183062703277418,46.044110314119074],[26.179344206506237,46.0417211362877],[26.180249443091114,46.03851991342907],[26.19035939613143,46.034440197052156],[26.177027218022054,46.03041646544207],[26.17265801502455,46.03684198229412],[26.168182424734553,46.03586460704732],[26.155604381097273,46.053915294552375],[26.157336148162294,46.056748802807526],[26.145185101789448,46.061826200441715],[26.14314674378831,46.0659913687129],[26.138945714445505,46.06619418359467],[26.140716400368994,46.07317571691816],[26.14504577029859,46.07658775328142],[26.136659122669325,46.084312053853054],[26.13555799700362,46.09701461536917],[26.129698181903787,46.09777463219006],[26.132402043854977,46.10117125733987],[26.12881793456898,46.10146977255562],[26.131415791289584,46.10422300686201],[26.129653919067984,46.10677747363639],[26.133935813482612,46.10748907694318],[26.131140435848742,46.11080156383383],[26.13384469300832,46.11245051966321],[26.153703077361058,46.11043307060404],[26.15865147344545,46.12333465523453],[26.15459333592612,46.12631160316303],[26.159072774483313,46.12974695615715],[26.15236819652672,46.136980151443346],[26.143162942498165,46.141514315638965],[26.150899261380353,46.14614149230132],[26.15423243876058,46.15378702964222],[26.160553262344127,46.15439755580664],[26.160409774948253,46.15912007530589],[26.140012806199735,46.15249635453822],[26.133814840502826,46.14602430455086],[26.120015415747883,46.14127838845271],[26.104946056949842,46.14572088550296],[26.094609070837546,46.14515560256377],[26.08988474743569,46.153154525589635],[26.09157504958586,46.156056944499525],[26.084355772256664,46.15860152199119],[26.09723253910554,46.16534352530392],[26.11628924580005,46.16097097153467],[26.124560459154253,46.1701639000161],[26.133321841116985,46.17179457404268],[26.157467526116708,46.16310849067449],[26.161376406210085,46.16342516171255],[26.164599932418728,46.160708336488476],[26.172359438919585,46.16033965978423],[26.17657783838539,46.1678781591665],[26.175967679567634,46.177960780870905],[26.17827129556075,46.18140199238992],[26.18266975512944,46.18164282658979],[26.18769942303007,46.17899599763717],[26.187252751730206,46.1831257205694],[26.183628553848823,46.18493068060875],[26.186258921554295,46.185170060316],[26.197723161371183,46.17973284080077],[26.207029165169917,46.17911874200972],[26.214202786067215,46.18981672425882],[26.219947101070154,46.20615405529084],[26.22320561253618,46.204340657079534],[26.226023995145628,46.193785529302026],[26.225003684690982,46.17783838053889],[26.221439574979737,46.17685319965603],[26.220662428365358,46.173426235667996],[26.208683833614778,46.17120949968618],[26.20980336417773,46.17492895496254],[26.216587866664163,46.175080133320556],[26.21662750176313,46.17641179128597],[26.207295451056222,46.175004727358456],[26.192634365050875,46.17711295749197],[26.194397957487123,46.17413367916035],[26.200244205867403,46.17580980504306],[26.206297650225764,46.17238984844188],[26.202659607675148,46.16860382842861],[26.20507467325397,46.16461781934255],[26.203165816644436,46.16286834529201],[26.189377944282803,46.16880132738662],[26.186696002188075,46.16333910591903],[26.18235523775335,46.16208642989707],[26.184255379688803,46.15054270967681],[26.194775611580706,46.146002425306136],[26.182661448429883,46.145914340182685],[26.180087833907503,46.14068487411415],[26.173507261371075,46.139046562573334],[26.17325596692829,46.12940920561051],[26.168640702470807,46.123244204384214],[26.168432947132274,46.11673283980643],[26.171885449046012,46.112252072159734],[26.166052557218652,46.102663554891826],[26.174302545329585,46.100926359111135],[26.184354246571335,46.09152505296844],[26.185913466665138,46.093586260555384],[26.18887649983354,46.091636918387515],[26.19117278974388,46.094080227579674],[26.190426387631092,46.09068750103356],[26.199276923301948,46.08643447214426],[26.200704997272485,46.08150551090318],[26.198583903694683,46.07993097488488],[26.203315277684514,46.079789421293654],[26.203180565264592,46.07767468941851],[26.195220216016914,46.06680856135989],[26.19992385204466,46.06424939194359]]],[[[26.302229801046035,46.18181987315276],[26.298677699457816,46.17465809961375],[26.288923745392808,46.17199782468538],[26.28389487001032,46.16611064303809],[26.282552297153607,46.159343850438624],[26.27527795595398,46.153792650279044],[26.27746551069896,46.15200983594996],[26.274719314266758,46.14681565013295],[26.2777175669998,46.14585364460929],[26.27429035155989,46.14472551858904],[26.27550215964874,46.13906428277308],[26.270114913923408,46.13939335177309],[26.273756418148853,46.13779626627956],[26.271916488853837,46.13607620539646],[26.270848075677165,46.13759982660565],[26.271492924767614,46.134492908395785],[26.275280024674917,46.13446870383755],[26.271790909726672,46.13201786202151],[26.27591622542557,46.13015963352104],[26.272992575643215,46.130403032371454],[26.274621990666265,46.12939925399597],[26.272016307813498,46.12875536363366],[26.275730237213267,46.12762058351358],[26.27151793674545,46.12637076217563],[26.276356651208783,46.124288868006424],[26.271221634409233,46.121029831894795],[26.273307477559133,46.117637907987394],[26.27735727995635,46.116517931535874],[26.27640592990058,46.114758281563326],[26.28608202714278,46.11232854990715],[26.278640908104624,46.1038125865504],[26.262283230658646,46.095374709120975],[26.262783078046137,46.08825873818836],[26.25861044177651,46.08233277886205],[26.261664866327727,46.08172977669202],[26.26090104584148,46.079819747834755],[26.247458623988745,46.066397316369134],[26.2519403578185,46.06105775232311],[26.243779563875147,46.05633073881495],[26.23345581370881,46.05513603671377],[26.233687490198278,46.053285142869576],[26.215631887649643,46.051689495602254],[26.217763259950566,46.04638576254199],[26.20469396685175,46.04005407319246],[26.202971348179975,46.04162483636144],[26.211373487181792,46.05321208507232],[26.198495836685648,46.06336624994643],[26.207099006291088,46.063666592174066],[26.20959683298847,46.065484122398324],[26.206048702853565,46.060314284562615],[26.209920244287666,46.05724529724033],[26.212628315901753,46.06360804099963],[26.210528888441225,46.07677679173154],[26.21374323362447,46.07923534168301],[26.21261072230365,46.08228612470295],[26.220567954867114,46.09092627879012],[26.217841358498724,46.09232299731947],[26.221555373251455,46.0938775694926],[26.220878974490436,46.099372561343436],[26.223307934185215,46.101650260735155],[26.227061025576006,46.10026951674688],[26.234060690595044,46.110129558694815],[26.229378459869725,46.13035821250368],[26.23251167059996,46.1505691167211],[26.237096081882456,46.16166901405872],[26.243029724521282,46.16361574594753],[26.254379891215457,46.175803458452286],[26.25228895944051,46.18916166124952],[26.260902338224135,46.18995712482375],[26.266685514811403,46.193292014236505],[26.287426526996466,46.18720429696634],[26.29622225595847,46.18308875452192],[26.294825183985925,46.182021585610684],[26.302229801046035,46.18181987315276]]],[[[26.32494841336593,46.23117611140028],[26.33814580122755,46.215179960947836],[26.341553093996335,46.202859806907725],[26.340712395858475,46.19971206593457],[26.33328428987515,46.19583548064826],[26.32817103721139,46.18259002534719],[26.314599822868203,46.17946458587994],[26.306830988691217,46.181985447803164],[26.294825183985925,46.182021585610684],[26.29622225595847,46.18308875452192],[26.287426526996466,46.18720429696634],[26.266526466161867,46.1933080644205],[26.260902338224135,46.18995712482375],[26.25228895944051,46.18916166124952],[26.254379891215457,46.175803458452286],[26.234700438022408,46.15774845971823],[26.229378459869725,46.13035821250368],[26.234060690595044,46.110129558694815],[26.227061025576006,46.10026951674688],[26.223307934185215,46.101650260735155],[26.220878974490436,46.099372561343436],[26.221555373251455,46.0938775694926],[26.217841358498724,46.09232299731947],[26.220567954867114,46.09092627879012],[26.21261072230365,46.08228612470295],[26.21374323362447,46.07923534168301],[26.210528888441225,46.07677679173154],[26.212628315901753,46.06360804099963],[26.209920244287666,46.05724529724033],[26.206048702853565,46.060314284562615],[26.20959683298847,46.065484122398324],[26.207099006291088,46.063666592174066],[26.20235466068738,46.064013454085945],[26.195220216016914,46.06680856135989],[26.203180565264592,46.07767468941851],[26.203315277684514,46.079789421293654],[26.198583903694683,46.07993097488488],[26.200704997272485,46.08150551090318],[26.199276923301948,46.08643447214426],[26.190426387631092,46.09068750103356],[26.19117278974388,46.094080227579674],[26.18887649983354,46.091636918387515],[26.185913466665138,46.093586260555384],[26.184354246571335,46.09152505296844],[26.174302545329585,46.100926359111135],[26.166052557218652,46.102663554891826],[26.171885449046012,46.112252072159734],[26.168432947132274,46.11673283980643],[26.168640702470807,46.123244204384214],[26.17325596692829,46.12940920561051],[26.173507261371075,46.139046562573334],[26.180087833907503,46.14068487411415],[26.182661448429883,46.145914340182685],[26.194775611580706,46.146002425306136],[26.184255379688803,46.15054270967681],[26.18235523775335,46.16208642989707],[26.186696002188075,46.16333910591903],[26.189377944282803,46.16880132738662],[26.203165816644436,46.16286834529201],[26.204934651671195,46.164324369290654],[26.202659607675148,46.16860382842861],[26.206297650225764,46.17238984844188],[26.200244205867403,46.17580980504306],[26.194397957487123,46.17413367916035],[26.192634365050875,46.17711295749197],[26.207295451056222,46.175004727358456],[26.21662750176313,46.17641179128597],[26.216587866664163,46.175080133320556],[26.20980336417773,46.17492895496254],[26.208683833614778,46.17120949968618],[26.220662428365358,46.173426235667996],[26.221439574979737,46.17685319965603],[26.225003684690982,46.17783838053889],[26.226023995145628,46.193785529302026],[26.22320561253618,46.204340657079534],[26.219947101070154,46.20615405529084],[26.22524633195841,46.207259513612556],[26.2310868993529,46.205497474369196],[26.25180862818886,46.210136960742666],[26.258104430389846,46.21413209580148],[26.257318943671653,46.21582033708917],[26.26152990125449,46.21561060556785],[26.258490603140345,46.21940578914778],[26.259719917227613,46.22302690520728],[26.254137584734938,46.22315906065596],[26.257090121882527,46.224768374411894],[26.255141744538598,46.22709882879183],[26.258465976521947,46.2315625118939],[26.254637724330987,46.2350393795739],[26.250303413332254,46.235452954912304],[26.262262153929914,46.23928446247407],[26.26359567060939,46.246448442192246],[26.28756748148669,46.24507782023368],[26.31014088451308,46.238886507588695],[26.32494841336593,46.23117611140028]]],[[[26.3681718793866,45.729143039404676],[26.364846316256322,45.72271602456269],[26.35340825183995,45.722518964830904],[26.35328729491294,45.71748909453363],[26.358280026949434,45.714393698111515],[26.34872628126998,45.702174384011975],[26.325631713370466,45.70730585827916],[26.315477596375704,45.70561789578349],[26.305389515365704,45.70901117027573],[26.305526035775692,45.71498602054001],[26.301734163885783,45.718404687677456],[26.30497141205853,45.72309570101333],[26.297548233413725,45.72529348734091],[26.294858920716354,45.73757576202146],[26.287770190872262,45.74089038310267],[26.2882250161238,45.74344516124855],[26.284051954842635,45.74340876553777],[26.286164788090034,45.746225698840114],[26.276341361210495,45.74554576780852],[26.268308122935903,45.755579496507366],[26.267217501562786,45.75982058521148],[26.273613175107144,45.76816916865815],[26.279390056291106,45.77040999466347],[26.277803530988688,45.773523786112605],[26.27993251454848,45.77435798152633],[26.280645640237612,45.77013996057892],[26.305526361766756,45.76916336545088],[26.313077825680757,45.76453632764885],[26.316814890128548,45.755340061573925],[26.33051383873398,45.75023984932726],[26.336339200116665,45.75022866006839],[26.34498631932494,45.745644433052576],[26.352228016411257,45.74487255956019],[26.354217825557978,45.74246388515636],[26.354672815067957,45.74416495879624],[26.367479404485472,45.734281170737376],[26.3681718793866,45.729143039404676]]]]},"properties":{"alert_id":"0a3f8852042b6019","source":"nowcasting","alert_type":"nowcasting","feature_id":"0cc5fd89614542f71f","judet_cod":"CV","judet_nume":"Covasna","county_code":"CV","county_name":"Covasna","cod_judet":"CV","cod_culoare":1,"cod_culoare_nume":"Galben","culoare":"1","cod":"Galben","fenomen_principal":"Averse care vor acumula local 15...25 l/mp, descărcări electrice, intensificări ale vântului (cu viteze de 55-60 km/h), vijelie, grindină de mici dimensiuni (1...2 cm).","fenomen_group":"ploi/vijelii","zona_text":"Județul Covasna: Târgu Secuiesc, Zăbala, Ghelința, Brețcu, Ojdula, Lemnia, Poian, Mereni, Estelnic, Comandău;<br>","zona_nume":"Covasna - localitati","zone_name":"Covasna - localitati","display_name":"Covasna - localitati","localities":["Târgu Secuiesc","Zăbala","Ghelința","Brețcu","Ojdula","Lemnia","Poian","Mereni","Estelnic","Comandău"],"geometry_source":"uat_match","match_confidence":"high","interval_text":"","interval_start":"2026-07-14T13:17:00","valid_from":"2026-07-14T13:17:00","valid_to":"2026-07-14T14:30:00","interval_valabilitate_text":"","interval_end":"2026-07-14T14:30:00","data_expirare":"2026-07-14T14:30:00","mesaj_plain":"Averse care vor acumula local 15...25 l/mp, descărcări electrice, intensificări ale vântului (cu viteze de 55-60 km/h), vijelie, grindină de mici dimensiuni (1...2 cm).","source_url":"","source_label":"","notes":"","durata_ore":1.2,"zi":"2026-07-14"}},{"type":"Feature","geometry":{"type":"MultiPolygon","coordinates":[[[[26.947168,45.523974],[26.947158,45.524003],[26.947117,45.524149],[26.947076,45.524294],[26.947015,45.524494],[26.946961,45.524534],[26.946471,45.524798],[26.946091,45.525003],[26.946053,45.524998],[26.945905,45.524999],[26.945791,45.524999],[26.945751,45.525004],[26.945688,45.524975],[26.945658,45.524966],[26.945568,45.524964],[26.945524,45.524944],[26.945428,45.524941],[26.945386,45.524932],[26.945336,45.524907],[26.945311,45.524896],[26.945291,45.524871],[26.945191,45.524805],[26.945146,45.524787],[26.945105,45.52476],[26.945069,45.524726],[26.945013,45.524663],[26.944994,45.524651],[26.944977,45.524651],[26.944928,45.524622],[26.944859,45.524622],[26.944815,45.52463],[26.944732,45.524639],[26.944552,45.524623],[26.944505,45.52461],[26.944464,45.524606],[26.944431,45.524583],[26.944431,45.524558],[26.944441,45.524541],[26.944441,45.52453],[26.944406,45.524495],[26.944356,45.524489],[26.9443,45.524493],[26.94424,45.524494],[26.944166,45.524454],[26.94414,45.524443],[26.944092,45.524439],[26.944053,45.524448],[26.943981,45.524475],[26.943921,45.524506],[26.943896,45.524525],[26.943873,45.524558],[26.943871,45.524578],[26.943878,45.524604],[26.943896,45.52463],[26.943917,45.524666],[26.943917,45.524699],[26.943865,45.524793],[26.943852,45.524847],[26.94385,45.524894],[26.943876,45.524923],[26.943876,45.524976],[26.943851,45.525021],[26.943836,45.525036],[26.943822,45.525056],[26.943819,45.525074],[26.943822,45.525092],[26.943839,45.525114],[26.943862,45.525129],[26.943907,45.525162],[26.943923,45.525186],[26.943925,45.525205],[26.943904,45.52523],[26.943863,45.525251],[26.943803,45.52527],[26.943751,45.525294],[26.943691,45.525317],[26.943658,45.525321],[26.943632,45.525323],[26.943543,45.525298],[26.943483,45.525292],[26.943437,45.525292],[26.943358,45.525286],[26.943314,45.525286],[26.943257,45.525305],[26.943203,45.525321],[26.943155,45.525323],[26.943107,45.525338],[26.94307,45.525357],[26.943038,45.525382],[26.943024,45.52541],[26.943025,45.525433],[26.943006,45.525466],[26.94291,45.525448],[26.94286,45.525447],[26.942803,45.525419],[26.942701,45.525401],[26.942495,45.525385],[26.942291,45.525379],[26.942237,45.525386],[26.942192,45.525375],[26.942111,45.525375],[26.941951,45.525379],[26.940493,45.525457],[26.940848,45.527504],[26.941343,45.528631],[26.94185,45.530491],[26.939239,45.530368],[26.939237,45.530412],[26.939199,45.530477],[26.93916,45.530519],[26.939115,45.530554],[26.939225,45.530755],[26.939277,45.530865],[26.93928,45.530961],[26.939198,45.530984],[26.939104,45.531004],[26.938927,45.531041],[26.938774,45.531176],[26.938506,45.531313],[26.938311,45.531265],[26.938321,45.531551],[26.93849,45.531987],[26.938281,45.531992],[26.938182,45.531996],[26.937792,45.531967],[26.937585,45.53201],[26.937407,45.532059],[26.937378,45.532061],[26.936796,45.532218],[26.936637,45.532319],[26.936481,45.532437],[26.936383,45.532481],[26.93627,45.532496],[26.936091,45.532445],[26.935999,45.532447],[26.935925,45.532433],[26.935887,45.532432],[26.935856,45.532455],[26.935838,45.53246],[26.935817,45.532456],[26.935769,45.532457],[26.935735,45.532462],[26.935713,45.532473],[26.935693,45.532494],[26.935653,45.532517],[26.935616,45.532547],[26.935584,45.532564],[26.935531,45.53258],[26.935462,45.532598],[26.935341,45.532617],[26.935251,45.532617],[26.935204,45.532603],[26.935118,45.532561],[26.935072,45.53255],[26.93503,45.532548],[26.935013,45.532555],[26.934992,45.532576],[26.934976,45.532606],[26.934956,45.532621],[26.934929,45.532632],[26.934907,45.532654],[26.934885,45.532662],[26.93481,45.532663],[26.934765,45.532657],[26.934754,45.532637],[26.934746,45.5326],[26.934716,45.532547],[26.934695,45.53251],[26.934644,45.532514],[26.93458,45.532523],[26.934514,45.532542],[26.934448,45.532555],[26.934388,45.53257],[26.934275,45.532606],[26.9342,45.532629],[26.93371,45.532752],[26.933594,45.532761],[26.93357,45.532581],[26.933528,45.53235],[26.933509,45.532197],[26.933483,45.532033],[26.933439,45.531814],[26.933408,45.531581],[26.933361,45.531343],[26.933244,45.531113],[26.932779,45.53117],[26.93212,45.531254],[26.931781,45.531275],[26.931192,45.53134],[26.930612,45.531413],[26.929844,45.531538],[26.929146,45.531731],[26.929251,45.531878],[26.929399,45.532333],[26.929554,45.532548],[26.929686,45.532687],[26.929698,45.532721],[26.929718,45.532745],[26.929757,45.532773],[26.929795,45.532821],[26.929808,45.532858],[26.929811,45.532901],[26.929798,45.532934],[26.929779,45.532948],[26.929772,45.532958],[26.929733,45.53299],[26.929634,45.53303],[26.92961,45.533039],[26.929535,45.53304],[26.929504,45.533048],[26.929461,45.533048],[26.929433,45.533045],[26.929374,45.533026],[26.929322,45.533025],[26.929269,45.533034],[26.929234,45.533042],[26.929151,45.533038],[26.929065,45.533038],[26.929028,45.533027],[26.928988,45.532995],[26.928965,45.532968],[26.928941,45.532952],[26.928908,45.532951],[26.928863,45.532966],[26.92884,45.532983],[26.928829,45.53301],[26.928809,45.533026],[26.928774,45.533048],[26.928741,45.53306],[26.928688,45.533061],[26.928658,45.533068],[26.928615,45.533099],[26.928585,45.533134],[26.928538,45.533165],[26.928512,45.533174],[26.928449,45.533175],[26.928443,45.533207],[26.928434,45.533241],[26.928386,45.533345],[26.928387,45.533442],[26.928397,45.53346],[26.928417,45.533477],[26.928458,45.533492],[26.92848,45.533507],[26.928503,45.533542],[26.928511,45.533576],[26.928511,45.533614],[26.928496,45.533661],[26.928493,45.533698],[26.928484,45.533729],[26.928467,45.53376],[26.92847,45.533872],[26.928466,45.533982],[26.928411,45.534101],[26.928363,45.534256],[26.928274,45.534344],[26.928162,45.53449],[26.928165,45.534596],[26.928189,45.534719],[26.928134,45.534745],[26.928105,45.534752],[26.928072,45.534766],[26.92801,45.534807],[26.927956,45.534841],[26.927898,45.534872],[26.927826,45.534901],[26.927777,45.534931],[26.927718,45.534948],[26.927646,45.534963],[26.927552,45.534989],[26.927499,45.53499],[26.927468,45.534985],[26.927429,45.534985],[26.927413,45.534989],[26.927378,45.535014],[26.927323,45.53505],[26.927268,45.535072],[26.927204,45.535086],[26.927067,45.535089],[26.926974,45.535104],[26.926836,45.535136],[26.926691,45.535165],[26.926586,45.535181],[26.926458,45.535212],[26.926318,45.535253],[26.926243,45.535264],[26.926214,45.535272],[26.92619,45.535291],[26.926194,45.535325],[26.926183,45.535325],[26.926137,45.535311],[26.926024,45.535256],[26.925962,45.535203],[26.925911,45.535154],[26.925838,45.535093],[26.925821,45.535065],[26.925819,45.535046],[26.925751,45.535019],[26.925695,45.534993],[26.925645,45.534975],[26.925562,45.534958],[26.925496,45.534955],[26.925448,45.534935],[26.925422,45.534916],[26.925407,45.534874],[26.925394,45.534859],[26.925372,45.53485],[26.925338,45.534847],[26.925294,45.534855],[26.925151,45.534857],[26.925082,45.534834],[26.925002,45.53479],[26.924913,45.534774],[26.924871,45.534762],[26.924777,45.534712],[26.924715,45.534662],[26.924693,45.534654],[26.924654,45.534654],[26.924564,45.53467],[26.924526,45.534674],[26.924327,45.534672],[26.924201,45.534674],[26.924074,45.534686],[26.923998,45.534696],[26.923963,45.534711],[26.923948,45.534731],[26.923925,45.534781],[26.923893,45.534861],[26.92386,45.534992],[26.923843,45.535055],[26.923821,45.535054],[26.923707,45.535041],[26.923628,45.53504],[26.923472,45.53504],[26.923388,45.535027],[26.923319,45.535009],[26.923289,45.534994],[26.923244,45.534973],[26.92319,45.534971],[26.923111,45.534981],[26.923055,45.534991],[26.922976,45.535008],[26.9228,45.535009],[26.922418,45.535009],[26.921848,45.535011],[26.921417,45.535007],[26.920927,45.535006],[26.920619,45.53496],[26.920343,45.53492],[26.920254,45.534898],[26.920205,45.534833],[26.920196,45.534773],[26.920168,45.534722],[26.920076,45.53463],[26.920056,45.534561],[26.920086,45.534461],[26.920144,45.534346],[26.920271,45.534258],[26.92028,45.534211],[26.920244,45.534117],[26.920203,45.534057],[26.920155,45.533974],[26.920109,45.53391],[26.919904,45.533783],[26.919708,45.533637],[26.919646,45.53355],[26.919603,45.533499],[26.919535,45.533405],[26.919484,45.533311],[26.919446,45.533272],[26.91943,45.533246],[26.91942,45.533132],[26.919412,45.533104],[26.919395,45.533062],[26.919335,45.532973],[26.919291,45.532932],[26.919247,45.532913],[26.919115,45.532899],[26.919069,45.53289],[26.918948,45.532836],[26.918905,45.532828],[26.918863,45.532831],[26.918809,45.532843],[26.91876,45.532844],[26.918719,45.532813],[26.91867,45.532736],[26.918654,45.532715],[26.918627,45.532709],[26.91856,45.53272],[26.918494,45.532726],[26.918451,45.532722],[26.918322,45.532664],[26.918267,45.532634],[26.918219,45.532586],[26.918215,45.532542],[26.918168,45.532564],[26.918083,45.532578],[26.917981,45.532577],[26.917937,45.532587],[26.91792,45.532604],[26.917918,45.532616],[26.917959,45.532656],[26.918009,45.532687],[26.918058,45.532732],[26.918102,45.532808],[26.918096,45.532911],[26.918101,45.532933],[26.918093,45.532992],[26.91807,45.533053],[26.918034,45.533082],[26.918019,45.533104],[26.918018,45.533133],[26.918008,45.533151],[26.917991,45.533165],[26.917893,45.533185],[26.917856,45.533209],[26.917819,45.533244],[26.917796,45.533283],[26.917784,45.533356],[26.917772,45.533386],[26.91774,45.533413],[26.917672,45.533441],[26.917625,45.533451],[26.917547,45.533449],[26.917477,45.533456],[26.917437,45.533454],[26.917363,45.533435],[26.917221,45.53342],[26.917134,45.533424],[26.917102,45.533428],[26.91707,45.533449],[26.917033,45.53348],[26.916976,45.5335],[26.916899,45.533505],[26.916818,45.533483],[26.916753,45.533484],[26.916714,45.533491],[26.91661,45.533546],[26.916557,45.533565],[26.916473,45.533557],[26.916394,45.533559],[26.916327,45.533567],[26.916133,45.53361],[26.916057,45.533604],[26.915936,45.533606],[26.91588,45.53362],[26.915837,45.533668],[26.915794,45.533695],[26.915721,45.533749],[26.91567,45.533784],[26.915566,45.533815],[26.915526,45.533831],[26.91547,45.533871],[26.915462,45.533897],[26.915417,45.533998],[26.915376,45.534028],[26.915318,45.534077],[26.915282,45.534116],[26.915184,45.534196],[26.915143,45.534262],[26.915104,45.534308],[26.915048,45.534356],[26.915006,45.534375],[26.914963,45.534404],[26.914943,45.534447],[26.914918,45.534475],[26.914828,45.53453],[26.914811,45.534574],[26.914781,45.534616],[26.914679,45.534689],[26.914606,45.534754],[26.914544,45.534818],[26.914516,45.534873],[26.914507,45.534936],[26.914518,45.534982],[26.914576,45.535038],[26.91466,45.535083],[26.914712,45.535101],[26.914767,45.535135],[26.914789,45.535189],[26.914789,45.535218],[26.914764,45.535255],[26.914726,45.535286],[26.914692,45.535332],[26.914678,45.535358],[26.914685,45.53539],[26.914649,45.535383],[26.913534,45.535036],[26.91318,45.534934],[26.913159,45.534937],[26.913085,45.534912],[26.912559,45.534754],[26.912239,45.53466],[26.911654,45.534488],[26.910662,45.534193],[26.90995,45.533985],[26.909723,45.533902],[26.909456,45.53379],[26.909175,45.533702],[26.90898,45.533643],[26.90878,45.533562],[26.908536,45.533457],[26.908091,45.533376],[26.907538,45.533218],[26.906847,45.533023],[26.906026,45.5328],[26.906008,45.532855],[26.906018,45.532925],[26.906105,45.533039],[26.906137,45.533105],[26.906186,45.53319],[26.906214,45.533218],[26.906227,45.533254],[26.906278,45.533352],[26.906303,45.533388],[26.906356,45.533565],[26.906361,45.533627],[26.906372,45.533663],[26.906374,45.533713],[26.906385,45.53375],[26.90639,45.533784],[26.906399,45.533803],[26.906529,45.533937],[26.906564,45.53397],[26.906575,45.533991],[26.906575,45.534019],[26.906544,45.534081],[26.906533,45.5341],[26.906511,45.534166],[26.906494,45.534259],[26.906488,45.534287],[26.906486,45.534318],[26.906459,45.534486],[26.906455,45.534673],[26.906451,45.534699],[26.906467,45.534777],[26.906478,45.534907],[26.906485,45.53497],[26.906509,45.535065],[26.906521,45.535197],[26.906517,45.535336],[26.906513,45.535446],[26.906486,45.535553],[26.906458,45.535625],[26.906402,45.535723],[26.906302,45.535858],[26.906208,45.535979],[26.906135,45.536032],[26.905941,45.53619],[26.905776,45.536342],[26.905651,45.536495],[26.905551,45.536619],[26.90545,45.536743],[26.905203,45.537006],[26.905144,45.537059],[26.905042,45.537159],[26.904935,45.537242],[26.904898,45.537275],[26.904749,45.537378],[26.904659,45.537452],[26.904616,45.537516],[26.904577,45.537604],[26.904542,45.537663],[26.904506,45.537697],[26.904385,45.537798],[26.904355,45.537834],[26.904309,45.537869],[26.904267,45.537894],[26.904119,45.537997],[26.904052,45.538061],[26.904,45.538114],[26.903946,45.538193],[26.903906,45.538271],[26.903866,45.538349],[26.903823,45.538393],[26.903687,45.538445],[26.9036,45.538478],[26.903594,45.538481],[26.90359,45.538482],[26.903539,45.538498],[26.903476,45.538517],[26.903457,45.538528],[26.903403,45.538561],[26.903369,45.538581],[26.903367,45.538582],[26.903345,45.538595],[26.903329,45.538605],[26.903321,45.53861],[26.903313,45.538615],[26.90331,45.538617],[26.903309,45.538617],[26.903296,45.538595],[26.903259,45.53855],[26.903164,45.538407],[26.902876,45.537979],[26.902802,45.537867],[26.902774,45.537839],[26.902771,45.537824],[26.902686,45.537695],[26.901856,45.536477],[26.900656,45.534737],[26.900644,45.534706],[26.90063,45.534592],[26.900593,45.534207],[26.900474,45.533087],[26.900453,45.53282],[26.900441,45.532759],[26.900313,45.531543],[26.900218,45.530896],[26.900131,45.530416],[26.900083,45.530218],[26.900076,45.529959],[26.900105,45.529627],[26.900104,45.529489],[26.900117,45.529359],[26.900099,45.529085],[26.900111,45.528924],[26.900094,45.528713],[26.900118,45.528384],[26.90013,45.528329],[26.900131,45.528146],[26.900142,45.528046],[26.900136,45.528039],[26.900155,45.527836],[26.90014,45.527566],[26.90016,45.52731],[26.900148,45.52686],[26.900154,45.526654],[26.900167,45.526455],[26.900182,45.526382],[26.90021,45.526107],[26.900218,45.525909],[26.900192,45.525848],[26.900088,45.525727],[26.900065,45.525674],[26.900042,45.525499],[26.900057,45.525453],[26.900067,45.525346],[26.900002,45.525118],[26.9,45.525064],[26.90002,45.524988],[26.900019,45.52495],[26.900012,45.524904],[26.899974,45.524805],[26.899965,45.524744],[26.899974,45.524689],[26.90002,45.524576],[26.90011,45.524391],[26.900144,45.524257],[26.900152,45.52383],[26.900163,45.523738],[26.90014,45.523578],[26.900152,45.523422],[26.900143,45.523391],[26.900068,45.523308],[26.900033,45.523217],[26.899996,45.523157],[26.899951,45.523121],[26.899937,45.523097],[26.899801,45.523019],[26.899722,45.522914],[26.899653,45.522696],[26.898833,45.522735],[26.898708,45.52281],[26.898549,45.523103],[26.898287,45.523602],[26.897798,45.523859],[26.897746,45.523979],[26.897515,45.52415],[26.897372,45.524069],[26.897163,45.524076],[26.896804,45.524277],[26.896614,45.524302],[26.896202,45.524198],[26.8958,45.524031],[26.895441,45.523848],[26.89513,45.523595],[26.894838,45.523397],[26.894363,45.523116],[26.894082,45.522934],[26.893999,45.522907],[26.893974,45.522879],[26.893502,45.52257],[26.893427,45.52251],[26.893171,45.522269],[26.893115,45.522224],[26.893096,45.522216],[26.893088,45.522201],[26.89278,45.521961],[26.892699,45.521878],[26.892615,45.521765],[26.89252,45.521682],[26.892492,45.521629],[26.892476,45.52156],[26.892435,45.521524],[26.892328,45.521467],[26.892311,45.521452],[26.892285,45.521406],[26.892276,45.52136],[26.892168,45.52127],[26.892131,45.521217],[26.892122,45.521187],[26.892074,45.521126],[26.892052,45.521088],[26.892038,45.520957],[26.891962,45.520656],[26.891862,45.520327],[26.891613,45.519788],[26.891571,45.519742],[26.891485,45.519611],[26.891477,45.519588],[26.891427,45.519526],[26.891301,45.519311],[26.891296,45.519288],[26.891278,45.519277],[26.891234,45.519228],[26.891033,45.518827],[26.890999,45.518736],[26.891,45.51872],[26.890891,45.518498],[26.890783,45.518214],[26.890736,45.51813],[26.890592,45.517915],[26.890479,45.51773],[26.890459,45.517677],[26.89044,45.517547],[26.890351,45.517378],[26.890305,45.517271],[26.890231,45.517064],[26.89015,45.516918],[26.890128,45.516792],[26.890112,45.516772],[26.890083,45.516766],[26.889963,45.516767],[26.889865,45.516777],[26.889789,45.51679],[26.889659,45.51678],[26.889627,45.516784],[26.889539,45.51681],[26.889496,45.516813],[26.889442,45.516808],[26.889365,45.516825],[26.8893,45.516826],[26.889203,45.516811],[26.889105,45.516816],[26.88892,45.516859],[26.888757,45.516882],[26.888605,45.516896],[26.888431,45.516895],[26.88816,45.516873],[26.88802,45.51685],[26.887815,45.516795],[26.887739,45.516784],[26.887715,45.51678],[26.887181,45.516638],[26.887042,45.516623],[26.886848,45.516591],[26.88638,45.516579],[26.886074,45.516543],[26.885948,45.516477],[26.885921,45.516428],[26.884995,45.516383],[26.884966,45.516396],[26.884801,45.516501],[26.884648,45.516564],[26.884474,45.51662],[26.884361,45.516693],[26.884227,45.51686],[26.884202,45.516915],[26.884016,45.517028],[26.883839,45.517154],[26.883698,45.517202],[26.883499,45.517258],[26.883235,45.51735],[26.882854,45.517509],[26.882585,45.517713],[26.882402,45.517796],[26.882151,45.517875],[26.881934,45.517902],[26.881749,45.517916],[26.881562,45.517917],[26.881467,45.517908],[26.881456,45.517916],[26.881218,45.517911],[26.881185,45.517915],[26.881076,45.517948],[26.880936,45.518032],[26.880903,45.518058],[26.880744,45.518216],[26.880695,45.518254],[26.880465,45.518465],[26.880387,45.518555],[26.880271,45.518661],[26.880171,45.518766],[26.880094,45.518832],[26.880019,45.518886],[26.879887,45.518963],[26.879734,45.519034],[26.879657,45.519076],[26.879582,45.519107],[26.87946,45.519164],[26.879262,45.519285],[26.879154,45.519391],[26.879025,45.519565],[26.878967,45.519625],[26.878779,45.519775],[26.878702,45.519822],[26.878571,45.519878],[26.878437,45.519949],[26.87836,45.519993],[26.87823,45.520083],[26.878186,45.520106],[26.878082,45.520099],[26.877861,45.520044],[26.877599,45.519942],[26.877265,45.519867],[26.876993,45.519866],[26.876943,45.519932],[26.876783,45.52003],[26.876674,45.520066],[26.876567,45.520113],[26.876493,45.520163],[26.876459,45.520213],[26.876432,45.520237],[26.876366,45.520284],[26.876267,45.520332],[26.875895,45.520444],[26.875645,45.520485],[26.875591,45.52049],[26.875485,45.520487],[26.87546,45.520502],[26.875418,45.520535],[26.875408,45.520558],[26.875289,45.520697],[26.874977,45.520991],[26.874815,45.52113],[26.87473,45.521189],[26.874579,45.521253],[26.874472,45.521285],[26.874417,45.521312],[26.874275,45.521291],[26.873862,45.521282],[26.873527,45.521309],[26.873424,45.52134],[26.87338,45.521353],[26.873304,45.521362],[26.873228,45.521386],[26.872971,45.52151],[26.872897,45.521551],[26.872859,45.521581],[26.87282,45.52161],[26.872691,45.52175],[26.872625,45.521809],[26.872494,45.52189],[26.872286,45.521993],[26.872123,45.522028],[26.871982,45.52204],[26.871884,45.522056],[26.871656,45.52206],[26.871559,45.522052],[26.871526,45.522057],[26.871461,45.522053],[26.871367,45.52205],[26.871152,45.522076],[26.871002,45.522116],[26.870849,45.522189],[26.870731,45.522236],[26.870554,45.522307],[26.870461,45.522366],[26.870401,45.522419],[26.870203,45.522633],[26.870134,45.522687],[26.86997,45.522787],[26.869839,45.522841],[26.869338,45.523001],[26.869261,45.52302],[26.869141,45.523065],[26.86912,45.523066],[26.868913,45.523132],[26.868575,45.523243],[26.86839,45.52329],[26.868096,45.523352],[26.867639,45.523407],[26.867433,45.523433],[26.867226,45.523477],[26.867063,45.523519],[26.866692,45.523648],[26.866594,45.523674],[26.866507,45.523689],[26.866399,45.523697],[26.866355,45.523693],[26.866312,45.523698],[26.866204,45.523696],[26.866117,45.523701],[26.865888,45.523745],[26.865508,45.523799],[26.865258,45.523816],[26.865106,45.523817],[26.86503,45.52381],[26.86477,45.52382],[26.864487,45.523873],[26.864291,45.523927],[26.864171,45.523952],[26.86416,45.52396],[26.864008,45.524001],[26.863736,45.524041],[26.863606,45.524047],[26.863541,45.524039],[26.863368,45.523992],[26.863216,45.524017],[26.86315,45.524036],[26.863009,45.524052],[26.862836,45.524051],[26.862651,45.524034],[26.862543,45.524035],[26.862467,45.524025],[26.862315,45.524031],[26.86224,45.524053],[26.861858,45.524157],[26.861695,45.524183],[26.861597,45.52418],[26.861519,45.524162],[26.861446,45.524137],[26.861381,45.524125],[26.861284,45.524082],[26.86123,45.524066],[26.861002,45.524042],[26.860926,45.524041],[26.860774,45.524061],[26.860695,45.524091],[26.860359,45.524287],[26.860217,45.524352],[26.860141,45.524378],[26.859912,45.524415],[26.85977,45.524469],[26.859465,45.524611],[26.859268,45.524667],[26.859181,45.52471],[26.858974,45.524777],[26.858701,45.524887],[26.858636,45.524902],[26.858568,45.524905],[26.858514,45.524888],[26.858495,45.524871],[26.85842,45.524843],[26.858322,45.524842],[26.858279,45.524831],[26.858257,45.524821],[26.85821,45.52476],[26.858118,45.524684],[26.857825,45.524547],[26.85772,45.524483],[26.857623,45.524452],[26.857525,45.524447],[26.857438,45.524452],[26.857308,45.524468],[26.857177,45.524475],[26.856873,45.524504],[26.856417,45.524547],[26.856015,45.524565],[26.855762,45.524573],[26.855536,45.524641],[26.855092,45.524495],[26.854622,45.524296],[26.854486,45.52424],[26.854377,45.524211],[26.854292,45.524238],[26.854191,45.52431],[26.854091,45.524398],[26.854006,45.524411],[26.853794,45.524449],[26.853705,45.524608],[26.853769,45.524703],[26.853931,45.524821],[26.853863,45.524952],[26.853814,45.525111],[26.853419,45.525225],[26.852997,45.525322],[26.852955,45.52523],[26.852875,45.525137],[26.8528,45.525068],[26.852739,45.52497],[26.852665,45.524885],[26.852585,45.524785],[26.852519,45.524744],[26.852402,45.524687],[26.852275,45.524629],[26.852142,45.5245],[26.852019,45.524414],[26.851886,45.524334],[26.851742,45.524286],[26.851681,45.524282],[26.851619,45.524301],[26.851525,45.52434],[26.851479,45.524388],[26.851458,45.52444],[26.851454,45.524503],[26.851421,45.524539],[26.85136,45.524542],[26.851275,45.524468],[26.851261,45.524397],[26.851225,45.524363],[26.851176,45.524414],[26.851072,45.524436],[26.850974,45.524444],[26.850786,45.524406],[26.850561,45.524414],[26.85052,45.524393],[26.850501,45.524376],[26.850429,45.524271],[26.850329,45.524191],[26.850234,45.524163],[26.850139,45.524146],[26.850045,45.524141],[26.849953,45.524128],[26.849869,45.524114],[26.849737,45.524072],[26.849643,45.524007],[26.849569,45.523965],[26.849491,45.52393],[26.849416,45.523909],[26.849373,45.523885],[26.849344,45.523858],[26.84931,45.523824],[26.849256,45.523799],[26.849183,45.523758],[26.849112,45.523724],[26.848994,45.52366],[26.848784,45.523574],[26.848659,45.523515],[26.848536,45.523504],[26.848373,45.523514],[26.848299,45.523552],[26.848245,45.523626],[26.848041,45.523593],[26.847902,45.523516],[26.847721,45.523441],[26.847518,45.523376],[26.847398,45.523354],[26.84729,45.523356],[26.84719,45.523382],[26.847086,45.523372],[26.846845,45.523315],[26.846782,45.523266],[26.846719,45.523206],[26.846645,45.523142],[26.846545,45.523082],[26.846437,45.523036],[26.846399,45.523023],[26.846356,45.523021],[26.84629,45.523034],[26.846203,45.523071],[26.846138,45.523086],[26.846051,45.523085],[26.846005,45.523073],[26.845957,45.523044],[26.845914,45.522998],[26.845858,45.522906],[26.845843,45.52286],[26.845765,45.522764],[26.845758,45.522745],[26.845741,45.522741],[26.845736,45.52273],[26.845674,45.522685],[26.845602,45.522647],[26.845105,45.522511],[26.844986,45.522466],[26.844878,45.522437],[26.844803,45.522404],[26.84463,45.522353],[26.844585,45.522336],[26.844541,45.52232],[26.844393,45.52225],[26.844123,45.522143],[26.843985,45.522077],[26.843832,45.522013],[26.843746,45.521966],[26.843625,45.521887],[26.84331,45.521757],[26.843172,45.521674],[26.843092,45.521657],[26.842945,45.521617],[26.842811,45.52154],[26.842742,45.521483],[26.842576,45.521414],[26.84242,45.521386],[26.842371,45.52138],[26.842258,45.521365],[26.842168,45.521372],[26.841972,45.521367],[26.84192,45.521358],[26.841876,45.521327],[26.841782,45.521255],[26.841714,45.521205],[26.841666,45.521172],[26.841598,45.521152],[26.841519,45.521133],[26.841453,45.521119],[26.841375,45.521102],[26.841247,45.521075],[26.841163,45.521038],[26.841104,45.521017],[26.840966,45.520972],[26.840732,45.520887],[26.840666,45.520863],[26.84061,45.520851],[26.840541,45.520837],[26.840474,45.520819],[26.840294,45.520752],[26.840212,45.520753],[26.840138,45.520762],[26.840076,45.520778],[26.84002,45.520796],[26.839941,45.520824],[26.839864,45.520841],[26.839811,45.52084],[26.83974,45.520842],[26.839683,45.520833],[26.839629,45.520821],[26.839589,45.520812],[26.839534,45.520804],[26.839475,45.520792],[26.839408,45.520778],[26.839375,45.520768],[26.839309,45.520755],[26.839227,45.520735],[26.839135,45.520721],[26.839055,45.520705],[26.838981,45.520698],[26.838803,45.520697],[26.838726,45.520701],[26.838645,45.520719],[26.838577,45.520746],[26.838543,45.520764],[26.838536,45.520793],[26.838541,45.520867],[26.83856,45.520886],[26.838571,45.520907],[26.83859,45.520929],[26.838631,45.520971],[26.83866,45.521037],[26.838661,45.521079],[26.838654,45.5211],[26.838629,45.521137],[26.838556,45.521197],[26.838454,45.521262],[26.838394,45.52129],[26.838277,45.521336],[26.83823,45.521343],[26.83816,45.521341],[26.838001,45.521302],[26.837847,45.521237],[26.837701,45.521142],[26.837601,45.521042],[26.837535,45.520984],[26.837446,45.520929],[26.837358,45.520904],[26.837272,45.520909],[26.837257,45.520898],[26.837202,45.520762],[26.837099,45.520586],[26.837042,45.520476],[26.836949,45.520351],[26.836894,45.52018],[26.836873,45.52003],[26.836889,45.519731],[26.836865,45.519679],[26.836813,45.519597],[26.836638,45.51948],[26.836405,45.519369],[26.836309,45.519319],[26.836214,45.519268],[26.836157,45.519233],[26.835908,45.519109],[26.835756,45.519025],[26.83548,45.51879],[26.835179,45.518566],[26.835076,45.518482],[26.834979,45.5184],[26.834811,45.518278],[26.834606,45.518216],[26.834583,45.518209],[26.834366,45.518119],[26.834261,45.518058],[26.83415,45.517977],[26.834128,45.517955],[26.834039,45.517863],[26.833974,45.517811],[26.83393,45.517796],[26.833907,45.517797],[26.833884,45.517798],[26.833876,45.517799],[26.833868,45.517801],[26.833844,45.517817],[26.83378,45.517862],[26.833766,45.517872],[26.833661,45.51793],[26.8336,45.517984],[26.833536,45.518032],[26.833476,45.518083],[26.83345,45.518115],[26.833444,45.51816],[26.833436,45.51817],[26.833413,45.518222],[26.833378,45.518255],[26.833313,45.518277],[26.833278,45.518281],[26.83322,45.518277],[26.833101,45.518244],[26.832853,45.518241],[26.832795,45.51824],[26.832736,45.518239],[26.832544,45.518238],[26.832471,45.518258],[26.832417,45.518291],[26.832378,45.518312],[26.832337,45.51834],[26.832315,45.518364],[26.832296,45.518405],[26.832211,45.51848],[26.832129,45.518537],[26.832025,45.518594],[26.831932,45.518642],[26.831848,45.518673],[26.8318,45.518678],[26.831758,45.518735],[26.831727,45.518758],[26.831683,45.518809],[26.831485,45.519078],[26.831419,45.51913],[26.831343,45.519163],[26.83127,45.519179],[26.831186,45.519185],[26.831102,45.519198],[26.831015,45.519227],[26.830927,45.519264],[26.830872,45.519301],[26.830819,45.519353],[26.830781,45.519371],[26.830734,45.5194],[26.83062,45.51946],[26.830563,45.519481],[26.830393,45.519509],[26.830303,45.519515],[26.830141,45.519524],[26.830099,45.519558],[26.830028,45.519652],[26.829975,45.519749],[26.829956,45.519806],[26.829916,45.519899],[26.829863,45.520044],[26.829846,45.520151],[26.829821,45.520247],[26.829802,45.520279],[26.829783,45.520311],[26.829731,45.520359],[26.829654,45.520404],[26.829604,45.520421],[26.829551,45.520435],[26.82946,45.520451],[26.829361,45.520461],[26.829233,45.520493],[26.829141,45.52052],[26.829111,45.520542],[26.82901,45.520587],[26.828969,45.520618],[26.828851,45.52066],[26.828756,45.520679],[26.828681,45.520717],[26.8286,45.520759],[26.828544,45.520799],[26.828467,45.520855],[26.828402,45.520904],[26.828329,45.520953],[26.828268,45.520987],[26.828206,45.521015],[26.827892,45.521038],[26.827819,45.521047],[26.827688,45.521083],[26.827603,45.521121],[26.827517,45.521165],[26.827488,45.521191],[26.827422,45.521261],[26.827355,45.521312],[26.827276,45.52136],[26.827179,45.521434],[26.82711,45.521498],[26.827057,45.521572],[26.827042,45.521584],[26.826979,45.521663],[26.826882,45.521832],[26.82679,45.521949],[26.826732,45.521991],[26.826385,45.522097],[26.826355,45.522119],[26.826289,45.52216],[26.826251,45.522194],[26.826201,45.522271],[26.826182,45.522341],[26.826181,45.52238],[26.826199,45.522477],[26.8262,45.522555],[26.826191,45.522613],[26.826166,45.522654],[26.826128,45.52268],[26.826107,45.522695],[26.825992,45.522722],[26.825767,45.522745],[26.82566,45.522767],[26.825569,45.522774],[26.825487,45.52279],[26.82544,45.522795],[26.825393,45.5228],[26.825311,45.522816],[26.825164,45.522844],[26.825066,45.522855],[26.825022,45.522868],[26.824892,45.522884],[26.824701,45.522934],[26.824574,45.522969],[26.824508,45.522996],[26.824471,45.523024],[26.82445,45.523045],[26.824365,45.523376],[26.824352,45.523413],[26.824341,45.523431],[26.824309,45.523522],[26.824284,45.523582],[26.824262,45.523627],[26.82421,45.523701],[26.824196,45.523712],[26.823775,45.524484],[26.823398,45.525177],[26.82338,45.525185],[26.823161,45.525344],[26.823111,45.525397],[26.823071,45.52545],[26.823069,45.525455],[26.823029,45.525514],[26.823006,45.525537],[26.822771,45.525998],[26.822317,45.527231],[26.822317,45.52725],[26.822289,45.527277],[26.82223,45.527336],[26.822191,45.52736],[26.822137,45.527407],[26.822066,45.527446],[26.820222,45.529196],[26.819984,45.529157],[26.818664,45.528873],[26.818221,45.528745],[26.817572,45.528719],[26.817658,45.528788],[26.817726,45.528856],[26.817727,45.528896],[26.817715,45.528962],[26.817629,45.529164],[26.817577,45.529264],[26.817509,45.529388],[26.817445,45.529502],[26.817415,45.529582],[26.817399,45.52965],[26.817395,45.529751],[26.8174,45.529799],[26.817419,45.529877],[26.817436,45.530026],[26.817434,45.530069],[26.817403,45.530198],[26.817362,45.530317],[26.817336,45.530374],[26.817247,45.530593],[26.817197,45.530678],[26.817126,45.53085],[26.817085,45.530904],[26.817037,45.530985],[26.816975,45.531059],[26.816908,45.531129],[26.816828,45.531241],[26.816793,45.531327],[26.816741,45.531459],[26.816662,45.531576],[26.816583,45.531698],[26.81647,45.531864],[26.816331,45.531959],[26.816245,45.532013],[26.816142,45.532055],[26.81605,45.532105],[26.815986,45.532129],[26.815914,45.532179],[26.815881,45.532232],[26.815853,45.532297],[26.815815,45.532404],[26.815781,45.532522],[26.815751,45.532565],[26.815668,45.532635],[26.815588,45.532683],[26.815485,45.532719],[26.81538,45.532741],[26.815271,45.532761],[26.815165,45.532798],[26.815121,45.532848],[26.815105,45.532918],[26.81508,45.53299],[26.815067,45.533047],[26.815011,45.533132],[26.814964,45.533199],[26.814912,45.533254],[26.814846,45.533328],[26.814792,45.533406],[26.814748,45.533458],[26.814685,45.533502],[26.814565,45.533539],[26.814466,45.533579],[26.81441,45.533606],[26.814351,45.533635],[26.814262,45.533718],[26.814216,45.533848],[26.814218,45.533897],[26.814204,45.533941],[26.814175,45.533992],[26.81413,45.534085],[26.814111,45.534152],[26.814101,45.53425],[26.814123,45.534385],[26.814154,45.534575],[26.814153,45.534692],[26.814046,45.53488],[26.814017,45.534984],[26.813994,45.535134],[26.813957,45.535274],[26.813927,45.535316],[26.813906,45.535356],[26.813815,45.535458],[26.813786,45.53553],[26.813771,45.535587],[26.813718,45.535722],[26.813697,45.535754],[26.813634,45.535807],[26.813622,45.535914],[26.81363,45.536021],[26.813659,45.536101],[26.813682,45.536197],[26.813685,45.536288],[26.813672,45.536351],[26.813646,45.536441],[26.813613,45.53651],[26.813556,45.536586],[26.813474,45.536676],[26.813299,45.536789],[26.813146,45.536885],[26.812918,45.537036],[26.812873,45.537078],[26.812838,45.537134],[26.812786,45.537195],[26.812733,45.537243],[26.812645,45.537251],[26.812528,45.53722],[26.81242,45.537177],[26.812191,45.537173],[26.812026,45.537202],[26.811943,45.537229],[26.811863,45.537277],[26.811813,45.537334],[26.811695,45.53748],[26.811595,45.53767],[26.811459,45.53799],[26.811317,45.538377],[26.811246,45.538541],[26.811225,45.538662],[26.811178,45.538771],[26.811145,45.538841],[26.811128,45.538975],[26.811096,45.539053],[26.811053,45.539103],[26.810953,45.539209],[26.810905,45.539234],[26.810738,45.539339],[26.810669,45.539415],[26.810636,45.539441],[26.810609,45.53948],[26.810559,45.539515],[26.810492,45.539577],[26.810447,45.539617],[26.810409,45.539663],[26.810392,45.5397],[26.810376,45.539729],[26.810344,45.539815],[26.810342,45.539853],[26.810316,45.539953],[26.810297,45.540058],[26.810296,45.540098],[26.810308,45.540266],[26.810279,45.540338],[26.810243,45.540372],[26.810172,45.5404],[26.81014,45.54041],[26.810075,45.540427],[26.809985,45.54043],[26.809935,45.540448],[26.80991,45.540468],[26.80989,45.540546],[26.809839,45.54065],[26.809788,45.540736],[26.809779,45.540787],[26.809795,45.541024],[26.809803,45.541068],[26.80985,45.54118],[26.80987,45.541249],[26.809871,45.54131],[26.80984,45.54137],[26.809816,45.541415],[26.809782,45.541463],[26.809752,45.541534],[26.809725,45.541658],[26.809702,45.541715],[26.809693,45.541767],[26.809694,45.541808],[26.809667,45.541845],[26.80964,45.541912],[26.809592,45.542012],[26.809541,45.542065],[26.809461,45.54217],[26.809419,45.54221],[26.809386,45.542241],[26.80933,45.54227],[26.809295,45.542309],[26.809246,45.542308],[26.80917,45.542301],[26.809086,45.542314],[26.80895,45.542351],[26.808824,45.542353],[26.808682,45.542296],[26.808601,45.542257],[26.80854,45.542255],[26.808382,45.542317],[26.808315,45.542357],[26.808268,45.542424],[26.808217,45.542465],[26.80804,45.542565],[26.807848,45.542697],[26.807773,45.542741],[26.807708,45.542749],[26.807762,45.542803],[26.807812,45.5429],[26.807819,45.542962],[26.807853,45.543094],[26.807894,45.543187],[26.808018,45.543346],[26.808092,45.543422],[26.808163,45.543538],[26.808256,45.543751],[26.808319,45.543869],[26.808332,45.543936],[26.808377,45.544039],[26.808375,45.544283],[26.808382,45.54431],[26.808398,45.54441],[26.808397,45.544596],[26.808388,45.544733],[26.8084,45.544801],[26.80843,45.54487],[26.808434,45.544929],[26.808427,45.544968],[26.808353,45.545063],[26.8083,45.545115],[26.808145,45.545234],[26.808068,45.545305],[26.807966,45.545368],[26.80786,45.545449],[26.807738,45.545632],[26.807623,45.545794],[26.807598,45.545876],[26.807598,45.545993],[26.807605,45.546032],[26.807641,45.54608],[26.807647,45.54611],[26.807645,45.546155],[26.807616,45.54621],[26.807575,45.546352],[26.807519,45.546549],[26.807496,45.546711],[26.807488,45.546733],[26.807406,45.54677],[26.80734,45.546843],[26.807224,45.54692],[26.807071,45.547033],[26.80696,45.547104],[26.80687,45.54714],[26.80668,45.5472],[26.806518,45.547203],[26.806439,45.547207],[26.806364,45.547222],[26.806309,45.54725],[26.806276,45.547279],[26.80626,45.547307],[26.806236,45.547318],[26.806206,45.547374],[26.806144,45.547468],[26.806054,45.54753],[26.806017,45.547545],[26.805963,45.54755],[26.805902,45.547544],[26.805794,45.547546],[26.805584,45.547544],[26.805537,45.547549],[26.805432,45.547586],[26.805391,45.547614],[26.805381,45.547643],[26.80538,45.547719],[26.805379,45.547795],[26.805369,45.547813],[26.805341,45.547825],[26.80522,45.547834],[26.805002,45.547833],[26.804592,45.547836],[26.804408,45.547846],[26.804379,45.547847],[26.804333,45.54785],[26.804223,45.547856],[26.804189,45.547851],[26.804155,45.547847],[26.80405,45.547824],[26.803769,45.547751],[26.803588,45.547726],[26.803407,45.5477],[26.803244,45.547653],[26.803088,45.547631],[26.802317,45.547599],[26.80172,45.547574],[26.801663,45.547574],[26.801637,45.547587],[26.801601,45.547619],[26.80157,45.547642],[26.80153,45.547655],[26.801492,45.54766],[26.801316,45.547699],[26.801247,45.547701],[26.801164,45.547712],[26.801046,45.547683],[26.800946,45.547676],[26.80085,45.547681],[26.800051,45.547645],[26.799817,45.547634],[26.799765,45.547653],[26.799696,45.547708],[26.799628,45.547745],[26.799454,45.547813],[26.799365,45.547841],[26.799278,45.54786],[26.799104,45.547923],[26.799028,45.547963],[26.798994,45.547992],[26.79896,45.548037],[26.798923,45.548065],[26.798893,45.548111],[26.798863,45.548169],[26.798849,45.548206],[26.798822,45.548248],[26.798809,45.548292],[26.798761,45.548339],[26.798716,45.548369],[26.79865,45.548408],[26.798397,45.548507],[26.798323,45.548526],[26.798236,45.548562],[26.798175,45.548582],[26.798069,45.548653],[26.797923,45.548732],[26.79785,45.548768],[26.797783,45.54879],[26.797639,45.548791],[26.797592,45.548783],[26.797355,45.548773],[26.797262,45.548805],[26.797194,45.548856],[26.79716,45.5489],[26.797134,45.548948],[26.797114,45.549019],[26.797098,45.549092],[26.797098,45.549166],[26.796955,45.549336],[26.796857,45.549437],[26.796758,45.549518],[26.796731,45.549512],[26.796688,45.549513],[26.796586,45.549535],[26.796501,45.549579],[26.796282,45.5497],[26.796186,45.549739],[26.795928,45.549819],[26.795792,45.549871],[26.795627,45.549976],[26.795505,45.550045],[26.795354,45.550102],[26.795273,45.550192],[26.795129,45.550271],[26.795048,45.550268],[26.794985,45.550276],[26.794819,45.550282],[26.794728,45.550271],[26.794676,45.550254],[26.794456,45.550257],[26.794386,45.550286],[26.794309,45.55035],[26.794224,45.550503],[26.794213,45.550522],[26.794201,45.55054],[26.794179,45.550577],[26.794133,45.550625],[26.793984,45.550627],[26.793922,45.550516],[26.793881,45.550398],[26.793824,45.55035],[26.793777,45.550311],[26.793736,45.550265],[26.79369,45.550254],[26.793658,45.550254],[26.793629,45.550268],[26.793635,45.550301],[26.793635,45.550358],[26.793617,45.550394],[26.793605,45.550434],[26.793575,45.550467],[26.793544,45.550525],[26.793517,45.550548],[26.793471,45.55059],[26.793371,45.550658],[26.793347,45.550687],[26.793348,45.550724],[26.793332,45.55075],[26.793255,45.550795],[26.793214,45.550796],[26.793161,45.550777],[26.793136,45.550756],[26.793114,45.550714],[26.793074,45.550655],[26.793002,45.550573],[26.792966,45.550468],[26.79294,45.550429],[26.792861,45.550367],[26.792784,45.550317],[26.792747,45.550299],[26.792703,45.550301],[26.79268,45.55031],[26.792641,45.550385],[26.792572,45.5504],[26.792488,45.550427],[26.792445,45.550431],[26.792419,45.550443],[26.792404,45.550468],[26.792397,45.550548],[26.792388,45.550581],[26.792345,45.550628],[26.792323,45.550663],[26.792296,45.550677],[26.792221,45.550701],[26.792148,45.550705],[26.792113,45.550709],[26.792071,45.550721],[26.792058,45.550735],[26.79206,45.550804],[26.792031,45.550852],[26.791997,45.550911],[26.791969,45.551058],[26.791968,45.551104],[26.791949,45.551144],[26.791954,45.551161],[26.791992,45.551296],[26.792086,45.551401],[26.792088,45.551445],[26.792086,45.551541],[26.792067,45.55159],[26.792097,45.551642],[26.792144,45.551675],[26.792191,45.55171],[26.792239,45.55173],[26.792295,45.551744],[26.792547,45.551826],[26.792595,45.551851],[26.792623,45.551879],[26.792633,45.551916],[26.792647,45.551985],[26.792645,45.552033],[26.792591,45.552096],[26.792566,45.552126],[26.792481,45.552129],[26.792349,45.552159],[26.792231,45.552199],[26.792103,45.552224],[26.791719,45.55223],[26.791562,45.552243],[26.791493,45.552222],[26.791397,45.552184],[26.791282,45.552122],[26.790994,45.551931],[26.790781,45.55183],[26.790588,45.551744],[26.790486,45.551675],[26.790397,45.551594],[26.790316,45.551543],[26.790228,45.551477],[26.790157,45.551377],[26.790141,45.551321],[26.790122,45.551272],[26.790092,45.551228],[26.790074,45.551198],[26.790048,45.551127],[26.789946,45.550967],[26.789921,45.550902],[26.789843,45.550809],[26.789755,45.550683],[26.789684,45.550599],[26.789584,45.550494],[26.789512,45.550432],[26.789426,45.550326],[26.78938,45.550239],[26.789328,45.550168],[26.789285,45.550102],[26.789239,45.550032],[26.789211,45.550016],[26.789071,45.549986],[26.788905,45.549942],[26.788828,45.549913],[26.788764,45.549866],[26.788642,45.549796],[26.78854,45.549732],[26.78843,45.549676],[26.788337,45.549622],[26.788236,45.549546],[26.788081,45.549441],[26.787971,45.549382],[26.787886,45.549349],[26.787636,45.549272],[26.787455,45.549185],[26.787181,45.549044],[26.7867,45.548895],[26.7865,45.548841],[26.786459,45.548828],[26.786312,45.548783],[26.786232,45.548767],[26.786158,45.548764],[26.786079,45.548778],[26.786005,45.54882],[26.785971,45.548851],[26.785877,45.548955],[26.785781,45.549025],[26.785663,45.549075],[26.785542,45.549115],[26.785295,45.54913],[26.784916,45.549136],[26.784841,45.549121],[26.784786,45.549054],[26.78469,45.548837],[26.784601,45.548725],[26.784353,45.548533],[26.784223,45.548485],[26.784067,45.548482],[26.783924,45.548455],[26.783651,45.548371],[26.783505,45.54834],[26.783345,45.54835],[26.783195,45.548359],[26.78299,45.548308],[26.78283,45.54825],[26.782715,45.548181],[26.782605,45.548074],[26.782489,45.548008],[26.782233,45.547915],[26.782181,45.547814],[26.782163,45.547738],[26.782072,45.547777],[26.781904,45.547856],[26.781783,45.547911],[26.781604,45.548012],[26.781335,45.548148],[26.781148,45.548258],[26.780961,45.548284],[26.780898,45.548309],[26.780802,45.548409],[26.780754,45.548496],[26.780713,45.548633],[26.780633,45.548761],[26.780519,45.548892],[26.780303,45.549315],[26.780129,45.54952],[26.780078,45.549614],[26.780031,45.54977],[26.779993,45.549853],[26.779998,45.549983],[26.779987,45.550061],[26.779985,45.550403],[26.779961,45.550449],[26.779886,45.550501],[26.779784,45.550536],[26.779745,45.550533],[26.779657,45.550536],[26.779476,45.550474],[26.779372,45.550392],[26.779267,45.550317],[26.77921,45.550298],[26.779112,45.55026],[26.779076,45.550239],[26.779024,45.550194],[26.778978,45.55014],[26.778966,45.550109],[26.778955,45.550049],[26.778919,45.550016],[26.77887,45.549967],[26.778839,45.549954],[26.778798,45.549951],[26.778655,45.549968],[26.778438,45.549976],[26.778213,45.549966],[26.778108,45.549935],[26.778048,45.549896],[26.777879,45.549692],[26.777725,45.549605],[26.777454,45.549477],[26.777187,45.549353],[26.776894,45.549203],[26.776783,45.549123],[26.776664,45.549022],[26.776531,45.548967],[26.776309,45.548899],[26.776202,45.548845],[26.775845,45.548764],[26.775601,45.548769],[26.775478,45.548765],[26.775375,45.548735],[26.775227,45.548661],[26.775023,45.54859],[26.774826,45.548549],[26.774651,45.548546],[26.774305,45.548596],[26.774102,45.548611],[26.774012,45.548627],[26.773906,45.548662],[26.773828,45.548707],[26.773788,45.548773],[26.773827,45.548841],[26.773779,45.548951],[26.773721,45.548995],[26.773544,45.549092],[26.773393,45.549163],[26.773335,45.54922],[26.773266,45.549306],[26.773214,45.549759],[26.773076,45.549989],[26.772981,45.550121],[26.772884,45.550199],[26.772658,45.550344],[26.77252,45.5504],[26.772197,45.550478],[26.772065,45.550511],[26.771967,45.550561],[26.771922,45.550576],[26.77181,45.550589],[26.771578,45.550574],[26.771238,45.550547],[26.770885,45.550552],[26.770671,45.550545],[26.770525,45.550539],[26.770091,45.550594],[26.769879,45.550638],[26.769678,45.550696],[26.769519,45.550731],[26.769379,45.550778],[26.769329,45.550803],[26.769258,45.550814],[26.769174,45.550802],[26.769077,45.550769],[26.768983,45.550729],[26.768871,45.550722],[26.768782,45.550742],[26.76869,45.550748],[26.768578,45.550794],[26.768373,45.5509],[26.768278,45.55091],[26.768149,45.550925],[26.767881,45.550986],[26.767764,45.551031],[26.76762,45.551115],[26.767462,45.551182],[26.767352,45.551208],[26.767273,45.55124],[26.767195,45.551272],[26.767117,45.551284],[26.766902,45.551317],[26.766706,45.551348],[26.766575,45.551351],[26.766447,45.551336],[26.766425,45.551333],[26.766315,45.551304],[26.766228,45.551268],[26.766126,45.551208],[26.7661,45.55117],[26.766095,45.551111],[26.766077,45.551055],[26.766048,45.551031],[26.766018,45.551007],[26.765916,45.550979],[26.765897,45.550976],[26.765861,45.550972],[26.765757,45.550996],[26.76567,45.55098],[26.765594,45.55096],[26.765499,45.550923],[26.765386,45.55088],[26.765214,45.550803],[26.765029,45.550706],[26.764908,45.550613],[26.764777,45.550498],[26.764555,45.550328],[26.764432,45.550201],[26.764369,45.550116],[26.764321,45.550032],[26.7642,45.549856],[26.764079,45.549607],[26.764074,45.549572],[26.764061,45.549549],[26.764062,45.549521],[26.76408,45.549428],[26.764085,45.549275],[26.764102,45.549214],[26.764082,45.549157],[26.764055,45.549138],[26.764047,45.549139],[26.764025,45.549124],[26.764001,45.549122],[26.763938,45.549156],[26.763894,45.549161],[26.763591,45.549147],[26.763441,45.549153],[26.763406,45.54917],[26.763373,45.549212],[26.763351,45.549219],[26.763275,45.549228],[26.76321,45.549223],[26.763128,45.549207],[26.763061,45.549182],[26.762974,45.549137],[26.762886,45.549093],[26.762778,45.54909],[26.762659,45.549045],[26.762529,45.549025],[26.7624,45.548991],[26.762335,45.548983],[26.762118,45.548985],[26.761966,45.548961],[26.761863,45.548931],[26.76174,45.548869],[26.761696,45.548857],[26.761686,45.548863],[26.761653,45.548859],[26.76161,45.548866],[26.761522,45.548901],[26.761446,45.54892],[26.76137,45.548925],[26.761291,45.548916],[26.761248,45.548901],[26.761132,45.548839],[26.760968,45.548799],[26.760863,45.548758],[26.760798,45.548742],[26.760754,45.548742],[26.760656,45.548758],[26.760624,45.548758],[26.760599,45.548767],[26.760541,45.54882],[26.760527,45.54885],[26.760526,45.548898],[26.760562,45.548997],[26.760626,45.54911],[26.760646,45.549179],[26.760651,45.549233],[26.760639,45.549286],[26.76063,45.549469],[26.760645,45.549568],[26.760719,45.549683],[26.760739,45.549769],[26.760755,45.549798],[26.760789,45.549829],[26.760908,45.549887],[26.760962,45.549904],[26.761005,45.549905],[26.761048,45.549917],[26.761094,45.549942],[26.761105,45.549953],[26.761141,45.550051],[26.761249,45.550201],[26.761292,45.550247],[26.76134,45.550281],[26.761426,45.550326],[26.761517,45.550394],[26.761578,45.550468],[26.761643,45.550644],[26.761656,45.550713],[26.761652,45.550774],[26.76159,45.550897],[26.761591,45.551],[26.761574,45.551021],[26.761544,45.55104],[26.761479,45.551045],[26.761449,45.551039],[26.761228,45.550951],[26.761172,45.550915],[26.761143,45.550853],[26.761106,45.550815],[26.761047,45.550774],[26.760909,45.550708],[26.760855,45.550696],[26.760801,45.550694],[26.760747,45.550701],[26.760659,45.550723],[26.760605,45.550717],[26.760565,45.550692],[26.760541,45.550661],[26.760525,45.550631],[26.760516,45.550562],[26.760497,45.550531],[26.76046,45.550504],[26.760438,45.550508],[26.760426,45.550569],[26.760401,45.550608],[26.760392,45.550652],[26.760375,45.550681],[26.760359,45.550701],[26.760317,45.550728],[26.760296,45.550739],[26.760263,45.550742],[26.760188,45.550706],[26.760144,45.550692],[26.760123,45.55069],[26.76009,45.550699],[26.760066,45.550699],[26.760041,45.550691],[26.760026,45.550668],[26.760048,45.550603],[26.760049,45.55058],[26.760036,45.550557],[26.759987,45.550534],[26.759861,45.550436],[26.759723,45.550419],[26.759554,45.550338],[26.759373,45.550424],[26.759308,45.550444],[26.759242,45.550445],[26.759196,45.550437],[26.75914,45.550416],[26.759105,45.550377],[26.759095,45.550339],[26.759102,45.550088],[26.75909,45.549988],[26.75912,45.549878],[26.759121,45.549802],[26.759101,45.54971],[26.759044,45.549565],[26.759044,45.549519],[26.759056,45.549481],[26.759149,45.549295],[26.759213,45.549204],[26.759296,45.549106],[26.759357,45.54904],[26.759492,45.548921],[26.759621,45.548855],[26.759663,45.548804],[26.759537,45.548822],[26.759439,45.548838],[26.759306,45.548841],[26.759222,45.548836],[26.759103,45.548847],[26.758798,45.548888],[26.758635,45.548888],[26.758592,45.54888],[26.758581,45.548884],[26.758483,45.548856],[26.758352,45.548821],[26.758009,45.548677],[26.757812,45.548614],[26.757643,45.548551],[26.757491,45.54852],[26.757361,45.548507],[26.75706,45.5485],[26.75703,45.548512],[26.756994,45.54854],[26.756927,45.548638],[26.756902,45.548707],[26.756892,45.548806],[26.756855,45.548882],[26.756802,45.548965],[26.756773,45.549094],[26.756736,45.549163],[26.756675,45.549246],[26.756645,45.54928],[26.756587,45.549316],[26.756482,45.549402],[26.756356,45.549495],[26.756153,45.549592],[26.755994,45.549709],[26.755961,45.54972],[26.755828,45.549719],[26.755666,45.549696],[26.755431,45.549639],[26.755366,45.549644],[26.755235,45.549675],[26.755158,45.549701],[26.754972,45.549795],[26.754776,45.549835],[26.754514,45.54993],[26.754285,45.55],[26.754219,45.550013],[26.754165,45.550016],[26.754089,45.550008],[26.754016,45.549984],[26.753925,45.549903],[26.753863,45.549821],[26.753827,45.549769],[26.753785,45.549725],[26.75363,45.549607],[26.75356,45.549538],[26.75349,45.549499],[26.753167,45.549391],[26.75288,45.549314],[26.752738,45.549244],[26.752698,45.549215],[26.752574,45.549161],[26.752433,45.549141],[26.752151,45.549142],[26.752007,45.549158],[26.751887,45.549193],[26.751835,45.549215],[26.751748,45.549233],[26.751639,45.549244],[26.751452,45.549244],[26.751281,45.549237],[26.750824,45.549267],[26.750705,45.549268],[26.750597,45.549259],[26.750434,45.549227],[26.750305,45.54919],[26.750067,45.549147],[26.749884,45.549079],[26.749581,45.548989],[26.749419,45.548953],[26.749203,45.548917],[26.749027,45.548873],[26.748973,45.548848],[26.74881,45.548739],[26.748759,45.548693],[26.748743,45.548663],[26.748663,45.548607],[26.748622,45.548565],[26.748476,45.548431],[26.748396,45.548377],[26.748382,45.548381],[26.748369,45.548404],[26.748325,45.548594],[26.7483,45.54864],[26.748268,45.548678],[26.748164,45.548765],[26.748036,45.548849],[26.747873,45.548942],[26.747786,45.548988],[26.747526,45.5491],[26.747341,45.549206],[26.74718,45.549287],[26.746851,45.549529],[26.746699,45.549631],[26.746547,45.549711],[26.746365,45.549818],[26.746196,45.549977],[26.746112,45.550038],[26.745938,45.550141],[26.745775,45.550226],[26.745579,45.550292],[26.745395,45.550328],[26.745253,45.550347],[26.745069,45.550381],[26.744862,45.550407],[26.744244,45.55051],[26.743809,45.550562],[26.74369,45.55058],[26.74356,45.550583],[26.743484,45.550579],[26.743451,45.55057],[26.743321,45.550567],[26.743245,45.550579],[26.743204,45.550592],[26.743133,45.550641],[26.743082,45.550756],[26.743049,45.550801],[26.742981,45.550885],[26.742962,45.550893],[26.742959,45.550904],[26.742929,45.550923],[26.742847,45.550999],[26.74282,45.551045],[26.742833,45.5511],[26.742923,45.551236],[26.742958,45.551312],[26.742974,45.551381],[26.742957,45.551449],[26.742984,45.551503],[26.743019,45.551533],[26.743117,45.551593],[26.743377,45.551717],[26.743615,45.551907],[26.74368,45.551937],[26.743813,45.552031],[26.743867,45.552083],[26.743923,45.552157],[26.743934,45.55218],[26.743929,45.552218],[26.743762,45.552546],[26.743658,45.552685],[26.743569,45.552763],[26.743536,45.552782],[26.743351,45.552857],[26.743275,45.552878],[26.743156,45.552924],[26.742743,45.553039],[26.74271,45.553043],[26.74258,45.553084],[26.742439,45.553143],[26.742311,45.553183],[26.742219,45.55324],[26.742159,45.553301],[26.742069,45.553354],[26.742012,45.553407],[26.741995,45.553445],[26.741984,45.553514],[26.742003,45.553621],[26.742054,45.553728],[26.7422,45.553942],[26.74224,45.554048],[26.742248,45.554102],[26.742243,45.554155],[26.742207,45.554224],[26.742101,45.554317],[26.741886,45.554475],[26.74184,45.554522],[26.741769,45.554579],[26.741631,45.554674],[26.741457,45.554756],[26.741228,45.55482],[26.741106,45.554868],[26.741063,45.554896],[26.741,45.554949],[26.740959,45.555003],[26.740937,45.555056],[26.740943,45.55514],[26.740937,45.55517],[26.740893,45.555247],[26.740825,45.555315],[26.740771,45.555355],[26.740662,45.555404],[26.740467,45.555478],[26.740152,45.555561],[26.739945,45.555624],[26.739869,45.555637],[26.739706,45.555692],[26.739554,45.555747],[26.739396,45.555826],[26.739366,45.555849],[26.739263,45.555986],[26.739211,45.556093],[26.739192,45.556161],[26.739191,45.556413],[26.739147,45.556558],[26.73912,45.556603],[26.739048,45.556764],[26.739048,45.556832],[26.739069,45.556993],[26.739096,45.557086],[26.739129,45.557138],[26.739209,45.557308],[26.739361,45.557558],[26.739403,45.557748],[26.739424,45.557916],[26.739465,45.558038],[26.739503,45.558094],[26.7396,45.558126],[26.739687,45.558146],[26.739741,45.558167],[26.739806,45.558182],[26.739904,45.558219],[26.740001,45.558272],[26.740096,45.558343],[26.740156,45.558395],[26.740218,45.558473],[26.740283,45.558515],[26.740369,45.55855],[26.740543,45.5586],[26.740673,45.558623],[26.741058,45.558656],[26.741297,45.558695],[26.741687,45.558827],[26.741785,45.558877],[26.741936,45.559017],[26.742055,45.559101],[26.742229,45.559193],[26.742532,45.559335],[26.742619,45.559385],[26.742662,45.559423],[26.742706,45.559448],[26.742741,45.55948],[26.742857,45.559604],[26.742916,45.55965],[26.742944,45.559662],[26.743052,45.559687],[26.743209,45.559685],[26.743329,45.559699],[26.743426,45.55973],[26.743502,45.559762],[26.743589,45.55981],[26.743914,45.560026],[26.744271,45.560279],[26.744347,45.560313],[26.744499,45.560371],[26.744889,45.56049],[26.745139,45.560552],[26.745215,45.560565],[26.745323,45.560575],[26.745442,45.560602],[26.745581,45.560667],[26.7456,45.560683],[26.745589,45.5607],[26.745513,45.560713],[26.745458,45.560736],[26.745328,45.56084],[26.745241,45.560939],[26.74523,45.560958],[26.745238,45.560979],[26.745278,45.561006],[26.745398,45.561054],[26.745419,45.561069],[26.745527,45.561188],[26.745552,45.561233],[26.745554,45.561256],[26.745546,45.561294],[26.745521,45.561332],[26.745519,45.56138],[26.74554,45.561466],[26.745567,45.561504],[26.745656,45.561565],[26.745797,45.561627],[26.745849,45.561663],[26.74593,45.561747],[26.746033,45.561887],[26.746127,45.561998],[26.746203,45.562066],[26.746219,45.562089],[26.746227,45.562085],[26.746238,45.562091],[26.746359,45.562192],[26.746498,45.562295],[26.746612,45.56237],[26.746775,45.56246],[26.746799,45.562479],[26.746802,45.562502],[26.746748,45.56257],[26.74668,45.562639],[26.746661,45.562669],[26.746172,45.563219],[26.744834,45.564721],[26.744647,45.564942],[26.744081,45.565575],[26.74391,45.56578],[26.743888,45.565796],[26.743338,45.566429],[26.743235,45.566507],[26.743203,45.56652],[26.742807,45.566753],[26.74266,45.566848],[26.742492,45.56697],[26.742406,45.567031],[26.742115,45.567275],[26.742072,45.567328],[26.741855,45.567541],[26.741598,45.567831],[26.741506,45.567917],[26.741224,45.5681],[26.740979,45.568247],[26.740822,45.568352],[26.737438,45.570467],[26.736841,45.570844],[26.736809,45.57087],[26.736787,45.570878],[26.736722,45.570872],[26.736494,45.570832],[26.736418,45.570832],[26.736277,45.570866],[26.736234,45.57087],[26.736071,45.570904],[26.735789,45.570925],[26.735311,45.571005],[26.735148,45.571012],[26.734964,45.571035],[26.734942,45.571033],[26.73466,45.571085],[26.734595,45.571104],[26.734421,45.571126],[26.734237,45.571142],[26.734161,45.571155],[26.734063,45.571159],[26.733792,45.571197],[26.733618,45.571229],[26.733021,45.57136],[26.732783,45.571425],[26.732739,45.571446],[26.732728,45.571444],[26.732262,45.571592],[26.732132,45.571623],[26.732044,45.571632],[26.731925,45.571649],[26.731708,45.571664],[26.731198,45.571715],[26.731036,45.571719],[26.730525,45.571757],[26.730444,45.571736],[26.730254,45.571638],[26.730189,45.571618],[26.730048,45.571587],[26.729945,45.571575],[26.729763,45.571526],[26.729676,45.571493],[26.729546,45.571432],[26.729492,45.571398],[26.729301,45.571237],[26.729239,45.571203],[26.729163,45.571205],[26.72903,45.571241],[26.728962,45.571231],[26.728821,45.571176],[26.728713,45.571159],[26.728593,45.571162],[26.728566,45.571174],[26.728496,45.571225],[26.728444,45.571279],[26.728002,45.57179],[26.727926,45.571864],[26.727807,45.57195],[26.727709,45.571982],[26.727644,45.571993],[26.727416,45.572007],[26.727329,45.572018],[26.727188,45.572043],[26.726993,45.572096],[26.72699,45.57209],[26.726982,45.572098],[26.726939,45.572109],[26.726819,45.572113],[26.726787,45.572107],[26.726689,45.572061],[26.726667,45.572057],[26.726624,45.572061],[26.726534,45.572107],[26.726461,45.57216],[26.726418,45.572183],[26.72619,45.57229],[26.72593,45.572402],[26.725832,45.572436],[26.725778,45.572442],[26.725756,45.572433],[26.725623,45.572404],[26.725615,45.57241],[26.725604,45.572408],[26.725365,45.572343],[26.724095,45.571968],[26.723173,45.571708],[26.72251,45.571513],[26.722413,45.571486],[26.722272,45.571473],[26.722185,45.571452],[26.72206,45.571404],[26.721954,45.571337],[26.721783,45.571247],[26.721704,45.571213],[26.721585,45.571146],[26.721387,45.571048],[26.721284,45.571005],[26.721175,45.570968],[26.720958,45.570911],[26.720828,45.570886],[26.720687,45.570871],[26.7206,45.570872],[26.720426,45.57091],[26.720307,45.570949],[26.720114,45.571034],[26.719982,45.571124],[26.719851,45.571223],[26.719664,45.571389],[26.719515,45.571497],[26.719309,45.571617],[26.718926,45.571813],[26.718826,45.57189],[26.718802,45.571943],[26.718802,45.572019],[26.718813,45.572036],[26.718807,45.572042],[26.718813,45.572149],[26.718796,45.572199],[26.718747,45.572244],[26.718685,45.572284],[26.718558,45.572341],[26.718436,45.572419],[26.718368,45.572473],[26.718292,45.572549],[26.7182,45.572671],[26.718159,45.57277],[26.718162,45.572785],[26.718118,45.572907],[26.718086,45.572976],[26.718023,45.57306],[26.717798,45.57322],[26.717619,45.573388],[26.717524,45.573456],[26.717448,45.573498],[26.717329,45.57354],[26.717242,45.573551],[26.717177,45.573549],[26.717161,45.573554],[26.717115,45.573556],[26.71708,45.573581],[26.716891,45.573809],[26.716837,45.573885],[26.716814,45.573938],[26.716803,45.574007],[26.716778,45.574083],[26.71677,45.574152],[26.716759,45.574174],[26.716753,45.574274],[26.716771,45.574365],[26.716872,45.574564],[26.7169,45.574602],[26.716916,45.574648],[26.716924,45.574701],[26.716915,45.574793],[26.716876,45.57493],[26.716761,45.575128],[26.716741,45.575212],[26.716734,45.575562],[26.716771,45.575768],[26.71677,45.57586],[26.716746,45.576142],[26.716702,45.576363],[26.716707,45.576439],[26.716723,45.576508],[26.716735,45.576737],[26.716734,45.576775],[26.716718,45.576845],[26.716696,45.576872],[26.716663,45.576885],[26.716628,45.576893],[26.716565,45.576885],[26.716511,45.576898],[26.716446,45.576942],[26.716326,45.576987],[26.716206,45.577065],[26.716057,45.577112],[26.716016,45.577138],[26.715994,45.577192],[26.715993,45.577232],[26.716044,45.577359],[26.716047,45.577398],[26.716065,45.577451],[26.71607,45.577534],[26.716036,45.57759],[26.716007,45.577615],[26.715975,45.577624],[26.715961,45.577613],[26.715934,45.577609],[26.715864,45.577572],[26.71581,45.577519],[26.715748,45.577423],[26.715689,45.577366],[26.715602,45.577341],[26.715504,45.577325],[26.715428,45.577327],[26.715309,45.577349],[26.715268,45.577366],[26.715178,45.577434],[26.715145,45.577446],[26.715037,45.577461],[26.714928,45.577458],[26.714776,45.577437],[26.714603,45.577428],[26.714157,45.577461],[26.714103,45.577469],[26.713853,45.577536],[26.713701,45.577562],[26.713516,45.577605],[26.713179,45.577621],[26.713087,45.577642],[26.713052,45.577661],[26.713027,45.577707],[26.712992,45.57797],[26.712979,45.578031],[26.712973,45.578145],[26.712945,45.578282],[26.712943,45.578557],[26.712915,45.578716],[26.712903,45.578778],[26.712871,45.578838],[26.712778,45.57893],[26.712688,45.579006],[26.712636,45.579066],[26.712592,45.579158],[26.712581,45.579165],[26.712564,45.579234],[26.712528,45.579295],[26.7124,45.579439],[26.71232,45.579553],[26.712298,45.579622],[26.712256,45.57982],[26.712212,45.579911],[26.712133,45.580018],[26.711928,45.580223],[26.711871,45.580329],[26.711808,45.580405],[26.711742,45.580468],[26.711549,45.580603],[26.711428,45.580749],[26.71136,45.58081],[26.711232,45.580899],[26.711088,45.580969],[26.711055,45.580977],[26.710622,45.581156],[26.710467,45.581209],[26.710421,45.581235],[26.710369,45.581281],[26.710303,45.581403],[26.710205,45.581532],[26.710147,45.581585],[26.710071,45.581634],[26.709973,45.581664],[26.709593,45.58173],[26.709397,45.581779],[26.70931,45.581807],[26.70925,45.581837],[26.709168,45.5819],[26.709114,45.581932],[26.708842,45.582064],[26.708719,45.582133],[26.708667,45.58217],[26.708618,45.582216],[26.70858,45.582269],[26.708547,45.582338],[26.708519,45.582437],[26.708477,45.582643],[26.708471,45.582742],[26.708418,45.582909],[26.708412,45.582963],[26.708455,45.58303],[26.708474,45.583072],[26.708379,45.583137],[26.708344,45.583229],[26.708328,45.583252],[26.708222,45.583335],[26.708203,45.583366],[26.708192,45.583442],[26.708152,45.583496],[26.708108,45.583522],[26.708021,45.583557],[26.707967,45.583566],[26.707956,45.583576],[26.707804,45.583619],[26.707726,45.58365],[26.70765,45.583709],[26.707576,45.583804],[26.707533,45.583827],[26.707392,45.583877],[26.707316,45.583911],[26.707295,45.583924],[26.707273,45.583955],[26.70723,45.58398],[26.707143,45.583982],[26.707056,45.583968],[26.706947,45.583961],[26.706697,45.583968],[26.706383,45.584018],[26.706299,45.584052],[26.706223,45.584104],[26.706155,45.584163],[26.706025,45.584247],[26.705916,45.584304],[26.705732,45.584371],[26.705558,45.584453],[26.705282,45.584603],[26.705119,45.584701],[26.70503,45.584769],[26.704905,45.584899],[26.704778,45.585076],[26.704723,45.585112],[26.704493,45.585232],[26.704363,45.585311],[26.704254,45.585387],[26.704181,45.585463],[26.704073,45.585631],[26.703967,45.585724],[26.703851,45.585804],[26.703742,45.585864],[26.703623,45.585915],[26.703536,45.585947],[26.703351,45.585993],[26.703265,45.586024],[26.703205,45.586056],[26.703091,45.586142],[26.703026,45.586176],[26.702863,45.586235],[26.702728,45.586266],[26.702551,45.586317],[26.702475,45.586355],[26.702369,45.586432],[26.702294,45.586523],[26.702272,45.586569],[26.702261,45.58666],[26.702313,45.586744],[26.702357,45.58679],[26.702389,45.586851],[26.702403,45.586927],[26.702395,45.587034],[26.702357,45.587149],[26.702327,45.587212],[26.702107,45.587183],[26.70202,45.587172],[26.702016,45.587358],[26.702123,45.587446],[26.702351,45.587691],[26.702351,45.587869],[26.702354,45.588113],[26.70233,45.588429],[26.702281,45.588615],[26.70208,45.588783],[26.701653,45.588922],[26.701099,45.589254],[26.700798,45.589496],[26.700738,45.589724],[26.700781,45.589981],[26.700675,45.590154],[26.700442,45.590329],[26.699915,45.590731],[26.699785,45.590987],[26.699675,45.591477],[26.699816,45.591718],[26.700166,45.591885],[26.700259,45.592001],[26.700298,45.592128],[26.700011,45.592246],[26.699537,45.592485],[26.699317,45.592704],[26.699279,45.593061],[26.699301,45.593363],[26.699285,45.593518],[26.699162,45.593668],[26.69887,45.593984],[26.69848,45.594181],[26.697673,45.594462],[26.697161,45.594561],[26.696551,45.59457],[26.696399,45.594572],[26.695846,45.594774],[26.695172,45.595248],[26.694716,45.59565],[26.694759,45.595918],[26.69462,45.596213],[26.69442,45.59639],[26.693988,45.596518],[26.693166,45.59673],[26.692878,45.59685],[26.692363,45.597034],[26.691953,45.597379],[26.69183,45.597606],[26.691805,45.597677],[26.691801,45.597699],[26.691777,45.597741],[26.691716,45.597828],[26.691703,45.59786],[26.691692,45.597918],[26.691693,45.597967],[26.691777,45.5981],[26.691782,45.598136],[26.691745,45.598187],[26.691736,45.598238],[26.691723,45.59826],[26.691663,45.598309],[26.691617,45.59834],[26.691421,45.598409],[26.69131,45.598431],[26.691266,45.598444],[26.691218,45.598476],[26.691169,45.598504],[26.691049,45.598544],[26.690959,45.598555],[26.690876,45.598569],[26.690755,45.598624],[26.690602,45.598701],[26.690537,45.598714],[26.690486,45.598748],[26.690458,45.598778],[26.690395,45.598836],[26.690314,45.598879],[26.690278,45.598908],[26.69022,45.598939],[26.690186,45.598947],[26.690143,45.598947],[26.690115,45.598955],[26.690084,45.598974],[26.69007,45.598995],[26.690068,45.599053],[26.690053,45.599102],[26.690041,45.599147],[26.690014,45.599223],[26.689976,45.599273],[26.689964,45.599304],[26.68996,45.599331],[26.689963,45.599411],[26.689947,45.599493],[26.689932,45.599524],[26.689873,45.599583],[26.689782,45.599648],[26.689715,45.599703],[26.689646,45.59976],[26.689624,45.5998],[26.68964,45.599958],[26.689683,45.600033],[26.689725,45.600095],[26.6898,45.600206],[26.689822,45.600254],[26.689831,45.600313],[26.68983,45.600339],[26.68981,45.600356],[26.689742,45.600379],[26.689642,45.600388],[26.689512,45.600387],[26.689339,45.600371],[26.68907,45.600335],[26.688818,45.600319],[26.688755,45.600324],[26.688629,45.600337],[26.688502,45.600363],[26.688432,45.600388],[26.688379,45.600426],[26.688341,45.600443],[26.688265,45.600502],[26.688198,45.600567],[26.687971,45.600704],[26.687459,45.600791],[26.686896,45.601076],[26.686614,45.601416],[26.686569,45.601698],[26.686475,45.601839],[26.686335,45.601877],[26.685928,45.601883],[26.685499,45.601824],[26.68521,45.601784],[26.684914,45.601801],[26.68475,45.601875],[26.684533,45.602107],[26.684457,45.602257],[26.684473,45.60251],[26.684329,45.602714],[26.684281,45.602806],[26.68421,45.603069],[26.684164,45.603345],[26.684107,45.603561],[26.683877,45.603856],[26.683584,45.604017],[26.683217,45.604165],[26.682707,45.604376],[26.682468,45.604524],[26.682226,45.604679],[26.682049,45.604823],[26.681993,45.604941],[26.681962,45.605135],[26.681959,45.6054],[26.682058,45.605682],[26.682153,45.606011],[26.682201,45.606571],[26.68232,45.606886],[26.682433,45.60729],[26.682317,45.607592],[26.682138,45.607658],[26.681988,45.607699],[26.68195,45.607764],[26.681908,45.607952],[26.681843,45.608278],[26.681708,45.608515],[26.681499,45.608665],[26.681125,45.608814],[26.680909,45.608871],[26.680551,45.608908],[26.680221,45.608969],[26.679932,45.609065],[26.679543,45.609269],[26.679111,45.609451],[26.678921,45.609547],[26.678687,45.609537],[26.678407,45.609539],[26.678052,45.609583],[26.677749,45.609528],[26.677186,45.609335],[26.676548,45.609272],[26.675837,45.609207],[26.675526,45.609259],[26.675185,45.609303],[26.674745,45.609359],[26.674516,45.609404],[26.674389,45.6094],[26.674296,45.609355],[26.674104,45.609286],[26.673787,45.609156],[26.673648,45.60918],[26.673622,45.60932],[26.673588,45.609437],[26.673396,45.609514],[26.672863,45.609681],[26.672486,45.60971],[26.672394,45.609731],[26.672284,45.609801],[26.672015,45.609932],[26.671826,45.609977],[26.671499,45.609984],[26.671083,45.609911],[26.670863,45.609898],[26.670684,45.609904],[26.670109,45.61002],[26.669657,45.610127],[26.669148,45.610247],[26.668546,45.610235],[26.667819,45.610268],[26.667326,45.61023],[26.667041,45.610306],[26.666769,45.610406],[26.666467,45.610446],[26.666125,45.610573],[26.665995,45.610584],[26.665936,45.610609],[26.66588,45.610681],[26.665823,45.610883],[26.665789,45.611097],[26.665838,45.61137],[26.665822,45.611519],[26.664754,45.611497],[26.664207,45.611446],[26.663626,45.61127],[26.663141,45.611188],[26.661675,45.610936],[26.661065,45.610819],[26.660323,45.610733],[26.658525,45.610456],[26.657259,45.610255],[26.655658,45.610058],[26.654302,45.609865],[26.654003,45.609843],[26.653581,45.609836],[26.653068,45.609803],[26.652743,45.609814],[26.652297,45.609771],[26.651811,45.609698],[26.651181,45.609541],[26.650622,45.609363],[26.650091,45.609218],[26.649483,45.60911],[26.64877,45.609024],[26.648343,45.608994],[26.647992,45.608985],[26.647728,45.609002],[26.64771,45.609054],[26.64763,45.609125],[26.647522,45.609168],[26.647106,45.609248],[26.646861,45.60936],[26.646764,45.609425],[26.646558,45.609529],[26.646325,45.609605],[26.645756,45.609746],[26.645531,45.60984],[26.645071,45.610164],[26.644867,45.610297],[26.644739,45.610384],[26.644717,45.610515],[26.644717,45.610795],[26.644694,45.610899],[26.644644,45.610976],[26.644568,45.611064],[26.644419,45.611236],[26.644341,45.611381],[26.644095,45.611782],[26.643916,45.612006],[26.643799,45.612039],[26.643553,45.612039],[26.643257,45.61206],[26.643166,45.612066],[26.642948,45.612103],[26.642669,45.612198],[26.642479,45.6123],[26.642322,45.61242],[26.642208,45.612542],[26.642057,45.612693],[26.641621,45.613001],[26.641456,45.613133],[26.641322,45.61328],[26.641207,45.613494],[26.641008,45.613968],[26.64091,45.614301],[26.640871,45.614509],[26.640892,45.614692],[26.64093,45.614793],[26.63776,45.615185],[26.637694,45.615193],[26.637564,45.615209],[26.637198,45.615254],[26.636116,45.615388],[26.63608,45.615392],[26.636069,45.615388],[26.636006,45.615363],[26.635941,45.615357],[26.6359,45.615353],[26.635803,45.615401],[26.63576,45.615422],[26.635477,45.615543],[26.635405,45.615574],[26.635035,45.615767],[26.634554,45.615974],[26.634022,45.616152],[26.633698,45.616267],[26.633649,45.616441],[26.633473,45.616629],[26.632524,45.617487],[26.632239,45.617656],[26.631265,45.617879],[26.63056,45.618205],[26.629956,45.618482],[26.629,45.618971],[26.628724,45.61912],[26.628516,45.619303],[26.62826,45.619586],[26.627974,45.619909],[26.627778,45.620045],[26.62747,45.620394],[26.62692,45.620862],[26.626694,45.621012],[26.626443,45.621083],[26.626006,45.621209],[26.625792,45.621315],[26.625554,45.621448],[26.625304,45.621671],[26.625073,45.62202],[26.624846,45.622408],[26.624495,45.62303],[26.62421,45.623573],[26.624096,45.62386],[26.624015,45.624187],[26.623901,45.624507],[26.623754,45.624698],[26.623593,45.624791],[26.623427,45.624946],[26.622975,45.625148],[26.622605,45.625332],[26.622214,45.625419],[26.621091,45.625321],[26.620515,45.625371],[26.620098,45.62556],[26.618736,45.626243],[26.617576,45.626776],[26.61716,45.627027],[26.616574,45.627401],[26.616065,45.627758],[26.615733,45.627892],[26.615435,45.627959],[26.61535,45.627978],[26.615226,45.628006],[26.614688,45.627938],[26.614325,45.627892],[26.613769,45.627798],[26.61344,45.627774],[26.613111,45.627751],[26.612721,45.627841],[26.612201,45.627866],[26.611981,45.627876],[26.611943,45.627872],[26.611711,45.627845],[26.611441,45.627814],[26.611016,45.627661],[26.610755,45.627677],[26.610462,45.627677],[26.61011,45.627651],[26.609712,45.627611],[26.609287,45.627533],[26.60876,45.627423],[26.608579,45.627311],[26.608315,45.627064],[26.608305,45.627],[26.60834,45.626902],[26.608339,45.626777],[26.608275,45.626705],[26.608019,45.626536],[26.607726,45.626369],[26.607253,45.626085],[26.607107,45.625992],[26.606961,45.625898],[26.6064,45.625634],[26.605888,45.62528],[26.60495,45.624911],[26.603875,45.624645],[26.602977,45.624391],[26.60263,45.624126],[26.602287,45.623856],[26.60208,45.623715],[26.601946,45.623596],[26.601706,45.623446],[26.60146,45.623321],[26.601314,45.623204],[26.601287,45.623133],[26.601247,45.622968],[26.601207,45.622863],[26.601131,45.622768],[26.600972,45.622668],[26.600822,45.622606],[26.600568,45.622549],[26.600256,45.622449],[26.599895,45.622335],[26.599365,45.622164],[26.598982,45.62203],[26.598534,45.621911],[26.598432,45.621884],[26.598046,45.621775],[26.59757,45.621664],[26.597239,45.621574],[26.596609,45.62135],[26.596382,45.621248],[26.596157,45.621211],[26.595753,45.621093],[26.595469,45.620964],[26.595212,45.620806],[26.59493,45.620571],[26.594819,45.62044],[26.594735,45.620399],[26.594596,45.620382],[26.59418,45.62039],[26.593937,45.620401],[26.593761,45.620391],[26.593729,45.620389],[26.593555,45.62036],[26.593502,45.620313],[26.593454,45.62034],[26.593072,45.620559],[26.592745,45.620714],[26.592418,45.62087],[26.591854,45.621159],[26.591703,45.621456],[26.591161,45.621847],[26.590962,45.622066],[26.590889,45.622146],[26.590817,45.622227],[26.590611,45.622396],[26.590311,45.622577],[26.589906,45.62273],[26.589515,45.622879],[26.589384,45.622921],[26.589292,45.622981],[26.5892,45.623147],[26.589057,45.623352],[26.58899,45.623403],[26.588918,45.623514],[26.588736,45.6237],[26.588278,45.623814],[26.587902,45.623841],[26.587691,45.623878],[26.587337,45.623949],[26.587144,45.624],[26.587026,45.624089],[26.586911,45.624158],[26.586903,45.624296],[26.586893,45.624508],[26.586896,45.624698],[26.587009,45.625401],[26.586568,45.625881],[26.585683,45.626261],[26.58411,45.626645],[26.582951,45.627098],[26.582542,45.627379],[26.582309,45.627558],[26.582297,45.627829],[26.581959,45.628148],[26.581498,45.628395],[26.581036,45.628541],[26.580885,45.628765],[26.580844,45.62898],[26.580856,45.629474],[26.580609,45.62973],[26.580438,45.630117],[26.580549,45.630523],[26.580567,45.631099],[26.580411,45.631274],[26.580226,45.631817],[26.580095,45.632369],[26.57997,45.633036],[26.579634,45.633269],[26.578859,45.633372],[26.57774,45.632797],[26.577017,45.632717],[26.576369,45.632771],[26.575867,45.632932],[26.575427,45.633319],[26.574987,45.633879],[26.57463,45.634149],[26.574095,45.634351],[26.573673,45.634324],[26.573276,45.634055],[26.57309,45.63368],[26.572894,45.633182],[26.572228,45.632784],[26.571574,45.632386],[26.571032,45.632064],[26.570593,45.631673],[26.570362,45.631323],[26.570237,45.631073],[26.569642,45.630848],[26.569081,45.630686],[26.568398,45.630493],[26.567772,45.630318],[26.567585,45.630196],[26.56749,45.630069],[26.567224,45.629643],[26.567042,45.629487],[26.566693,45.62923],[26.566406,45.629167],[26.565976,45.629106],[26.565301,45.629152],[26.564784,45.629206],[26.563953,45.629177],[26.563385,45.629039],[26.562707,45.628815],[26.562069,45.628493],[26.561712,45.628302],[26.561175,45.627968],[26.560926,45.627836],[26.560622,45.627886],[26.560316,45.628024],[26.55983,45.628283],[26.559503,45.628421],[26.559121,45.628643],[26.558787,45.628781],[26.558505,45.62892],[26.558108,45.629123],[26.557724,45.629272],[26.55711,45.629366],[26.556563,45.629384],[26.555812,45.629422],[26.555444,45.629462],[26.554993,45.62958],[26.554427,45.629898],[26.553962,45.630116],[26.553668,45.630252],[26.55349,45.630155],[26.553143,45.62987],[26.552796,45.629586],[26.552398,45.629326],[26.552069,45.629214],[26.551641,45.629247],[26.551351,45.629346],[26.551057,45.629512],[26.550756,45.629694],[26.550606,45.629903],[26.550574,45.63006],[26.550317,45.630463],[26.55005,45.630687],[26.54952,45.631023],[26.549135,45.6312],[26.548347,45.631664],[26.547998,45.631869],[26.547648,45.632075],[26.547305,45.632381],[26.54638,45.633054],[26.546212,45.633304],[26.545692,45.633755],[26.54513,45.634245],[26.544752,45.634523],[26.54463,45.63478],[26.54454,45.635047],[26.544666,45.635131],[26.544845,45.635323],[26.544899,45.635464],[26.544903,45.635611],[26.544912,45.636099],[26.54489,45.636328],[26.544792,45.63645],[26.54463,45.636595],[26.543869,45.637113],[26.543723,45.637235],[26.543673,45.637257],[26.543636,45.637302],[26.543593,45.637412],[26.543513,45.637582],[26.543317,45.637767],[26.542903,45.638173],[26.542735,45.638268],[26.542743,45.638553],[26.542942,45.638707],[26.543149,45.638974],[26.543171,45.639035],[26.54316,45.639149],[26.543133,45.639191],[26.54309,45.639222],[26.542872,45.639309],[26.542791,45.639321],[26.542693,45.63937],[26.542544,45.63954],[26.542451,45.639721],[26.542308,45.640178],[26.541981,45.640599],[26.541765,45.640921],[26.541641,45.641153],[26.54165,45.641222],[26.541698,45.641388],[26.541608,45.641517],[26.541433,45.64174],[26.541139,45.641871],[26.54066,45.641877],[26.540011,45.641748],[26.53969,45.641723],[26.539502,45.641791],[26.539018,45.641925],[26.538738,45.641902],[26.538428,45.641943],[26.538138,45.642194],[26.537837,45.642211],[26.537188,45.642059],[26.536446,45.641883],[26.536068,45.641778],[26.535486,45.641638],[26.535118,45.641498],[26.534381,45.641148],[26.53409,45.641022],[26.533897,45.640952],[26.533525,45.640934],[26.532918,45.640842],[26.532086,45.640793],[26.531454,45.64077],[26.530785,45.640765],[26.530409,45.640756],[26.530143,45.640777],[26.530033,45.640806],[26.529881,45.640897],[26.529732,45.641008],[26.529667,45.641091],[26.529554,45.641214],[26.529418,45.641378],[26.529337,45.641518],[26.529284,45.641663],[26.529248,45.641908],[26.529221,45.64206],[26.529145,45.642213],[26.528946,45.642526],[26.528755,45.642735],[26.528517,45.642842],[26.528053,45.64297],[26.52779,45.643148],[26.527429,45.64347],[26.527189,45.643674],[26.526965,45.643931],[26.526792,45.644377],[26.526672,45.644801],[26.526599,45.645178],[26.526455,45.64545],[26.526424,45.645554],[26.52629,45.645846],[26.526126,45.646075],[26.525868,45.64644],[26.525674,45.646744],[26.525487,45.647008],[26.525293,45.647192],[26.524735,45.647627],[26.52436,45.647877],[26.523482,45.648358],[26.522573,45.648907],[26.521758,45.649171],[26.52044,45.649799],[26.519853,45.650183],[26.519486,45.650471],[26.518732,45.650781],[26.51788,45.651212],[26.517299,45.652648],[26.517112,45.653265],[26.517043,45.653518],[26.516978,45.653681],[26.516913,45.654238],[26.516875,45.654372],[26.516629,45.654772],[26.516359,45.655071],[26.516206,45.655265],[26.515967,45.6556],[26.515622,45.656062],[26.515297,45.656278],[26.515051,45.656463],[26.514807,45.656928],[26.514394,45.657324],[26.514028,45.657717],[26.513528,45.658029],[26.513225,45.658279],[26.512856,45.658814],[26.512625,45.659185],[26.512532,45.659421],[26.512496,45.659642],[26.512497,45.659912],[26.512494,45.660188],[26.512559,45.660463],[26.51256,45.660698],[26.512515,45.66095],[26.51234,45.661261],[26.512029,45.661581],[26.51184,45.661785],[26.511642,45.662051],[26.511526,45.662237],[26.511369,45.662632],[26.511011,45.663356],[26.51094,45.663462],[26.510341,45.664228],[26.509992,45.664699],[26.509923,45.664829],[26.509625,45.665165],[26.509195,45.665623],[26.508747,45.666206],[26.50863,45.666331],[26.508588,45.66638],[26.5085,45.666532],[26.508371,45.666698],[26.508336,45.666768],[26.508019,45.66708],[26.507282,45.667596],[26.506573,45.668142],[26.506234,45.668431],[26.505486,45.669161],[26.505168,45.669571],[26.505048,45.669693],[26.504284,45.670186],[26.503881,45.670383],[26.50369,45.670497],[26.50339,45.670728],[26.50316,45.670886],[26.503167,45.670955],[26.503104,45.671146],[26.502939,45.671416],[26.502723,45.671674],[26.502413,45.671805],[26.501972,45.671972],[26.501702,45.672126],[26.501438,45.672343],[26.501323,45.672524],[26.501093,45.672722],[26.500755,45.67298],[26.500439,45.673141],[26.499771,45.673455],[26.499287,45.673619],[26.498996,45.673637],[26.498376,45.673691],[26.497705,45.673979],[26.496834,45.67437],[26.496329,45.674437],[26.495762,45.674565],[26.495402,45.674793],[26.495173,45.675101],[26.494902,45.675434],[26.494594,45.675737],[26.494352,45.675903],[26.494177,45.675978],[26.493958,45.676052],[26.493893,45.67606],[26.493543,45.676186],[26.493319,45.676299],[26.493247,45.67636],[26.493209,45.676374],[26.49301,45.676571],[26.492783,45.676859],[26.492644,45.677148],[26.49248,45.677605],[26.492251,45.67806],[26.491939,45.678607],[26.491771,45.678942],[26.491443,45.679458],[26.491299,45.679633],[26.490896,45.680109],[26.490464,45.680732],[26.490187,45.68105],[26.490021,45.681262],[26.489971,45.681353],[26.489919,45.681566],[26.489835,45.681764],[26.48958,45.682571],[26.489287,45.683301],[26.488898,45.683938],[26.488515,45.684454],[26.488071,45.685122],[26.487793,45.685593],[26.487647,45.685958],[26.487529,45.686185],[26.487348,45.686688],[26.487218,45.687205],[26.487148,45.687479],[26.487152,45.687571],[26.487058,45.688104],[26.487056,45.688211],[26.486942,45.688607],[26.486914,45.689079],[26.486897,45.689125],[26.486908,45.689171],[26.486887,45.689461],[26.486837,45.689979],[26.486817,45.691108],[26.48683,45.691337],[26.486876,45.691597],[26.486986,45.691918],[26.487034,45.691983],[26.487195,45.692103],[26.487412,45.692219],[26.487672,45.69232],[26.488366,45.692516],[26.488734,45.692649],[26.488972,45.692784],[26.489176,45.692942],[26.489342,45.693157],[26.489427,45.693326],[26.489457,45.69354],[26.489439,45.693692],[26.489295,45.693874],[26.489221,45.693926],[26.488931,45.694133],[26.488646,45.694414],[26.488532,45.694671],[26.488498,45.69489],[26.488478,45.695149],[26.488419,45.695202],[26.488261,45.695456],[26.487862,45.695632],[26.487355,45.695801],[26.486874,45.695815],[26.486678,45.695833],[26.486329,45.695918],[26.486175,45.695977],[26.4859,45.696204],[26.48557,45.696412],[26.484882,45.697066],[26.484732,45.697263],[26.4846,45.697403],[26.484303,45.697645],[26.484127,45.697758],[26.48393,45.697851],[26.483873,45.697871],[26.483892,45.697953],[26.483563,45.698571],[26.482999,45.699105],[26.483009,45.699149],[26.483045,45.69929],[26.483214,45.69973],[26.483244,45.699898],[26.483253,45.700066],[26.483234,45.700234],[26.483144,45.700583],[26.483006,45.701025],[26.48295,45.701109],[26.482852,45.701169],[26.482307,45.701199],[26.481063,45.701372],[26.480583,45.701482],[26.480189,45.701605],[26.480058,45.701635],[26.479928,45.701634],[26.47971,45.701601],[26.479385,45.701511],[26.479336,45.70151],[26.478831,45.701392],[26.478777,45.701369],[26.478603,45.701341],[26.478408,45.701289],[26.477952,45.701225],[26.477864,45.701228],[26.477733,45.701257],[26.47758,45.701325],[26.477121,45.701489],[26.476795,45.701581],[26.476545,45.701574],[26.476272,45.701502],[26.475903,45.701387],[26.475619,45.701397],[26.475379,45.70144],[26.474991,45.701552],[26.474774,45.701606],[26.474619,45.701722],[26.474422,45.701935],[26.474224,45.702152],[26.474189,45.702314],[26.474095,45.702463],[26.473983,45.702505],[26.473644,45.70254],[26.473448,45.702596],[26.473018,45.702685],[26.472593,45.702966],[26.472002,45.703221],[26.471735,45.703381],[26.47146,45.703574],[26.471097,45.70375],[26.470842,45.70377],[26.470642,45.703772],[26.470064,45.703825],[26.46951,45.703856],[26.468803,45.703898],[26.4684,45.703942],[26.468024,45.704037],[26.467705,45.704165],[26.467453,45.704294],[26.467173,45.704481],[26.467128,45.70453],[26.467056,45.704664],[26.467037,45.70481],[26.467037,45.704949],[26.467004,45.705115],[26.466925,45.705236],[26.466831,45.705385],[26.466745,45.705535],[26.466691,45.705698],[26.46664,45.70589],[26.466506,45.706093],[26.466383,45.706265],[26.466341,45.70643],[26.46633,45.706583],[26.46631,45.706803],[26.466263,45.706891],[26.466061,45.70732],[26.465896,45.70766],[26.465859,45.707897],[26.465814,45.70803],[26.465755,45.708166],[26.465661,45.708298],[26.465529,45.708466],[26.465382,45.708654],[26.465325,45.708859],[26.465198,45.709221],[26.4652,45.709319],[26.465232,45.709471],[26.465323,45.709847],[26.465375,45.710024],[26.465344,45.710188],[26.465265,45.710458],[26.465251,45.710677],[26.465255,45.710833],[26.465271,45.710969],[26.465295,45.711135],[26.465421,45.711355],[26.465507,45.711496],[26.46551,45.711613],[26.465421,45.711801],[26.465428,45.712047],[26.465428,45.712375],[26.465449,45.712555],[26.465561,45.712832],[26.46553,45.713116],[26.465553,45.71326],[26.465648,45.713597],[26.465734,45.713926],[26.465831,45.714179],[26.466007,45.714496],[26.4662,45.714883],[26.466204,45.715022],[26.466252,45.715221],[26.466316,45.715425],[26.466424,45.715694],[26.466298,45.71607],[26.466249,45.716434],[26.466227,45.71677],[26.466169,45.717257],[26.466218,45.717466],[26.466238,45.717818],[26.466375,45.718261],[26.466701,45.718936],[26.466792,45.719162],[26.466764,45.719285],[26.466569,45.719441],[26.466269,45.719615],[26.465754,45.719895],[26.465194,45.720112],[26.465079,45.720248],[26.465008,45.720431],[26.464896,45.720906],[26.464793,45.721206],[26.464605,45.721453],[26.464338,45.721661],[26.464028,45.721823],[26.462781,45.722216],[26.462433,45.722353],[26.461769,45.722638],[26.461304,45.722885],[26.46101,45.723186],[26.460425,45.723877],[26.460271,45.724016],[26.459729,45.724403],[26.45945,45.724737],[26.459252,45.725023],[26.459091,45.725447],[26.458932,45.72561],[26.4586,45.725709],[26.458217,45.72581],[26.458006,45.725849],[26.457719,45.725911],[26.45733,45.726009],[26.456912,45.726156],[26.456521,45.726319],[26.455664,45.72684],[26.454636,45.727378],[26.454201,45.727401],[26.453916,45.727351],[26.453468,45.727332],[26.453193,45.727415],[26.452926,45.727645],[26.451988,45.727952],[26.451382,45.728157],[26.450577,45.72821],[26.44966,45.728262],[26.448925,45.728474],[26.447194,45.729164],[26.446936,45.729417],[26.446155,45.729784],[26.445361,45.730087],[26.444711,45.730363],[26.444456,45.730499],[26.444267,45.730528],[26.444053,45.730531],[26.443698,45.730728],[26.443316,45.731005],[26.442977,45.731123],[26.442717,45.731297],[26.442468,45.731732],[26.442382,45.732053],[26.44255,45.73239],[26.442969,45.732998],[26.443082,45.733593],[26.443014,45.733993],[26.44308,45.734152],[26.443194,45.734521],[26.443026,45.734852],[26.442996,45.735048],[26.442943,45.735168],[26.442853,45.735332],[26.442674,45.735523],[26.442126,45.73581],[26.441226,45.736202],[26.44067,45.736299],[26.440398,45.736368],[26.439942,45.736575],[26.439253,45.736985],[26.438914,45.737219],[26.438636,45.737458],[26.438543,45.737538],[26.438268,45.737833],[26.438166,45.737904],[26.437811,45.738153],[26.436603,45.738997],[26.435951,45.739454],[26.435692,45.739635],[26.435879,45.739795],[26.437076,45.740815],[26.437579,45.741244],[26.43875,45.742494],[26.438594,45.74344],[26.438353,45.743637],[26.438175,45.743829],[26.43801,45.744075],[26.437871,45.744347],[26.437788,45.744543],[26.437676,45.744743],[26.437632,45.745003],[26.437613,45.745391],[26.437698,45.745848],[26.437937,45.74628],[26.438105,45.746525],[26.438341,45.746768],[26.439032,45.747284],[26.43954,45.747647],[26.439841,45.747943],[26.440997,45.748985],[26.440902,45.749264],[26.440828,45.749492],[26.441337,45.749833],[26.442393,45.750301],[26.442797,45.750504],[26.442912,45.750787],[26.443343,45.751527],[26.443361,45.752434],[26.443112,45.754108],[26.44313,45.754423],[26.443148,45.754738],[26.443396,45.755357],[26.443708,45.756663],[26.443583,45.757121],[26.443213,45.757648],[26.442916,45.758702],[26.442768,45.759188],[26.442502,45.760045],[26.442344,45.760766],[26.442375,45.760894],[26.442646,45.761623],[26.442657,45.762048],[26.442661,45.762535],[26.442456,45.762955],[26.4422,45.763342],[26.441854,45.763693],[26.441655,45.763901],[26.441236,45.764184],[26.440825,45.764357],[26.440565,45.76457],[26.440509,45.764775],[26.440501,45.765093],[26.440441,45.765341],[26.440328,45.765884],[26.440245,45.76633],[26.440185,45.767004],[26.440186,45.767497],[26.440207,45.767865],[26.440263,45.768557],[26.440352,45.769158],[26.44042,45.769455],[26.440601,45.769813],[26.440881,45.77037],[26.441193,45.770837],[26.441463,45.771212],[26.441762,45.771456],[26.441922,45.771655],[26.441961,45.771858],[26.442016,45.77226],[26.442115,45.772441],[26.442494,45.772769],[26.442728,45.773033],[26.442692,45.773157],[26.442533,45.773247],[26.442148,45.773357],[26.441755,45.773574],[26.441556,45.773774],[26.441422,45.774159],[26.441391,45.774459],[26.441351,45.774831],[26.44139,45.775276],[26.441392,45.775573],[26.441184,45.775866],[26.441044,45.776092],[26.440923,45.776329],[26.440725,45.776595],[26.440394,45.776843],[26.439987,45.776956],[26.439092,45.777197],[26.438475,45.777429],[26.438211,45.777634],[26.437937,45.777931],[26.437771,45.778108],[26.437227,45.778399],[26.436651,45.7787],[26.436121,45.779],[26.43592,45.779126],[26.435418,45.779549],[26.434744,45.780015],[26.433856,45.780587],[26.433544,45.780757],[26.433029,45.781089],[26.432788,45.781289],[26.432632,45.781745],[26.43246,45.782073],[26.432071,45.782541],[26.431805,45.782791],[26.431116,45.783395],[26.430878,45.78372],[26.430706,45.784052],[26.430593,45.784328],[26.430543,45.784612],[26.43038,45.785121],[26.430371,45.785448],[26.430301,45.78564],[26.43002,45.786057],[26.429675,45.786498],[26.429318,45.786827],[26.428858,45.787245],[26.42852,45.787424],[26.428061,45.787622],[26.427726,45.787786],[26.427328,45.788028],[26.426703,45.788412],[26.426221,45.788649],[26.425626,45.788856],[26.425214,45.788932],[26.424456,45.788979],[26.423943,45.788935],[26.423394,45.788945],[26.422738,45.789054],[26.421902,45.78927],[26.4214,45.789497],[26.421014,45.789745],[26.420694,45.790047],[26.420365,45.790417],[26.42008,45.79086],[26.419819,45.790876],[26.419465,45.790963],[26.41901,45.791105],[26.41858,45.791289],[26.418169,45.791336],[26.417729,45.791302],[26.416573,45.790979],[26.415748,45.790772],[26.415195,45.790729],[26.414739,45.790664],[26.414496,45.790489],[26.413993,45.790217],[26.413472,45.790048],[26.412328,45.7899],[26.411462,45.789884],[26.410755,45.78992],[26.41013,45.790093],[26.409839,45.7902],[26.409588,45.790367],[26.409253,45.790625],[26.409083,45.790774],[26.408983,45.790893],[26.408776,45.791097],[26.408515,45.791333],[26.408338,45.79154],[26.408115,45.791772],[26.408003,45.791858],[26.407911,45.79202],[26.40777,45.792249],[26.407454,45.792535],[26.407264,45.792679],[26.406874,45.792983],[26.406633,45.793174],[26.406425,45.793352],[26.406266,45.793555],[26.406141,45.793782],[26.406101,45.79404],[26.405973,45.79424],[26.405763,45.794703],[26.405709,45.794744],[26.405453,45.794906],[26.40474,45.795388],[26.404483,45.795575],[26.404341,45.795704],[26.404199,45.795833],[26.403889,45.796101],[26.403395,45.796439],[26.403037,45.796689],[26.402797,45.796944],[26.402173,45.797342],[26.40107,45.798046],[26.400793,45.798179],[26.400551,45.798265],[26.400095,45.798377],[26.399685,45.79845],[26.399382,45.798435],[26.399065,45.79841],[26.39858,45.798416],[26.397782,45.798681],[26.397422,45.798793],[26.397132,45.798829],[26.396865,45.798906],[26.396616,45.798997],[26.396332,45.799089],[26.395802,45.79918],[26.395463,45.799222],[26.395211,45.799429],[26.394454,45.799854],[26.394142,45.800029],[26.393791,45.800232],[26.393777,45.800284],[26.393833,45.800416],[26.393763,45.800581],[26.393472,45.800794],[26.393351,45.800936],[26.393325,45.801049],[26.393166,45.801191],[26.392993,45.801314],[26.392761,45.801477],[26.392589,45.801716],[26.392367,45.80199],[26.392208,45.802186],[26.392068,45.80236],[26.391917,45.802413],[26.391822,45.802439],[26.391442,45.802813],[26.391121,45.803042],[26.391012,45.803096],[26.390816,45.803161],[26.390598,45.803176],[26.389922,45.803306],[26.388833,45.803779],[26.388441,45.803963],[26.387962,45.804222],[26.387766,45.804306],[26.387526,45.804375],[26.387308,45.804413],[26.386742,45.804619],[26.386437,45.804696],[26.386219,45.804772],[26.385409,45.805326],[26.385148,45.80557],[26.384947,45.805707],[26.384653,45.805982],[26.384464,45.806196],[26.384371,45.806349],[26.384264,45.80673],[26.384245,45.807203],[26.384291,45.807722],[26.384195,45.80818],[26.38412,45.808424],[26.384068,45.808867],[26.383961,45.809187],[26.383799,45.809462],[26.383767,45.809554],[26.383695,45.81021],[26.383596,45.810545],[26.383519,45.810775],[26.383465,45.810882],[26.383368,45.811004],[26.383315,45.811187],[26.383272,45.811263],[26.382665,45.811859],[26.382453,45.812027],[26.382291,45.812179],[26.382161,45.812362],[26.382097,45.812576],[26.382111,45.812851],[26.382173,45.81311],[26.382143,45.8134],[26.382042,45.813721],[26.38188,45.81398],[26.381735,45.814179],[26.381166,45.814725],[26.381117,45.814736],[26.380687,45.815003],[26.380578,45.815053],[26.380529,45.81506],[26.38047,45.815102],[26.380274,45.815198],[26.380099,45.815259],[26.37986,45.815381],[26.379816,45.815389],[26.379636,45.815473],[26.379239,45.815713],[26.37906,45.815866],[26.379028,45.815912],[26.378969,45.81611],[26.378878,45.816247],[26.378612,45.816499],[26.378406,45.816652],[26.378155,45.816789],[26.377709,45.817118],[26.37698,45.817576],[26.376754,45.817806],[26.376584,45.817988],[26.376449,45.818171],[26.376299,45.818522],[26.376198,45.818827],[26.376139,45.818965],[26.376026,45.819148],[26.375899,45.819529],[26.375802,45.819728],[26.375662,45.819926],[26.375542,45.820064],[26.375288,45.820338],[26.37507,45.820522],[26.374963,45.82069],[26.374888,45.820873],[26.374844,45.821028],[26.374814,45.821132],[26.374789,45.821422],[26.374797,45.82159],[26.374822,45.821738],[26.374864,45.821982],[26.374902,45.8222],[26.374987,45.822445],[26.375132,45.822765],[26.375417,45.823299],[26.375479,45.823452],[26.375591,45.823635],[26.375702,45.823818],[26.376085,45.824325],[26.376594,45.824875],[26.376952,45.825209],[26.377085,45.825333],[26.377147,45.825411],[26.377262,45.825531],[26.377582,45.825954],[26.377859,45.826366],[26.378053,45.826733],[26.378131,45.826977],[26.378143,45.827114],[26.378123,45.827419],[26.378135,45.827542],[26.378113,45.827587],[26.378119,45.827618],[26.378006,45.827938],[26.377887,45.828167],[26.377833,45.82832],[26.377759,45.828793],[26.377652,45.82922],[26.377587,45.829358],[26.377391,45.829648],[26.377283,45.829862],[26.377121,45.830381],[26.377068,45.83093],[26.377004,45.831113],[26.376928,45.831499],[26.376962,45.831758],[26.377039,45.832044],[26.37716,45.832334],[26.377259,45.832502],[26.377341,45.832731],[26.377358,45.832826],[26.377407,45.832929],[26.377428,45.833033],[26.377355,45.833204],[26.377291,45.833464],[26.37732,45.833807],[26.3773,45.834036],[26.377299,45.8346],[26.37727,45.834936],[26.377203,45.835256],[26.377195,45.835439],[26.377209,45.835591],[26.377189,45.835843],[26.377173,45.836064],[26.37714,45.836326],[26.377092,45.83659],[26.377104,45.836865],[26.377069,45.837002],[26.377022,45.837079],[26.376888,45.837182],[26.376819,45.83722],[26.376506,45.837327],[26.376335,45.837414],[26.376175,45.837533],[26.376096,45.837628],[26.376049,45.83772],[26.37598,45.837964],[26.375964,45.838406],[26.375914,45.838566],[26.37562,45.838978],[26.375565,45.839192],[26.375548,45.839375],[26.375441,45.83968],[26.375362,45.839794],[26.375202,45.839947],[26.375118,45.840061],[26.375018,45.84024],[26.374915,45.840519],[26.374841,45.840656],[26.374507,45.841122],[26.374203,45.841434],[26.373955,45.841587],[26.37381,45.841652],[26.373788,45.841648],[26.373723,45.841671],[26.373679,45.841702],[26.373418,45.841627],[26.373318,45.841632],[26.373002,45.8417],[26.372554,45.841909],[26.372286,45.842049],[26.371462,45.842631],[26.371166,45.842924],[26.371095,45.843019],[26.370991,45.843224],[26.370958,45.843331],[26.370984,45.843704],[26.371129,45.844513],[26.371302,45.845047],[26.371321,45.845178],[26.371351,45.845215],[26.371355,45.845764],[26.371387,45.845947],[26.371484,45.846282],[26.371473,45.846343],[26.371505,45.846397],[26.371508,45.846481],[26.371527,45.846633],[26.371591,45.846892],[26.371591,45.846968],[26.371634,45.847151],[26.371634,45.847243],[26.371742,45.847624],[26.371773,45.84799],[26.371849,45.848295],[26.371946,45.84854],[26.372054,45.848997],[26.372238,45.849501],[26.372498,45.850142],[26.372541,45.850218],[26.372672,45.850325],[26.373358,45.850692],[26.373421,45.850718],[26.373457,45.850788],[26.373703,45.850971],[26.374178,45.851184],[26.374435,45.851356],[26.374528,45.851455],[26.374555,45.851531],[26.374567,45.851745],[26.374547,45.852111],[26.37453,45.852172],[26.374487,45.852233],[26.374337,45.852568],[26.374303,45.852614],[26.37419,45.85298],[26.374174,45.853148],[26.374224,45.85332],[26.374356,45.853636],[26.374368,45.853941],[26.374315,45.854277],[26.374261,45.854383],[26.374141,45.854505],[26.373881,45.854826],[26.373718,45.855116],[26.373571,45.855268],[26.373468,45.855345],[26.373434,45.855245],[26.373334,45.855357],[26.37329,45.855582],[26.3733,45.8557],[26.373354,45.855838],[26.373432,45.855921],[26.373454,45.856039],[26.373487,45.856061],[26.373525,45.85613],[26.373657,45.85626],[26.373712,45.85637],[26.373882,45.856626],[26.374025,45.856931],[26.37408,45.857102],[26.374124,45.857175],[26.374256,45.857617],[26.374317,45.857731],[26.374552,45.857918],[26.374688,45.858063],[26.374967,45.85828],[26.375132,45.858474],[26.375389,45.85884],[26.375564,45.85897],[26.375914,45.859164],[26.376177,45.859343],[26.376346,45.859496],[26.376528,45.859693],[26.376899,45.860105],[26.377162,45.860346],[26.37807,45.861039],[26.378616,45.861405],[26.378846,45.861546],[26.379108,45.861683],[26.379786,45.86201],[26.380266,45.86222],[26.380769,45.862399],[26.380938,45.862475],[26.381026,45.862524],[26.381266,45.862723],[26.381381,45.862867],[26.381617,45.863279],[26.381656,45.863401],[26.381656,45.863493],[26.381816,45.863935],[26.381855,45.864133],[26.381866,45.86424],[26.381856,45.864301],[26.38189,45.864591],[26.38189,45.864819],[26.381859,45.865083],[26.381881,45.865201],[26.381931,45.865319],[26.382029,45.865475],[26.382166,45.865643],[26.382435,45.865894],[26.382736,45.866234],[26.383042,45.866489],[26.383206,45.866603],[26.383341,45.866665],[26.383556,45.86679],[26.383753,45.866866],[26.383906,45.866942],[26.384298,45.86708],[26.384599,45.86719],[26.384747,45.867296],[26.384796,45.86735],[26.384796,45.867372],[26.384846,45.867441],[26.384982,45.867555],[26.385059,45.867643],[26.385235,45.867883],[26.385438,45.86828],[26.385559,45.86863],[26.385587,45.868783],[26.38562,45.868844],[26.385681,45.869103],[26.385797,45.869362],[26.385846,45.869423],[26.385868,45.869427],[26.385887,45.869474],[26.385912,45.869534],[26.386054,45.869702],[26.386334,45.869972],[26.386613,45.870307],[26.386772,45.87057],[26.386931,45.87075],[26.387046,45.870952],[26.38732,45.871314],[26.387425,45.871603],[26.387481,45.871847],[26.387504,45.872152],[26.387482,45.87229],[26.387538,45.872564],[26.387731,45.873083],[26.387863,45.873311],[26.38794,45.873555],[26.387914,45.87386],[26.387806,45.874097],[26.387817,45.874127],[26.387785,45.874142],[26.387752,45.874158],[26.387727,45.874248],[26.387741,45.874265],[26.387742,45.874356],[26.387714,45.874387],[26.387698,45.874482],[26.38772,45.874509],[26.387672,45.8746],[26.387661,45.874706],[26.387589,45.874802],[26.387501,45.874904],[26.387357,45.875128],[26.387268,45.875218],[26.387246,45.875279],[26.387158,45.875393],[26.387035,45.875659],[26.386908,45.875826],[26.386714,45.876022],[26.386445,45.876226],[26.386395,45.876283],[26.386244,45.876667],[26.386232,45.876739],[26.386231,45.876869],[26.386257,45.87701],[26.386258,45.877376],[26.386194,45.877795],[26.386114,45.878122],[26.386122,45.878351],[26.38618,45.878534],[26.38632,45.878779],[26.386373,45.878916],[26.386507,45.879116],[26.386641,45.879376],[26.386704,45.87962],[26.386728,45.879849],[26.386797,45.880078],[26.386818,45.880379],[26.386378,45.88049],[26.385983,45.880632],[26.385436,45.880796],[26.385239,45.880867],[26.38508,45.880965],[26.384997,45.881063],[26.384974,45.88114],[26.385001,45.881246],[26.384994,45.881353],[26.385104,45.881781],[26.385274,45.882163],[26.385381,45.882347],[26.385488,45.882576],[26.385541,45.882729],[26.38556,45.882988],[26.385521,45.883087],[26.385454,45.883178],[26.385267,45.883337],[26.385047,45.883488],[26.384624,45.883755],[26.384174,45.884076],[26.383943,45.8842],[26.383779,45.884267],[26.383434,45.884375],[26.383291,45.884412],[26.382985,45.88446],[26.382744,45.884538],[26.382349,45.88473],[26.381615,45.885006],[26.381358,45.885119],[26.381242,45.885175],[26.380946,45.885363],[26.380699,45.885499],[26.380347,45.885763],[26.380209,45.885907],[26.380093,45.886001],[26.379822,45.886316],[26.379596,45.886527],[26.379496,45.88671],[26.379383,45.886843],[26.37896,45.887354],[26.378822,45.887475],[26.378531,45.887686],[26.378147,45.887843],[26.377862,45.887986],[26.377763,45.88805],[26.377625,45.888171],[26.377298,45.888607],[26.377303,45.888652],[26.37727,45.888728],[26.37717,45.888888],[26.377125,45.888994],[26.377053,45.889093],[26.376974,45.889306],[26.376957,45.889397],[26.376981,45.88971],[26.377045,45.889817],[26.377061,45.889893],[26.377114,45.89],[26.377215,45.890291],[26.377262,45.890443],[26.377303,45.890718],[26.377291,45.89084],[26.37716,45.891281],[26.377038,45.891524],[26.376981,45.891691],[26.376958,45.891828],[26.376973,45.891905],[26.376957,45.891943],[26.376972,45.892065],[26.377088,45.89237],[26.377303,45.892707],[26.377474,45.893044],[26.377603,45.893243],[26.377763,45.893549],[26.377844,45.893672],[26.377973,45.893825],[26.378119,45.893926],[26.378206,45.89401],[26.378434,45.894134],[26.378705,45.894318],[26.37877,45.894346],[26.378987,45.894481],[26.379079,45.894596],[26.379088,45.894687],[26.379005,45.894816],[26.37874,45.895073],[26.378437,45.895342],[26.378229,45.895473],[26.377975,45.895666],[26.37755,45.896109],[26.377478,45.896287],[26.377444,45.896847],[26.37754,45.897092],[26.377607,45.897166],[26.37776,45.897383],[26.377782,45.897444],[26.377865,45.897857],[26.377861,45.898146],[26.377768,45.898755],[26.377677,45.899044],[26.377591,45.899455],[26.377596,45.899501],[26.377562,45.899573],[26.377522,45.899752],[26.377457,45.900201],[26.377401,45.900346],[26.377235,45.900596],[26.37676,45.901073],[26.376506,45.901368],[26.376216,45.901884],[26.376171,45.902006],[26.376121,45.902097],[26.376099,45.902108],[26.375993,45.902348],[26.375824,45.902796],[26.375686,45.903477],[26.375674,45.903569],[26.375682,45.903816],[26.375659,45.903992],[26.375667,45.904281],[26.375694,45.904388],[26.375698,45.904434],[26.375773,45.904572],[26.375821,45.904602],[26.375908,45.904695],[26.376128,45.904986],[26.376176,45.905146],[26.376178,45.905466],[26.376096,45.905946],[26.37595,45.906364],[26.375804,45.906698],[26.375815,45.906729],[26.375785,45.906742],[26.375771,45.906748],[26.375771,45.906782],[26.375648,45.90704],[26.375613,45.907181],[26.375618,45.907284],[26.37572,45.907468],[26.375833,45.907606],[26.376022,45.907775],[26.376239,45.907895],[26.376493,45.908098],[26.377286,45.908478],[26.377531,45.90856],[26.377901,45.908707],[26.378358,45.908848],[26.378576,45.90888],[26.378794,45.908931],[26.379252,45.908987],[26.379491,45.909043],[26.379775,45.909075],[26.379905,45.90911],[26.380118,45.909146],[26.380636,45.909737],[26.380841,45.909921],[26.38116,45.910244],[26.381332,45.910383],[26.381431,45.910459],[26.381841,45.910859],[26.381975,45.911088],[26.382028,45.911226],[26.382039,45.911302],[26.382037,45.911409],[26.382015,45.911439],[26.38202,45.911546],[26.381968,45.911812],[26.381814,45.91239],[26.381701,45.91271],[26.381677,45.9129],[26.381626,45.913098],[26.381594,45.913601],[26.381559,45.913753],[26.381558,45.91386],[26.38144,45.914156],[26.381366,45.914476],[26.38123,45.914886],[26.381211,45.915122],[26.381195,45.915145],[26.381222,45.915164],[26.381236,45.915351],[26.381289,45.915489],[26.381596,45.915933],[26.381703,45.916132],[26.381724,45.916224],[26.381728,45.916369],[26.382119,45.916781],[26.382238,45.91687],[26.382456,45.91697],[26.382625,45.916998],[26.382723,45.916979],[26.382827,45.916941],[26.38292,45.916885],[26.383013,45.916851],[26.383123,45.916836],[26.383254,45.916837],[26.383537,45.916911],[26.383776,45.91703],[26.384346,45.917395],[26.384487,45.917499],[26.384914,45.917894],[26.384995,45.918024],[26.385444,45.9185],[26.385585,45.918619],[26.385769,45.918719],[26.385878,45.918754],[26.38614,45.918793],[26.386358,45.918806],[26.386969,45.918877],[26.387252,45.918898],[26.387514,45.918945],[26.387623,45.918968],[26.387699,45.918999],[26.387764,45.919007],[26.387916,45.919077],[26.388492,45.919434],[26.389535,45.919913],[26.389884,45.920029],[26.39008,45.920068],[26.390167,45.920068],[26.390472,45.920116],[26.391388,45.920227],[26.391443,45.920231],[26.391465,45.92022],[26.391487,45.920235],[26.391552,45.920243],[26.391628,45.920247],[26.391661,45.920228],[26.391988,45.920268],[26.392532,45.920366],[26.392817,45.920421],[26.393078,45.920499],[26.3931,45.920495],[26.393448,45.920588],[26.393776,45.920594],[26.394277,45.920661],[26.394418,45.920749],[26.394451,45.920818],[26.394471,45.921001],[26.394407,45.921398],[26.394401,45.921493],[26.394432,45.921688],[26.39442,45.92181],[26.394431,45.921825],[26.394379,45.922191],[26.394227,45.922664],[26.394221,45.922771],[26.394159,45.922999],[26.394158,45.923076],[26.394101,45.923335],[26.393979,45.923594],[26.393962,45.92367],[26.393851,45.923822],[26.393422,45.924217],[26.393312,45.924353],[26.393278,45.92443],[26.393272,45.92451],[26.393293,45.924582],[26.393254,45.92475],[26.393177,45.924841],[26.392995,45.925008],[26.392851,45.925221],[26.392658,45.925434],[26.392531,45.925678],[26.392424,45.925967],[26.392325,45.92615],[26.392247,45.926256],[26.391983,45.926484],[26.391769,45.926635],[26.391549,45.92684],[26.391417,45.92692],[26.391278,45.926963],[26.390782,45.927142],[26.390542,45.927186],[26.39041,45.927231],[26.390213,45.92736],[26.390135,45.927436],[26.390036,45.927573],[26.389964,45.927725],[26.389951,45.927954],[26.389725,45.928808],[26.389672,45.929265],[26.389681,45.929464],[26.389669,45.929647],[26.389689,45.929815],[26.389721,45.929922],[26.38979,45.93006],[26.389844,45.930121],[26.389952,45.93032],[26.390022,45.930412],[26.390174,45.930516],[26.39045,45.930792],[26.390854,45.931362],[26.390941,45.931462],[26.391157,45.931673],[26.391255,45.931746],[26.391526,45.931922],[26.391554,45.931911],[26.391576,45.931923],[26.391771,45.932069],[26.392139,45.932452],[26.392392,45.932804],[26.392472,45.933049],[26.392497,45.933278],[26.392402,45.933522],[26.392291,45.93375],[26.391966,45.934145],[26.391905,45.934185],[26.391779,45.934312],[26.39163,45.934418],[26.391531,45.934555],[26.391453,45.934723],[26.391248,45.935058],[26.391077,45.935255],[26.390752,45.935544],[26.389956,45.936135],[26.389345,45.936635],[26.389229,45.936803],[26.389124,45.937001],[26.389073,45.937168],[26.389049,45.937382],[26.38895,45.937549],[26.388762,45.937731],[26.388707,45.937823],[26.38868,45.937838],[26.388503,45.938081],[26.388343,45.938264],[26.38777,45.938795],[26.387561,45.939053],[26.387444,45.939251],[26.387394,45.939404],[26.387353,45.939648],[26.387202,45.940059],[26.387157,45.940272],[26.387154,45.940532],[26.387182,45.940825],[26.387184,45.94085],[26.387204,45.940942],[26.387216,45.940994],[26.387275,45.941116],[26.387334,45.941239],[26.38762,45.941576],[26.387878,45.941814],[26.388167,45.942097],[26.388443,45.942427],[26.388679,45.942748],[26.389033,45.942999],[26.38919,45.943114],[26.389571,45.943314],[26.389854,45.943392],[26.390006,45.943472],[26.390163,45.943607],[26.390309,45.943783],[26.390432,45.944058],[26.39049,45.944272],[26.390608,45.944593],[26.390724,45.945021],[26.390723,45.945082],[26.390839,45.945647],[26.390825,45.945983],[26.390855,45.946228],[26.390854,45.946354],[26.390891,45.946563],[26.390965,45.946762],[26.39096,45.946797],[26.390997,45.946854],[26.391013,45.946998],[26.391186,45.947175],[26.391364,45.947352],[26.391446,45.947394],[26.391673,45.947605],[26.391814,45.94782],[26.391856,45.947972],[26.391855,45.94811],[26.39183,45.948384],[26.391764,45.948723],[26.391793,45.948918],[26.3919,45.949117],[26.391943,45.949285],[26.391931,45.949423],[26.391841,45.949666],[26.391734,45.950047],[26.391662,45.950215],[26.391628,45.950367],[26.391559,45.950672],[26.391567,45.951069],[26.391555,45.951145],[26.391577,45.951176],[26.391498,45.951458],[26.391474,45.951702],[26.391389,45.951992],[26.391394,45.952068],[26.391361,45.952175],[26.391272,45.952327],[26.3912,45.952418],[26.391017,45.952579],[26.39105,45.952707],[26.391017,45.952783],[26.390818,45.953042],[26.390322,45.953543],[26.390168,45.95368],[26.389739,45.953998],[26.389398,45.954317],[26.389189,45.954547],[26.389202,45.95485],[26.38932,45.95511],[26.389438,45.955279],[26.389622,45.955478],[26.389919,45.95585],[26.390109,45.956049],[26.390514,45.956566],[26.390686,45.956918],[26.391013,45.95753],[26.391073,45.95761],[26.391072,45.957637],[26.3911,45.957653],[26.391223,45.957882],[26.391299,45.957955],[26.391337,45.95803],[26.391561,45.958169],[26.391712,45.958292],[26.391793,45.958384],[26.391868,45.958428],[26.392108,45.958592],[26.392162,45.958653],[26.392313,45.958883],[26.392524,45.959097],[26.392654,45.959296],[26.392725,45.959518],[26.393035,45.959804],[26.393412,45.960002],[26.393956,45.960253],[26.39469,45.960638],[26.395216,45.960988],[26.39546,45.961187],[26.395639,45.961371],[26.395973,45.961861],[26.396071,45.961969],[26.396178,45.962122],[26.396394,45.962481],[26.39649,45.96268],[26.396533,45.962787],[26.396564,45.96294],[26.396561,45.963252],[26.3967,45.96365],[26.396904,45.964017],[26.397011,45.964262],[26.397063,45.964536],[26.397218,45.964949],[26.397234,45.965243],[26.397361,45.965446],[26.397528,45.96566],[26.39813,45.966159],[26.398276,45.966297],[26.398684,45.966543],[26.399118,45.966828],[26.39939,45.966982],[26.399815,45.967155],[26.40012,45.967264],[26.400381,45.96738],[26.400609,45.967507],[26.400931,45.967623],[26.401351,45.967686],[26.401962,45.96775],[26.402027,45.967766],[26.40218,45.967774],[26.402529,45.967837],[26.402747,45.967899],[26.402987,45.967996],[26.40327,45.968123],[26.403417,45.968204],[26.403563,45.968308],[26.403644,45.968384],[26.403823,45.968614],[26.40415,45.969241],[26.404177,45.969318],[26.404322,45.969547],[26.404504,45.969762],[26.404636,45.969846],[26.405023,45.970043],[26.405218,45.970166],[26.405354,45.970269],[26.405544,45.970385],[26.405739,45.970538],[26.406189,45.970953],[26.406335,45.971167],[26.40646,45.971274],[26.406629,45.971455],[26.406855,45.97168],[26.407162,45.971883],[26.407515,45.971984],[26.407868,45.972014],[26.408152,45.972065],[26.408958,45.972275],[26.409286,45.972322],[26.409504,45.972369],[26.410044,45.972536],[26.410441,45.972702],[26.410658,45.972818],[26.411158,45.97316],[26.411413,45.973313],[26.411777,45.973651],[26.411842,45.973686],[26.412167,45.973935],[26.412434,45.974104],[26.412755,45.974255],[26.413104,45.974344],[26.414021,45.974429],[26.414479,45.974508],[26.414676,45.974558],[26.415089,45.974736],[26.415476,45.97486],[26.415786,45.974991],[26.416064,45.975084],[26.416396,45.975219],[26.416576,45.975315],[26.416831,45.975477],[26.417011,45.975565],[26.417102,45.975592],[26.418225,45.976029],[26.418568,45.976199],[26.418894,45.976464],[26.419034,45.976598],[26.419342,45.977023],[26.419557,45.97727],[26.419868,45.977475],[26.420364,45.977649],[26.420712,45.977815],[26.420799,45.977877],[26.421028,45.977996],[26.421364,45.978246],[26.421597,45.97846],[26.421657,45.978552],[26.421846,45.978767],[26.421927,45.978889],[26.422178,45.979162],[26.422545,45.979422],[26.422703,45.979556],[26.422795,45.979664],[26.423191,45.980001],[26.42338,45.980185],[26.423613,45.980461],[26.423872,45.980813],[26.424213,45.98115],[26.424424,45.981411],[26.424631,45.981587],[26.424897,45.981772],[26.425085,45.981945],[26.425298,45.982071],[26.425555,45.982168],[26.425698,45.982251],[26.425837,45.982322],[26.426027,45.982464],[26.426381,45.982687],[26.426468,45.982721],[26.426968,45.983006],[26.427251,45.983194],[26.427614,45.983539],[26.427853,45.983708],[26.428167,45.983886],[26.429193,45.984199],[26.429608,45.984289],[26.429826,45.984321],[26.429935,45.984318],[26.430241,45.984338],[26.430536,45.984321],[26.430755,45.984329],[26.430842,45.984345],[26.430935,45.984384],[26.43112,45.984514],[26.43151,45.984924],[26.431585,45.985031],[26.431727,45.985331],[26.431956,45.985541],[26.432611,45.985837],[26.432921,45.986022],[26.433128,45.986175],[26.433323,45.986352],[26.433539,45.986658],[26.433701,45.986842],[26.434146,45.98724],[26.434358,45.987371],[26.434641,45.98746],[26.434745,45.987507],[26.434805,45.987511],[26.43517,45.987642],[26.435415,45.987727],[26.435519,45.987785],[26.435671,45.987839],[26.435856,45.987932],[26.435923,45.987911],[26.436077,45.987952],[26.436225,45.988044],[26.436317,45.988083],[26.43677,45.988378],[26.437408,45.988929],[26.437506,45.989036],[26.437712,45.989311],[26.437783,45.989448],[26.437842,45.989677],[26.437929,45.989891],[26.438016,45.990181],[26.437945,45.990814],[26.437913,45.99106],[26.438023,45.991325],[26.438142,45.991494],[26.438267,45.991723],[26.438348,45.992196],[26.438336,45.992364],[26.438281,45.992592],[26.438165,45.992935],[26.438077,45.993133],[26.437928,45.993354],[26.437682,45.993586],[26.437567,45.993666],[26.437413,45.993745],[26.437074,45.993847],[26.436828,45.993965],[26.43657,45.994162],[26.436192,45.994618],[26.436186,45.994622],[26.436082,45.994645],[26.435918,45.994652],[26.435843,45.99473],[26.435634,45.994878],[26.435397,45.995094],[26.435292,45.995162],[26.43516,45.995284],[26.434676,45.995651],[26.434267,45.996118],[26.43403,45.996452],[26.433732,45.996752],[26.433434,45.997098],[26.433169,45.997325],[26.433076,45.997416],[26.43305,45.997464],[26.432965,45.997538],[26.43286,45.997705],[26.432848,45.997781],[26.432798,45.997911],[26.432792,45.998643],[26.43277,45.998711],[26.432768,45.998864],[26.432717,45.99913],[26.432622,45.999343],[26.432511,45.999495],[26.432379,45.999636],[26.432347,45.999683],[26.432176,45.999823],[26.432039,45.999941],[26.43188,46.000182],[26.431939,46.00042],[26.432048,46.000573],[26.432391,46.000894],[26.432538,46.001093],[26.432717,46.001383],[26.432766,46.00152],[26.432766,46.001566],[26.432787,46.001597],[26.432771,46.001608],[26.432793,46.001635],[26.432757,46.001697],[26.432819,46.001802],[26.432887,46.002089],[26.43302,46.002275],[26.43314,46.002398],[26.433444,46.002871],[26.433814,46.003284],[26.433887,46.003383],[26.433961,46.003482],[26.434026,46.003681],[26.434013,46.004153],[26.4339,46.005022],[26.433976,46.005326],[26.434139,46.005677],[26.43429,46.00612],[26.434543,46.006546],[26.434616,46.00667],[26.43473,46.006822],[26.435162,46.007199],[26.435395,46.007388],[26.435613,46.007633],[26.435743,46.007755],[26.435842,46.00782],[26.435908,46.007839],[26.435995,46.007934],[26.436242,46.008113],[26.437167,46.008693],[26.43742,46.008891],[26.437622,46.009105],[26.437787,46.009227],[26.437929,46.009303],[26.438241,46.009421],[26.438531,46.009574],[26.439057,46.009886],[26.439419,46.010149],[26.439518,46.010241],[26.439644,46.010454],[26.439781,46.010637],[26.43988,46.01082],[26.439913,46.010912],[26.44021,46.011491],[26.440238,46.011583],[26.440332,46.011766],[26.440343,46.011827],[26.440365,46.011838],[26.440409,46.011911],[26.44053,46.012185],[26.440717,46.012505],[26.441057,46.012978],[26.441167,46.0131],[26.441408,46.01342],[26.441606,46.01371],[26.441935,46.014061],[26.442127,46.014289],[26.442418,46.014564],[26.44289,46.01496],[26.442966,46.015036],[26.443072,46.015184],[26.443082,46.01522],[26.443148,46.015296],[26.443378,46.015479],[26.443548,46.015563],[26.443679,46.015593],[26.44387,46.015665],[26.444128,46.015822],[26.44427,46.015883],[26.444709,46.016146],[26.445059,46.016417],[26.445186,46.016546],[26.445262,46.016653],[26.445368,46.017004],[26.445303,46.017385],[26.445309,46.017522],[26.445392,46.017735],[26.445452,46.017842],[26.445519,46.018071],[26.445525,46.018307],[26.44557,46.018639],[26.445603,46.018727],[26.445592,46.018879],[26.445506,46.019321],[26.44529,46.019901],[26.445186,46.020045],[26.445072,46.02016],[26.444766,46.020396],[26.444472,46.020568],[26.444352,46.020655],[26.444051,46.020792],[26.443664,46.020914],[26.443347,46.020991],[26.443172,46.021017],[26.442855,46.021097],[26.442642,46.021174],[26.442274,46.021272],[26.441954,46.021505],[26.441834,46.021562],[26.441545,46.021829],[26.441174,46.022134],[26.441032,46.022222],[26.44089,46.022287],[26.440836,46.022329],[26.440623,46.022542],[26.440466,46.02279],[26.440379,46.023087],[26.440315,46.023464],[26.440359,46.02375],[26.440453,46.023979],[26.440503,46.024208],[26.440602,46.024513],[26.440625,46.02468],[26.440625,46.024825],[26.440609,46.024841],[26.440625,46.024902],[26.440615,46.025039],[26.440577,46.02513],[26.440528,46.025191],[26.440283,46.025401],[26.439955,46.02571],[26.43977,46.025961],[26.439716,46.026015],[26.439662,46.026106],[26.43952,46.026461],[26.439456,46.026716],[26.439473,46.027036],[26.43949,46.027082],[26.43949,46.027196],[26.439534,46.027303],[26.439578,46.027532],[26.439645,46.027715],[26.439673,46.028035],[26.439651,46.028119],[26.439614,46.028218],[26.439505,46.028385],[26.43945,46.028523],[26.439331,46.028698],[26.439293,46.028782],[26.439233,46.029033],[26.439234,46.029293],[26.439218,46.029365],[26.439203,46.029742],[26.439209,46.029925],[26.439129,46.030505],[26.439119,46.030917],[26.438913,46.031404],[26.43869,46.031782],[26.438652,46.031946],[26.438598,46.032064],[26.438544,46.032251],[26.438528,46.032388],[26.438457,46.032571],[26.438366,46.033002],[26.43841,46.033348],[26.438438,46.033425],[26.438439,46.033592],[26.438417,46.033684],[26.438276,46.033958],[26.438173,46.034305],[26.437906,46.034721],[26.437683,46.035003],[26.437567,46.035263],[26.437509,46.035388],[26.437499,46.035491],[26.437532,46.035613],[26.437576,46.035689],[26.437949,46.036017],[26.438086,46.0362],[26.438119,46.036219],[26.438278,46.036413],[26.438421,46.036611],[26.438651,46.036821],[26.438767,46.036955],[26.438926,46.037099],[26.439101,46.037336],[26.439101,46.037366],[26.43914,46.037385],[26.439145,46.037404],[26.43934,46.037631],[26.439411,46.037746],[26.439629,46.038068],[26.43975,46.038296],[26.439921,46.038662],[26.439954,46.038845],[26.439957,46.038847],[26.439987,46.038868],[26.439976,46.03899],[26.439963,46.039011],[26.439949,46.039032],[26.439885,46.039379],[26.439899,46.039421],[26.439869,46.039484],[26.439811,46.039606],[26.439772,46.039789],[26.439784,46.03999],[26.43983,46.040231],[26.439828,46.040298],[26.439825,46.040423],[26.439805,46.040523],[26.439735,46.040656],[26.439538,46.040895],[26.43939,46.041067],[26.439078,46.041378],[26.439025,46.041445],[26.438972,46.041512],[26.438952,46.041543],[26.438936,46.041575],[26.438932,46.041608],[26.438929,46.041641],[26.438924,46.041686],[26.438915,46.04176],[26.438904,46.042091],[26.438873,46.04266],[26.438857,46.042958],[26.438844,46.043205],[26.438836,46.043348],[26.438841,46.043488],[26.438856,46.04394],[26.438868,46.044307],[26.43886,46.044629],[26.43887,46.04475],[26.43887,46.044759],[26.438879,46.04487],[26.438886,46.044993],[26.438858,46.045086],[26.438791,46.045181],[26.43876,46.045402],[26.438638,46.045493],[26.438544,46.045576],[26.438505,46.045622],[26.438295,46.045803],[26.438245,46.04591],[26.438011,46.046228],[26.437821,46.046578],[26.43779,46.046662],[26.437759,46.046745],[26.437724,46.046974],[26.437644,46.047278],[26.437651,46.04766],[26.437666,46.04777],[26.437698,46.047854],[26.437778,46.047981],[26.438044,46.048211],[26.438152,46.048365],[26.438216,46.048502],[26.438219,46.048716],[26.438202,46.048823],[26.438128,46.04902],[26.438138,46.049093],[26.438207,46.049173],[26.438291,46.049247],[26.438562,46.049304],[26.438946,46.049373],[26.440116,46.049588],[26.440321,46.049632],[26.440445,46.049676],[26.440559,46.049719],[26.440748,46.049821],[26.44077,46.049834],[26.441086,46.050028],[26.441364,46.050221],[26.44152,46.050351],[26.441611,46.050426],[26.441629,46.050441],[26.441752,46.050543],[26.441882,46.050692],[26.441938,46.050795],[26.441954,46.050885],[26.441943,46.050933],[26.441933,46.050974],[26.441911,46.051039],[26.44185,46.051125],[26.441756,46.051215],[26.441638,46.051279],[26.441596,46.051298],[26.441379,46.051398],[26.441375,46.0514],[26.441053,46.051548],[26.440835,46.051632],[26.440759,46.051683],[26.44074,46.051695],[26.440636,46.05178],[26.440552,46.051892],[26.440429,46.052071],[26.440386,46.052132],[26.440318,46.052229],[26.44017,46.0524],[26.440042,46.052499],[26.440017,46.052515],[26.439835,46.052631],[26.439826,46.052636],[26.439567,46.05279],[26.439268,46.052933],[26.438902,46.053067],[26.438292,46.053265],[26.43815,46.053324],[26.438035,46.053382],[26.437917,46.053457],[26.437823,46.053542],[26.437383,46.054204],[26.437327,46.054286],[26.437208,46.054467],[26.437024,46.054942],[26.436855,46.055358],[26.436647,46.055872],[26.436567,46.056067],[26.436543,46.056128],[26.436486,46.056275],[26.436293,46.05677],[26.436204,46.056924],[26.436091,46.057092],[26.435969,46.057242],[26.435794,46.057437],[26.435723,46.057503],[26.435476,46.057735],[26.435358,46.057829],[26.43528,46.057879],[26.43521,46.057911],[26.435161,46.057933],[26.435006,46.057986],[26.434795,46.058035],[26.434139,46.058157],[26.433787,46.058213],[26.433509,46.058258],[26.433229,46.058311],[26.433026,46.058349],[26.432803,46.058387],[26.432714,46.058402],[26.432562,46.058448],[26.432447,46.058507],[26.432346,46.05859],[26.432305,46.058667],[26.432284,46.058743],[26.432299,46.058815],[26.43234,46.058865],[26.432428,46.058939],[26.432523,46.059],[26.432718,46.059067],[26.432892,46.059109],[26.433062,46.059128],[26.433159,46.059121],[26.433381,46.059105],[26.433633,46.05906],[26.433834,46.058983],[26.434041,46.058881],[26.434124,46.058859],[26.43423,46.058856],[26.434304,46.05888],[26.434363,46.058915],[26.434375,46.058921],[26.434409,46.058972],[26.434398,46.05903],[26.434346,46.059093],[26.434294,46.059134],[26.434223,46.059192],[26.43414,46.059237],[26.433988,46.05932],[26.433905,46.059366],[26.433704,46.059476],[26.433365,46.059667],[26.433344,46.059678],[26.433303,46.059701],[26.433162,46.059752],[26.433132,46.059759],[26.433093,46.059767],[26.433006,46.059787],[26.432971,46.05979],[26.432938,46.059794],[26.432903,46.059798],[26.432893,46.059799],[26.432883,46.059799],[26.432823,46.059796],[26.432743,46.059792],[26.432583,46.059764],[26.432475,46.059743],[26.432447,46.059737],[26.432295,46.059707],[26.431983,46.059614],[26.431778,46.059531],[26.43168,46.059485],[26.431556,46.059427],[26.431411,46.059368],[26.431294,46.059354],[26.431198,46.059366],[26.431119,46.059411],[26.431064,46.059477],[26.431083,46.059537],[26.431165,46.059617],[26.43159,46.059846],[26.43181,46.059987],[26.431865,46.060048],[26.431928,46.060146],[26.431934,46.060154],[26.432018,46.060256],[26.432023,46.060262],[26.432128,46.060448],[26.432196,46.060618],[26.432224,46.060686],[26.432267,46.060852],[26.432279,46.060901],[26.432281,46.061074],[26.432267,46.06112],[26.432238,46.061216],[26.432169,46.061386],[26.432078,46.06161],[26.432062,46.061779],[26.432095,46.061895],[26.432171,46.061991],[26.432301,46.062124],[26.432687,46.06249],[26.432741,46.062586],[26.432742,46.062588],[26.432764,46.062662],[26.432759,46.062711],[26.432718,46.062807],[26.432671,46.062928],[26.43266,46.06294],[26.432607,46.063003],[26.432492,46.063069],[26.432429,46.063098],[26.432343,46.063122],[26.432247,46.063137],[26.432131,46.063138],[26.431977,46.063119],[26.431763,46.063076],[26.431597,46.063021],[26.431555,46.063007],[26.43135,46.062942],[26.431223,46.062902],[26.431088,46.062832],[26.431,46.062766],[26.430907,46.062679],[26.430859,46.062605],[26.430829,46.062473],[26.430836,46.062378],[26.430871,46.062312],[26.430928,46.062201],[26.430984,46.062079],[26.431001,46.062043],[26.431005,46.061955],[26.430981,46.061911],[26.430947,46.061876],[26.430927,46.061868],[26.430896,46.061854],[26.430813,46.061848],[26.430788,46.061852],[26.430785,46.061852],[26.43073,46.061861],[26.430678,46.061897],[26.430674,46.061898],[26.430673,46.0619],[26.430522,46.06219],[26.430449,46.062331],[26.430256,46.062705],[26.430166,46.063159],[26.430147,46.063258],[26.430117,46.063476],[26.430079,46.063748],[26.430071,46.063806],[26.43004,46.063876],[26.429968,46.063953],[26.429821,46.06405],[26.429667,46.064126],[26.429465,46.064189],[26.429026,46.064326],[26.428825,46.064399],[26.4287,46.064444],[26.428409,46.064552],[26.428271,46.064616],[26.428203,46.064673],[26.428153,46.064736],[26.4281,46.064804],[26.42801,46.06497],[26.428004,46.064981],[26.427591,46.065602],[26.427539,46.065661],[26.427474,46.065727],[26.427376,46.065797],[26.427186,46.065906],[26.426808,46.06608],[26.426524,46.066169],[26.426398,46.066208],[26.426265,46.066259],[26.425838,46.066421],[26.425584,46.06651],[26.425323,46.066597],[26.425258,46.066634],[26.425251,46.066637],[26.425191,46.06669],[26.425163,46.066715],[26.425102,46.066804],[26.4251,46.066812],[26.425069,46.066924],[26.425075,46.067052],[26.425196,46.067465],[26.42539,46.068299],[26.425656,46.069431],[26.42569,46.069524],[26.425768,46.06974],[26.425774,46.069756],[26.425779,46.069796],[26.425795,46.069926],[26.425799,46.069958],[26.4258,46.070013],[26.4258,46.070042],[26.425804,46.07027],[26.425845,46.070557],[26.426058,46.071365],[26.42613,46.071552],[26.426193,46.071674],[26.426344,46.071848],[26.426629,46.072123],[26.42674,46.07223],[26.426816,46.072338],[26.426824,46.072357],[26.426887,46.072502],[26.427014,46.072929],[26.427221,46.073716],[26.427286,46.073808],[26.427414,46.073962],[26.427564,46.074115],[26.427714,46.074269],[26.427889,46.07444],[26.428095,46.074577],[26.428342,46.074715],[26.42852,46.074812],[26.428555,46.074831],[26.428619,46.074869],[26.428838,46.075185],[26.428838,46.075226],[26.428823,46.075291],[26.428821,46.075294],[26.428778,46.075368],[26.428726,46.075424],[26.428651,46.075469],[26.428558,46.075491],[26.428498,46.075494],[26.428439,46.075497],[26.428255,46.075464],[26.428023,46.0754],[26.427852,46.075351],[26.427782,46.075333],[26.427705,46.075314],[26.427625,46.075319],[26.427559,46.075336],[26.427535,46.075348],[26.427483,46.075372],[26.427454,46.075407],[26.427446,46.075465],[26.427478,46.075537],[26.427539,46.075596],[26.427812,46.075727],[26.427941,46.075837],[26.428055,46.075967],[26.42821,46.076174],[26.428324,46.076384],[26.428412,46.076547],[26.428602,46.076943],[26.428775,46.077182],[26.42902,46.077397],[26.42923,46.077519],[26.42968,46.077676],[26.429968,46.077753],[26.430257,46.077831],[26.430415,46.077863],[26.430454,46.077872],[26.430495,46.077882],[26.430534,46.077897],[26.430572,46.077913],[26.43061,46.077955],[26.430608,46.07796],[26.430602,46.077979],[26.430583,46.078031],[26.430435,46.078152],[26.430145,46.078226],[26.429854,46.078299],[26.42889,46.078712],[26.429417,46.079248],[26.428059,46.079491],[26.427133,46.079699],[26.426429,46.079685],[26.424929,46.080735],[26.425467,46.081612],[26.42524,46.081875],[26.424433,46.082059],[26.423905,46.08245],[26.424082,46.08266],[26.423855,46.082912],[26.423736,46.083142],[26.423582,46.08323],[26.422977,46.083048],[26.422057,46.082766],[26.421365,46.082782],[26.420391,46.082976],[26.419594,46.083396],[26.417903,46.084544],[26.417606,46.085138],[26.417238,46.085368],[26.417091,46.085461],[26.416571,46.085707],[26.415866,46.08632],[26.415199,46.086784],[26.414154,46.087418],[26.413593,46.087826],[26.412664,46.088299],[26.411456,46.08874],[26.409902,46.089248],[26.410274,46.089819],[26.410071,46.08994],[26.409965,46.090162],[26.409582,46.090299],[26.409091,46.090461],[26.408909,46.090806],[26.408552,46.091107],[26.407982,46.091305],[26.407476,46.091454],[26.406822,46.091739],[26.406373,46.091972],[26.405008,46.092217],[26.405073,46.09256],[26.40539,46.093003],[26.405822,46.093314],[26.406844,46.093945],[26.407431,46.094278],[26.407812,46.094545],[26.408105,46.094873],[26.408252,46.095233],[26.408308,46.095571],[26.408356,46.096217],[26.408348,46.096674],[26.408305,46.097414],[26.408234,46.09818],[26.408205,46.098767],[26.406577,46.103512],[26.406572,46.103511],[26.406287,46.103518],[26.405893,46.103586],[26.405783,46.103578],[26.405564,46.103524],[26.405137,46.103362],[26.404637,46.103182],[26.404161,46.103127],[26.403722,46.103184],[26.403401,46.103348],[26.402518,46.103524],[26.402316,46.103524],[26.402102,46.1035],[26.401894,46.10345],[26.401369,46.103239],[26.400784,46.102819],[26.400361,46.102457],[26.399885,46.102128],[26.399508,46.101973],[26.398953,46.10197],[26.398575,46.102022],[26.397812,46.101927],[26.397341,46.10183],[26.397111,46.101727],[26.396542,46.101466],[26.396192,46.101336],[26.395558,46.101406],[26.395025,46.10147],[26.394333,46.10144],[26.393827,46.101281],[26.393462,46.101096],[26.393215,46.100966],[26.393101,46.100947],[26.392915,46.100943],[26.392687,46.10099],[26.392355,46.101089],[26.391901,46.101264],[26.391343,46.101494],[26.390931,46.101654],[26.390698,46.101741],[26.390525,46.101787],[26.390228,46.101802],[26.389933,46.101812],[26.389407,46.101773],[26.388815,46.101331],[26.388587,46.101595],[26.388032,46.101652],[26.387471,46.101732],[26.386328,46.102032],[26.385735,46.102188],[26.384927,46.102346],[26.384188,46.10263],[26.383728,46.102702],[26.383195,46.102896],[26.383177,46.102984],[26.383062,46.103063],[26.38291,46.103069],[26.382498,46.103215],[26.38168,46.103545],[26.381209,46.103769],[26.381159,46.103854],[26.38095,46.103969],[26.38062,46.104118],[26.38049,46.104361],[26.380019,46.104669],[26.379741,46.104803],[26.379462,46.104972],[26.379488,46.105305],[26.379272,46.105577],[26.37894,46.105877],[26.378716,46.106154],[26.378517,46.106338],[26.378228,46.106447],[26.377908,46.106473],[26.377589,46.1065],[26.376467,46.106677],[26.376254,46.10671],[26.376001,46.106814],[26.375235,46.107129],[26.374577,46.107199],[26.374055,46.107433],[26.373188,46.107796],[26.373079,46.108109],[26.372933,46.108169],[26.372619,46.108136],[26.371895,46.108531],[26.371569,46.108846],[26.371243,46.109161],[26.370713,46.109751],[26.370547,46.110314],[26.370442,46.110589],[26.370436,46.110665],[26.370276,46.111045],[26.370045,46.111411],[26.369495,46.111927],[26.369237,46.112323],[26.369082,46.112689],[26.369037,46.113085],[26.368948,46.11342],[26.368926,46.113588],[26.368869,46.11384],[26.368714,46.114532],[26.368389,46.115116],[26.368317,46.115455],[26.368257,46.115955],[26.368132,46.11609],[26.368122,46.116252],[26.368278,46.11656],[26.368269,46.116712],[26.368043,46.11692],[26.367973,46.117147],[26.367864,46.117426],[26.367671,46.117795],[26.367493,46.118108],[26.367601,46.118509],[26.367926,46.118985],[26.368269,46.119457],[26.368634,46.119699],[26.369219,46.119914],[26.369894,46.12003],[26.370444,46.119992],[26.370957,46.120086],[26.371635,46.120312],[26.37208,46.120496],[26.372972,46.120898],[26.373102,46.121362],[26.373424,46.121783],[26.373964,46.122168],[26.374668,46.122558],[26.375964,46.123197],[26.376948,46.123821],[26.37747,46.124058],[26.377718,46.124388],[26.377822,46.124993],[26.378023,46.125195],[26.378261,46.125516],[26.378376,46.125721],[26.37849,46.125927],[26.378509,46.126243],[26.378593,46.126498],[26.378658,46.126572],[26.378553,46.126634],[26.378593,46.126678],[26.378803,46.126706],[26.378938,46.126867],[26.379174,46.127316],[26.379132,46.127497],[26.379263,46.127653],[26.379555,46.127685],[26.379732,46.127938],[26.379969,46.127939],[26.379912,46.128077],[26.380009,46.128109],[26.380029,46.128285],[26.380242,46.128285],[26.380494,46.128077],[26.380718,46.127873],[26.380831,46.127798],[26.381098,46.127863],[26.381365,46.128067],[26.38133,46.12828],[26.381149,46.128543],[26.381327,46.128604],[26.381504,46.1285],[26.381715,46.128546],[26.381949,46.128651],[26.382311,46.12858],[26.382403,46.128425],[26.382345,46.128293],[26.382745,46.128],[26.383093,46.127784],[26.383395,46.127639],[26.383593,46.12746],[26.383732,46.127292],[26.383923,46.127134],[26.384296,46.126897],[26.384482,46.126641],[26.384535,46.126443],[26.384523,46.126192],[26.384451,46.125866],[26.384419,46.125543],[26.384274,46.125287],[26.384223,46.125138],[26.384429,46.125205],[26.384796,46.125081],[26.385255,46.125086],[26.385681,46.125102],[26.38572,46.125013],[26.386107,46.124674],[26.386598,46.124731],[26.386826,46.124842],[26.387397,46.124754],[26.388054,46.12456],[26.388479,46.124476],[26.389247,46.124213],[26.390015,46.123972],[26.390466,46.1238],[26.390915,46.123742],[26.391159,46.123517],[26.391189,46.123422],[26.391352,46.123332],[26.391556,46.123134],[26.392177,46.122659],[26.392355,46.122802],[26.392493,46.122995],[26.392523,46.123098],[26.392412,46.123252],[26.392436,46.123354],[26.392193,46.123531],[26.391985,46.123645],[26.391637,46.123739],[26.391363,46.123871],[26.391292,46.123945],[26.39119,46.123953],[26.391161,46.123897],[26.391079,46.123858],[26.390969,46.123914],[26.39095,46.124008],[26.390821,46.124056],[26.390506,46.124114],[26.390457,46.124182],[26.39034,46.124234],[26.390114,46.124477],[26.389889,46.124518],[26.38944,46.124534],[26.38926,46.124615],[26.389177,46.124716],[26.389045,46.124767],[26.388985,46.124851],[26.388738,46.125092],[26.388426,46.125209],[26.388411,46.125348],[26.388197,46.125748],[26.388099,46.125867],[26.388148,46.126278],[26.388225,46.126336],[26.388058,46.126507],[26.38778,46.126653],[26.387508,46.126822],[26.387341,46.12701],[26.387001,46.127248],[26.386853,46.127338],[26.386755,46.127553],[26.386409,46.127753],[26.386488,46.127969],[26.386124,46.128211],[26.385978,46.128426],[26.385986,46.128612],[26.385713,46.128699],[26.385649,46.128942],[26.385703,46.129087],[26.385919,46.12916],[26.385904,46.129306],[26.385765,46.129432],[26.385847,46.129519],[26.385965,46.129494],[26.386096,46.129691],[26.385976,46.129806],[26.385946,46.130018],[26.386052,46.130182],[26.386333,46.130359],[26.386569,46.13043],[26.386744,46.130626],[26.386839,46.130815],[26.38682,46.130943],[26.387117,46.131022],[26.38703,46.131137],[26.387157,46.131209],[26.387208,46.131331],[26.387409,46.131414],[26.38761,46.131498],[26.387919,46.131744],[26.3881,46.13195],[26.388497,46.132297],[26.388689,46.132515],[26.38893,46.132562],[26.388989,46.132725],[26.389328,46.132894],[26.389506,46.132949],[26.389407,46.133148],[26.389245,46.133175],[26.389058,46.133335],[26.389022,46.133496],[26.388825,46.133588],[26.388788,46.133672],[26.388751,46.133755],[26.388409,46.133846],[26.388414,46.134047],[26.388445,46.134184],[26.388539,46.134279],[26.388453,46.134315],[26.388455,46.134388],[26.388539,46.134461],[26.388502,46.13466],[26.388384,46.134713],[26.388332,46.134835],[26.388283,46.13488],[26.388093,46.135196],[26.388116,46.135378],[26.388139,46.135559],[26.388076,46.135619],[26.388065,46.135811],[26.388011,46.136018],[26.387936,46.136237],[26.387851,46.136771],[26.387887,46.137287],[26.387893,46.137516],[26.387817,46.137686],[26.387667,46.137762],[26.387333,46.137846],[26.386889,46.137975],[26.386386,46.137909],[26.3863,46.138018],[26.386109,46.138056],[26.385983,46.13813],[26.385728,46.138151],[26.385649,46.138206],[26.385419,46.138284],[26.385218,46.138309],[26.385018,46.138253],[26.384823,46.138263],[26.384778,46.13834],[26.38469,46.138546],[26.384639,46.138757],[26.384542,46.138781],[26.384332,46.138754],[26.38407,46.138757],[26.383954,46.138709],[26.383678,46.138811],[26.383528,46.139051],[26.38396,46.139463],[26.383614,46.139558],[26.383533,46.139765],[26.383734,46.140161],[26.383951,46.140428],[26.383924,46.140639],[26.384103,46.140939],[26.384227,46.14145],[26.384356,46.141604],[26.384374,46.141769],[26.384847,46.142015],[26.38482,46.142235],[26.384989,46.142385],[26.385169,46.142438],[26.385275,46.142559],[26.385667,46.142943],[26.386229,46.143342],[26.386039,46.143496],[26.385851,46.143775],[26.385517,46.143891],[26.385533,46.144096],[26.385807,46.144168],[26.386378,46.144421],[26.386958,46.144733],[26.387473,46.144926],[26.387087,46.144962],[26.386373,46.14503],[26.386242,46.14505],[26.386022,46.145046],[26.38596,46.145037],[26.385605,46.144986],[26.385362,46.144981],[26.385298,46.144979],[26.384991,46.144972],[26.384328,46.144935],[26.384097,46.144905],[26.383976,46.144856],[26.383932,46.14481],[26.383871,46.144673],[26.383875,46.144559],[26.38376,46.144487],[26.383584,46.144468],[26.382948,46.144551],[26.382708,46.144577],[26.382292,46.144654],[26.382029,46.144673],[26.381716,46.144663],[26.381585,46.144644],[26.381041,46.144508],[26.380558,46.144406],[26.38014,46.144258],[26.379789,46.144217],[26.379394,46.14421],[26.378912,46.144283],[26.378787,46.144318],[26.378716,46.144425],[26.378706,46.144577],[26.3788,46.144669],[26.378806,46.144703],[26.378762,46.144745],[26.378697,46.144776],[26.378477,46.144784],[26.37817,46.144769],[26.378083,46.144777],[26.377448,46.144931],[26.377141,46.144985],[26.376922,46.145],[26.376725,46.144978],[26.376648,46.144993],[26.376604,46.145016],[26.376588,46.145047],[26.376589,46.145108],[26.376638,46.145188],[26.376842,46.145355],[26.376876,46.145408],[26.376854,46.14545],[26.376794,46.145481],[26.376663,46.145512],[26.376142,46.145558],[26.376099,46.145581],[26.376066,46.145627],[26.376045,46.145715],[26.376007,46.145734],[26.375941,46.145742],[26.375743,46.145651],[26.375633,46.145643],[26.375151,46.145766],[26.374845,46.145797],[26.374576,46.145764],[26.374515,46.145733],[26.374439,46.145722],[26.374252,46.145635],[26.374098,46.145582],[26.373812,46.145521],[26.373681,46.145514],[26.373549,46.145537],[26.373456,46.145564],[26.37339,46.145649],[26.373285,46.145686],[26.373048,46.145853],[26.372982,46.14589],[26.372916,46.145909],[26.372719,46.145916],[26.372626,46.1459],[26.372587,46.145907],[26.372565,46.145892],[26.372302,46.145875],[26.372127,46.145889],[26.371874,46.145941],[26.37172,46.145974],[26.371485,46.14595],[26.371419,46.145923],[26.3713,46.145804],[26.371224,46.145667],[26.371237,46.145438],[26.371293,46.145381],[26.371387,46.145321],[26.371437,46.145249],[26.371454,46.145188],[26.371461,46.144944],[26.371484,46.144868],[26.371556,46.144769],[26.371711,46.144671],[26.371716,46.14464],[26.371662,46.144564],[26.371602,46.144522],[26.371482,46.144471],[26.370629,46.144249],[26.370351,46.144137],[26.370132,46.144013],[26.369833,46.143791],[26.369676,46.143637],[26.369539,46.143533],[26.369529,46.143503],[26.369332,46.143464],[26.368861,46.143407],[26.368691,46.143353],[26.368566,46.143303],[26.368468,46.143241],[26.368316,46.143103],[26.368131,46.142904],[26.367924,46.142784],[26.367793,46.142734],[26.367552,46.142671],[26.367115,46.142577],[26.366437,46.142356],[26.366142,46.142274],[26.36589,46.14217],[26.365825,46.142158],[26.365453,46.142022],[26.365235,46.141956],[26.364928,46.141878],[26.364184,46.141755],[26.363768,46.141661],[26.363243,46.141574],[26.361165,46.141005],[26.36064,46.140899],[26.359962,46.140739],[26.359152,46.140612],[26.358955,46.140599],[26.358779,46.140603],[26.358231,46.140599],[26.357946,46.14062],[26.357902,46.140604],[26.357573,46.14061],[26.357332,46.140631],[26.357068,46.140679],[26.356716,46.140772],[26.356365,46.140888],[26.356167,46.140941],[26.355529,46.141169],[26.355308,46.141271],[26.355111,46.141334],[26.355022,46.141387],[26.354989,46.141414],[26.354966,46.141493],[26.354922,46.141547],[26.354834,46.141577],[26.354659,46.141575],[26.354418,46.141536],[26.354068,46.14145],[26.353893,46.141395],[26.353128,46.141105],[26.352953,46.141062],[26.352598,46.140949],[26.352123,46.140756],[26.351746,46.140624],[26.3512,46.140392],[26.350737,46.140168],[26.350551,46.140064],[26.350507,46.14006],[26.350377,46.139979],[26.350136,46.139893],[26.349896,46.139789],[26.349612,46.139715],[26.349086,46.139609],[26.34843,46.139456],[26.348119,46.139351],[26.347891,46.139245],[26.347186,46.138903],[26.346908,46.138757],[26.346717,46.138637],[26.346521,46.138545],[26.34543,46.137962],[26.344679,46.137454],[26.344499,46.137316],[26.344385,46.137209],[26.344227,46.137105],[26.343927,46.136996],[26.343752,46.136965],[26.343555,46.13691],[26.343434,46.136894],[26.34338,46.136909],[26.343285,46.136996],[26.343208,46.137102],[26.343046,46.137376],[26.34299,46.137543],[26.342977,46.137669],[26.343051,46.137955],[26.343266,46.138368],[26.343469,46.138918],[26.343542,46.1393],[26.343537,46.139818],[26.343456,46.140229],[26.343455,46.140401],[26.343475,46.140565],[26.343582,46.140855],[26.343602,46.141038],[26.343592,46.141313],[26.343587,46.141469],[26.343607,46.141652],[26.343681,46.141877],[26.343724,46.141984],[26.343902,46.142302],[26.344064,46.142528],[26.344286,46.142788],[26.344406,46.142881],[26.344559,46.142988],[26.344815,46.143108],[26.345283,46.143439],[26.345402,46.143588],[26.345472,46.143787],[26.345585,46.143925],[26.345601,46.14397],[26.3456,46.144108],[26.345566,46.144229],[26.345377,46.144487],[26.345221,46.144761],[26.345187,46.144898],[26.345179,46.145096],[26.345242,46.145447],[26.345246,46.145569],[26.34532,46.145813],[26.34534,46.145997],[26.345404,46.146226],[26.345463,46.146371],[26.345619,46.146654],[26.345868,46.14696],[26.346019,46.147205],[26.346083,46.147373],[26.346157,46.147724],[26.346155,46.147869],[26.346171,46.147908],[26.346144,46.147938],[26.346087,46.14812],[26.346009,46.148257],[26.345942,46.148424],[26.345815,46.148875],[26.345748,46.149132],[26.345713,46.149376],[26.345711,46.14962],[26.345741,46.149834],[26.345789,46.149971],[26.345957,46.150231],[26.346185,46.150473],[26.346446,46.150684],[26.346576,46.15083],[26.346635,46.150922],[26.3467,46.151074],[26.346832,46.151548],[26.346866,46.151607],[26.346885,46.151701],[26.346994,46.151858],[26.347363,46.152245],[26.347569,46.152414],[26.347618,46.152483],[26.347682,46.152666],[26.347675,46.152788],[26.347619,46.15294],[26.347479,46.153198],[26.347141,46.153608],[26.346995,46.153943],[26.346901,46.154079],[26.346579,46.154397],[26.346363,46.154667],[26.34612,46.154787],[26.345878,46.154869],[26.345769,46.154884],[26.345681,46.154914],[26.345461,46.154958],[26.345307,46.154976],[26.345076,46.15504],[26.34496,46.155111],[26.344761,46.155308],[26.344694,46.155415],[26.344666,46.155506],[26.344681,46.155685],[26.344724,46.155743],[26.344795,46.155797],[26.344876,46.155919],[26.344923,46.156179],[26.345088,46.156591],[26.345088,46.156667],[26.34512,46.156744],[26.345151,46.156912],[26.345211,46.157537],[26.345253,46.157709],[26.345512,46.158134],[26.345738,46.158733],[26.345779,46.158821],[26.345816,46.158989],[26.345792,46.159233],[26.345823,46.159401],[26.34593,46.159661],[26.34645,46.160354],[26.346786,46.160707],[26.34714,46.161041],[26.347253,46.161194],[26.347361,46.161381],[26.347425,46.16153],[26.34744,46.161683],[26.347387,46.162079],[26.347308,46.162277],[26.347075,46.162614],[26.346853,46.162884],[26.34662,46.16313],[26.346565,46.163172],[26.346199,46.163581],[26.345888,46.164006],[26.345744,46.164119],[26.345551,46.164229],[26.344734,46.164761],[26.344347,46.165064],[26.344214,46.165185],[26.344086,46.165382],[26.343974,46.16561],[26.343811,46.166112],[26.34366,46.166387],[26.343596,46.166615],[26.343581,46.166814],[26.343497,46.166935],[26.343336,46.16704],[26.34323,46.167146],[26.343191,46.167206],[26.34303,46.167334],[26.342508,46.167672],[26.342153,46.167939],[26.341499,46.168363],[26.341259,46.168559],[26.341013,46.168846],[26.34093,46.16891],[26.34073,46.169038],[26.340155,46.169299],[26.339781,46.169405],[26.33929,46.16958],[26.339073,46.169726],[26.339034,46.169787],[26.338816,46.169998],[26.338687,46.170164],[26.338654,46.170179],[26.338564,46.170316],[26.338512,46.170467],[26.338493,46.170681],[26.338468,46.170772],[26.338494,46.170894],[26.33849,46.171108],[26.338447,46.171382],[26.338281,46.171792],[26.337966,46.172231],[26.337821,46.172343],[26.336445,46.173],[26.336262,46.173113],[26.336161,46.173219],[26.336043,46.1734],[26.335925,46.173536],[26.335429,46.173989],[26.335181,46.174398],[26.335014,46.174549],[26.334791,46.174714],[26.334646,46.17485],[26.334345,46.175167],[26.334154,46.175424],[26.334046,46.175621],[26.334018,46.175636],[26.333957,46.175727],[26.333843,46.175955],[26.333767,46.176518],[26.333687,46.176716],[26.333608,46.176822],[26.333358,46.177017],[26.333206,46.177214],[26.33315,46.17732],[26.333081,46.177502],[26.333062,46.177624],[26.333075,46.177822],[26.333123,46.177974],[26.333152,46.178101],[26.333195,46.178159],[26.333232,46.178251],[26.333241,46.178358],[26.333182,46.178586],[26.333057,46.178859],[26.332927,46.179071],[26.332742,46.179298],[26.332463,46.179554],[26.332323,46.179705],[26.332127,46.179978],[26.332098,46.180069],[26.332047,46.180145],[26.331935,46.180281],[26.331844,46.180478],[26.331751,46.180767],[26.331672,46.180903],[26.331625,46.18107],[26.331512,46.181252],[26.331284,46.181753],[26.331149,46.18195],[26.330978,46.182268],[26.330702,46.182708],[26.330525,46.183102],[26.330483,46.183315],[26.330478,46.183605],[26.330534,46.183849],[26.330561,46.184139],[26.330848,46.185286],[26.33087,46.185545],[26.330865,46.185591],[26.330895,46.185744],[26.33097,46.185917],[26.330995,46.185973],[26.331272,46.186449],[26.33131,46.186497],[26.331347,46.186545],[26.331432,46.18671],[26.331565,46.186909],[26.331729,46.187277],[26.331737,46.187429],[26.331692,46.187505],[26.331662,46.187612],[26.331659,46.18781],[26.331679,46.187932],[26.331881,46.188605],[26.331941,46.188899],[26.332019,46.189155],[26.332167,46.189477],[26.332342,46.189783],[26.332346,46.189875],[26.332418,46.190165],[26.332467,46.190486],[26.332539,46.190777],[26.332873,46.19174],[26.333007,46.192184],[26.333074,46.192474],[26.333061,46.192871],[26.333122,46.19313],[26.33311,46.193162],[26.333131,46.193252],[26.333115,46.193511],[26.333123,46.193694],[26.333142,46.193847],[26.3332,46.194031],[26.333204,46.194107],[26.33322,46.194122],[26.333213,46.194183],[26.333179,46.194259],[26.333186,46.194473],[26.333104,46.194781],[26.33309,46.194929],[26.333056,46.19502],[26.333078,46.19531],[26.333125,46.195448],[26.333134,46.195555],[26.333181,46.195696],[26.333234,46.195796],[26.33367,46.196273],[26.334145,46.196701],[26.334329,46.196828],[26.334503,46.196937],[26.334807,46.197096],[26.334873,46.197127],[26.3352,46.19723],[26.335396,46.197312],[26.33557,46.197401],[26.335765,46.197529],[26.335831,46.197545],[26.336146,46.197708],[26.336715,46.198091],[26.33691,46.198242],[26.337174,46.198489],[26.337348,46.198605],[26.33763,46.198749],[26.338372,46.199019],[26.33883,46.199146],[26.339093,46.199186],[26.33918,46.199212],[26.339267,46.199238],[26.340153,46.199456],[26.340662,46.199672],[26.34077,46.199852],[26.341417,46.200934],[26.341453,46.201633],[26.341489,46.202332],[26.341491,46.202398],[26.341503,46.20282],[26.341475,46.20314],[26.341389,46.203658],[26.341214,46.204266],[26.341035,46.204767],[26.340988,46.204965],[26.340897,46.205162],[26.34089,46.205223],[26.340816,46.20539],[26.340688,46.2058],[26.340573,46.206074],[26.340532,46.206241],[26.340366,46.206651],[26.34022,46.207069],[26.340146,46.207297],[26.340121,46.207449],[26.340131,46.207495],[26.340118,46.207632],[26.340138,46.207754],[26.340216,46.207968],[26.340215,46.208041],[26.340203,46.208454],[26.340202,46.208483],[26.340144,46.208959],[26.340128,46.209093],[26.339972,46.209581],[26.339844,46.209855],[26.339804,46.209977],[26.339755,46.210129],[26.339661,46.210327],[26.339274,46.210844],[26.33923,46.210874],[26.338987,46.211194],[26.338822,46.211376],[26.338585,46.211543],[26.338392,46.21171],[26.338062,46.211945],[26.337699,46.21215],[26.337655,46.212195],[26.337698,46.212276],[26.337878,46.21249],[26.338112,46.212838],[26.338183,46.213006],[26.338366,46.213799],[26.33837,46.213997],[26.33829,46.214592],[26.338312,46.214623],[26.33824,46.214775],[26.33819,46.214958],[26.338095,46.21514],[26.337991,46.215277],[26.337737,46.215536],[26.337423,46.215805],[26.337071,46.216029],[26.336785,46.216154],[26.336587,46.216256],[26.336015,46.216593],[26.335635,46.216767],[26.335349,46.21696],[26.334926,46.217366],[26.334456,46.217834],[26.334367,46.217956],[26.334081,46.218275],[26.33408,46.218351],[26.333986,46.218534],[26.333919,46.218823],[26.333785,46.219128],[26.333683,46.219768],[26.333538,46.220301],[26.333344,46.220789],[26.333205,46.221032],[26.332801,46.221869],[26.332547,46.222143],[26.332271,46.222401],[26.332056,46.222587],[26.331825,46.222762],[26.331583,46.222913],[26.331066,46.223144],[26.330813,46.223284],[26.330647,46.223402],[26.330333,46.223675],[26.330035,46.223994],[26.329953,46.224116],[26.329797,46.224497],[26.329766,46.22471],[26.329762,46.224802],[26.329695,46.225061],[26.329678,46.225213],[26.329556,46.225518],[26.329506,46.225578],[26.329417,46.225776],[26.329279,46.226005],[26.329003,46.226354],[26.328921,46.226425],[26.328843,46.226491],[26.328704,46.226636],[26.328506,46.226841],[26.328114,46.227388],[26.327617,46.228027],[26.327329,46.22856],[26.32709,46.229108],[26.327046,46.229245],[26.326829,46.229701],[26.326658,46.22996],[26.326366,46.230237],[26.325991,46.230529],[26.325748,46.230693],[26.325352,46.230878],[26.324898,46.231136],[26.324809,46.231127],[26.324412,46.231303],[26.323702,46.231619],[26.323359,46.231771],[26.322569,46.232141],[26.321798,46.232553],[26.321469,46.23272],[26.320853,46.232992],[26.320654,46.233091],[26.32039,46.23325],[26.319884,46.233507],[26.31973,46.233568],[26.31946,46.2337],[26.318982,46.233965],[26.318564,46.23415],[26.318123,46.234385],[26.317397,46.234729],[26.317067,46.234835],[26.316847,46.234884],[26.316496,46.235004],[26.316099,46.235178],[26.315396,46.235442],[26.314955,46.235662],[26.314736,46.235711],[26.31467,46.23571],[26.314312,46.235869],[26.314213,46.235922],[26.313987,46.236089],[26.313789,46.236286],[26.313403,46.236605],[26.313133,46.236801],[26.312863,46.236996],[26.312185,46.237428],[26.312127,46.237479],[26.31207,46.237531],[26.311959,46.237603],[26.311871,46.237633],[26.311784,46.237636],[26.311586,46.237673],[26.3113,46.237756],[26.311058,46.237889],[26.310969,46.237996],[26.310881,46.238104],[26.310689,46.238172],[26.310612,46.238233],[26.310349,46.238649],[26.310244,46.238763],[26.310091,46.238847],[26.309915,46.2389],[26.309775,46.238915],[26.309506,46.238849],[26.309244,46.238821],[26.308658,46.238737],[26.308426,46.238771],[26.30801,46.23893],[26.307701,46.239079],[26.307407,46.239137],[26.307084,46.239141],[26.306537,46.239049],[26.306222,46.238946],[26.30607,46.238939],[26.305909,46.238971],[26.305807,46.239097],[26.305688,46.239335],[26.305605,46.239491],[26.305342,46.23968],[26.305072,46.239864],[26.304916,46.240094],[26.304733,46.240243],[26.304616,46.240283],[26.304243,46.240287],[26.30404,46.24038],[26.303968,46.240398],[26.303897,46.240416],[26.303221,46.240493],[26.303004,46.240513],[26.302701,46.240607],[26.302312,46.240702],[26.301879,46.24081],[26.301515,46.24093],[26.301367,46.240971],[26.301092,46.240935],[26.300837,46.24093],[26.300582,46.240924],[26.300214,46.240885],[26.300102,46.240899],[26.299888,46.241022],[26.299697,46.241111],[26.29953,46.241138],[26.299368,46.241149],[26.299259,46.241262],[26.299115,46.241484],[26.299004,46.241532],[26.29888,46.241564],[26.29863,46.241506],[26.298469,46.241538],[26.298218,46.241684],[26.297838,46.241916],[26.297635,46.242018],[26.29735,46.24206],[26.296735,46.242123],[26.296214,46.242185],[26.29603,46.242269],[26.295918,46.2423],[26.295472,46.242379],[26.295362,46.242436],[26.295134,46.242529],[26.294811,46.242804],[26.294744,46.242861],[26.294576,46.242876],[26.294319,46.242797],[26.294183,46.242807],[26.294065,46.242852],[26.293943,46.242952],[26.293802,46.243018],[26.293585,46.24306],[26.293003,46.243157],[26.292612,46.243209],[26.292286,46.243354],[26.292058,46.243456],[26.29185,46.243614],[26.291647,46.243689],[26.291292,46.243667],[26.290945,46.243732],[26.290804,46.24382],[26.290475,46.244108],[26.29018,46.244266],[26.289711,46.244431],[26.289403,46.24456],[26.289261,46.244579],[26.289136,46.244554],[26.288818,46.244527],[26.288644,46.244551],[26.288461,46.244691],[26.28839,46.244731],[26.28832,46.24477],[26.288134,46.244815],[26.287942,46.244852],[26.287758,46.24497],[26.287517,46.245038],[26.28725,46.245062],[26.28683,46.244925],[26.286687,46.244888],[26.286581,46.244889],[26.286496,46.245002],[26.286411,46.245055],[26.285983,46.245137],[26.285873,46.245207],[26.285719,46.245295],[26.285342,46.24539],[26.285079,46.245552],[26.284819,46.245642],[26.284342,46.245703],[26.283745,46.245723],[26.283222,46.245681],[26.282917,46.245702],[26.282502,46.245767],[26.282279,46.245817],[26.28204,46.24594],[26.28185,46.246071],[26.281071,46.246274],[26.280605,46.246318],[26.280267,46.24635],[26.279929,46.246382],[26.279143,46.246563],[26.278808,46.246575],[26.278707,46.24652],[26.278578,46.246328],[26.278508,46.246264],[26.278395,46.246222],[26.278009,46.246214],[26.277505,46.246193],[26.277188,46.246227],[26.276911,46.246325],[26.276493,46.246549],[26.276289,46.246621],[26.276021,46.246585],[26.275777,46.246536],[26.275548,46.246564],[26.275401,46.246652],[26.275341,46.246761],[26.275262,46.246831],[26.275095,46.246867],[26.274827,46.246853],[26.274231,46.246661],[26.274068,46.246583],[26.273904,46.246505],[26.273566,46.246388],[26.273429,46.246394],[26.273268,46.246434],[26.273102,46.24651],[26.272993,46.246614],[26.272839,46.246694],[26.272653,46.246704],[26.272411,46.246759],[26.272232,46.246795],[26.272131,46.246758],[26.272061,46.246681],[26.272007,46.246509],[26.271915,46.246286],[26.271757,46.246171],[26.271533,46.246165],[26.271403,46.246201],[26.27135,46.246318],[26.271291,46.246465],[26.27115,46.246536],[26.270952,46.246598],[26.270641,46.246606],[26.270497,46.246551],[26.270387,46.246385],[26.270203,46.246214],[26.270089,46.246129],[26.269765,46.246111],[26.269511,46.246144],[26.268995,46.246163],[26.268591,46.246163],[26.268299,46.246209],[26.268048,46.24635],[26.267777,46.246482],[26.267548,46.246528],[26.267098,46.246455],[26.266572,46.246272],[26.266366,46.246261],[26.266236,46.246271],[26.266055,46.246247],[26.265905,46.24624],[26.265763,46.246285],[26.265527,46.246305],[26.265316,46.246311],[26.265001,46.246392],[26.264759,46.246434],[26.264336,46.246447],[26.264057,46.246489],[26.263802,46.246479],[26.263674,46.246444],[26.263546,46.246408],[26.26341,46.246309],[26.262924,46.246686],[26.26274,46.246813],[26.26274,46.246813],[26.262186,46.247003],[26.261946,46.247132],[26.26189,46.247178],[26.26189,46.247178],[26.261826,46.24727],[26.261732,46.247453],[26.261662,46.247652],[26.261667,46.24779],[26.261699,46.247896],[26.261776,46.248015],[26.261969,46.248188],[26.262123,46.248271],[26.262353,46.248444],[26.26243,46.248545],[26.262457,46.248604],[26.262457,46.248708],[26.262407,46.248891],[26.26236,46.248946],[26.262188,46.249077],[26.262066,46.249127],[26.262066,46.249127],[26.261799,46.249223],[26.261401,46.249338],[26.261125,46.249387],[26.260563,46.24939],[26.260194,46.24941],[26.259976,46.249436],[26.259866,46.249458],[26.259507,46.249734],[26.259468,46.249764],[26.259036,46.249797],[26.258958,46.249815],[26.258948,46.249817],[26.258837,46.249864],[26.258698,46.24995],[26.25863,46.249987],[26.258585,46.250063],[26.25857,46.250215],[26.258591,46.250269],[26.258703,46.250426],[26.259217,46.25094],[26.259512,46.251267],[26.259642,46.251463],[26.259706,46.251601],[26.259734,46.251738],[26.259732,46.252117],[26.259706,46.252359],[26.259627,46.25278],[26.259622,46.253036],[26.25973,46.253428],[26.259858,46.253764],[26.260114,46.254112],[26.260362,46.25433],[26.260841,46.254723],[26.261258,46.255159],[26.261366,46.255248],[26.261704,46.255453],[26.262054,46.255579],[26.262273,46.255628],[26.262604,46.255613],[26.262912,46.25562],[26.262956,46.255602],[26.26311,46.255607],[26.263747,46.255661],[26.263989,46.25569],[26.264141,46.255722],[26.264141,46.255722],[26.264141,46.255723],[26.264252,46.255743],[26.264651,46.255904],[26.264652,46.255904],[26.264744,46.255981],[26.264764,46.256088],[26.264745,46.256255],[26.264665,46.256422],[26.264496,46.256648],[26.264131,46.257055],[26.263864,46.25728],[26.263752,46.257397],[26.263596,46.257498],[26.263518,46.257566],[26.263273,46.257711],[26.263273,46.257711],[26.263162,46.257744],[26.262915,46.25776],[26.262898,46.257779],[26.262545,46.257794],[26.262106,46.257789],[26.261885,46.257813],[26.261885,46.257813],[26.261797,46.257808],[26.261533,46.25785],[26.261507,46.257857],[26.261135,46.257964],[26.261091,46.257967],[26.26098,46.258007],[26.26067,46.258137],[26.260425,46.258298],[26.260029,46.258689],[26.259761,46.258941],[26.259722,46.258959],[26.259705,46.258997],[26.259542,46.259178],[26.259058,46.259568],[26.258649,46.26002],[26.258317,46.260503],[26.257909,46.261229],[26.25783,46.261466],[26.257782,46.261609],[26.257783,46.261738],[26.257788,46.261864],[26.257862,46.262044],[26.257909,46.262122],[26.257926,46.262151],[26.257936,46.262228],[26.257897,46.262547],[26.257894,46.262715],[26.257902,46.262913],[26.257935,46.262992],[26.257963,46.263146],[26.257994,46.263238],[26.258027,46.26328],[26.258136,46.263891],[26.258144,46.264074],[26.258089,46.264347],[26.25802,46.264529],[26.257901,46.264741],[26.257631,46.265118],[26.257318,46.265434],[26.25715,46.26563],[26.256966,46.26578],[26.256678,46.265956],[26.256545,46.266015],[26.256391,46.266051],[26.256062,46.266085],[26.255903,46.266083],[26.255778,46.266051],[26.255646,46.266049],[26.255471,46.266066],[26.255405,46.266054],[26.255339,46.266061],[26.255251,46.266052],[26.254987,46.266072],[26.254899,46.266063],[26.254767,46.266069],[26.254547,46.266097],[26.254216,46.266169],[26.254128,46.266164],[26.253929,46.266226],[26.253685,46.266338],[26.253507,46.266453],[26.253355,46.266589],[26.253218,46.266831],[26.253138,46.266998],[26.253084,46.267165],[26.253062,46.26718],[26.253048,46.26734],[26.253025,46.267362],[26.253027,46.267541],[26.253005,46.267552],[26.252987,46.267598],[26.252996,46.267689],[26.252948,46.267887],[26.252938,46.268224],[26.252913,46.268376],[26.252908,46.26862],[26.25296,46.268746],[26.25306,46.268864],[26.253147,46.268962],[26.25318,46.268977],[26.253278,46.269021],[26.253386,46.269095],[26.253573,46.269112],[26.254105,46.269227],[26.25428,46.269298],[26.25447,46.269396],[26.254599,46.269481],[26.2546,46.269481],[26.254643,46.269528],[26.254749,46.269693],[26.25479,46.269815],[26.254789,46.269891],[26.254726,46.270012],[26.254482,46.270244],[26.254259,46.270382],[26.254215,46.270385],[26.254143,46.270426],[26.253858,46.270617],[26.253814,46.270628],[26.253741,46.270692],[26.253267,46.271018],[26.253245,46.271048],[26.253206,46.271055],[26.252985,46.271372],[26.252944,46.271494],[26.252941,46.271635],[26.252998,46.272032],[26.253028,46.272154],[26.253143,46.272411],[26.253141,46.272502],[26.253203,46.272701],[26.25324,46.27277],[26.253401,46.272967],[26.253707,46.27326],[26.253764,46.27344],[26.253751,46.27376],[26.25373,46.273855],[26.253666,46.27414],[26.253666,46.27414],[26.25366,46.274444],[26.253688,46.274673],[26.253738,46.274872],[26.253746,46.275025],[26.253696,46.275299],[26.253555,46.275693],[26.25346,46.275907],[26.253406,46.276011],[26.253356,46.276255],[26.25333,46.276468],[26.25333,46.276956],[26.253307,46.277001],[26.253305,46.277092],[26.253363,46.277215],[26.253366,46.277307],[26.253494,46.277495],[26.25365,46.277664],[26.253802,46.277762],[26.254304,46.27792],[26.254478,46.277964],[26.254675,46.278012],[26.254916,46.278054],[26.255331,46.278158],[26.255878,46.278313],[26.256172,46.278423],[26.256435,46.278472],[26.256587,46.278528],[26.25665,46.278538],[26.25685,46.278573],[26.257572,46.278734],[26.258345,46.278788],[26.258428,46.278794],[26.259084,46.27892],[26.259346,46.279007],[26.259629,46.279137],[26.259814,46.279239],[26.25989,46.279281],[26.260238,46.279434],[26.260433,46.279589],[26.260738,46.279688],[26.261001,46.279744],[26.261001,46.279744],[26.26133,46.279786],[26.261791,46.2798],[26.262098,46.279819],[26.262251,46.27984],[26.262438,46.279872],[26.262464,46.279852],[26.262574,46.279869],[26.262748,46.279924],[26.262965,46.280015],[26.262965,46.280015],[26.262969,46.280018],[26.263111,46.28015],[26.263164,46.280223],[26.263158,46.280253],[26.263194,46.28033],[26.263215,46.280376],[26.263175,46.280497],[26.263174,46.280498],[26.263107,46.280577],[26.262897,46.280739],[26.262813,46.28083],[26.262684,46.280935],[26.262577,46.281055],[26.262513,46.281192],[26.26251,46.281225],[26.262499,46.281348],[26.262519,46.281436],[26.262593,46.281559],[26.262783,46.281694],[26.262957,46.281776],[26.263088,46.281812],[26.263285,46.281857],[26.263658,46.281892],[26.263871,46.281921],[26.264118,46.281954],[26.264491,46.282038],[26.264536,46.282056],[26.264622,46.282089],[26.264708,46.282141],[26.264858,46.282231],[26.264985,46.282307],[26.265065,46.282381],[26.265167,46.282519],[26.265375,46.283055],[26.265449,46.283193],[26.26555,46.28332],[26.265804,46.283529],[26.266185,46.283957],[26.266217,46.283988],[26.266605,46.284365],[26.266701,46.284459],[26.268167,46.285517],[26.268285,46.285682],[26.268429,46.286126],[26.268434,46.286181],[26.268468,46.28634],[26.26855,46.286631],[26.268634,46.286814],[26.268693,46.286895],[26.268833,46.287019],[26.268889,46.28705],[26.269007,46.287116],[26.269268,46.287218],[26.269378,46.287243],[26.269553,46.28726],[26.269684,46.287265],[26.270015,46.287277],[26.270273,46.287262],[26.270377,46.287242],[26.270487,46.287226],[26.271205,46.287125],[26.271382,46.287089],[26.27157,46.287026],[26.271901,46.286951],[26.272442,46.286866],[26.272524,46.286867],[26.272629,46.286838],[26.273003,46.286819],[26.273486,46.286863],[26.273639,46.286888],[26.273814,46.286928],[26.274048,46.28703],[26.274052,46.287032],[26.274135,46.287084],[26.274226,46.287188],[26.274317,46.287311],[26.274337,46.287376],[26.274433,46.287541],[26.274683,46.288169],[26.2747,46.288398],[26.27466,46.288641],[26.274639,46.288765],[26.274637,46.288778],[26.274635,46.288885],[26.274599,46.289037],[26.274484,46.289325],[26.27443,46.28956],[26.274411,46.289648],[26.274409,46.28972],[26.274363,46.289849],[26.274321,46.289963],[26.274258,46.290084],[26.2742,46.290172],[26.273997,46.290478],[26.273871,46.29072],[26.273758,46.290848],[26.273721,46.290874],[26.27363,46.290938],[26.273475,46.291009],[26.273298,46.291064],[26.272966,46.291136],[26.272613,46.291189],[26.272459,46.291232],[26.272203,46.291283],[26.272119,46.291297],[26.272017,46.291315],[26.271815,46.291367],[26.271771,46.291405],[26.271583,46.291519],[26.271438,46.291597],[26.271335,46.291689],[26.271253,46.291797],[26.271194,46.291934],[26.271167,46.292438],[26.271182,46.292881],[26.271194,46.292961],[26.271239,46.293079],[26.271385,46.293296],[26.271602,46.293525],[26.271834,46.293695],[26.272008,46.293847],[26.272034,46.29387],[26.272084,46.293946],[26.272113,46.294053],[26.272265,46.294343],[26.272265,46.294404],[26.272282,46.294419],[26.272278,46.294475],[26.272249,46.294923],[26.272123,46.295519],[26.272125,46.295633],[26.272135,46.296145],[26.272122,46.296405],[26.272167,46.296519],[26.272295,46.296667],[26.272572,46.296861],[26.272572,46.296861],[26.272572,46.296861],[26.272837,46.296963],[26.2733,46.297103],[26.273477,46.297194],[26.273671,46.297326],[26.274054,46.297665],[26.274209,46.297771],[26.274408,46.297873],[26.274629,46.297949],[26.274805,46.297986],[26.27529,46.298038],[26.275686,46.298058],[26.27584,46.298047],[26.275884,46.298055],[26.276038,46.298112],[26.276116,46.298156],[26.276524,46.298274],[26.277054,46.298493],[26.277474,46.298698],[26.277718,46.298834],[26.278137,46.299024],[26.278138,46.299024],[26.278138,46.299024],[26.278447,46.299183],[26.278597,46.299274],[26.278691,46.29935],[26.278763,46.299434],[26.278865,46.299647],[26.278945,46.299922],[26.278965,46.300227],[26.278931,46.300432],[26.278908,46.300578],[26.27888,46.301052],[26.278907,46.301525],[26.278889,46.301876],[26.278759,46.302121],[26.278685,46.302335],[26.278587,46.302488],[26.278364,46.302718],[26.278212,46.302841],[26.278011,46.303055],[26.277626,46.303576],[26.277512,46.303698],[26.277464,46.303851],[26.277465,46.303973],[26.27755,46.304156],[26.27755,46.304156],[26.27755,46.304156],[26.277733,46.304324],[26.277976,46.30446],[26.278374,46.30463],[26.278374,46.30463],[26.278376,46.304631],[26.278532,46.304683],[26.278595,46.304714],[26.278811,46.304772],[26.27886,46.304785],[26.279212,46.304902],[26.279213,46.304902],[26.279434,46.305],[26.279468,46.305008],[26.2795,46.305015],[26.279621,46.305072],[26.279622,46.305072],[26.279622,46.305073],[26.279771,46.305175],[26.280005,46.305414],[26.280078,46.305552],[26.280103,46.305644],[26.280124,46.305719],[26.280213,46.305902],[26.280214,46.305902],[26.280281,46.305994],[26.280382,46.306206],[26.280382,46.306207],[26.280585,46.306534],[26.2806,46.306557],[26.280674,46.306725],[26.280776,46.307045],[26.280834,46.30732],[26.280853,46.307518],[26.280852,46.307697],[26.280851,46.307915],[26.280958,46.308602],[26.281037,46.308831],[26.281261,46.309241],[26.281262,46.309242],[26.281318,46.309395],[26.281374,46.309471],[26.281419,46.309577],[26.281511,46.309959],[26.281524,46.310096],[26.281507,46.310554],[26.281446,46.311013],[26.281363,46.311486],[26.281224,46.311901],[26.281181,46.31196],[26.281171,46.312067],[26.281063,46.312251],[26.28101,46.312389],[26.280968,46.312557],[26.280948,46.312786],[26.280917,46.312923],[26.280918,46.31308],[26.280965,46.313339],[26.281112,46.313717],[26.281258,46.313976],[26.281349,46.314219],[26.281429,46.314382],[26.281501,46.314528],[26.281719,46.314859],[26.281831,46.315088],[26.281984,46.315465],[26.282056,46.31553],[26.282173,46.315717],[26.282318,46.31588],[26.282442,46.316128],[26.282567,46.316296],[26.282654,46.316413],[26.28291,46.316718],[26.283011,46.316863],[26.283095,46.316984],[26.283284,46.317224],[26.283685,46.317677],[26.283742,46.317829],[26.283743,46.317905],[26.283743,46.317906],[26.283706,46.318028],[26.283511,46.318303],[26.283457,46.31841],[26.283409,46.318563],[26.283354,46.319052],[26.283433,46.319494],[26.283483,46.319815],[26.283476,46.320197],[26.283484,46.320395],[26.283519,46.320578],[26.283512,46.32096],[26.283521,46.321051],[26.283524,46.321082],[26.283553,46.32117],[26.283692,46.321341],[26.283781,46.321398],[26.284024,46.321504],[26.284068,46.321534],[26.284267,46.321618],[26.284709,46.321769],[26.285196,46.322011],[26.285483,46.322132],[26.285859,46.322268],[26.285947,46.322314],[26.286146,46.322382],[26.286256,46.322404],[26.286455,46.322487],[26.286676,46.322547],[26.287383,46.322797],[26.287532,46.322872],[26.287942,46.32313],[26.288042,46.323222],[26.288215,46.323431],[26.288288,46.323568],[26.288351,46.323782],[26.288382,46.324117],[26.28822,46.324897],[26.288204,46.325005],[26.288195,46.325063],[26.288179,46.325172],[26.288191,46.325294],[26.288205,46.325348],[26.288212,46.325374],[26.288214,46.325385],[26.288276,46.325511],[26.288351,46.32559],[26.288488,46.325736],[26.288609,46.32595],[26.288656,46.326025],[26.288775,46.32633],[26.288777,46.326482],[26.288777,46.326483],[26.288704,46.326834],[26.288694,46.326987],[26.288694,46.326987],[26.288864,46.327414],[26.288931,46.327536],[26.289395,46.328221],[26.289563,46.328434],[26.289563,46.328434],[26.289692,46.328666],[26.289731,46.328708],[26.289805,46.328906],[26.289817,46.329044],[26.289806,46.329059],[26.28983,46.329211],[26.289842,46.329288],[26.289915,46.329467],[26.289954,46.32952],[26.290043,46.329608],[26.290199,46.32971],[26.290663,46.32996],[26.291238,46.330157],[26.291437,46.330251],[26.291967,46.330436],[26.292251,46.330624],[26.292272,46.330638],[26.29245,46.330782],[26.292611,46.330934],[26.292779,46.331162],[26.292915,46.331544],[26.292992,46.332047],[26.292994,46.332261],[26.292931,46.332551],[26.292717,46.333033],[26.292651,46.333255],[26.292657,46.333407],[26.292707,46.333682],[26.292778,46.333865],[26.29278,46.333935],[26.292784,46.33417],[26.292801,46.334202],[26.292652,46.334456],[26.292619,46.334482],[26.292581,46.334558],[26.292477,46.334696],[26.292378,46.334924],[26.292274,46.335092],[26.291916,46.335473],[26.291642,46.335698],[26.291587,46.335743],[26.291224,46.336006],[26.291065,46.33609],[26.290968,46.33615],[26.290784,46.336265],[26.290279,46.336489],[26.290103,46.336538],[26.289905,46.336592],[26.289455,46.336666],[26.289443,46.336668],[26.289289,46.336706],[26.289113,46.336774],[26.28902,46.336828],[26.288992,46.336858],[26.288866,46.337056],[26.288833,46.337117],[26.288833,46.33715],[26.288778,46.337254],[26.288767,46.337331],[26.288734,46.337369],[26.288608,46.33746],[26.288476,46.337521],[26.28819,46.337586],[26.287398,46.33773],[26.28726,46.337765],[26.287156,46.33779],[26.287067,46.337804],[26.286563,46.337881],[26.286475,46.337908],[26.285749,46.338006],[26.285661,46.338029],[26.285661,46.338029],[26.285661,46.338029],[26.285155,46.338105],[26.284759,46.338124],[26.284345,46.338128],[26.284138,46.338131],[26.283681,46.338111],[26.283537,46.338114],[26.283351,46.338118],[26.283263,46.338107],[26.282604,46.33811],[26.28212,46.338159],[26.281988,46.338186],[26.281878,46.338224],[26.281768,46.338269],[26.281454,46.338448],[26.281262,46.338581],[26.28107,46.338753],[26.280833,46.338932],[26.280691,46.339115],[26.280509,46.339435],[26.280301,46.339923],[26.280169,46.340136],[26.28001,46.340502],[26.279801,46.340738],[26.279669,46.340826],[26.279654,46.340812],[26.279647,46.340837],[26.279482,46.340898],[26.279328,46.340974],[26.279212,46.34105],[26.279103,46.341157],[26.279026,46.341279],[26.278745,46.341461],[26.278173,46.341674],[26.277778,46.341792],[26.277338,46.341895],[26.276898,46.342031],[26.276524,46.342092],[26.276194,46.342107],[26.275798,46.342179],[26.275402,46.342289],[26.275292,46.342304],[26.275094,46.342357],[26.27466,46.342536],[26.274451,46.342685],[26.27422,46.342989],[26.274154,46.343111],[26.274121,46.343142],[26.273978,46.343416],[26.27383,46.343813],[26.273753,46.34395],[26.273687,46.344041],[26.273588,46.34411],[26.273434,46.34414],[26.273191,46.344131],[26.272906,46.34412],[26.272729,46.344141],[26.272576,46.344158],[26.272378,46.344242],[26.272027,46.344463],[26.27164,46.344644],[26.271565,46.344679],[26.271191,46.344786],[26.271059,46.344805],[26.270861,46.344858],[26.270751,46.344854],[26.270586,46.344827],[26.270371,46.344731],[26.270272,46.344625],[26.270226,46.344428],[26.270228,46.34438],[26.27019,46.344304],[26.270162,46.344091],[26.270085,46.343953],[26.269995,46.34386],[26.26992,46.343782],[26.269584,46.343663],[26.269551,46.343671],[26.269331,46.343663],[26.268848,46.3437],[26.268562,46.343688],[26.268386,46.34365],[26.267968,46.343528],[26.26783,46.343482],[26.267506,46.34334],[26.267351,46.343291],[26.267044,46.343237],[26.26689,46.343237],[26.266708,46.343214],[26.266494,46.343168],[26.266164,46.343076],[26.265504,46.342949],[26.264816,46.342754],[26.264475,46.342635],[26.264272,46.342547],[26.264052,46.34249],[26.264021,46.342493],[26.263986,46.342497],[26.263788,46.342448],[26.263282,46.342363],[26.263277,46.342361],[26.263216,46.34234],[26.262792,46.342294],[26.262446,46.342202],[26.262226,46.342163],[26.261588,46.342155],[26.26139,46.342197],[26.261324,46.342239],[26.260994,46.342376],[26.260862,46.342402],[26.260746,46.342394],[26.260636,46.342364],[26.260361,46.342226],[26.25992,46.341887],[26.259872,46.34184],[26.259624,46.341672],[26.259437,46.34155],[26.259366,46.341521],[26.259168,46.341401],[26.259146,46.341395],[26.25914,46.341393],[26.258948,46.34134],[26.25831,46.341255],[26.258192,46.34123],[26.25798,46.341186],[26.257782,46.341174],[26.257452,46.341124],[26.257408,46.341128],[26.25738,46.341122],[26.25721,46.341086],[26.2571,46.341074],[26.256814,46.341078],[26.256616,46.3411],[26.256457,46.341157],[26.256116,46.341401],[26.255912,46.341565],[26.255714,46.341667],[26.255538,46.341717],[26.255384,46.341743],[26.255142,46.341758],[26.254979,46.341742],[26.254944,46.341739],[26.254581,46.341643],[26.254372,46.341559],[26.253839,46.341257],[26.253474,46.341028],[26.253443,46.341009],[26.253433,46.341005],[26.253352,46.340976],[26.253207,46.340925],[26.253183,46.34092],[26.253097,46.340905],[26.252752,46.34077],[26.252679,46.340741],[26.252525,46.340699],[26.252397,46.340686],[26.252151,46.34066],[26.251865,46.340614],[26.251799,46.340618],[26.251436,46.340581],[26.251265,46.340564],[26.250875,46.340479],[26.250853,46.340483],[26.250369,46.340368],[26.249911,46.340306],[26.249659,46.340272],[26.249374,46.340172],[26.248388,46.340241],[26.2483,46.340234],[26.248095,46.340147],[26.247879,46.339992],[26.247684,46.339798],[26.247584,46.339723],[26.247324,46.339632],[26.24717,46.339614],[26.24706,46.339622],[26.246797,46.339684],[26.2466,46.339777],[26.24649,46.339807],[26.246425,46.339846],[26.246359,46.339868],[26.246249,46.339904],[26.24614,46.339969],[26.24602,46.340019],[26.245965,46.340069],[26.245828,46.340111],[26.245746,46.340165],[26.245637,46.340189],[26.245417,46.340201],[26.245263,46.340198],[26.245125,46.340176],[26.244777,46.340063],[26.244605,46.339953],[26.244482,46.339786],[26.244403,46.339634],[26.244313,46.339512],[26.244145,46.33933],[26.243918,46.339087],[26.243585,46.338852],[26.243534,46.338791],[26.243534,46.338746],[26.243608,46.338551],[26.243668,46.338486],[26.243835,46.338173],[26.243834,46.338127],[26.243908,46.337883],[26.243906,46.337761],[26.243856,46.337669],[26.243722,46.337533],[26.243348,46.337278],[26.243267,46.337222],[26.243229,46.337185],[26.242894,46.336858],[26.242726,46.336676],[26.242368,46.336174],[26.242336,46.336134],[26.242173,46.335931],[26.242067,46.335825],[26.241895,46.335704],[26.241762,46.335651],[26.241365,46.335603],[26.241211,46.335596],[26.240904,46.33562],[26.240672,46.335621],[26.239979,46.335624],[26.239759,46.335616],[26.239627,46.33561],[26.239598,46.335601],[26.239561,46.335588],[26.239424,46.335588],[26.239049,46.33559],[26.238923,46.335575],[26.238719,46.335588],[26.238125,46.335563],[26.237602,46.335493],[26.23731,46.335468],[26.236918,46.335405],[26.236852,46.335405],[26.236841,46.335394],[26.236643,46.335364],[26.236612,46.335356],[26.236388,46.335298],[26.236091,46.335221],[26.235831,46.335135],[26.235615,46.335014],[26.23559,46.334991],[26.235432,46.334847],[26.235263,46.334543],[26.235182,46.334269],[26.235103,46.334101],[26.234835,46.333714],[26.234773,46.333592],[26.234694,46.333501],[26.234505,46.333334],[26.234432,46.333197],[26.23436,46.33311],[26.234376,46.333083],[26.234342,46.333037],[26.234337,46.33303],[26.234309,46.332995],[26.234112,46.332876],[26.23392,46.332764],[26.233892,46.332761],[26.233854,46.332756],[26.233739,46.332683],[26.233651,46.33258],[26.233608,46.332492],[26.233625,46.33245],[26.233603,46.332419],[26.233604,46.332297],[26.233556,46.332038],[26.233556,46.332037],[26.233554,46.331886],[26.233553,46.331717],[26.233509,46.331563],[26.233488,46.331488],[26.233462,46.331304],[26.233434,46.331245],[26.233327,46.330846],[26.233241,46.330632],[26.233095,46.330339],[26.233089,46.330326],[26.233085,46.330319],[26.232882,46.329974],[26.232653,46.329713],[26.232346,46.329437],[26.232118,46.3291],[26.232058,46.328917],[26.232049,46.328862],[26.232016,46.328657],[26.231929,46.328427],[26.231926,46.328163],[26.231926,46.328153],[26.231937,46.328076],[26.231982,46.32797],[26.232054,46.327867],[26.232056,46.327866],[26.232198,46.327783],[26.232524,46.327476],[26.232586,46.327331],[26.232614,46.327186],[26.232615,46.327079],[26.232572,46.326941],[26.232442,46.326681],[26.232345,46.326314],[26.23228,46.326192],[26.232226,46.325963],[26.232124,46.325687],[26.231966,46.325488],[26.231796,46.32535],[26.231653,46.325277],[26.2315,46.325227],[26.231302,46.325188],[26.230445,46.324963],[26.230203,46.324931],[26.230088,46.324931],[26.229631,46.324887],[26.229541,46.324881],[26.229279,46.324863],[26.22912,46.324793],[26.229049,46.32472],[26.229017,46.324644],[26.229007,46.324522],[26.229023,46.324371],[26.229036,46.324259],[26.229081,46.324125],[26.22907,46.324049],[26.229049,46.323972],[26.22901,46.323916],[26.228869,46.323712],[26.228831,46.323605],[26.228859,46.323517],[26.228937,46.323407],[26.229259,46.323038],[26.229309,46.322859],[26.22931,46.322737],[26.229283,46.322691],[26.229108,46.322507],[26.228999,46.322354],[26.228967,46.322186],[26.228902,46.322094],[26.228705,46.321921],[26.228486,46.321821],[26.228233,46.321743],[26.227728,46.321558],[26.227405,46.321377],[26.227219,46.321239],[26.227104,46.321132],[26.226929,46.320933],[26.226749,46.320764],[26.226656,46.320641],[26.226537,46.320427],[26.226342,46.320014],[26.226325,46.319936],[26.226288,46.319754],[26.226295,46.319533],[26.226263,46.319426],[26.226226,46.319136],[26.22626,46.319014],[26.226295,46.318747],[26.226285,46.318548],[26.226237,46.318344],[26.226217,46.318264],[26.226216,46.318258],[26.2262,46.318233],[26.226069,46.318032],[26.225927,46.317798],[26.225747,46.317637],[26.225403,46.317273],[26.225233,46.317139],[26.224981,46.316966],[26.224384,46.316597],[26.224187,46.316524],[26.223967,46.316477],[26.223632,46.316468],[26.223351,46.316421],[26.222956,46.316297],[26.222715,46.316243],[26.222364,46.316108],[26.222034,46.316003],[26.221908,46.315976],[26.221798,46.315933],[26.221798,46.315933],[26.2217,46.315857],[26.221629,46.315719],[26.221593,46.315368],[26.221594,46.315171],[26.221595,46.315032],[26.221547,46.314894],[26.221459,46.314802],[26.22129,46.314691],[26.221158,46.314621],[26.220922,46.314525],[26.220659,46.314467],[26.220439,46.314447],[26.220329,46.314465],[26.220285,46.314461],[26.219932,46.314544],[26.219733,46.314635],[26.219623,46.314668],[26.219271,46.314743],[26.219094,46.314796],[26.219028,46.314796],[26.21894,46.314834],[26.218654,46.314901],[26.217763,46.315041],[26.217321,46.315075],[26.217277,46.315067],[26.217074,46.315074],[26.216705,46.315053],[26.216326,46.31499],[26.215693,46.314854],[26.21564,46.31485],[26.215316,46.314723],[26.215059,46.314535],[26.214982,46.314496],[26.214576,46.314395],[26.213819,46.314102],[26.213314,46.313985],[26.213028,46.313896],[26.212803,46.313853],[26.212539,46.313783],[26.212177,46.313648],[26.211953,46.313517],[26.211799,46.313467],[26.211492,46.313397],[26.211327,46.313331],[26.210784,46.313054],[26.210516,46.312885],[26.210418,46.312808],[26.209784,46.312256],[26.20968,46.312103],[26.209648,46.311996],[26.20955,46.311877],[26.209446,46.311823],[26.209248,46.311769],[26.209094,46.311741],[26.208764,46.311721],[26.208632,46.311747],[26.208544,46.311785],[26.208444,46.311843],[26.2084,46.311868],[26.208058,46.312111],[26.207908,46.312248],[26.207604,46.312483],[26.207411,46.312597],[26.207223,46.312737],[26.207112,46.31284],[26.206786,46.313071],[26.206432,46.31328],[26.206189,46.313389],[26.205694,46.313685],[26.205681,46.313692],[26.20526,46.313812],[26.205064,46.3138],[26.204883,46.313773],[26.204707,46.313719],[26.204149,46.313365],[26.203891,46.313242],[26.203425,46.313064],[26.203382,46.313044],[26.2032,46.31296],[26.20297,46.312822],[26.20273,46.312649],[26.202527,46.312537],[26.202297,46.312376],[26.202128,46.31223],[26.201931,46.311955],[26.201801,46.311801],[26.201676,46.311602],[26.201653,46.311575],[26.201337,46.311196],[26.201015,46.310947],[26.200872,46.310873],[26.200779,46.310842],[26.200653,46.310815],[26.200482,46.310799],[26.200455,46.310822],[26.200323,46.310821],[26.199948,46.31085],[26.199574,46.310921],[26.19953,46.31094],[26.199341,46.310972],[26.199332,46.310974],[26.199316,46.310978],[26.199067,46.311045],[26.198803,46.311097],[26.197744,46.311413],[26.197458,46.31145],[26.197244,46.311458],[26.197106,46.311464],[26.196762,46.311495],[26.196424,46.311526],[26.196176,46.311505],[26.196017,46.311467],[26.195704,46.311358],[26.195512,46.311262],[26.195414,46.311185],[26.195188,46.311056],[26.194998,46.310954],[26.194658,46.31072],[26.194505,46.310647],[26.194132,46.3105],[26.193803,46.310327],[26.19365,46.310276],[26.193391,46.310241],[26.193364,46.310226],[26.19332,46.310233],[26.193188,46.310225],[26.193034,46.310236],[26.192748,46.31028],[26.192725,46.310303],[26.192679,46.310316],[26.192588,46.31034],[26.192499,46.310401],[26.192416,46.310477],[26.1923,46.310629],[26.191988,46.311086],[26.191793,46.311467],[26.191776,46.311543],[26.191703,46.311695],[26.19159,46.312153],[26.19154,46.312225],[26.191482,46.312277],[26.191446,46.312309],[26.191335,46.312377],[26.191225,46.312407],[26.191093,46.312407],[26.190923,46.312371],[26.190851,46.312333],[26.190731,46.312306],[26.190566,46.312229],[26.19033,46.312163],[26.190215,46.312101],[26.189837,46.311977],[26.189721,46.311919],[26.189535,46.31185],[26.189359,46.311811],[26.188936,46.311748],[26.188591,46.311632],[26.188283,46.311554],[26.188261,46.311535],[26.188217,46.311542],[26.187954,46.311499],[26.187756,46.311491],[26.187734,46.311479],[26.187401,46.311499],[26.187139,46.311515],[26.186456,46.311763],[26.186191,46.311812],[26.185907,46.311809],[26.185551,46.311816],[26.185548,46.311816],[26.185265,46.311845],[26.185111,46.311839],[26.18445,46.311791],[26.184362,46.311795],[26.184098,46.311763],[26.183434,46.311737],[26.183283,46.311731],[26.182682,46.311637],[26.182378,46.311555],[26.181981,46.311482],[26.181936,46.311456],[26.181881,46.311456],[26.181761,46.311425],[26.181478,46.311349],[26.181279,46.311276],[26.181184,46.311241],[26.181034,46.311162],[26.18079,46.31108],[26.180546,46.310979],[26.180507,46.310941],[26.18048,46.310945],[26.180363,46.310923],[26.180127,46.310879],[26.179889,46.310808],[26.179598,46.310749],[26.17938,46.310694],[26.178565,46.310602],[26.178235,46.310604],[26.177773,46.310585],[26.177399,46.310615],[26.177268,46.310635],[26.177147,46.31067],[26.177071,46.310705],[26.176952,46.310794],[26.176765,46.3111],[26.176725,46.311196],[26.176649,46.311376],[26.176619,46.311498],[26.17662,46.311542],[26.176622,46.311636],[26.176597,46.311804],[26.176576,46.311865],[26.176523,46.311942],[26.176048,46.312388],[26.175954,46.312509],[26.175747,46.312778],[26.175677,46.312868],[26.175564,46.312949],[26.175477,46.313034],[26.175368,46.313096],[26.175172,46.313173],[26.174756,46.313276],[26.174597,46.313285],[26.174481,46.31327],[26.17402,46.313045],[26.173781,46.312906],[26.173513,46.312717],[26.173269,46.312586],[26.17318,46.312556],[26.173048,46.312534],[26.17274,46.312552],[26.172642,46.312579],[26.172522,46.312649],[26.172332,46.312784],[26.172175,46.312923],[26.172073,46.313045],[26.171978,46.313237],[26.171886,46.313322],[26.171777,46.313399],[26.171276,46.313647],[26.171129,46.313732],[26.170972,46.313836],[26.170799,46.313983],[26.170589,46.314123],[26.170441,46.314233],[26.170332,46.314295],[26.169677,46.314587],[26.169568,46.314618],[26.169241,46.314762],[26.169022,46.314832],[26.168606,46.314935],[26.168343,46.314967],[26.167985,46.31497],[26.167418,46.314936],[26.167065,46.314901],[26.166824,46.314903],[26.166581,46.314867],[26.166294,46.314846],[26.165525,46.314867],[26.165108,46.314932],[26.164928,46.314994],[26.164824,46.315045],[26.164645,46.31518],[26.16457,46.315272],[26.164359,46.315464],[26.164354,46.315495],[26.164226,46.315679],[26.16414,46.315771],[26.163837,46.316033],[26.16369,46.316145],[26.163473,46.316268],[26.163407,46.3163],[26.163276,46.316335],[26.162969,46.316368],[26.162881,46.316365],[26.162815,46.316377],[26.162754,46.316366],[26.162649,46.316336],[26.162499,46.316272],[26.16216,46.316088],[26.161951,46.316011],[26.16123,46.315744],[26.161008,46.315639],[26.160576,46.315482],[26.160277,46.315408],[26.160045,46.315334],[26.159752,46.315271],[26.159348,46.315133],[26.159137,46.315043],[26.158806,46.31497],[26.158519,46.314938],[26.158299,46.314935],[26.158036,46.314976],[26.157905,46.315011],[26.157554,46.315075],[26.157466,46.315079],[26.157312,46.315073],[26.156981,46.315018],[26.156805,46.315012],[26.156585,46.315014],[26.156366,46.315061],[26.156131,46.315155],[26.156051,46.315129],[26.155924,46.315236],[26.156003,46.315381],[26.156293,46.315553],[26.156373,46.315601],[26.15618,46.31571],[26.156039,46.315841],[26.155873,46.315985],[26.155784,46.316081],[26.155825,46.316171],[26.155798,46.316254],[26.15572,46.316342],[26.155644,46.316406],[26.155524,46.316466],[26.15539,46.316461],[26.155255,46.316444],[26.15508,46.31644],[26.154816,46.316457],[26.154605,46.31652],[26.154476,46.316628],[26.154444,46.316722],[26.154459,46.31683],[26.154498,46.316893],[26.154506,46.316978],[26.1545,46.31713],[26.154498,46.317192],[26.15446,46.317223],[26.154359,46.317246],[26.154248,46.317269],[26.154117,46.317342],[26.154034,46.31744],[26.154002,46.317537],[26.154008,46.317723],[26.153914,46.317963],[26.153811,46.318104],[26.1536,46.318291],[26.153401,46.31843],[26.152964,46.318669],[26.152744,46.318803],[26.152695,46.318905],[26.152419,46.318946],[26.152217,46.319063],[26.152082,46.319239],[26.152023,46.319461],[26.152027,46.319628],[26.15212,46.319712],[26.152109,46.319761],[26.15205,46.31984],[26.151961,46.319901],[26.151838,46.320006],[26.151703,46.320284],[26.151675,46.320593],[26.151562,46.320758],[26.151313,46.32097],[26.151027,46.321238],[26.150632,46.321592],[26.150552,46.321714],[26.150499,46.321852],[26.150484,46.322034],[26.150646,46.322763],[26.150495,46.323115],[26.150297,46.323732],[26.150192,46.324305],[26.150086,46.324879],[26.149485,46.325946],[26.149208,46.326574],[26.149165,46.327116],[26.149358,46.328092],[26.149326,46.328595],[26.149214,46.328999],[26.149687,46.329646],[26.149974,46.330107],[26.15027,46.330447],[26.150451,46.330838],[26.150505,46.331068],[26.150519,46.331187],[26.150591,46.331465],[26.15052,46.331718],[26.150711,46.332311],[26.15092,46.33351],[26.151437,46.33426],[26.151769,46.335162],[26.15293,46.335173],[26.153088,46.335425],[26.153333,46.335602],[26.153371,46.335822],[26.153304,46.336083],[26.15344,46.336361],[26.153852,46.336934],[26.153829,46.337187],[26.153965,46.337629],[26.15403,46.338432],[26.15426,46.339228],[26.154433,46.339073],[26.154809,46.339738],[26.154894,46.33993],[26.155323,46.340051],[26.155713,46.340038],[26.155875,46.340316],[26.156121,46.340408],[26.156294,46.340716],[26.156454,46.340765],[26.156804,46.341238],[26.157083,46.34141],[26.157817,46.341727],[26.157943,46.341812],[26.15813,46.341933],[26.158486,46.342113],[26.158793,46.342371],[26.159129,46.342735],[26.159354,46.342958],[26.159895,46.343261],[26.160224,46.34344],[26.161293,46.343734],[26.161734,46.344651],[26.161973,46.344877],[26.162007,46.344935],[26.162265,46.345379],[26.162993,46.345985],[26.163137,46.346078],[26.16328,46.346171],[26.163485,46.346303],[26.16384,46.347068],[26.164098,46.347077],[26.164355,46.347087],[26.164144,46.347812],[26.164117,46.347908],[26.164292,46.348689],[26.164416,46.349069],[26.164493,46.34948],[26.164564,46.349708],[26.164651,46.350103],[26.16465,46.350515],[26.164677,46.350713],[26.164711,46.350758],[26.164747,46.35091],[26.164912,46.351351],[26.164937,46.351472],[26.164941,46.351644],[26.164981,46.351929],[26.164944,46.352204],[26.164917,46.352232],[26.164877,46.352388],[26.164576,46.352925],[26.164535,46.353047],[26.164551,46.353245],[26.16462,46.353362],[26.164671,46.353415],[26.164783,46.353498],[26.165344,46.353483],[26.16566,46.353773],[26.165848,46.35394],[26.166217,46.35427],[26.166558,46.354752],[26.166605,46.35482],[26.16658,46.355406],[26.166534,46.355883],[26.166313,46.356106],[26.166269,46.356709],[26.166194,46.357186],[26.166012,46.357468],[26.165851,46.35788],[26.165511,46.358248],[26.165207,46.358597],[26.165056,46.359022],[26.164865,46.359324],[26.164169,46.360194],[26.163966,46.36057],[26.163766,46.361116],[26.16348,46.361877],[26.163906,46.362072],[26.164608,46.362598],[26.165283,46.363389],[26.166049,46.364475],[26.166373,46.364753],[26.166449,46.365179],[26.166509,46.365643],[26.1664,46.366083],[26.166362,46.366342],[26.166774,46.366746],[26.166842,46.367191],[26.166773,46.36757],[26.166568,46.367968],[26.166288,46.36848],[26.166708,46.368919],[26.166783,46.369243],[26.166526,46.369639],[26.165935,46.370342],[26.16577,46.37068],[26.164909,46.371483],[26.164714,46.371772],[26.164448,46.371942],[26.164105,46.372065],[26.1638,46.372341],[26.163632,46.372611],[26.163478,46.372842],[26.16354,46.373152],[26.163686,46.373507],[26.16374,46.373785],[26.164002,46.374113],[26.164162,46.37447],[26.164348,46.374774],[26.164386,46.374913],[26.164322,46.375172],[26.164086,46.375432],[26.163788,46.375746],[26.16361,46.37617],[26.163469,46.376368],[26.163282,46.376695],[26.163155,46.376916],[26.163034,46.377408],[26.162988,46.377853],[26.162909,46.37839],[26.162796,46.378908],[26.162853,46.379354],[26.162758,46.379747],[26.16263,46.380246],[26.16263,46.380774],[26.162983,46.380821],[26.163281,46.380967],[26.163406,46.3811],[26.163453,46.381293],[26.163399,46.381478],[26.163432,46.381666],[26.163514,46.38179],[26.16386,46.381856],[26.164077,46.381928],[26.164173,46.382042],[26.164128,46.382291],[26.164017,46.382496],[26.163913,46.382685],[26.163974,46.382806],[26.164279,46.382857],[26.164453,46.382952],[26.164725,46.383165],[26.164906,46.383367],[26.164984,46.383562],[26.165138,46.383802],[26.165229,46.384007],[26.165281,46.384177],[26.165306,46.38426],[26.165409,46.384429],[26.165901,46.384736],[26.165502,46.384711],[26.165137,46.384749],[26.164706,46.384852],[26.164295,46.384996],[26.164044,46.38512],[26.163797,46.385205],[26.163563,46.385268],[26.163371,46.385302],[26.163007,46.385302],[26.162587,46.385272],[26.162005,46.385198],[26.161887,46.385171],[26.161654,46.385314],[26.161507,46.385411],[26.16136,46.385507],[26.161101,46.3857],[26.160893,46.385788],[26.160596,46.385825],[26.160006,46.385806],[26.159934,46.385803],[26.159667,46.385779],[26.159571,46.385778],[26.159474,46.385778],[26.159302,46.385815],[26.159131,46.385852],[26.158708,46.385933],[26.1584,46.386005],[26.15827,46.386181],[26.15824,46.386336],[26.158234,46.386488],[26.15815,46.386618],[26.157977,46.386738],[26.157702,46.386807],[26.157273,46.386851],[26.156592,46.386881],[26.156253,46.386874],[26.155688,46.386952],[26.155456,46.387248],[26.155153,46.387588],[26.154963,46.387723],[26.154506,46.388001],[26.154033,46.388154],[26.153516,46.388077],[26.153176,46.388011],[26.152719,46.387821],[26.152356,46.387756],[26.152142,46.387817],[26.152026,46.388161],[26.151753,46.388472],[26.151431,46.38857],[26.150932,46.388651],[26.150598,46.388638],[26.150109,46.388541],[26.149776,46.388557],[26.149364,46.38868],[26.149211,46.388685],[26.149038,46.389053],[26.148864,46.389394],[26.148697,46.389861],[26.148501,46.38997],[26.148073,46.390078],[26.147752,46.39015],[26.147376,46.390146],[26.146935,46.390368],[26.146659,46.390718],[26.146498,46.391146],[26.146212,46.391234],[26.145828,46.391326],[26.1451,46.391435],[26.144706,46.391517],[26.144227,46.391626],[26.143794,46.391663],[26.143328,46.391659],[26.143033,46.391679],[26.142891,46.391755],[26.142726,46.392036],[26.142576,46.392195],[26.142335,46.392338],[26.142095,46.392401],[26.141808,46.392355],[26.141666,46.392448],[26.141271,46.392544],[26.140627,46.392588],[26.140207,46.392811],[26.139853,46.393097],[26.139685,46.393292],[26.139404,46.393458],[26.138796,46.393522],[26.138518,46.393634],[26.138136,46.393646],[26.137839,46.393779],[26.13762,46.393983],[26.137523,46.394173],[26.137522,46.394296],[26.13738,46.394401],[26.137081,46.394446],[26.136768,46.394495],[26.13619,46.394522],[26.135508,46.394657],[26.134935,46.39479],[26.134709,46.394723],[26.13456,46.394834],[26.134572,46.395096],[26.134618,46.39536],[26.13449,46.395564],[26.134219,46.395741],[26.133961,46.395816],[26.133804,46.395982],[26.133834,46.396209],[26.133764,46.396403],[26.133604,46.396557],[26.133338,46.396752],[26.133168,46.396835],[26.133058,46.396852],[26.132871,46.396794],[26.132595,46.396657],[26.132307,46.396514],[26.132003,46.396391],[26.13179,46.396285],[26.131555,46.396232],[26.131401,46.396239],[26.131201,46.396348],[26.130938,46.396431],[26.130646,46.39656],[26.130359,46.396744],[26.130166,46.396892],[26.129982,46.396994],[26.129735,46.397036],[26.129473,46.397017],[26.129237,46.396954],[26.129108,46.396811],[26.128948,46.396714],[26.128671,46.396736],[26.12846,46.39683],[26.128275,46.396998],[26.128005,46.397118],[26.127616,46.397198],[26.127349,46.397256],[26.126973,46.397342],[26.126956,46.397435],[26.126929,46.397505],[26.126781,46.397556],[26.126561,46.397555],[26.126333,46.397505],[26.126063,46.397415],[26.125681,46.397397],[26.125218,46.397404],[26.12473,46.397441],[26.124586,46.397469],[26.124221,46.397454],[26.123765,46.397465],[26.123431,46.39756],[26.12323,46.397595],[26.122979,46.397585],[26.122733,46.397537],[26.122503,46.397493],[26.122297,46.397539],[26.122203,46.397726],[26.122191,46.397975],[26.12208,46.398098],[26.121914,46.398186],[26.12167,46.398227],[26.121388,46.398207],[26.121166,46.398062],[26.120821,46.397922],[26.120505,46.397807],[26.120157,46.397681],[26.119896,46.397573],[26.119565,46.397465],[26.118946,46.39735],[26.118546,46.397383],[26.118145,46.397528],[26.117518,46.397834],[26.117247,46.398116],[26.116974,46.398274],[26.116583,46.398392],[26.11629,46.398437],[26.115894,46.398461],[26.115597,46.398452],[26.115195,46.39844],[26.114732,46.398382],[26.114284,46.398386],[26.113541,46.398551],[26.113201,46.398693],[26.112595,46.398786],[26.112055,46.398882],[26.111311,46.399006],[26.110892,46.399153],[26.110581,46.39959],[26.110444,46.39995],[26.110323,46.400191],[26.110162,46.400354],[26.109914,46.400463],[26.109706,46.400506],[26.109434,46.400534],[26.109197,46.400499],[26.108953,46.400416],[26.108744,46.400325],[26.108397,46.400316],[26.108009,46.400225],[26.107463,46.400193],[26.107186,46.400233],[26.106818,46.400419],[26.106479,46.400497],[26.106176,46.400607],[26.105898,46.400665],[26.105403,46.400696],[26.104992,46.400694],[26.104475,46.400676],[26.104038,46.400648],[26.103757,46.400598],[26.10337,46.400513],[26.103046,46.40044],[26.102775,46.400356],[26.102601,46.400337],[26.102362,46.400424],[26.102025,46.400545],[26.101676,46.400686],[26.101327,46.400812],[26.100932,46.400948],[26.100583,46.401086],[26.100201,46.401235],[26.099863,46.40134],[26.099432,46.401353],[26.098942,46.401329],[26.09851,46.401175],[26.09812,46.400935],[26.098014,46.400737],[26.09772,46.400644],[26.096835,46.400544],[26.095648,46.400401],[26.094292,46.400414],[26.093212,46.400429],[26.09272,46.400373],[26.092274,46.400499],[26.09103,46.400748],[26.090709,46.400645],[26.090321,46.400784],[26.089825,46.400687],[26.089496,46.400592],[26.089095,46.400553],[26.08862,46.400624],[26.088188,46.400748],[26.08782,46.400786],[26.087558,46.400748],[26.08727,46.400541],[26.086801,46.400166],[26.086498,46.399984],[26.086249,46.399814],[26.085968,46.399625],[26.085741,46.399478],[26.085458,46.399341],[26.085285,46.399302],[26.084969,46.399347],[26.084653,46.399397],[26.084346,46.399415],[26.08384,46.399469],[26.083359,46.399556],[26.082935,46.399595],[26.082557,46.399658],[26.082297,46.399733],[26.082042,46.399673],[26.081593,46.399537],[26.080971,46.399507],[26.080469,46.399509],[26.080293,46.399614],[26.080098,46.399778],[26.080069,46.399903],[26.080269,46.399998],[26.08009,46.400125],[26.079882,46.400141],[26.079711,46.400143],[26.079478,46.40001],[26.078848,46.399992],[26.078405,46.40003],[26.078151,46.400032],[26.078008,46.399943],[26.07773,46.399952],[26.077485,46.399927],[26.07705,46.399854],[26.07665,46.399901],[26.07612,46.399984],[26.075833,46.400017],[26.075647,46.400009],[26.075514,46.399942],[26.075511,46.399811],[26.075401,46.39966],[26.075282,46.399577],[26.075013,46.399522],[26.07473,46.399521],[26.074566,46.399631],[26.07443,46.399912],[26.074327,46.400129],[26.074095,46.400249],[26.073681,46.400172],[26.073375,46.400255],[26.072993,46.400273],[26.072561,46.400188],[26.0717,46.400196],[26.070952,46.400359],[26.070202,46.400418],[26.069651,46.400555],[26.069232,46.400795],[26.069079,46.401038],[26.068561,46.401104],[26.068091,46.400976],[26.067645,46.400876],[26.067309,46.400866],[26.067006,46.400884],[26.066512,46.400808],[26.066183,46.400712],[26.065896,46.40065],[26.065363,46.400543],[26.065085,46.400546],[26.064969,46.400677],[26.064772,46.400723],[26.064442,46.400719],[26.063749,46.400616],[26.063195,46.400543],[26.062283,46.400596],[26.06187,46.400661],[26.06163,46.400822],[26.061473,46.400945],[26.061225,46.401094],[26.060899,46.40125],[26.060323,46.401284],[26.059765,46.401359],[26.059118,46.401516],[26.058728,46.401755],[26.058574,46.402038],[26.058062,46.402195],[26.057921,46.402394],[26.057777,46.402764],[26.05749,46.403039],[26.056884,46.403299],[26.056347,46.403512],[26.056531,46.403822],[26.056729,46.404095],[26.056814,46.404247],[26.056887,46.404337],[26.056911,46.404398],[26.057237,46.404765],[26.057546,46.405079],[26.057766,46.40534],[26.058226,46.40579],[26.058643,46.406294],[26.058929,46.406562],[26.059241,46.40702],[26.059432,46.407244],[26.059687,46.407607],[26.060136,46.408336],[26.060626,46.4092],[26.060667,46.409337],[26.060692,46.409474],[26.060732,46.409581],[26.060812,46.409702],[26.060879,46.409767],[26.06115,46.409831],[26.061262,46.409883],[26.061328,46.409898],[26.061478,46.409965],[26.061768,46.410142],[26.061647,46.410462],[26.061742,46.41058],[26.061742,46.410779],[26.06152,46.411216],[26.061727,46.411161],[26.061798,46.411155],[26.061775,46.41129],[26.061639,46.411494],[26.061435,46.411886],[26.061237,46.412125],[26.061066,46.412375],[26.060759,46.412657],[26.060506,46.412855],[26.060345,46.413048],[26.060186,46.413336],[26.059941,46.413434],[26.059717,46.413577],[26.05955,46.413598],[26.059684,46.413444],[26.059738,46.413034],[26.059613,46.413031],[26.059357,46.413295],[26.058728,46.4133],[26.057696,46.413406],[26.05646,46.413413],[26.055418,46.413869],[26.055021,46.414021],[26.054336,46.41411],[26.05401,46.414216],[26.053178,46.414298],[26.052734,46.41441],[26.052471,46.4145],[26.051888,46.414637],[26.051565,46.414775],[26.051151,46.414898],[26.050712,46.415058],[26.050087,46.415373],[26.04989,46.415436],[26.04943,46.415622],[26.049423,46.415628],[26.047941,46.416129],[26.047679,46.416249],[26.047426,46.41642],[26.047163,46.416484],[26.046856,46.416541],[26.046548,46.41656],[26.046327,46.416551],[26.046129,46.416565],[26.045821,46.416614],[26.04547,46.416649],[26.044324,46.416686],[26.044119,46.416633],[26.043452,46.416186],[26.042864,46.416266],[26.042386,46.416415],[26.042255,46.416432],[26.041374,46.416477],[26.041066,46.416503],[26.040144,46.416504],[26.039831,46.416518],[26.039303,46.41657],[26.038818,46.416576],[26.038026,46.416654],[26.037834,46.416666],[26.037564,46.416682],[26.037057,46.416696],[26.036527,46.416695],[26.036307,46.416713],[26.035995,46.416777],[26.035745,46.41694],[26.035632,46.417045],[26.035329,46.417231],[26.035131,46.41726],[26.035014,46.417231],[26.034908,46.417183],[26.034812,46.417108],[26.034716,46.416995],[26.034637,46.416954],[26.034538,46.416962],[26.03429,46.417148],[26.034043,46.417189],[26.033136,46.416711],[26.033224,46.416456],[26.033161,46.416359],[26.033146,46.416321],[26.033141,46.416069],[26.033069,46.41575],[26.033078,46.415628],[26.03313,46.415445],[26.033048,46.414912],[26.032757,46.414388],[26.032723,46.414297],[26.03266,46.414206],[26.032597,46.414054],[26.032472,46.413826],[26.032185,46.413493],[26.031871,46.413206],[26.031707,46.412964],[26.03158,46.41266],[26.031321,46.412127],[26.03105,46.411399],[26.030737,46.410853],[26.030646,46.410731],[26.030467,46.41055],[26.030275,46.410323],[26.03009,46.410141],[26.02999,46.410085],[26.029918,46.410085],[26.029642,46.410312],[26.029425,46.410527],[26.029106,46.410834],[26.02903,46.410941],[26.028706,46.411264],[26.028285,46.411664],[26.028073,46.411851],[26.027898,46.411975],[26.027697,46.412132],[26.027583,46.412217],[26.027343,46.412379],[26.026966,46.412839],[26.026361,46.413514],[26.025852,46.413975],[26.025522,46.414328],[26.025219,46.414589],[26.024866,46.41487],[26.024516,46.415036],[26.024253,46.415134],[26.024035,46.415238],[26.023773,46.415388],[26.023316,46.415685],[26.022731,46.415968],[26.022531,46.416137],[26.022306,46.416215],[26.022122,46.416083],[26.022054,46.415961],[26.022065,46.415702],[26.022053,46.415641],[26.021985,46.41555],[26.021879,46.41546],[26.021679,46.415339],[26.021617,46.415283],[26.021405,46.415166],[26.021087,46.414947],[26.020869,46.414736],[26.020628,46.414532],[26.020527,46.414411],[26.020468,46.414228],[26.020467,46.413878],[26.020435,46.413611],[26.020453,46.41339],[26.020442,46.41307],[26.020466,46.412887],[26.020448,46.412506],[26.020458,46.41246],[26.02042,46.411882],[26.02028,46.411136],[26.02024,46.41077],[26.020135,46.410436],[26.02004,46.41004],[26.020039,46.409835],[26.020038,46.409621],[26.020053,46.409545],[26.020043,46.409332],[26.019984,46.409127],[26.019951,46.409089],[26.019906,46.40907],[26.019604,46.409126],[26.019122,46.409285],[26.019024,46.409347],[26.018805,46.409398],[26.018521,46.409511],[26.018237,46.409661],[26.017779,46.409954],[26.01767,46.410008],[26.017599,46.410024],[26.017561,46.410051],[26.017122,46.410165],[26.01644,46.410246],[26.016177,46.410317],[26.015958,46.410394],[26.015581,46.410557],[26.01551,46.410596],[26.015478,46.410638],[26.014976,46.410912],[26.014692,46.411029],[26.014385,46.41113],[26.014012,46.41122],[26.013572,46.411239],[26.013263,46.411226],[26.01271,46.411112],[26.012511,46.41109],[26.012423,46.411091],[26.012291,46.411115],[26.012138,46.411161],[26.012028,46.411204],[26.011581,46.411474],[26.011136,46.411805],[26.010852,46.411979],[26.010416,46.412199],[26.01002,46.412356],[26.009847,46.41242],[26.009627,46.412452],[26.009164,46.412463],[26.009004,46.412442],[26.00845,46.412278],[26.008256,46.412192],[26.007674,46.411983],[26.007434,46.411855],[26.007324,46.411829],[26.00717,46.411872],[26.007083,46.411945],[26.007012,46.411976],[26.006767,46.412142],[26.006762,46.412161],[26.006681,46.41223],[26.006594,46.41228],[26.006274,46.412602],[26.00619,46.412664],[26.006104,46.412345],[26.006069,46.412192],[26.005999,46.411995],[26.005955,46.411721],[26.005909,46.411584],[26.005836,46.411234],[26.005766,46.410991],[26.005709,46.410869],[26.005572,46.410306],[26.005492,46.410139],[26.005062,46.409487],[26.00497,46.40929],[26.004818,46.408818],[26.004744,46.408651],[26.00462,46.408515],[26.004504,46.408386],[26.004164,46.40828],[26.003723,46.408168],[26.003282,46.408229],[26.002971,46.40835],[26.002575,46.408554],[26.002311,46.408734],[26.002227,46.408748],[26.002215,46.408624],[26.002354,46.408398],[26.002462,46.408279],[26.002807,46.407709],[26.003018,46.407361],[26.003184,46.407055],[26.003369,46.406627],[26.003475,46.406324],[26.003155,46.406317],[26.002725,46.4063],[26.00225,46.406266],[26.00186,46.40628],[26.001439,46.406241],[26.000885,46.406305],[26.000038,46.406368],[25.99938,46.406383],[25.998812,46.406354],[25.998398,46.406328],[25.997993,46.406287],[25.997494,46.406247],[25.997209,46.406168],[25.996744,46.406301],[25.996141,46.406555],[25.995944,46.40661],[25.995787,46.406631],[25.995631,46.406651],[25.995341,46.406696],[25.99521,46.406718],[25.995211,46.406768],[25.995212,46.406819],[25.995246,46.406873],[25.99528,46.406926],[25.995379,46.407153],[25.99545,46.407397],[25.995501,46.407686],[25.995694,46.408218],[25.995797,46.40837],[25.996056,46.408627],[25.996158,46.408778],[25.996377,46.409188],[25.996474,46.409324],[25.996654,46.409506],[25.996873,46.409679],[25.997156,46.409997],[25.997287,46.410087],[25.997419,46.410177],[25.997866,46.410455],[25.998176,46.410742],[25.99831,46.41084],[25.998403,46.410869],[25.998531,46.410925],[25.998861,46.411201],[25.999037,46.411474],[25.999066,46.411573],[25.999134,46.411641],[25.999224,46.41177],[25.999247,46.41183],[25.999331,46.411929],[25.999471,46.412168],[25.999502,46.412209],[25.999593,46.412392],[25.999701,46.412543],[25.99978,46.412695],[25.999912,46.412984],[25.999919,46.413029],[26.000015,46.413212],[26.000154,46.413576],[26.000201,46.413759],[26.000204,46.413926],[26.000152,46.414064],[26.000082,46.414156],[25.999857,46.414329],[25.999641,46.414441],[25.999183,46.414742],[25.999016,46.414918],[25.998897,46.415086],[25.998767,46.415202],[25.998687,46.415355],[25.99866,46.41537],[25.998634,46.415462],[25.998587,46.41552],[25.998533,46.415661],[25.998792,46.415696],[25.9987,46.41597],[25.998355,46.415909],[25.998053,46.416361],[25.997922,46.416563],[25.99772,46.416785],[25.997492,46.417106],[25.99734,46.417289],[25.997166,46.417488],[25.996778,46.417839],[25.996706,46.417946],[25.996712,46.41846],[25.996775,46.418792],[25.99686,46.41902],[25.996906,46.419218],[25.996973,46.419386],[25.997091,46.419568],[25.997095,46.419887],[25.997108,46.420033],[25.997379,46.420177],[25.997723,46.420329],[25.998013,46.420641],[25.998487,46.420996],[25.998861,46.421195],[25.9992,46.421381],[25.999412,46.42148],[25.999731,46.421622],[26.00005,46.421764],[26.000356,46.421876],[26.000692,46.422077],[26.001045,46.422254],[26.001525,46.422483],[26.002078,46.422704],[26.002409,46.422767],[26.002575,46.422806],[26.002891,46.42292],[26.003013,46.422983],[26.00357,46.423009],[26.003476,46.423499],[26.003395,46.423884],[26.0033,46.424233],[26.003166,46.424805],[26.003169,46.424897],[26.003109,46.425157],[26.002961,46.425372],[26.00268,46.425588],[26.00253,46.425758],[26.002317,46.426065],[26.002201,46.426265],[26.002128,46.426433],[26.002079,46.426647],[26.002109,46.426738],[26.002159,46.426784],[26.002241,46.426965],[26.002206,46.427073],[26.002098,46.427181],[26.001946,46.42727],[26.001617,46.427335],[26.001311,46.427437],[26.001048,46.427494],[26.000916,46.427541],[26.000741,46.427581],[26.000419,46.427718],[26.000355,46.427847],[26.000257,46.427967],[26.000147,46.428116],[25.999967,46.42834],[25.999724,46.428762],[25.999547,46.429119],[25.999437,46.4293],[25.999309,46.42947],[25.999061,46.429688],[25.998807,46.429874],[25.998486,46.430059],[25.997774,46.430377],[25.997029,46.430725],[25.996555,46.430926],[25.996245,46.43109],[25.996033,46.431265],[25.995856,46.431461],[25.995673,46.431713],[25.995568,46.431858],[25.995355,46.432149],[25.995238,46.432309],[25.995204,46.432356],[25.99517,46.432403],[25.995076,46.432498],[25.994993,46.432578],[25.994886,46.432653],[25.994841,46.432675],[25.994748,46.432718],[25.993971,46.432938],[25.99348,46.433085],[25.993067,46.433181],[25.992541,46.433292],[25.992083,46.433462],[25.991428,46.433786],[25.990877,46.434018],[25.990444,46.434275],[25.990005,46.434649],[25.989751,46.43495],[25.989531,46.435321],[25.989445,46.435647],[25.989396,46.436022],[25.989439,46.436481],[25.989338,46.436974],[25.989216,46.437278],[25.988911,46.437596],[25.988598,46.437997],[25.988077,46.438211],[25.987463,46.438476],[25.986958,46.438732],[25.986942,46.43885],[25.987144,46.439075],[25.987612,46.439338],[25.988372,46.439652],[25.988931,46.439971],[25.989364,46.440232],[25.989593,46.440406],[25.990018,46.440542],[25.990525,46.440621],[25.991662,46.440575],[25.992344,46.440601],[25.992997,46.440663],[25.99359,46.440802],[25.994104,46.441026],[25.995836,46.441987],[25.998412,46.44211],[25.998696,46.44211],[25.99952,46.442278],[26.000079,46.442454],[26.000778,46.442778],[26.001011,46.443031],[26.001259,46.443458],[26.001467,46.443907],[26.001541,46.444006],[26.001696,46.444119],[26.002003,46.444216],[26.002549,46.444178],[26.003015,46.444148],[26.003878,46.44421],[26.00451,46.44437],[26.005778,46.444809],[26.006075,46.4454],[26.006395,46.445964],[26.006529,46.446564],[26.006639,46.447307],[26.006635,46.447846],[26.00652,46.448317],[26.006215,46.448889],[26.005891,46.449546],[26.005445,46.450197],[26.004936,46.450908],[26.004648,46.452131],[26.004471,46.452928],[26.004579,46.453547],[26.004804,46.454001],[26.005088,46.454752],[26.005463,46.455189],[26.00564,46.455324],[26.00617,46.455727],[26.006392,46.456134],[26.006655,46.456634],[26.006899,46.457164],[26.007029,46.457382],[26.00716,46.4576],[26.007392,46.457973],[26.007635,46.458271],[26.007878,46.458569],[26.007959,46.458611],[26.00804,46.458653],[26.008076,46.458688],[26.008207,46.45884],[26.008494,46.458992],[26.008781,46.459108],[26.008933,46.459113],[26.00914,46.459121],[26.009731,46.45914],[26.010342,46.459066],[26.010823,46.459055],[26.011525,46.459044],[26.01215,46.459096],[26.012644,46.459166],[26.013257,46.459271],[26.013778,46.45944],[26.014339,46.459663],[26.015382,46.459964],[26.016205,46.460465],[26.016531,46.460589],[26.01678,46.460759],[26.016894,46.460978],[26.016956,46.461032],[26.01701,46.461162],[26.017025,46.461425],[26.016991,46.461511],[26.016964,46.461578],[26.01697,46.461659],[26.016908,46.461894],[26.016765,46.462119],[26.016605,46.462375],[26.016451,46.462517],[26.01622,46.462764],[26.015905,46.463266],[26.015842,46.463425],[26.01571,46.46376],[26.015642,46.463866],[26.015337,46.464342],[26.01517,46.464602],[26.015043,46.464815],[26.014855,46.465173],[26.014511,46.465676],[26.014257,46.465961],[26.01408,46.466075],[26.014014,46.466097],[26.013854,46.466188],[26.013495,46.466431],[26.013235,46.466579],[26.012987,46.466765],[26.012887,46.466883],[26.01261,46.46731],[26.012266,46.467656],[26.011913,46.468116],[26.011811,46.468277],[26.01173,46.468393],[26.01163,46.468611],[26.011563,46.468877],[26.011546,46.469182],[26.011742,46.469808],[26.011863,46.469991],[26.011933,46.470073],[26.012269,46.470325],[26.012529,46.470469],[26.012828,46.470607],[26.013294,46.470878],[26.013352,46.470912],[26.013799,46.471083],[26.013856,46.4711],[26.014505,46.471303],[26.014638,46.471345],[26.015031,46.471737],[26.01549,46.472126],[26.016268,46.472509],[26.016634,46.472753],[26.01674,46.473023],[26.016846,46.473294],[26.017079,46.473755],[26.017209,46.474273],[26.017207,46.474596],[26.017087,46.475218],[26.017098,46.476238],[26.016789,46.476932],[26.016463,46.477521],[26.016305,46.47764],[26.016146,46.477759],[26.015329,46.478106],[26.013782,46.478589],[26.012882,46.478691],[26.011843,46.478962],[26.011155,46.479262],[26.010543,46.479556],[26.010099,46.479803],[26.009655,46.48005],[26.009229,46.480178],[26.00872,46.480175],[26.008116,46.480272],[26.007614,46.480537],[26.007071,46.480953],[26.006751,46.481363],[26.006603,46.481609],[26.006716,46.482099],[26.006999,46.482531],[26.007337,46.482769],[26.007758,46.482998],[26.008063,46.48331],[26.008573,46.483788],[26.008813,46.484187],[26.009241,46.484614],[26.009961,46.485267],[26.010895,46.485878],[26.011448,46.486036],[26.011622,46.486142],[26.011898,46.48624],[26.012548,46.486382],[26.013106,46.486605],[26.013344,46.486736],[26.013958,46.487071],[26.014337,46.487434],[26.014678,46.487836],[26.015079,46.488218],[26.015556,46.488592],[26.015726,46.489172],[26.015773,46.489477],[26.016235,46.489906],[26.016571,46.490327],[26.016818,46.490561],[26.017144,46.490981],[26.017522,46.491437],[26.017982,46.49183],[26.018988,46.492316],[26.019295,46.492363],[26.022435,46.491864],[26.02302,46.49176],[26.02352,46.491696],[26.025143,46.491463],[26.025298,46.491454],[26.026909,46.491527],[26.027831,46.491506],[26.028735,46.491467],[26.029026,46.491431],[26.030134,46.491253],[26.031144,46.491107],[26.032195,46.49105],[26.032989,46.491151],[26.033354,46.491172],[26.033797,46.49115],[26.034067,46.491159],[26.03453,46.491221],[26.035231,46.491285],[26.035901,46.491421],[26.03621,46.491456],[26.036538,46.491478],[26.037096,46.491498],[26.037485,46.491516],[26.03831,46.491596],[26.038572,46.491636],[26.038647,46.491646],[26.059277,46.486912],[26.063097,46.487426],[26.063081,46.487294],[26.063124,46.487124],[26.063216,46.48708],[26.063449,46.487172],[26.063719,46.487347],[26.063859,46.487378],[26.064034,46.487448],[26.064806,46.487273],[26.065584,46.487013],[26.06632,46.486803],[26.067034,46.486636],[26.067692,46.486374],[26.068362,46.486165],[26.068859,46.486099],[26.06958,46.485927],[26.070485,46.485703],[26.072153,46.485199],[26.07336,46.484879],[26.074187,46.484627],[26.074385,46.484558],[26.07456,46.484495],[26.075138,46.486393],[26.07552,46.487576],[26.075904,46.489149],[26.546059,46.552363],[26.781057,46.513872],[26.926532,46.413667],[27.144744,46.197214],[27.17272,46.045964],[27.234267,45.882616],[27.200696,45.777352],[27.094387,45.695342],[27.016055,45.609298],[26.947168,45.523974]]]]},"properties":{"alert_id":"5acb2b09469978c5","source":"nowcasting","alert_type":"nowcasting","feature_id":"190ebdd475f4d63a76","judet_cod":"BC","judet_nume":"Bacău","county_code":"BC","county_name":"Bacău","cod_judet":"BC","cod_culoare":1,"cod_culoare_nume":"Galben","culoare":"1","cod":"Galben","fenomen_principal":"Local averse care vor acumula 15...25 l/mp, descărcări electrice, intensificări ale vântului și vilelie cu viteze de 40...60 km/h, grindină cu diametrul de 1...2 cm.","fenomen_group":"ploi/vijelii","zona_text":"Județul Bacău: Onești, Moinești, Comănești, Târgu Ocna, Dărmănești, Sascut, Dofteana, Oituz, Poduri, Răcăciuni, Helegiu, Asău, Cleja, Agăș, Mănăstirea Cașin, Berești-Tazlău, Faraoani, Slănic-Moldova, Berzunți, Căiuți, Livezi, Târgu Trotuș, Bârsănești, Nicolae Bălcescu, Pârgărești, Măgirești, Sănduleni, Orbeni, Ștefan cel Mare, Urechești, Palanca, Valea Seacă, Cașin, Parava, Scorțeni, Coțofănești, Gura Văii, Buciumi, Strugari, Ardeoani, Bogdănești;","zona_nume":"Bacău - localitati","zone_name":"Bacău - localitati","display_name":"Bacău - localitati","localities":["Onești","Moinești","Comănești","Târgu Ocna","Dărmănești","Sascut","Dofteana","Oituz","Poduri","Răcăciuni","Helegiu","Asău","Cleja","Agăș","Mănăstirea Cașin","Berești-Tazlău","Faraoani","Slănic-Moldova","Berzunți","Căiuți","Livezi","Târgu Trotuș","Bârsănești","Nicolae Bălcescu","Pârgărești","Măgirești","Sănduleni","Orbeni","Ștefan cel Mare","Urechești","Palanca","Valea Seacă","Cașin","Parava","Scorțeni","Coțofănești","Gura Văii","Buciumi","Strugari","Ardeoani","Bogdănești"],"geometry_source":"coordGis","match_confidence":"high","interval_text":"","interval_start":"2026-07-14T13:30:00","valid_from":"2026-07-14T13:30:00","valid_to":"2026-07-14T15:00:00","interval_valabilitate_text":"","interval_end":"2026-07-14T15:00:00","data_expirare":"2026-07-14T15:00:00","mesaj_plain":"Local averse care vor acumula 15...25 l/mp, descărcări electrice, intensificări ale vântului și vilelie cu viteze de 40...60 km/h, grindină cu diametrul de 1...2 cm.","source_url":"","source_label":"","notes":"","durata_ore":1.5,"zi":"2026-07-14"}},{"type":"Feature","geometry":{"type":"MultiPolygon","coordinates":[[[[26.994974,47.527588],[27.014898,47.525627],[26.958832,47.404707],[26.987907,47.325358],[26.86111,47.315867],[26.68861,47.256533],[26.690078,47.244724],[26.71469,47.171368],[26.725264,47.136462],[26.683207,47.133366],[26.589948,47.133366],[26.472264,47.133366],[26.339037,47.110703],[26.312392,47.163569],[26.307951,47.239],[26.201369,47.505166],[26.283526,47.53066],[26.494469,47.551645],[26.68584,47.574793],[26.797744,47.560636],[26.994974,47.527588]]]]},"properties":{"alert_id":"103663e53cba7645","source":"nowcasting","alert_type":"nowcasting","feature_id":"aad63fbd4d56c23fe3","judet_cod":"BT","judet_nume":"Botoșani","county_code":"BT","county_name":"Botoșani","cod_judet":"BT","cod_culoare":1,"cod_culoare_nume":"Galben","culoare":"1","cod":"Galben","fenomen_principal":"Averse care vor acumula 15...25 l/mp, descărcări electrice, intensificări ale vântului și vilelie cu viteze de 40...60 km/h, grindină cu diametrul de 1...2 cm.","fenomen_group":"ploi/vijelii","zona_text":"Județul Botoşani: Vorona, Frumușica, Tudora, Prăjeni;<br>Județul Suceava: Fălticeni, Dolhasca, Liteni, Preutești, Forăști, Boroaia, Vadu Moldovei, Rădășeni, Dolhești, Vulturești, Bogdănești, Drăgușeni, Bunești, Fântâna Mare, Hârtop;<br>Județul Neamţ: Târgu Neamț, Vânători-Neamț, Răucești, Grumăzești, Petricani, Agapia, Urecheni, Timișești, Brusturi, Păstrăveni, Drăgănești;<br>Județul Iaşi: Pașcani, Hârlău, Deleni, Cotnari, Scobinți, Lespezi, Tătăruși, Stolniceni-Prăjescu, Valea Seacă, Miroslovești, Moțca, Vânători, Ceplenița, Todirești, Cristești, Sirețel, Ciohorăni;<br>","zona_nume":"Botoșani - localitati","zone_name":"Botoșani - localitati","display_name":"Botoșani - localitati","localities":["Vorona","Frumușica","Tudora","Prăjeni"],"geometry_source":"coordGis","match_confidence":"high","interval_text":"","interval_start":"2026-07-14T10:40:00","valid_from":"2026-07-14T10:40:00","valid_to":"2026-07-14T12:00:00","interval_valabilitate_text":"","interval_end":"2026-07-14T12:00:00","data_expirare":"2026-07-14T12:00:00","mesaj_plain":"Averse care vor acumula 15...25 l/mp, descărcări electrice, intensificări ale vântului și vilelie cu viteze de 40...60 km/h, grindină cu diametrul de 1...2 cm.","source_url":"","source_label":"","notes":"","durata_ore":1.3,"zi":"2026-07-14"}},{"type":"Feature","geometry":{"type":"MultiPolygon","coordinates":[[[[26.757439467763227,47.28482561787364],[26.772533932622835,47.29123434849529],[26.77801348874324,47.28872085755268],[26.773355502426714,47.284504624955424],[26.77951724574549,47.27926788727851],[26.775671977253012,47.27748022726939],[26.783806145928406,47.26883113413657],[26.775205401249654,47.26545591763237],[26.781172180061336,47.25816556436365],[26.774832326059443,47.25572817624104],[26.78054086475748,47.249204527889745],[26.776491371420914,47.24558765319238],[26.78209040752794,47.24607912446827],[26.778454668128806,47.24236509937213],[26.780971064016686,47.23928836731455],[26.786611444282908,47.24399427893071],[26.79426213158806,47.24046399206802],[26.7935950340935,47.22794610527132],[26.798758459364265,47.22850206536043],[26.800546740098497,47.226415962646605],[26.79549660265927,47.2247428558082],[26.80376827688085,47.21687855627023],[26.790255773815336,47.21454451051974],[26.786750421232714,47.217198335086586],[26.785502698541325,47.21223313324395],[26.783055623526693,47.21272178384998],[26.781066794146003,47.209851788270356],[26.77276628687108,47.21362526608281],[26.77381717024184,47.215520143942456],[26.779614023136222,47.2138204791455],[26.782434923596075,47.215379901872296],[26.78399343428913,47.21875733370604],[26.780406883985602,47.222191514677874],[26.759680161756744,47.220542466804915],[26.758003566867124,47.22685951537428],[26.746233739538567,47.22649664120275],[26.747147149013074,47.22410051933335],[26.7394375024005,47.22402991909913],[26.736986423873795,47.21965356800692],[26.70374936102485,47.2122663696496],[26.701230765457225,47.215036451907025],[26.690625011170333,47.212025830874005],[26.685832831038397,47.20690796751563],[26.675125734899513,47.2033760440864],[26.668461579362926,47.20301564667941],[26.66097242382703,47.20688096392662],[26.65831376664683,47.20625684455352],[26.654813695990825,47.21187737227973],[26.658181985736576,47.21917249606254],[26.651274650492805,47.225827019745005],[26.65283305597677,47.22671541412165],[26.646831300037302,47.22756104250687],[26.65016597038724,47.23378629964514],[26.639108550365265,47.25014107942857],[26.635313452522276,47.249582558467125],[26.63618899396091,47.25181432980022],[26.640981881770582,47.25361909179487],[26.644795393902886,47.249726211472165],[26.67404716001883,47.258265355115874],[26.69292147765254,47.270366991922224],[26.68803081037041,47.27585611281218],[26.709544121896545,47.28239204020507],[26.70609779133284,47.288199047688906],[26.71493311950178,47.29043298408077],[26.712951027832556,47.29387202820202],[26.716048633131447,47.29486749391057],[26.710505976769124,47.30308314565715],[26.726921103253265,47.30353144390544],[26.726765728193,47.298669490640236],[26.74286525802011,47.29809156601888],[26.750816747909287,47.29070195295286],[26.755520601547413,47.28993421749074],[26.754272298643688,47.28787778541915],[26.757439467763227,47.28482561787364]]],[[[26.718789945439912,47.51527932729272],[26.730444308771474,47.51176844850075],[26.73701974568325,47.50634185259081],[26.750927017920915,47.503034358854194],[26.774118730082925,47.50386556769808],[26.78790838643273,47.49986368857576],[26.79483674066026,47.50225666795497],[26.796767445332893,47.50083414269739],[26.812505310199708,47.50770360941017],[26.81780075904201,47.50801247553756],[26.82841400111915,47.501056221815325],[26.835838203021677,47.50140539091381],[26.837707514241657,47.49725097451759],[26.84731820685902,47.49523915135288],[26.86450798318217,47.49507011152506],[26.866094948667655,47.49643754138532],[26.879142350551536,47.49163591741697],[26.90955087927183,47.4920095422396],[26.92023050604925,47.49395595399901],[26.92925814052511,47.49217323711646],[26.945824626555783,47.4972693020271],[26.968011769873012,47.49353997869553],[26.977366630316443,47.49621852504642],[26.98337171784452,47.490760142068694],[26.99053570464912,47.49256278298961],[27.008248849937768,47.47544088398629],[27.005196174400332,47.481616084202415],[27.006789642670913,47.48551086696974],[27.012290730197307,47.480048493148864],[27.009570419874674,47.47826985156395],[27.016591703088228,47.46911815795435],[27.013230021855783,47.46863323707966],[27.01000702478001,47.47249499997614],[27.012029851104455,47.46957702675842],[27.005262094975414,47.46650590495399],[27.00916368785292,47.462643561097295],[27.012370050643344,47.46454198937715],[27.022406128524704,47.461323770407375],[27.02725633305992,47.45753219532646],[27.02675647428761,47.45403928077291],[27.033687136359692,47.4487142664331],[26.98721904671522,47.44305709810177],[26.968603299142035,47.43615303183344],[26.969522246665747,47.43179855242503],[26.966758024950092,47.43040591991813],[26.951754711775965,47.43011316262166],[26.948930692961827,47.43746123252192],[26.920840452099274,47.43488080569892],[26.91758036638909,47.4374374982304],[26.889877376311834,47.430697954089986],[26.85058301762954,47.440842547107586],[26.845011084230585,47.44450176683242],[26.846626169087024,47.446396391085294],[26.840541604973787,47.45821664774377],[26.83266846948886,47.459407246808325],[26.827826926804885,47.44961176589607],[26.813336679630066,47.44357856055889],[26.816309118112503,47.44068879077529],[26.821416879221676,47.4403982272807],[26.834913533186253,47.44575302599027],[26.842409651655206,47.43789838839149],[26.83140598270769,47.42907274116997],[26.804167684680387,47.42438608852605],[26.80616275312476,47.42770880809205],[26.80393849088905,47.43223989431359],[26.791318607613604,47.42438610863303],[26.791745815558556,47.41814231024206],[26.78418586027537,47.41889632144591],[26.771888020607964,47.423789345209414],[26.764831001846687,47.43169376487269],[26.75744013550537,47.43297215671566],[26.749314916103998,47.443466108145586],[26.751309436780517,47.44605509366651],[26.73964204418738,47.46390735894192],[26.724877701064326,47.47465902514738],[26.71536581343151,47.48618845113625],[26.697556706344212,47.492836722025764],[26.704268986403292,47.499354470676984],[26.698700866165833,47.509404362158485],[26.702293045913,47.510889799483],[26.70936415042072,47.50992276954627],[26.718789945439912,47.51527932729272]]],[[[26.839572844818296,47.392908869408316],[26.83379624209417,47.39205035429679],[26.840988346411784,47.38564695001618],[26.918557017783783,47.365917598867604],[26.92490092177725,47.3674440735113],[26.92827019716573,47.36456505825825],[26.919002615373035,47.36201859609044],[26.915538628576932,47.36411491562429],[26.91244550928398,47.36176084138096],[26.918791027720616,47.358505444460064],[26.925198599649438,47.36273369351869],[26.933218880501144,47.36183580216721],[26.93405068950772,47.36024280476359],[26.93850205381259,47.36216632866925],[26.937624448940976,47.36636001199681],[26.94425664186113,47.36401665589083],[26.94717983009314,47.3652791156487],[26.951719526000193,47.36039740837867],[26.955961880788507,47.36241414107587],[26.946078890530774,47.368669458266325],[26.93409762872586,47.36934374566235],[26.93067302156071,47.37156952745547],[26.929923967370215,47.372881279254436],[26.93798381010562,47.37709125219372],[26.95078378709261,47.37334423014202],[26.963377673904645,47.364910416501246],[26.96740007385808,47.36626877699899],[26.970679656592147,47.361835570346955],[26.97565658750295,47.36453930912437],[26.970812031708252,47.36984943939285],[27.01012398669331,47.377104038770966],[27.00717984443093,47.37348339309259],[27.01380457919246,47.37280603964105],[27.030868227708147,47.37448443779648],[27.033875874916028,47.37697648408644],[27.041218426978112,47.374672638606675],[27.057255358050043,47.3761823582963],[27.063913030393298,47.367118509263136],[27.05897980508421,47.36438854294222],[27.060893807200298,47.36128849534856],[27.055351535819867,47.3567905057222],[27.069496451723456,47.34701555656834],[27.057374757613786,47.33726529598241],[27.046437174040307,47.3240721730862],[27.040175468765085,47.328427606470406],[27.03649669674142,47.32649598358127],[27.04363740314775,47.32119771742652],[27.037070033380655,47.31508505810606],[27.028733261958344,47.31970333630854],[27.025729056192574,47.317066830925874],[27.01610783483363,47.32199141722319],[27.011747431298673,47.32148952623992],[27.01947990079236,47.31166408448104],[27.014045602126906,47.30974823806285],[27.014254967976235,47.307936833283044],[27.004648315432263,47.30834762674696],[27.003837720156902,47.306186153982935],[27.000845308361335,47.30628490319457],[26.990117344523227,47.308841981029225],[26.980666549209367,47.30582789824496],[26.976908233916507,47.30894553288173],[26.975164789834498,47.30511759996926],[26.959846597870804,47.31545735305482],[26.946895480487463,47.30881193321491],[26.939520709746308,47.314675047522414],[26.934858896734553,47.3151665884536],[26.93832851361569,47.32148612358406],[26.92954670720512,47.321250997787715],[26.92817665049899,47.31875560694303],[26.921838708864993,47.31954334232899],[26.920310849993967,47.316038068741484],[26.909100891187975,47.321216247588865],[26.90445447659519,47.32074919528841],[26.901801166925534,47.32751773762915],[26.892323198338136,47.33053611703312],[26.882224223849143,47.33862519204448],[26.8726892730993,47.33947706957093],[26.858741366436504,47.34491072655823],[26.837746291452376,47.35775567217915],[26.832056245290236,47.36448147914177],[26.81156449752718,47.37769540434987],[26.809833439942924,47.38211082736114],[26.804585944970942,47.38130689411984],[26.807692925531516,47.387043322814975],[26.801698117686808,47.38744934248109],[26.786509196960036,47.393644672021196],[26.780093295243283,47.39906443069541],[26.78116597601152,47.40095918991518],[26.786861793066276,47.400503761688995],[26.787085796144925,47.404733780756395],[26.818133836093203,47.39942234768699],[26.822918870281242,47.39707247809816],[26.83037699643144,47.39738930998713],[26.83306484889394,47.393702536354],[26.839572844818296,47.392908869408316]]],[[[27.08225469237844,47.464384354568274],[27.085647501613423,47.433244333321746],[27.080717678270997,47.42904002885093],[27.085793693604078,47.426178599310504],[27.082296242056096,47.42253449942989],[27.084936695905913,47.421305702380835],[27.093396458515937,47.426328711152394],[27.098224800109072,47.42486397446665],[27.08418645291493,47.41628417060406],[27.07381037126033,47.42357989378499],[27.070295685257534,47.4214533780077],[27.066489993374123,47.42421676977082],[27.061660493283323,47.42108376852271],[27.060528434104857,47.41515488387188],[27.04838558555448,47.407526555082235],[26.971729744483735,47.39692077342839],[26.95894678602186,47.393095896789376],[26.959843564769425,47.39023680212193],[26.95155461881137,47.389252052032994],[26.950775785161937,47.391248772242115],[26.926915951293655,47.38482698712872],[26.91103172694283,47.38588594835617],[26.905083608202457,47.38401684928408],[26.85865358997772,47.393596535137846],[26.850883895773958,47.39409873800848],[26.851973301544415,47.39246509470424],[26.844869833137764,47.395008469855554],[26.841413892202105,47.393012072839845],[26.83306484889394,47.393702536354],[26.83037699643144,47.39738930998713],[26.822918870281242,47.39707247809816],[26.818133836093203,47.39942234768699],[26.785332406762503,47.405096282175684],[26.794850456677477,47.41072970010271],[26.80877975884434,47.411001432346175],[26.83337105101307,47.407396255821226],[26.852223404505537,47.41005472222673],[26.850381810490198,47.41545472042078],[26.868770985922765,47.42136919530565],[26.873290220096475,47.42535825296393],[26.880534881216402,47.42554088605935],[26.887171945191646,47.428377751055564],[26.894447447889846,47.428325136133815],[26.8953125747405,47.425575072771366],[26.908607031908883,47.42355971320303],[26.91714741244324,47.41735531035639],[26.920450114422167,47.4183684821572],[26.92531942694377,47.41643823034927],[26.93195524064156,47.41882078600981],[26.939075233896055,47.41845115016401],[26.988828348356716,47.425994997673016],[26.998951161432107,47.428155315678325],[26.99967215631313,47.430756868095315],[27.009445827452645,47.42482655402754],[27.013656607525505,47.42615154611849],[27.010236099812303,47.43069772415725],[27.042187271334047,47.43835205325662],[27.04981829475703,47.45171327793569],[27.04916214641226,47.46621288399503],[27.06472632007458,47.46189836837078],[27.072593332863626,47.46507655855888],[27.08225469237844,47.464384354568274]]],[[[26.69006017520916,47.40405197504329],[26.697764286133342,47.398710720003955],[26.689658914153295,47.393143824311885],[26.716357112308856,47.369606625217585],[26.720936437554922,47.37176969022324],[26.72039322720763,47.36738810190899],[26.73012828184982,47.36686704725394],[26.731552614662434,47.37565125374639],[26.740115310468564,47.36921710484909],[26.741460340333518,47.35902951249636],[26.74909853637011,47.34419203769317],[26.742186215375924,47.34422946047936],[26.74389366205352,47.33915298211762],[26.735643097417125,47.33755511802893],[26.730323789021003,47.33677122786324],[26.720854049657706,47.33992666844902],[26.707601578703837,47.34041224897186],[26.70184446462351,47.33647397983753],[26.707637892747027,47.330325951090835],[26.70710492814201,47.32615001957158],[26.71218788133374,47.324460118997614],[26.712358834332523,47.31950434944766],[26.707339075620485,47.31697420297852],[26.707672310220566,47.31425717836283],[26.711768243097687,47.311897113740876],[26.7206108493734,47.31317035818812],[26.726130659576206,47.31018953655374],[26.726921103253265,47.30353144390544],[26.721801865544045,47.3023033959502],[26.69847908111713,47.30392632440461],[26.698195698746538,47.31014884468494],[26.682171551827192,47.31114196599934],[26.64781444807289,47.32050208372369],[26.652040006708344,47.327229846655335],[26.649228114085542,47.32762318166274],[26.648338422904292,47.33646182784491],[26.64250508087621,47.34427635288087],[26.645566262231423,47.3465717572161],[26.63738867545476,47.35197448040861],[26.618363786885524,47.34943102192936],[26.609636382362254,47.35532419468237],[26.628553457395746,47.35520606905184],[26.63576959523899,47.35794852569195],[26.667285203097027,47.36022236240051],[26.67134983289647,47.358838819471046],[26.68124510898346,47.36139916183141],[26.684061187575576,47.36512302612438],[26.67988576983455,47.368121246595585],[26.672132226518013,47.364256870426736],[26.663221161588826,47.367791265279834],[26.665254695356243,47.370486064440776],[26.677371735477188,47.37248608939845],[26.67900158785941,47.37598931750327],[26.67663706096996,47.37898168286971],[26.669206664761695,47.38071744756358],[26.670138299371867,47.385084205293694],[26.65752607062163,47.3930812007961],[26.65029918590314,47.39057250695146],[26.65121136734138,47.39577373735996],[26.64397522982148,47.39879065049912],[26.648170929247293,47.40138853645733],[26.669088057885133,47.40634339062339],[26.6802865346888,47.41182002214791],[26.679519749011995,47.41337778952363],[26.68098941256166,47.41207569960281],[26.688554082859174,47.41419928879231],[26.69130739446958,47.409644382222034],[26.69006017520916,47.40405197504329]]],[[[26.609636382362254,47.35532419468237],[26.618363786885524,47.34943102192936],[26.63738867545476,47.35197448040861],[26.645566262231423,47.3465717572161],[26.64250508087621,47.34427635288087],[26.648338422904292,47.33646182784491],[26.649228114085542,47.32762318166274],[26.652040006708344,47.327229846655335],[26.64781133191382,47.32049747130667],[26.64537095338786,47.32127959027894],[26.63866256464807,47.3145347282507],[26.62132950607734,47.30617073136392],[26.613569158369895,47.312767848831164],[26.611493364652144,47.31845847691523],[26.601333092630416,47.3259555818574],[26.577785974815168,47.327373736255346],[26.577863608120403,47.325977503733895],[26.573272410104,47.32599249877371],[26.567802421268,47.32787889570743],[26.566017524067266,47.324622598072615],[26.561772027672202,47.32370939987036],[26.56353680552805,47.315078560282615],[26.55239814191096,47.30899411135534],[26.549732385860228,47.31314727590213],[26.55291004559738,47.314871493386086],[26.55022868812286,47.317935189661384],[26.54127743765699,47.315391379311485],[26.521288155909776,47.34020300292156],[26.510891077984784,47.33526321114893],[26.501977771737934,47.35047673598683],[26.49698860590429,47.34991657198919],[26.49537859497269,47.35270349995473],[26.49905092969305,47.35416909224924],[26.49770674395467,47.35624967675843],[26.501929717487762,47.35682517075369],[26.498803701448825,47.361849446678264],[26.508859792825614,47.36313180617251],[26.504808305374066,47.365660837439094],[26.502565704607868,47.37193808412243],[26.506791228833205,47.37243165896118],[26.505111314734407,47.37670309173511],[26.494712561170005,47.384178504937985],[26.496214538334186,47.38582095992869],[26.492986165876214,47.392341066644335],[26.527463351826704,47.40463982361214],[26.5269367807984,47.39910827566093],[26.532929763082038,47.38979499492769],[26.570896397867248,47.389425399081695],[26.570565930814517,47.376276163044416],[26.599345646811187,47.36735762545399],[26.609636382362254,47.35532419468237]]],[[[26.77276628687108,47.21362526608281],[26.783279712269888,47.20768724944825],[26.78807158252407,47.2092093157593],[26.798365574938714,47.20740386802046],[26.797720138296427,47.202345077289465],[26.814753871931238,47.20176228392348],[26.815206890103724,47.196724835146995],[26.812035805672643,47.196807513946425],[26.814120173169698,47.19028768130277],[26.808057298687512,47.189224319745826],[26.806171291811687,47.181075336548304],[26.80196493133886,47.180824747556564],[26.80163100876143,47.17901505051821],[26.811531616940663,47.175383326444404],[26.8161411033264,47.17060895577543],[26.808046663435576,47.172126460971754],[26.798341269283576,47.16978662926025],[26.802658736380057,47.1667298315948],[26.77602903608941,47.157606501752056],[26.7507524133745,47.144858764774476],[26.747468958241495,47.14671763753884],[26.743499414667472,47.14124202733925],[26.73941449916618,47.14304059908436],[26.73588095599921,47.142060717909025],[26.73275380292452,47.15456727139893],[26.72937320992552,47.1579731180428],[26.72544292221527,47.16028442113975],[26.716454947947224,47.16022797866868],[26.712334730513106,47.16653296625646],[26.716630196829513,47.16800459596351],[26.715147683937975,47.169768905797454],[26.691073184262557,47.163584692808506],[26.679308174249684,47.17807140313172],[26.683503299025826,47.17981975016984],[26.674590519867746,47.18773634976156],[26.67570045252309,47.189579169023936],[26.672974687354532,47.188818856166215],[26.666157219883996,47.19534604557074],[26.663510016506105,47.204393363243],[26.66756405215311,47.20461734231741],[26.668461579362926,47.20301564667941],[26.67865828113665,47.204240945123594],[26.685832831038397,47.20690796751563],[26.690625011170333,47.212025830874005],[26.701230765457225,47.215036451907025],[26.70374936102485,47.2122663696496],[26.736986423873795,47.21965356800692],[26.7394375024005,47.22402991909913],[26.747147149013074,47.22410051933335],[26.747446635857955,47.22657032598549],[26.758003566867124,47.22685951537428],[26.759680161756744,47.220542466804915],[26.780406883985602,47.222191514677874],[26.78399343428913,47.21875733370604],[26.782434923596075,47.215379901872296],[26.779614023136222,47.2138204791455],[26.77381717024184,47.215520143942456],[26.77276628687108,47.21362526608281]]],[[[26.64537095338786,47.32127959027894],[26.682171551827192,47.31114196599934],[26.698195698746538,47.31014884468494],[26.69847908111713,47.30392632440461],[26.710505976769124,47.30308314565715],[26.716048633131447,47.29486749391057],[26.712951027832556,47.29387202820202],[26.71493311950178,47.29043298408077],[26.70609779133284,47.288199047688906],[26.709544121896545,47.28239204020507],[26.68803081037041,47.27585611281218],[26.69292147765254,47.270366991922224],[26.67456374879021,47.25855707979744],[26.644795393902886,47.249726211472165],[26.640981881770582,47.25361909179487],[26.63618899396091,47.25181432980022],[26.638490813277414,47.25406126359006],[26.63503856052626,47.25353924688976],[26.628308761514916,47.27782154675057],[26.622041057560136,47.28784582506118],[26.62093356671866,47.303672307450356],[26.62132950607734,47.30617073136392],[26.63866256464807,47.3145347282507],[26.64537095338786,47.32127959027894]]],[[[26.66097242382703,47.20688096392662],[26.666157219883996,47.19534604557074],[26.672974687354532,47.188818856166215],[26.67570045252309,47.189579169023936],[26.674590519867746,47.18773634976156],[26.683503299025826,47.17981975016984],[26.679308174249684,47.17807140313172],[26.691073184262557,47.163584692808506],[26.715147683937975,47.169768905797454],[26.716630196829513,47.16800459596351],[26.712334730513106,47.16653296625646],[26.716454947947224,47.16022797866868],[26.72544292221527,47.16028442113975],[26.730831200511247,47.15639033171188],[26.700315195144398,47.15416452001093],[26.69818191563474,47.156669905495995],[26.688324231923666,47.15035098486637],[26.683915549404077,47.153477203860874],[26.664318325205905,47.14169365661059],[26.669628174939792,47.138610913111165],[26.667766304717034,47.13746030454458],[26.672220819122103,47.133599021328976],[26.665891237291245,47.13022555544493],[26.6675662354044,47.12420170614621],[26.655116458266136,47.119864469057774],[26.659779527641536,47.11125216497332],[26.678652463348477,47.11658615558241],[26.679962119092522,47.115212505422704],[26.69213113172204,47.12081081727381],[26.694181288608025,47.11928838114988],[26.646315325442966,47.09492333786461],[26.63446619689214,47.0926262501728],[26.61460199069305,47.109558567635275],[26.61613270036049,47.1125062882271],[26.61303382553072,47.11495879481538],[26.615948059813874,47.11686102649406],[26.615816996838635,47.12759729010919],[26.62260302842972,47.132152101395874],[26.611724396505515,47.13503709350667],[26.60962241476583,47.1404641520326],[26.613692138464742,47.14650624062798],[26.602416993638595,47.15071516296314],[26.60011926204472,47.1542210968414],[26.602186860165308,47.15755198915417],[26.609100497118884,47.16023568333276],[26.60588805744658,47.16376253518176],[26.61068508598407,47.16814438193431],[26.6040523386147,47.168422073632655],[26.602115099934597,47.17275898120962],[26.605189837698443,47.176882264145846],[26.613786656104104,47.18079021726749],[26.61826797231751,47.17791411383702],[26.629268947239908,47.181545586021585],[26.628369438515033,47.18365831171618],[26.632045785672876,47.1805734707144],[26.63468925648407,47.182490796625075],[26.63496907066577,47.18985303258619],[26.629026047641702,47.194774814019006],[26.636219833491833,47.20529158017352],[26.648632992849286,47.20670614355133],[26.652191920908038,47.20280574411175],[26.66097242382703,47.20688096392662]]],[[[26.628518720070673,47.27109949147805],[26.63503856052626,47.25353924688976],[26.638490813277414,47.25406126359006],[26.635313452522276,47.249582558467125],[26.639108550365265,47.25014107942857],[26.65016597038724,47.23378629964514],[26.646831300037302,47.22756104250687],[26.65283305597677,47.22671541412165],[26.651274650492805,47.225827019745005],[26.658570500303387,47.21836861927196],[26.654813695990825,47.21187737227973],[26.65861056549549,47.205345487342626],[26.652191920908038,47.20280574411175],[26.648632992849286,47.20670614355133],[26.636219833491833,47.20529158017352],[26.629026047641702,47.194774814019006],[26.63496907066577,47.18985303258619],[26.63468925648407,47.182490796625075],[26.632045785672876,47.1805734707144],[26.628369438515033,47.18365831171618],[26.629268947239908,47.181545586021585],[26.61826797231751,47.17791411383702],[26.611224734728594,47.18246169114993],[26.615887428171334,47.18378640715619],[26.608579261339784,47.19290116774094],[26.60930976481185,47.19699314711635],[26.60619751331223,47.19976958273274],[26.590543703993756,47.19901155235514],[26.598779489627557,47.20304316690888],[26.574170998358714,47.21853682511858],[26.579150535215824,47.22272942698165],[26.578260129476018,47.22818545852599],[26.57960346259553,47.2268128707093],[26.597655766652228,47.25446517916094],[26.595439424273387,47.25609987222406],[26.598704779223937,47.26172169691058],[26.606818087126346,47.26180661243542],[26.60894241255314,47.26546596626491],[26.60568138210912,47.27019590164706],[26.609167578046623,47.2715475594906],[26.617016723585724,47.267501923691015],[26.621581116731708,47.27078569803481],[26.6219633892626,47.26932874626585],[26.628518720070673,47.27109949147805]]],[[[27.056265924752385,47.37615726540518],[27.041218426978112,47.374672638606675],[27.033875874916028,47.37697648408644],[27.030868227708147,47.37448443779648],[27.01380457919246,47.37280603964105],[27.00717984443093,47.37348339309259],[27.01012398669331,47.377104038770966],[26.970812031708252,47.36984943939285],[26.97565658750295,47.36453930912437],[26.970679656592147,47.361835570346955],[26.96740007385808,47.36626877699899],[26.963377673904645,47.364910416501246],[26.95078378709261,47.37334423014202],[26.93798381010562,47.37709125219372],[26.929923967370215,47.372881279254436],[26.93067302156071,47.37156952745547],[26.93409762872586,47.36934374566235],[26.946078890530774,47.368669458266325],[26.955961880788507,47.36241414107587],[26.951719526000193,47.36039740837867],[26.94717983009314,47.3652791156487],[26.94425664186113,47.36401665589083],[26.937624448940976,47.36636001199681],[26.93850205381259,47.36216632866925],[26.93405068950772,47.36024280476359],[26.933218880501144,47.36183580216721],[26.925198599649438,47.36273369351869],[26.918791027720616,47.358505444460064],[26.91244550928398,47.36176084138096],[26.915538628576932,47.36411491562429],[26.91767072009758,47.36234172058317],[26.919002615373035,47.36201859609044],[26.92827019716573,47.36456505825825],[26.92490092177725,47.3674440735113],[26.918557017783783,47.365917598867604],[26.840988346411784,47.38564695001618],[26.833789137336876,47.39212509716196],[26.8436598895512,47.393348077888824],[26.844869833137764,47.395008469855554],[26.849209543670927,47.39276458374554],[26.854717881373887,47.3940385646912],[26.891033349439507,47.388083198517734],[26.904912563328008,47.38401966060059],[26.91103172694283,47.38588594835617],[26.926915951293655,47.38482698712872],[26.950775785161937,47.391248772242115],[26.95155461881137,47.389252052032994],[26.959843564769425,47.39023680212193],[26.95894678602186,47.393095896789376],[26.971729744483735,47.39692077342839],[27.04838558555448,47.407526555082235],[27.062471413810737,47.41646263651526],[27.06542942853931,47.41376591365654],[27.06982451758045,47.41420027848685],[27.078345367824486,47.397280351769396],[27.0833134126277,47.39458385993191],[27.073272015840367,47.38548862755371],[27.056265924752385,47.37615726540518]]],[[[26.90499856473979,47.32060087887179],[26.924475668040923,47.311267273158876],[26.920366719080015,47.307487158416556],[26.92164109952889,47.30588493503407],[26.91706734246418,47.30539881304858],[26.905682373965018,47.297994141255145],[26.910116439111565,47.294937843198554],[26.900981968214293,47.29128313348211],[26.898761283225475,47.29583803269853],[26.89438980140935,47.294547812208634],[26.891757352958248,47.30020742261297],[26.877951740446225,47.3091845416037],[26.860425639235977,47.299875883003175],[26.855220154145833,47.31388593982118],[26.858469245127193,47.31567418668329],[26.855983068068035,47.31982250878288],[26.843526867939214,47.310719120725466],[26.84466396490912,47.306623493943924],[26.838956399455302,47.30260228427991],[26.839085451292632,47.298707208324444],[26.836186497643506,47.29685339756822],[26.829219562960077,47.30270161761725],[26.824688916019618,47.29945513157884],[26.814503288017995,47.310232046645794],[26.81654335848832,47.31060530969263],[26.808203919390667,47.31607895987697],[26.80819820654414,47.33665510956078],[26.803222409669704,47.33672862486572],[26.807774726642606,47.33954059880322],[26.814893902906714,47.33371661079882],[26.820624074815512,47.33642102398949],[26.809638082001904,47.34508579623397],[26.808720838325282,47.35267062298575],[26.803512814374304,47.35702391509249],[26.80349216634311,47.36096862394666],[26.79958901368141,47.36146254708837],[26.800358224772857,47.36327089556367],[26.804756975762107,47.363785436137825],[26.80071885182784,47.365782138912536],[26.80081023540981,47.36960638267477],[26.7946707457586,47.36788166906619],[26.78849082570608,47.371237279281246],[26.780344346862513,47.37031002987732],[26.778081700685966,47.38752614645203],[26.788686235212396,47.39297498675674],[26.801698117686808,47.38744934248109],[26.807692925531516,47.387043322814975],[26.804239068457402,47.381603741836976],[26.809833439942924,47.38211082736114],[26.81156449752718,47.37769540434987],[26.832056245290236,47.36448147914177],[26.84072232922235,47.355661370773824],[26.858741366436504,47.34491072655823],[26.8726892730993,47.33947706957093],[26.882224223849143,47.33862519204448],[26.892323198338136,47.33053611703312],[26.901801166925534,47.32751773762915],[26.90499856473979,47.32060087887179]]],[[[26.62132950607734,47.30617073136392],[26.622041057560136,47.28784582506118],[26.629464832103427,47.27244193285132],[26.6219633892626,47.26932874626585],[26.621581116731708,47.27078569803481],[26.617016723585724,47.267501923691015],[26.609167578046623,47.2715475594906],[26.60568138210912,47.27019590164706],[26.60894241255314,47.26546596626491],[26.606818087126346,47.26180661243542],[26.598704779223937,47.26172169691058],[26.595439424273387,47.25609987222406],[26.597655766652228,47.25446517916094],[26.57960346259553,47.2268128707093],[26.578260129476018,47.22818545852599],[26.579150535215824,47.22272942698165],[26.574170998358714,47.21853682511858],[26.567519730177317,47.226171666173116],[26.56630339973909,47.23419433006628],[26.561132994379104,47.23853815862644],[26.546135486604715,47.24550800755645],[26.540073606876135,47.25116806809615],[26.533494789717594,47.25188327046323],[26.531021736238333,47.25572041813706],[26.522266808112988,47.25936831742782],[26.507810519218143,47.271709896469304],[26.546293012609052,47.300841830752866],[26.548467007371784,47.30152402992984],[26.562897476484824,47.29242064388506],[26.564112910788825,47.29665828206322],[26.569911854186557,47.29686083733584],[26.574216870586323,47.30641547647115],[26.564187671439004,47.312335354046965],[26.561780265838795,47.323565806965966],[26.566017524067266,47.324622598072615],[26.567802421268,47.32787889570743],[26.573272410104,47.32599249877371],[26.577863608120403,47.325977503733895],[26.577785974815168,47.327373736255346],[26.601333092630416,47.3259555818574],[26.611493364652144,47.31845847691523],[26.613569158369895,47.312767848831164],[26.62132950607734,47.30617073136392]]],[[[26.774496724250664,47.42230578081634],[26.790492434070465,47.41699549580007],[26.791911949846533,47.410060428503094],[26.785332406762503,47.405096282175684],[26.786861793066276,47.400503761688995],[26.780556875391138,47.399992183216376],[26.779498338788805,47.395832292162],[26.781906232028344,47.3937396476318],[26.77805718123569,47.39351547087052],[26.771227974264306,47.38866122633211],[26.765360737710726,47.392789824189286],[26.76320894661072,47.39005176303314],[26.76111767774022,47.39166145438392],[26.755807634403016,47.38672075682546],[26.756638800537132,47.38203521156663],[26.738654741726748,47.38078167629436],[26.739808466239033,47.371999744984755],[26.730537395268133,47.37564832724137],[26.73012828184982,47.36686704725394],[26.72039322720763,47.36738810190899],[26.720936437554922,47.37176969022324],[26.716357112308856,47.369606625217585],[26.689658914153295,47.393143824311885],[26.697764286133342,47.398710720003955],[26.695977051520597,47.4008143776467],[26.70475403260715,47.41245547178228],[26.70123196978776,47.41992746208801],[26.69171817898972,47.425884575415935],[26.687801747080094,47.436022789392375],[26.68357708435855,47.44006391076814],[26.680399082751727,47.43978513778334],[26.681521680772995,47.46154332040498],[26.684080367098254,47.460408934292495],[26.687204612202937,47.46282807603344],[26.69508679327775,47.4594745433174],[26.69528025229812,47.464995379624845],[26.70059349820329,47.47172977473162],[26.726845198712716,47.472884557802104],[26.739593244705507,47.46395401395078],[26.744919637139933,47.45743518392058],[26.751309436780517,47.44605509366651],[26.749314916103998,47.443466108145586],[26.75744013550537,47.43297215671566],[26.764831001846687,47.43169376487269],[26.774496724250664,47.42230578081634]]],[[[26.730831200511247,47.15639033171188],[26.735901940941815,47.14246149326728],[26.73248075477763,47.13749745554543],[26.707477637083127,47.13043588036888],[26.703794920841993,47.12867064642229],[26.706033959217756,47.12795895641711],[26.679962119092522,47.115212505422704],[26.678652463348477,47.11658615558241],[26.659779527641536,47.11125216497332],[26.655116458266136,47.119864469057774],[26.6675662354044,47.12420170614621],[26.665891237291245,47.13022555544493],[26.672220819122103,47.133599021328976],[26.667766304717034,47.13746030454458],[26.669628174939792,47.138610913111165],[26.664318325205905,47.14169365661059],[26.683915549404077,47.153477203860874],[26.688324231923666,47.15035098486637],[26.69818191563474,47.156669905495995],[26.700315195144398,47.15416452001093],[26.730831200511247,47.15639033171188]]]]},"properties":{"alert_id":"103663e53cba7645","source":"nowcasting","alert_type":"nowcasting","feature_id":"820736274f5d3d2caa","judet_cod":"IS","judet_nume":"Iași","county_code":"IS","county_name":"Iași","cod_judet":"IS","cod_culoare":1,"cod_culoare_nume":"Galben","culoare":"1","cod":"Galben","fenomen_principal":"Averse care vor acumula 15...25 l/mp, descărcări electrice, intensificări ale vântului și vilelie cu viteze de 40...60 km/h, grindină cu diametrul de 1...2 cm.","fenomen_group":"ploi/vijelii","zona_text":"Județul Botoşani: Vorona, Frumușica, Tudora, Prăjeni;<br>Județul Suceava: Fălticeni, Dolhasca, Liteni, Preutești, Forăști, Boroaia, Vadu Moldovei, Rădășeni, Dolhești, Vulturești, Bogdănești, Drăgușeni, Bunești, Fântâna Mare, Hârtop;<br>Județul Neamţ: Târgu Neamț, Vânători-Neamț, Răucești, Grumăzești, Petricani, Agapia, Urecheni, Timișești, Brusturi, Păstrăveni, Drăgănești;<br>Județul Iaşi: Pașcani, Hârlău, Deleni, Cotnari, Scobinți, Lespezi, Tătăruși, Stolniceni-Prăjescu, Valea Seacă, Miroslovești, Moțca, Vânători, Ceplenița, Todirești, Cristești, Sirețel, Ciohorăni;<br>","zona_nume":"Iași - localitati","zone_name":"Iași - localitati","display_name":"Iași - localitati","localities":["Pașcani","Hârlău","Deleni","Cotnari","Scobinți","Lespezi","Tătăruși","Stolniceni-Prăjescu","Valea Seacă","Miroslovești","Moțca","Vânători","Ceplenița","Todirești","Cristești","Sirețel","Ciohorăni"],"geometry_source":"uat_match","match_confidence":"medium","interval_text":"","interval_start":"2026-07-14T10:40:00","valid_from":"2026-07-14T10:40:00","valid_to":"2026-07-14T12:00:00","interval_valabilitate_text":"","interval_end":"2026-07-14T12:00:00","data_expirare":"2026-07-14T12:00:00","mesaj_plain":"Averse care vor acumula 15...25 l/mp, descărcări electrice, intensificări ale vântului și vilelie cu viteze de 40...60 km/h, grindină cu diametrul de 1...2 cm.","source_url":"","source_label":"","notes":"","durata_ore":1.3,"zi":"2026-07-14"}},{"type":"Feature","geometry":{"type":"MultiPolygon","coordinates":[[[[26.507810519218143,47.271709896469304],[26.501282253570967,47.266267679687274],[26.48176339424078,47.25747379943051],[26.48530452187239,47.2561878001222],[26.476401170864953,47.24908892825406],[26.478534838460597,47.24784590459587],[26.474768203065068,47.24426562875946],[26.48202420737962,47.24159891297675],[26.47562894017175,47.23154041623117],[26.46922460598617,47.233071119920815],[26.46849262417274,47.227825242443856],[26.451216003712286,47.22462187240658],[26.45272335057182,47.22218915430595],[26.442658522094366,47.21947716065368],[26.439555440281133,47.22101242012125],[26.4364405067389,47.21968573621566],[26.42763818472533,47.22426671190048],[26.409243147521423,47.21904965362419],[26.399472118388488,47.23200159087485],[26.381395068855344,47.22929264739863],[26.373665773294515,47.23094999836342],[26.372865952370393,47.227099611584144],[26.36529699858325,47.23087446496571],[26.353058174385666,47.22677939281849],[26.34880920765296,47.2286929947622],[26.34889347430025,47.22547472853212],[26.342167911175284,47.22068255893673],[26.326000955308224,47.23044755036724],[26.31684027070182,47.24513518368483],[26.310923129147618,47.24425225290746],[26.303949830112064,47.24543212282844],[26.29716525695525,47.249458996077905],[26.294192003689567,47.248343609232336],[26.288999685323013,47.25541658434823],[26.291019118954626,47.25995431864501],[26.306406414049018,47.26582605428403],[26.318333735410107,47.275041124318385],[26.317517296116126,47.27264926133722],[26.324295970389862,47.27110723896937],[26.321953294708514,47.264156318953525],[26.34090794501066,47.26069346552876],[26.347239609346786,47.267273854800884],[26.35722771748922,47.26295431775823],[26.36178725886135,47.264777926358654],[26.365686953241276,47.262709005840925],[26.36096244958684,47.26048226443664],[26.36266542448394,47.259467115226414],[26.38453420133217,47.2594215729435],[26.39726200306791,47.265575190702315],[26.39068315048676,47.27036856178906],[26.411064014448772,47.28070144376629],[26.41616229743218,47.28295599186781],[26.42173694592189,47.277414817693995],[26.425991644769784,47.27956746578761],[26.423007259664562,47.279584437567635],[26.4174885410912,47.28636598672753],[26.41472127704738,47.286393728552596],[26.410248069435788,47.2933098329851],[26.418801689653865,47.2936442187798],[26.41894326678909,47.292271857759395],[26.432919219356073,47.296561565071265],[26.440530932870477,47.29385220742745],[26.440362451806706,47.28913496596106],[26.442984240907677,47.2875961604303],[26.452134668445467,47.29375625622108],[26.458704905099815,47.291569825965865],[26.463039708968395,47.29531294774901],[26.47032635256685,47.2941369677463],[26.470306533164987,47.29986609698172],[26.481512419678406,47.29295583440027],[26.48301207083508,47.28808267706923],[26.500142774650453,47.2836049857659],[26.499987096500202,47.280501073566185],[26.507810519218143,47.271709896469304]]],[[[26.381279950632095,47.17455501437554],[26.41267480203118,47.17170544458745],[26.411748780690985,47.16706757573464],[26.420421304342426,47.16702365774348],[26.41563325188807,47.15358181312059],[26.409470397962917,47.15228053525263],[26.414302292208774,47.14531246255702],[26.42285006341101,47.14446494449322],[26.423821562369827,47.139611047048376],[26.42895881660288,47.138744243921835],[26.433872528679412,47.12579345845947],[26.429991663368444,47.12408887076705],[26.431297295274042,47.11958337208778],[26.426081576897058,47.11942256626119],[26.428401868958204,47.11378811380145],[26.42385974106839,47.1120630215688],[26.417596732556362,47.11368967810037],[26.41013133372385,47.09377879397682],[26.405205839822468,47.0937176746171],[26.40153107260262,47.088840541356966],[26.392114289339094,47.090297838724474],[26.385799968385562,47.10768785615067],[26.379024807936702,47.10491214991934],[26.38048621281852,47.10110222135499],[26.374799585259446,47.101021474835726],[26.37484999218224,47.10541242996798],[26.371449120268316,47.10519786425705],[26.3698998433896,47.10829080939823],[26.36360673370307,47.11057779356303],[26.352771545642234,47.13731997071227],[26.360944330644028,47.14758574133018],[26.346057667143707,47.15891696149931],[26.340554266435714,47.16077816689801],[26.341341544393845,47.16601089827611],[26.34731527146357,47.16543151941351],[26.355920391754754,47.16885351448583],[26.361204601366804,47.16852904645341],[26.363938385399447,47.176734710284514],[26.366808307675726,47.175857233917526],[26.369713752574505,47.17990877509064],[26.380562361797935,47.180936911937],[26.381279950632095,47.17455501437554]]],[[[26.50287784804248,47.20395276747233],[26.5146737811539,47.19576478814283],[26.49958606905784,47.1876511891587],[26.49033469591167,47.17937732114247],[26.494818648962507,47.17538995330561],[26.49453781767205,47.17214326734408],[26.498890674747113,47.169547081111716],[26.494154319177177,47.16304336019177],[26.491427816688194,47.16393507586543],[26.487090683051775,47.15829976654613],[26.477189920971146,47.156047715406],[26.475617822593577,47.15059693341372],[26.468312421437155,47.14538245696879],[26.47484748778705,47.13950288063965],[26.47476064439934,47.118454647853945],[26.480851523315113,47.11555466695611],[26.484161557144223,47.11058837256061],[26.484731382530494,47.102713783163686],[26.480421508125247,47.09740085420949],[26.48408895222666,47.08682528349498],[26.48094033482692,47.081981402903644],[26.48266503062923,47.075905292156946],[26.480530528263355,47.06911357550921],[26.463615418448544,47.06642862646664],[26.459877690890686,47.07214921083197],[26.453901010742893,47.07470208901001],[26.448530930276675,47.074273965064805],[26.430116170442723,47.0789784587319],[26.423279419485603,47.078599967294835],[26.417316039974523,47.08360450311437],[26.416698425876035,47.08821165935765],[26.40906669628494,47.091847550656475],[26.417596732556362,47.11368967810037],[26.42385974106839,47.1120630215688],[26.428401868958204,47.11378811380145],[26.426081576897058,47.11942256626119],[26.431297295274042,47.11958337208778],[26.429991663368444,47.12408887076705],[26.433872528679412,47.12579345845947],[26.42895881660288,47.138744243921835],[26.423821562369827,47.139611047048376],[26.42285006341101,47.14446494449322],[26.414302292208774,47.14531246255702],[26.409470397962917,47.15228053525263],[26.41563325188807,47.15358181312059],[26.420421304342426,47.16702365774348],[26.411748780690985,47.16706757573464],[26.41267480203118,47.17170544458745],[26.401212784779524,47.17248734509835],[26.399276125051966,47.178113077155615],[26.407662811924364,47.18783974085607],[26.4058033338033,47.19045001898476],[26.402487445649367,47.18885256577957],[26.401534404438955,47.19078317997409],[26.421073225521646,47.19795800973531],[26.449445945823957,47.20273461025176],[26.458699201824,47.20146722876951],[26.470763697191998,47.20671839629042],[26.47431936864314,47.20590327558587],[26.4873657727821,47.209131376197085],[26.492116397770527,47.20909743563064],[26.49535101755499,47.20628068716896],[26.48907152769021,47.20514127655959],[26.501523381031458,47.20175728915086],[26.50287784804248,47.20395276747233]]],[[[26.28951548815102,47.18598006603077],[26.313414957276695,47.17914497157577],[26.3420938166258,47.183039542561104],[26.356198888241174,47.18147633827635],[26.36429236358323,47.17725539660221],[26.361204601366804,47.16852904645341],[26.355920391754754,47.16885351448583],[26.34731527146357,47.16543151941351],[26.341341544393845,47.16601089827611],[26.340554266435714,47.16077816689801],[26.330612020105633,47.16060475458009],[26.32282475178032,47.1563272099959],[26.295456869275696,47.153450579900145],[26.2890714338177,47.1505094916386],[26.283947741251666,47.139533670854675],[26.28873142428757,47.139061676485596],[26.27591888592063,47.12648170283391],[26.242415255709858,47.12940194239632],[26.221837536782857,47.12758846705612],[26.211901134809178,47.134071806562986],[26.189173321626484,47.13312006235378],[26.172820952220707,47.138143352364786],[26.180631662742137,47.1523816897586],[26.19808914312617,47.15872050824437],[26.203505249842692,47.15891682018232],[26.20008746780681,47.17258792879008],[26.208537085697255,47.18404336608748],[26.234595254652223,47.18952014048546],[26.236321587536295,47.187592213220555],[26.244342090410477,47.188472370524416],[26.247424043869817,47.19177231787008],[26.259675130015268,47.1948985193096],[26.269523934901482,47.19205453566084],[26.275033207147736,47.18524317931062],[26.280614151455616,47.18413830289402],[26.28951548815102,47.18598006603077]]],[[[26.60389819929818,47.19879286852337],[26.580796782029275,47.191320212740536],[26.56017263298531,47.181828520733426],[26.558953325193354,47.18353002658817],[26.556590979044714,47.18268750981672],[26.55587770051594,47.17403015326265],[26.55013275098433,47.174599917630125],[26.547025447794397,47.171834303271055],[26.54336120621117,47.168074429654574],[26.547502910481583,47.16587439020095],[26.54364059860235,47.162640114133424],[26.521805137248382,47.14943119566987],[26.523187534877053,47.14824291589534],[26.498245835254284,47.13611709976825],[26.494248726184246,47.14396589812578],[26.47309664055867,47.141545218314235],[26.468612429472476,47.1446756050661],[26.475617822593577,47.15059693341372],[26.477189920971146,47.156047715406],[26.487278852458896,47.15841121688694],[26.49886066976893,47.169121685465285],[26.49033469591167,47.17937732114247],[26.494832584138514,47.184249523568354],[26.514775213795765,47.19730196752268],[26.518345969814494,47.19038075411849],[26.53000651291445,47.193569015332635],[26.525682683650114,47.19726755243993],[26.527550090051175,47.19842227975723],[26.524379809867504,47.20242381057117],[26.52895058853003,47.203111088222286],[26.542079428286332,47.19944625104483],[26.54121600001737,47.196177280909225],[26.545503666873998,47.195705633037],[26.586537162522006,47.2111040215809],[26.59451250296581,47.20409566770439],[26.598779489627557,47.20304316690888],[26.590543703993756,47.19901155235514],[26.60389819929818,47.19879286852337]]],[[[26.574170998358714,47.21853682511858],[26.586537162522006,47.2111040215809],[26.545503666873998,47.195705633037],[26.54121600001737,47.196177280909225],[26.542079428286332,47.19944625104483],[26.52895058853003,47.203111088222286],[26.524379809867504,47.20242381057117],[26.527550090051175,47.19842227975723],[26.525682683650114,47.19726755243993],[26.53000651291445,47.193569015332635],[26.518345969814494,47.19038075411849],[26.516817666781346,47.19490370222464],[26.50970702862002,47.20112103325406],[26.50287784804248,47.20395276747233],[26.501523381031458,47.20175728915086],[26.48907152769021,47.20514127655959],[26.495284947621094,47.20612558552545],[26.492116397770527,47.20909743563064],[26.470763697191998,47.20671839629042],[26.458699201824,47.20146722876951],[26.453458051260665,47.2029466739248],[26.447108650642537,47.20197122066228],[26.442658522094366,47.21947716065368],[26.45272335057182,47.22218915430595],[26.451216003712286,47.22462187240658],[26.46849262417274,47.227825242443856],[26.46922460598617,47.233071119920815],[26.47562894017175,47.23154041623117],[26.48202420737962,47.24159891297675],[26.474768203065068,47.24426562875946],[26.478534838460597,47.24784590459587],[26.476401170864953,47.24908892825406],[26.48530452187239,47.2561878001222],[26.48176339424078,47.25747379943051],[26.501282253570967,47.266267679687274],[26.507810519218143,47.271709896469304],[26.522266808112988,47.25936831742782],[26.531021736238333,47.25572041813706],[26.533494789717594,47.25188327046323],[26.540073606876135,47.25116806809615],[26.546135486604715,47.24550800755645],[26.561132994379104,47.23853815862644],[26.56630339973909,47.23419433006628],[26.567519730177317,47.226171666173116],[26.574170998358714,47.21853682511858]]],[[[26.36659371816001,47.32138423853933],[26.37478190868745,47.312614164628044],[26.371610347934034,47.31133304555508],[26.38258905198457,47.29553783596175],[26.38852149399345,47.29756112404776],[26.392698865306198,47.29230015193005],[26.395867205243857,47.29535357720948],[26.399553906110498,47.291831041446244],[26.409609669515785,47.292089922274826],[26.423007259664562,47.279584437567635],[26.42600949066613,47.27961702906873],[26.42173694592189,47.277414817693995],[26.41616229743218,47.28295599186781],[26.411064014448772,47.28070144376629],[26.39068315048676,47.27036856178906],[26.39726200306791,47.265575190702315],[26.384850376648313,47.25951058110941],[26.36266542448394,47.259467115226414],[26.36096244958684,47.26048226443664],[26.365686953241276,47.262709005840925],[26.36178725886135,47.264777926358654],[26.35722771748922,47.26295431775823],[26.347239609346786,47.267273854800884],[26.34090794501066,47.26069346552876],[26.321953294708514,47.264156318953525],[26.324295970389862,47.27110723896937],[26.317517296116126,47.27264926133722],[26.318333735410107,47.275041124318385],[26.306406414049018,47.26582605428403],[26.29640304694634,47.26334310999925],[26.291019118954626,47.25995431864501],[26.288999685323013,47.25541658434823],[26.28648403588275,47.25536991750678],[26.277513864610558,47.26004908973366],[26.275833642640478,47.258786303838065],[26.270993873565125,47.26039448367454],[26.26718838654442,47.26572633908105],[26.267913898627096,47.26949349667834],[26.255608082097222,47.27559148761882],[26.251317125395893,47.2752288607086],[26.248487224114204,47.279887930239056],[26.252193119547226,47.2796452122988],[26.256185880938926,47.28284294835499],[26.263262084364584,47.284372740177886],[26.267348839637158,47.28198917697168],[26.278564126965243,47.28613868285248],[26.28307244545108,47.29142715025413],[26.27712384234705,47.29514438845473],[26.358129542599944,47.32235587282638],[26.358121347634718,47.31982544339047],[26.36659371816001,47.32138423853933]]],[[[26.613786656104104,47.18079021726749],[26.605189837698443,47.176882264145846],[26.602205628589168,47.17298631956429],[26.6040523386147,47.168422073632655],[26.61068508598407,47.16814438193431],[26.60588805744658,47.16376253518176],[26.609100497118884,47.16023568333276],[26.600012512935706,47.154671066808625],[26.602416993638595,47.15071516296314],[26.612234896882402,47.14791879796565],[26.613258145828443,47.14365453603012],[26.59888908390507,47.143260859359025],[26.593287773859075,47.150886119290924],[26.585205303709607,47.14803991600021],[26.582872028283933,47.15088057094541],[26.57847140911544,47.14931088562844],[26.57535832897423,47.153040521065556],[26.57052110580636,47.15155034796631],[26.568658624983662,47.153922334264514],[26.563681687532796,47.15237157277136],[26.56030568986451,47.156272099178295],[26.55417742860845,47.149284527907845],[26.558232020045672,47.140308136263535],[26.53997712502042,47.12940012388811],[26.541490280414248,47.127436561329596],[26.534591560389593,47.125167098748776],[26.527691880016896,47.125879789951284],[26.527520105507826,47.12765800946674],[26.521569617983673,47.12656555778071],[26.519111869356262,47.11993125598091],[26.511770284793915,47.116272112291355],[26.49490961575988,47.11779106654272],[26.48271190143072,47.11568801626972],[26.494380919631404,47.109693832077],[26.48430510151398,47.10908635423333],[26.480851523315113,47.11555466695611],[26.4762124890581,47.116911187065696],[26.473734878094337,47.1207278867791],[26.475926303004634,47.134919316897836],[26.47309664055867,47.141545218314235],[26.494248726184246,47.14396589812578],[26.498245835254284,47.13611709976825],[26.523187534877053,47.14824291589534],[26.521805137248382,47.14943119566987],[26.54364059860235,47.162640114133424],[26.547502910481583,47.16587439020095],[26.54336120621117,47.168074429654574],[26.547025447794397,47.171834303271055],[26.55013275098433,47.174599917630125],[26.55587770051594,47.17403015326265],[26.556590979044714,47.18268750981672],[26.558953325193354,47.18353002658817],[26.56017263298531,47.181828520733426],[26.580796782029275,47.191320212740536],[26.60619751331223,47.19976958273274],[26.615887428171334,47.18378640715619],[26.611224734728594,47.18246169114993],[26.613786656104104,47.18079021726749]]],[[[26.45260476262242,47.31363711250065],[26.470306533164987,47.29986609698172],[26.47032635256685,47.2941369677463],[26.463039708968395,47.29531294774901],[26.458704905099815,47.291569825965865],[26.452134668445467,47.29375625622108],[26.442984240907677,47.2875961604303],[26.440362451806706,47.28913496596106],[26.440530932870477,47.29385220742745],[26.432919219356073,47.296561565071265],[26.41894326678909,47.292271857759395],[26.418801689653865,47.2936442187798],[26.41037003751027,47.29335238330875],[26.408391878724707,47.291128970707916],[26.397971714734116,47.29232770597639],[26.395867205243857,47.29535357720948],[26.392698865306198,47.29230015193005],[26.38852149399345,47.29756112404776],[26.38258905198457,47.29553783596175],[26.380707345907314,47.29780930967086],[26.371610347934034,47.31133304555508],[26.37478190868745,47.312614164628044],[26.36659371816001,47.32138423853933],[26.37355745768958,47.32728422683902],[26.36724994224194,47.32890760439786],[26.374225403279866,47.333283697346374],[26.381346604371227,47.32944174352834],[26.405528286705763,47.34032203364096],[26.41255446331067,47.33647328329088],[26.416915011633456,47.3369733200413],[26.42436191546445,47.333604949526496],[26.424647116049478,47.33150225564166],[26.436468051311152,47.32732329528832],[26.444293284514753,47.31672225044349],[26.45260476262242,47.31363711250065]]]]},"properties":{"alert_id":"103663e53cba7645","source":"nowcasting","alert_type":"nowcasting","feature_id":"dfb9ab922e5840900f","judet_cod":"NT","judet_nume":"Neamț","county_code":"NT","county_name":"Neamț","cod_judet":"NT","cod_culoare":1,"cod_culoare_nume":"Galben","culoare":"1","cod":"Galben","fenomen_principal":"Averse care vor acumula 15...25 l/mp, descărcări electrice, intensificări ale vântului și vilelie cu viteze de 40...60 km/h, grindină cu diametrul de 1...2 cm.","fenomen_group":"ploi/vijelii","zona_text":"Județul Botoşani: Vorona, Frumușica, Tudora, Prăjeni;<br>Județul Suceava: Fălticeni, Dolhasca, Liteni, Preutești, Forăști, Boroaia, Vadu Moldovei, Rădășeni, Dolhești, Vulturești, Bogdănești, Drăgușeni, Bunești, Fântâna Mare, Hârtop;<br>Județul Neamţ: Târgu Neamț, Vânători-Neamț, Răucești, Grumăzești, Petricani, Agapia, Urecheni, Timișești, Brusturi, Păstrăveni, Drăgănești;<br>Județul Iaşi: Pașcani, Hârlău, Deleni, Cotnari, Scobinți, Lespezi, Tătăruși, Stolniceni-Prăjescu, Valea Seacă, Miroslovești, Moțca, Vânători, Ceplenița, Todirești, Cristești, Sirețel, Ciohorăni;<br>","zona_nume":"Neamț - localitati","zone_name":"Neamț - localitati","display_name":"Neamț - localitati","localities":["Târgu Neamț","Vânători-Neamț","Răucești","Grumăzești","Petricani","Agapia","Urecheni","Timișești","Brusturi","Păstrăveni","Drăgănești"],"geometry_source":"uat_match","match_confidence":"medium","interval_text":"","interval_start":"2026-07-14T10:40:00","valid_from":"2026-07-14T10:40:00","valid_to":"2026-07-14T12:00:00","interval_valabilitate_text":"","interval_end":"2026-07-14T12:00:00","data_expirare":"2026-07-14T12:00:00","mesaj_plain":"Averse care vor acumula 15...25 l/mp, descărcări electrice, intensificări ale vântului și vilelie cu viteze de 40...60 km/h, grindină cu diametrul de 1...2 cm.","source_url":"","source_label":"","notes":"","durata_ore":1.3,"zi":"2026-07-14"}},{"type":"Feature","geometry":{"type":"MultiPolygon","coordinates":[[[[26.305020247029503,47.49639352529055],[26.318684409688267,47.492895689041845],[26.328673124675596,47.48363387687674],[26.330262151237797,47.477640346197155],[26.338803798878644,47.47759629198516],[26.351847712483647,47.46245420958262],[26.34924678543759,47.459448043030434],[26.34507081471058,47.46227104116597],[26.34132949425539,47.46105909716304],[26.34563032542637,47.45387503938127],[26.344424948511087,47.44106052438065],[26.33896375336131,47.44019380212961],[26.34114049376808,47.43775849188309],[26.33790216520099,47.43819526612395],[26.33409697977483,47.43488567434473],[26.325369355978783,47.441170290423265],[26.318927664367074,47.44174642756199],[26.31091985027703,47.438540991331266],[26.3055679795599,47.44260065764158],[26.30143357776823,47.44180404954726],[26.30229107156002,47.43940705830565],[26.297696963487514,47.43744494904758],[26.298260701288534,47.429244756858076],[26.27895199874403,47.44282008194839],[26.26580091918532,47.44926184767526],[26.266090460966595,47.46188066037249],[26.270720632657234,47.46787885450084],[26.26852068519616,47.46907991391965],[26.27069905400624,47.47151048040109],[26.26965229576833,47.47720936558474],[26.27377759284472,47.48124066577845],[26.279234712287412,47.481857743210846],[26.28231054980283,47.484414214568815],[26.285092502657122,47.48270378470791],[26.285470922561267,47.48477059907558],[26.291584884174508,47.48473582313706],[26.292074654401898,47.48259013104724],[26.300432096786228,47.48151545800238],[26.30795654813283,47.48927283041783],[26.308508950996597,47.494172787753875],[26.305020247029503,47.49639352529055]]],[[[26.70059349820329,47.47172977473162],[26.69528025229812,47.464995379624845],[26.69508679327775,47.4594745433174],[26.687204612202937,47.46282807603344],[26.684080367098254,47.460408934292495],[26.681510526084217,47.46152611910028],[26.680399082751727,47.43978513778334],[26.68357708435855,47.44006391076814],[26.68696318795191,47.436865948426856],[26.691930443143423,47.42560281176542],[26.701347217912705,47.41979363896024],[26.70430755858649,47.4149094974567],[26.70340827979099,47.40884941478297],[26.70018539129838,47.408125084375065],[26.695977051520597,47.4008143776467],[26.69006017520916,47.40405197504329],[26.69130739446958,47.409644382222034],[26.68885240206624,47.41414895363054],[26.68098941256166,47.41207569960281],[26.679519749011995,47.41337778952363],[26.6802865346888,47.41182002214791],[26.669088057885133,47.40634339062339],[26.648170929247293,47.40138853645733],[26.64397522982148,47.39879065049912],[26.65121136734138,47.39577373735996],[26.65029918590314,47.39057250695146],[26.65752607062163,47.3930812007961],[26.670138299371867,47.385084205293694],[26.669206664761695,47.38071744756358],[26.67663706096996,47.37898168286971],[26.67900158785941,47.37598931750327],[26.677371735477188,47.37248608939845],[26.665254695356243,47.370486064440776],[26.663221161588826,47.367791265279834],[26.672132226518013,47.364256870426736],[26.67988576983455,47.368121246595585],[26.684061187575576,47.36512302612438],[26.68124510898346,47.36139916183141],[26.67134983289647,47.358838819471046],[26.667285203097027,47.36022236240051],[26.63576959523899,47.35794852569195],[26.628553457395746,47.35520606905184],[26.611669903217074,47.354884341848184],[26.599345646811187,47.36735762545399],[26.570565930814517,47.376276163044416],[26.570896397867248,47.389425399081695],[26.532929763082038,47.38979499492769],[26.5269367807984,47.39910827566093],[26.527119524095504,47.40423326385758],[26.544971374236756,47.40901486979096],[26.546549878647106,47.41643279218876],[26.562018119368496,47.426883519536595],[26.568592093772715,47.437124310261964],[26.565882605769453,47.44689338389616],[26.548763854687213,47.46039582512123],[26.587877430227397,47.47849999838631],[26.591429526178697,47.470031767258405],[26.585889443862516,47.46388846619446],[26.58901146407039,47.46212651069524],[26.59783079551065,47.46264188784995],[26.59894916874108,47.459718599782526],[26.630478026271756,47.469107211851444],[26.70059349820329,47.47172977473162]]],[[[26.551463887496425,47.55583900067693],[26.56883482766653,47.555017234801795],[26.56873003756478,47.54859054454701],[26.58248457754909,47.53903661504959],[26.58007622105748,47.537462557156154],[26.58228788247991,47.53596294443211],[26.577985105679126,47.5353553533964],[26.603904673969833,47.532744702341766],[26.604848208737206,47.52060365840866],[26.56562017727868,47.51384726908025],[26.554469370131077,47.50975370945484],[26.55222610560334,47.513220752082916],[26.550591808525652,47.51203442944573],[26.55266412962478,47.50855846077018],[26.55097790984819,47.50421063694456],[26.557653249319046,47.5040242663108],[26.560564145218805,47.49560460025859],[26.570535992608722,47.49928712588378],[26.58023468663163,47.49778473794301],[26.580469699740142,47.49258888791777],[26.58873893667953,47.49089238433157],[26.5901197870288,47.487143578624035],[26.587877430227397,47.47849999838631],[26.54864185616325,47.460343305651186],[26.536313364000826,47.470795834509865],[26.532575871167342,47.47059888132377],[26.529716810467733,47.47499563458533],[26.522911637946493,47.474459013585594],[26.52020586816773,47.46956515901832],[26.513427682860737,47.46983439331787],[26.494580569570566,47.474107954809114],[26.48141442711172,47.481527800652124],[26.472473969715356,47.49451713053795],[26.473492286529765,47.498215827351856],[26.469980653685923,47.500620377167074],[26.47158948421816,47.50639316995129],[26.46694973135155,47.52174979248544],[26.473915884742468,47.535174330490946],[26.47079635070912,47.53488276735944],[26.473051214036587,47.542985678748906],[26.476822497073233,47.54343558516931],[26.476699231203682,47.540010951125616],[26.4816747595667,47.539493024832545],[26.48656898831334,47.544902981215074],[26.4926106019806,47.54299228043945],[26.49985959231686,47.54817271482124],[26.503551258922222,47.54735737733676],[26.50843633705625,47.55250745470891],[26.512051370372376,47.54824252059106],[26.52101948482331,47.54687762788324],[26.516502197967693,47.55519287639047],[26.51866516014507,47.55779526106762],[26.53222659974771,47.556453174315344],[26.531105991863765,47.56022736339163],[26.538874241369882,47.560422999512944],[26.53796417414722,47.557899445113605],[26.546871316552743,47.55613646947313],[26.547943458460566,47.55366565731752],[26.551463887496425,47.55583900067693]]],[[[26.474930458748947,47.48128300141962],[26.480113844230097,47.45793105836033],[26.47709300339077,47.435987596243486],[26.428340559736153,47.41890399983681],[26.426731541289232,47.419490163166905],[26.430783725046734,47.420364973813],[26.427519210653287,47.422496010847794],[26.423029704004954,47.42127329917338],[26.418698168096558,47.42329813573695],[26.41849906038939,47.42065941953792],[26.415057134455378,47.42031720821549],[26.41574743396494,47.41835300333474],[26.41285175278695,47.417302667573495],[26.40596760050901,47.42356215094964],[26.391046436917694,47.42931288348169],[26.388026008261722,47.42371265741534],[26.39487617851598,47.41123371509364],[26.394491816309724,47.40636163965467],[26.364314840541546,47.40939981599883],[26.35798530614527,47.41426650064832],[26.356365700483295,47.419646770589516],[26.3504402846127,47.41969304277939],[26.328866626268667,47.435038545518026],[26.328152855555746,47.43799083559931],[26.333323941484945,47.43715225327988],[26.33419030816301,47.43489212778929],[26.33790216520099,47.43819526612395],[26.34157675196653,47.438119516991975],[26.33896375336131,47.44019380212961],[26.344424948511087,47.44106052438065],[26.34413196650382,47.456586568668406],[26.361550391066313,47.45632926300725],[26.372244723062483,47.45314184136237],[26.37389359229045,47.45926622923222],[26.371706325717774,47.465174117358266],[26.37571030780526,47.46787656246012],[26.376440534924853,47.46654790491333],[26.37746024628005,47.46891670357779],[26.388539818104928,47.47175893979595],[26.399243417009398,47.50144355276784],[26.414101600776394,47.49781678709192],[26.421375148774775,47.49119313955665],[26.44158300895487,47.49103380322496],[26.461403528111507,47.481521879136274],[26.474930458748947,47.48128300141962]]],[[[26.501490215666653,47.39433682625108],[26.492986165876214,47.392341066644335],[26.493460273993243,47.38838503826415],[26.496214538334186,47.38582095992869],[26.494712561170005,47.384178504937985],[26.505111314734407,47.37670309173511],[26.506791228833205,47.37243165896118],[26.502565704607868,47.37193808412243],[26.504808305374066,47.365660837439094],[26.508859792825614,47.36313180617251],[26.498803701448825,47.361849446678264],[26.501929717487762,47.35682517075369],[26.49770674395467,47.35624967675843],[26.49905092969305,47.35416909224924],[26.49537859497269,47.35270349995473],[26.49698860590429,47.34991657198919],[26.501977771737934,47.35047673598683],[26.510891077984784,47.33526321114893],[26.51323560840373,47.33681776480404],[26.51184967893513,47.330928572125785],[26.48233440089438,47.32017069256131],[26.460062410660836,47.30775143845919],[26.45260476262242,47.31363711250065],[26.444293284514753,47.31672225044349],[26.436468051311152,47.32732329528832],[26.424647116049478,47.33150225564166],[26.42436191546445,47.333604949526496],[26.416915011633456,47.3369733200413],[26.412710434212304,47.33642987189911],[26.40681955704744,47.33900908812005],[26.405528286705763,47.34032203364096],[26.415857010032244,47.34501766959525],[26.395851636447915,47.356407670467895],[26.402615797142328,47.361877117290156],[26.403352614486874,47.36555518589709],[26.41031372002613,47.36685096266045],[26.409270313044978,47.37041373466159],[26.416316359529365,47.37539599235057],[26.421131510958798,47.37196263383731],[26.415373707294037,47.36967735558489],[26.41445315542163,47.36642633224206],[26.419279214874468,47.366112306567906],[26.432338701986467,47.359739454594894],[26.457093382508024,47.35966924472752],[26.455278849695464,47.38326007264811],[26.44441326520546,47.39521679622491],[26.439533614350477,47.39571773102662],[26.431766864704958,47.40230991685811],[26.42784091963469,47.399175856234436],[26.423778708893128,47.399127541564425],[26.41285175278695,47.417302667573495],[26.41574743396494,47.41835300333474],[26.415057134455378,47.42031720821549],[26.41849906038939,47.42065941953792],[26.418698168096558,47.42329813573695],[26.423029704004954,47.42127329917338],[26.427519210653287,47.422496010847794],[26.430783725046734,47.420364973813],[26.426731541289232,47.419490163166905],[26.428340559736153,47.41890399983681],[26.47709300339077,47.435987596243486],[26.491649395543053,47.42029356923995],[26.49506958789863,47.403339343574764],[26.501490215666653,47.39433682625108]]],[[[26.340694048492317,47.37486073818474],[26.355470501453677,47.37491767250615],[26.361897922111375,47.37198222287505],[26.366616826857168,47.36472536199376],[26.37827335742344,47.35668319931043],[26.391047223038207,47.357166828767845],[26.40205999302926,47.3449839338345],[26.40520166497307,47.34424124877301],[26.405528286705763,47.34032203364096],[26.38995617461251,47.33240648737224],[26.381346604371227,47.32944174352834],[26.375661619058558,47.33316887053536],[26.37095148939516,47.33218180926375],[26.36722468623178,47.3285263184925],[26.37348146872479,47.326964413278716],[26.364652004064162,47.3199267356286],[26.358121347634718,47.31982544339047],[26.358129542599944,47.32235587282638],[26.27712384234705,47.29514438845473],[26.28307244545108,47.29142715025413],[26.278564126965243,47.28613868285248],[26.2671132408027,47.281949564463055],[26.26340218452757,47.28438200659279],[26.25643859407377,47.28293026041342],[26.251015463607533,47.27949096958821],[26.242717697238195,47.281048425690294],[26.224887033880076,47.292038160030906],[26.209739244792434,47.293946669966935],[26.206099534782457,47.29880095255649],[26.196529359620264,47.301296875548644],[26.185928057800542,47.30737161384219],[26.189086016540752,47.313347236042645],[26.19243418085314,47.31223511278529],[26.197188718646462,47.31464251465544],[26.20328239002983,47.321742732639606],[26.217169615081552,47.318995410714784],[26.23038605722046,47.32132082277234],[26.235508852816707,47.328163008635286],[26.24010071383433,47.32890876012868],[26.23701069939216,47.334373630113795],[26.252237097192246,47.32802150031971],[26.257291583188415,47.33106535949384],[26.2617460255406,47.330521713093546],[26.275206484896586,47.3349496270453],[26.278782107905492,47.338140516463625],[26.29824238571207,47.3453901755398],[26.300145018064224,47.34915103328953],[26.315125183100825,47.353261998840345],[26.312538585162255,47.35956621665929],[26.31590972819312,47.36217660746106],[26.313490162427673,47.36455870123169],[26.320346876957103,47.37067009700366],[26.313543156756758,47.37494206731675],[26.31929357602305,47.3787770890726],[26.324506399124317,47.374348315960326],[26.330840353755796,47.37775702935542],[26.340694048492317,47.37486073818474]]],[[[26.41285175278695,47.417302667573495],[26.423778708893128,47.399127541564425],[26.42784091963469,47.399175856234436],[26.431766864704958,47.40230991685811],[26.439533614350477,47.39571773102662],[26.44441326520546,47.39521679622491],[26.455278849695464,47.38326007264811],[26.457093382508024,47.35966924472752],[26.432338701986467,47.359739454594894],[26.419279214874468,47.366112306567906],[26.41445315542163,47.36642633224206],[26.415373707294037,47.36967735558489],[26.421131510958798,47.37196263383731],[26.4160053323925,47.375288255026526],[26.409270313044978,47.37041373466159],[26.41031372002613,47.36685096266045],[26.403352614486874,47.36555518589709],[26.402615797142328,47.361877117290156],[26.395851636447915,47.356407670467895],[26.415857010032244,47.34501766959525],[26.405528286705763,47.34032203364096],[26.40520166497307,47.34424124877301],[26.40205999302926,47.3449839338345],[26.391047223038207,47.357166828767845],[26.37827335742344,47.35668319931043],[26.366616826857168,47.36472536199376],[26.361897922111375,47.37198222287505],[26.31645500913029,47.38538173597686],[26.3283386141525,47.40143261595528],[26.326926889554553,47.40729602782115],[26.337126705416214,47.4080630915884],[26.33284020652722,47.41575031858297],[26.338661813233927,47.415337079646555],[26.340352292176238,47.410594416964926],[26.358906419586614,47.41345160245155],[26.366626876876417,47.40859894117495],[26.394491816309724,47.40636163965467],[26.39487617851598,47.41123371509364],[26.388026008261722,47.42371265741534],[26.391046436917694,47.42931288348169],[26.40596760050901,47.42356215094964],[26.41285175278695,47.417302667573495]]],[[[26.247065688822506,47.5257553536091],[26.24990852396421,47.52147429010961],[26.26663845060137,47.511984788015106],[26.27097290318995,47.507063996298534],[26.27457806175855,47.50827367404829],[26.279444598016877,47.50539059307807],[26.278294715252333,47.50245633144101],[26.28343347459885,47.50030153633716],[26.284536455158467,47.50657985984113],[26.292970933185504,47.50724933149568],[26.291616713707057,47.50895010075923],[26.301239479594262,47.51498930217501],[26.303816308028832,47.50569433782721],[26.310040684441553,47.49884836767422],[26.308696198794312,47.49638496237028],[26.305020247029503,47.49639352529055],[26.308508950996597,47.494172787753875],[26.30795654813283,47.48927283041783],[26.300432096786228,47.48151545800238],[26.292074654401898,47.48259013104724],[26.291584884174508,47.48473582313706],[26.284561206616754,47.48461210091294],[26.285092502657122,47.48270378470791],[26.28231054980283,47.484414214568815],[26.279234712287412,47.481857743210846],[26.27377759284472,47.48124066577845],[26.26965229576833,47.47720936558474],[26.27069905400624,47.47151048040109],[26.26852068519616,47.46907991391965],[26.270720632657234,47.46787885450084],[26.266387076659207,47.462793852278345],[26.26561899311078,47.4552074942909],[26.26800889838985,47.448132027174466],[26.25797027798027,47.4380000129978],[26.23022520699863,47.4535081709667],[26.210631346832606,47.45616677567148],[26.217966370051975,47.46469544291118],[26.227687321055782,47.47027319959803],[26.223159851921693,47.474855836295504],[26.217974344755984,47.471364402529815],[26.215675327685627,47.4707112226997],[26.214012504218307,47.472846286817926],[26.212173969675476,47.47165090646179],[26.20213470498553,47.482961304089095],[26.209756210551443,47.488055156119906],[26.211141099671565,47.494883821591685],[26.206771725804963,47.49444926143785],[26.202917897360688,47.496914847548986],[26.206505746869983,47.500775432014635],[26.213305413114043,47.49831296180917],[26.218712489547247,47.50349713539811],[26.217810588113785,47.50839757482687],[26.235975257372687,47.512039556440975],[26.23238559839717,47.5320417373623],[26.247065688822506,47.5257553536091]]],[[[26.536313364000826,47.470795834509865],[26.56206296325802,47.45092474852878],[26.56800478702338,47.44347847161825],[26.568542824456898,47.436952445444746],[26.562018119368496,47.426883519536595],[26.546549878647106,47.41643279218876],[26.544971374236756,47.40901486979096],[26.535979356649595,47.40573898409105],[26.529373968223585,47.4060754394847],[26.501490215666653,47.39433682625108],[26.49506958789863,47.403339343574764],[26.491649395543053,47.42029356923995],[26.47569335307722,47.43835986406839],[26.480113844230097,47.45793105836033],[26.474930458748947,47.48128300141962],[26.481545916096618,47.48157199272625],[26.494580569570566,47.474107954809114],[26.513427682860737,47.46983439331787],[26.52020586816773,47.46956515901832],[26.522911637946493,47.474459013585594],[26.529716810467733,47.47499563458533],[26.532575871167342,47.47059888132377],[26.536313364000826,47.470795834509865]]],[[[26.473051214036587,47.542985678748906],[26.47079635070912,47.53488276735944],[26.473915884742468,47.535174330490946],[26.46702722523307,47.520529684023565],[26.47158948421816,47.50639316995129],[26.469980653685923,47.500620377167074],[26.473492286529765,47.498215827351856],[26.472473969715356,47.49451713053795],[26.48141442711172,47.481527800652124],[26.478383742460938,47.480271258514136],[26.461403528111507,47.481521879136274],[26.44158300895487,47.49103380322496],[26.421375148774775,47.49119313955665],[26.412977704054214,47.49831512063919],[26.378404017825627,47.506392052888955],[26.3490587949909,47.50706169148389],[26.34703394290406,47.50535653861942],[26.348158299685704,47.51309712709172],[26.34295490884036,47.519655797801654],[26.336665104863627,47.521519431155276],[26.32761644717605,47.53116286642642],[26.316214852886684,47.5375838507274],[26.318788521340313,47.54004367730575],[26.33619148388229,47.53315831718993],[26.338119050214644,47.54244318804054],[26.335914963636217,47.55149053605046],[26.341522286499405,47.55660153531164],[26.346659794423385,47.54226017256766],[26.373059143745117,47.53466495055944],[26.383660652604526,47.53468358578167],[26.386473049677942,47.54062236406807],[26.40825759474033,47.55846452912283],[26.42585962868162,47.54934729000978],[26.4257155470003,47.54745245226334],[26.43411654138448,47.542137959054294],[26.43322320187687,47.53863675141531],[26.440888108527048,47.53162148863121],[26.443471783346897,47.53197340860382],[26.44791645163283,47.539531323689765],[26.450902894379926,47.537351370610445],[26.453601897913902,47.54309433575958],[26.455500499839903,47.5391328316758],[26.459940098764147,47.537698846466746],[26.458265984829165,47.54137273909038],[26.460353157898748,47.54226461005916],[26.473051214036587,47.542985678748906]]],[[[26.318076613973194,47.377989637009826],[26.313543156756758,47.37494206731675],[26.320346876957103,47.37067009700366],[26.313490162427673,47.36455870123169],[26.31590972819312,47.36217660746106],[26.312538585162255,47.35956621665929],[26.31539219169137,47.35341365069581],[26.300145018064224,47.34915103328953],[26.29824238571207,47.3453901755398],[26.278782107905492,47.338140516463625],[26.275206484896586,47.3349496270453],[26.2617460255406,47.330521713093546],[26.257291583188415,47.33106535949384],[26.252237097192246,47.32802150031971],[26.247959742061425,47.32851263039364],[26.253924480396694,47.334522694424926],[26.251983264375816,47.33526757884299],[26.255459335494166,47.34054553736687],[26.24938773029811,47.344859920181],[26.249565124107537,47.34773104989911],[26.2552648499425,47.35062875210552],[26.24924709353551,47.359759211345605],[26.25127671555868,47.3651157989766],[26.248681782360656,47.37006842099296],[26.251329854711802,47.37021989555564],[26.250695255477783,47.37401117259526],[26.254548176197755,47.37449596153857],[26.25388155659756,47.37596170175646],[26.263608821747393,47.37701229862885],[26.263107352665166,47.37892498021604],[26.267678891327478,47.3800368438811],[26.267491100402268,47.38368236097621],[26.26266704504727,47.38591444544279],[26.272931735930296,47.39447386293276],[26.28406382947437,47.39578268511075],[26.287969372940534,47.39171611239956],[26.285996427935952,47.389950634272154],[26.287834705331107,47.387907524464914],[26.29575547256856,47.383039596327436],[26.30597288541574,47.380621919114915],[26.312603510001217,47.38117618416547],[26.318076613973194,47.377989637009826]]],[[[26.56353680552805,47.315078560282615],[26.564830378123855,47.311704935766016],[26.574216870586323,47.30641547647115],[26.569911854186557,47.29686083733584],[26.564112910788825,47.29665828206322],[26.562897476484824,47.29242064388506],[26.548467007371784,47.30152402992984],[26.546293012609052,47.300841830752866],[26.507810519218143,47.271709896469304],[26.499987096500202,47.280501073566185],[26.500142774650453,47.2836049857659],[26.48301207083508,47.28808267706923],[26.481512419678406,47.29295583440027],[26.460062410660836,47.30775143845919],[26.48233440089438,47.32017069256131],[26.51184967893513,47.330928572125785],[26.51323560840373,47.33681776480404],[26.521288155909776,47.34020300292156],[26.54127743765699,47.315391379311485],[26.55022868812286,47.317935189661384],[26.55291004559738,47.314871493386086],[26.549732385860228,47.31314727590213],[26.551914127730118,47.31178841050279],[26.550524801074218,47.309855925451],[26.55253953001214,47.309048355726645],[26.56353680552805,47.315078560282615]]],[[[26.318788521340313,47.54004367730575],[26.316214852886684,47.5375838507274],[26.32761644717605,47.53116286642642],[26.336665104863627,47.521519431155276],[26.34295490884036,47.519655797801654],[26.348158299685704,47.51309712709172],[26.34854748354676,47.49220937310297],[26.344933204515975,47.49488747392238],[26.343605551201737,47.4905854941567],[26.348761902679392,47.47947106204088],[26.32920527921837,47.48281509465981],[26.318684409688267,47.492895689041845],[26.308616649477706,47.496275685144774],[26.309960187524535,47.49939601305999],[26.303816308028832,47.50569433782721],[26.301239479594262,47.51498930217501],[26.291616713707057,47.50895010075923],[26.292970933185504,47.50724933149568],[26.284536455158467,47.50657985984113],[26.28343347459885,47.50030153633716],[26.278294715252333,47.50245633144101],[26.279444598016877,47.50539059307807],[26.27457806175855,47.50827367404829],[26.27097290318995,47.507063996298534],[26.247283397592824,47.52519811081493],[26.248301898709055,47.52734132648426],[26.252342409177686,47.52685204454502],[26.26272146501963,47.53226897629567],[26.26992974353032,47.544935470440876],[26.273695982914077,47.54597417714835],[26.29327820480017,47.53966212791758],[26.29085648175517,47.54715263825316],[26.294656420904833,47.55026456746179],[26.29897648107737,47.54988798666893],[26.309192172747082,47.54309577134375],[26.318788521340313,47.54004367730575]]],[[[26.328384705194956,47.44019024108793],[26.32995356071475,47.43408037434219],[26.3504402846127,47.41969304277939],[26.356365700483295,47.419646770589516],[26.358906419586614,47.41345160245155],[26.340352292176238,47.410594416964926],[26.338661813233927,47.415337079646555],[26.33284020652722,47.41575031858297],[26.337126705416214,47.4080630915884],[26.326926889554553,47.40729602782115],[26.3283386141525,47.40143261595528],[26.31645500913029,47.38538173597686],[26.333322527091887,47.38162954787018],[26.345559775190186,47.376059215979495],[26.340694048492317,47.37486073818474],[26.330840353755796,47.37775702935542],[26.324506399124317,47.374348315960326],[26.312603510001217,47.38117618416547],[26.30597288541574,47.380621919114915],[26.29624673522369,47.38285705914953],[26.288184063407858,47.38754914044612],[26.285996427935952,47.389950634272154],[26.287969372940534,47.39171611239956],[26.282856079125803,47.39607300092874],[26.269776377474248,47.39360789453425],[26.260933150303785,47.39402471952438],[26.259171226289254,47.395594796830224],[26.269676277244635,47.405196707557664],[26.26001724627295,47.406085397952815],[26.262192722033195,47.41183092428694],[26.255647233697736,47.414222163011],[26.259573063033496,47.41733280229344],[26.253566403413686,47.42066826310901],[26.261997750489822,47.42510020681433],[26.268639603563397,47.4257962790258],[26.284154031680487,47.438211440846786],[26.298260701288534,47.429244756858076],[26.297696963487514,47.43744494904758],[26.30229107156002,47.43940705830565],[26.30143357776823,47.44180404954726],[26.3055679795599,47.44260065764158],[26.31091985027703,47.438540991331266],[26.318927664367074,47.44174642756199],[26.325369355978783,47.441170290423265],[26.328384705194956,47.44019024108793]]],[[[26.399243417009398,47.50144355276784],[26.388539818104928,47.47175893979595],[26.37746024628005,47.46891670357779],[26.376440534924853,47.46654790491333],[26.37571030780526,47.46787656246012],[26.371706325717774,47.465174117358266],[26.37389359229045,47.45926622923222],[26.372244723062483,47.45314184136237],[26.361550391066313,47.45632926300725],[26.34413196650382,47.456586568668406],[26.34132949425539,47.46105909716304],[26.34507081471058,47.46227104116597],[26.34924678543759,47.459448043030434],[26.351847712483647,47.46245420958262],[26.338803798878644,47.47759629198516],[26.330262151237797,47.477640346197155],[26.32920527921837,47.48281509465981],[26.348761902679392,47.47947106204088],[26.343605551201737,47.4905854941567],[26.344933204515975,47.49488747392238],[26.34854748354676,47.49220937310297],[26.34703394290406,47.50535653861942],[26.3490587949909,47.50706169148389],[26.37740569360577,47.50650736333653],[26.399243417009398,47.50144355276784]]]]},"properties":{"alert_id":"103663e53cba7645","source":"nowcasting","alert_type":"nowcasting","feature_id":"21cd037409d001ecfd","judet_cod":"SV","judet_nume":"Suceava","county_code":"SV","county_name":"Suceava","cod_judet":"SV","cod_culoare":1,"cod_culoare_nume":"Galben","culoare":"1","cod":"Galben","fenomen_principal":"Averse care vor acumula 15...25 l/mp, descărcări electrice, intensificări ale vântului și vilelie cu viteze de 40...60 km/h, grindină cu diametrul de 1...2 cm.","fenomen_group":"ploi/vijelii","zona_text":"Județul Botoşani: Vorona, Frumușica, Tudora, Prăjeni;<br>Județul Suceava: Fălticeni, Dolhasca, Liteni, Preutești, Forăști, Boroaia, Vadu Moldovei, Rădășeni, Dolhești, Vulturești, Bogdănești, Drăgușeni, Bunești, Fântâna Mare, Hârtop;<br>Județul Neamţ: Târgu Neamț, Vânători-Neamț, Răucești, Grumăzești, Petricani, Agapia, Urecheni, Timișești, Brusturi, Păstrăveni, Drăgănești;<br>Județul Iaşi: Pașcani, Hârlău, Deleni, Cotnari, Scobinți, Lespezi, Tătăruși, Stolniceni-Prăjescu, Valea Seacă, Miroslovești, Moțca, Vânători, Ceplenița, Todirești, Cristești, Sirețel, Ciohorăni;<br>","zona_nume":"Suceava - localitati","zone_name":"Suceava - localitati","display_name":"Suceava - localitati","localities":["Fălticeni","Dolhasca","Liteni","Preutești","Forăști","Boroaia","Vadu Moldovei","Rădășeni","Dolhești","Vulturești","Bogdănești","Drăgușeni","Bunești","Fântâna Mare","Hârtop"],"geometry_source":"uat_match","match_confidence":"high","interval_text":"","interval_start":"2026-07-14T10:40:00","valid_from":"2026-07-14T10:40:00","valid_to":"2026-07-14T12:00:00","interval_valabilitate_text":"","interval_end":"2026-07-14T12:00:00","data_expirare":"2026-07-14T12:00:00","mesaj_plain":"Averse care vor acumula 15...25 l/mp, descărcări electrice, intensificări ale vântului și vilelie cu viteze de 40...60 km/h, grindină cu diametrul de 1...2 cm.","source_url":"","source_label":"","notes":"","durata_ore":1.3,"zi":"2026-07-14"}},{"type":"Feature","geometry":{"type":"MultiPolygon","coordinates":[[[[26.757439467763227,47.28482561787364],[26.772533932622835,47.29123434849529],[26.77801348874324,47.28872085755268],[26.773355502426714,47.284504624955424],[26.77951724574549,47.27926788727851],[26.775671977253012,47.27748022726939],[26.783806145928406,47.26883113413657],[26.775205401249654,47.26545591763237],[26.781172180061336,47.25816556436365],[26.774832326059443,47.25572817624104],[26.78054086475748,47.249204527889745],[26.776491371420914,47.24558765319238],[26.78209040752794,47.24607912446827],[26.778454668128806,47.24236509937213],[26.780971064016686,47.23928836731455],[26.786611444282908,47.24399427893071],[26.79426213158806,47.24046399206802],[26.7935950340935,47.22794610527132],[26.798758459364265,47.22850206536043],[26.800546740098497,47.226415962646605],[26.79549660265927,47.2247428558082],[26.80376827688085,47.21687855627023],[26.790255773815336,47.21454451051974],[26.786750421232714,47.217198335086586],[26.785502698541325,47.21223313324395],[26.783055623526693,47.21272178384998],[26.781066794146003,47.209851788270356],[26.77276628687108,47.21362526608281],[26.77381717024184,47.215520143942456],[26.779614023136222,47.2138204791455],[26.782434923596075,47.215379901872296],[26.78399343428913,47.21875733370604],[26.780406883985602,47.222191514677874],[26.759680161756744,47.220542466804915],[26.758003566867124,47.22685951537428],[26.746233739538567,47.22649664120275],[26.747147149013074,47.22410051933335],[26.7394375024005,47.22402991909913],[26.736986423873795,47.21965356800692],[26.70374936102485,47.2122663696496],[26.701230765457225,47.215036451907025],[26.690625011170333,47.212025830874005],[26.685832831038397,47.20690796751563],[26.675125734899513,47.2033760440864],[26.668461579362926,47.20301564667941],[26.66097242382703,47.20688096392662],[26.65831376664683,47.20625684455352],[26.654813695990825,47.21187737227973],[26.658181985736576,47.21917249606254],[26.651274650492805,47.225827019745005],[26.65283305597677,47.22671541412165],[26.646831300037302,47.22756104250687],[26.65016597038724,47.23378629964514],[26.639108550365265,47.25014107942857],[26.635313452522276,47.249582558467125],[26.63618899396091,47.25181432980022],[26.640981881770582,47.25361909179487],[26.644795393902886,47.249726211472165],[26.67404716001883,47.258265355115874],[26.69292147765254,47.270366991922224],[26.68803081037041,47.27585611281218],[26.709544121896545,47.28239204020507],[26.70609779133284,47.288199047688906],[26.71493311950178,47.29043298408077],[26.712951027832556,47.29387202820202],[26.716048633131447,47.29486749391057],[26.710505976769124,47.30308314565715],[26.726921103253265,47.30353144390544],[26.726765728193,47.298669490640236],[26.74286525802011,47.29809156601888],[26.750816747909287,47.29070195295286],[26.755520601547413,47.28993421749074],[26.754272298643688,47.28787778541915],[26.757439467763227,47.28482561787364]]],[[[26.997785695681745,47.19322860745393],[26.985428638709248,47.195120510645786],[26.988708206016206,47.19600354326926],[26.98833387335238,47.19865821003027],[26.957967761725364,47.20705658407719],[26.96034688635379,47.21806864286095],[26.964795344927378,47.21688550325467],[26.968023446537465,47.220341123689195],[26.97974855670305,47.211618541562125],[26.982812727371744,47.212584612730765],[26.97998019497466,47.22756612368752],[26.967313732197653,47.238047680786806],[26.990679794938302,47.24394096126319],[26.989217890904314,47.245268154735804],[26.997646673983333,47.247822530774535],[26.996345340624167,47.25502989670461],[27.000613709346553,47.25597838507833],[26.999299938792564,47.258385620441274],[27.014787385727967,47.26229341165077],[27.014784638399505,47.25854958549915],[27.032461501666898,47.231140876357195],[27.020301417437135,47.22833092446865],[27.029866473181166,47.2153632345885],[27.04431899962959,47.21601683524578],[27.047878674951182,47.21365422046786],[27.04711364169956,47.21204762067641],[27.04136758125815,47.21219855506467],[27.042711143577108,47.20905253347718],[27.025475853043545,47.20217051612651],[27.01725709618377,47.20215047370308],[27.007083641377776,47.1948326969876],[26.997785695681745,47.19322860745393]]],[[[27.325847915919688,47.24030708747529],[27.326982278875185,47.229109578072205],[27.33118433014556,47.22855681750002],[27.335953619848457,47.21493291975379],[27.32437239017683,47.21813293617491],[27.311603620343014,47.200219114632766],[27.317429771372876,47.194954301971244],[27.315177987061084,47.19270986129015],[27.308644503154685,47.194350281160474],[27.30727552499647,47.1926732080287],[27.309221760040845,47.18492715894092],[27.306364763013406,47.18379687956205],[27.30513753917444,47.18632577267533],[27.299591813581753,47.18582207836216],[27.29538643537624,47.18866662469447],[27.29211389691484,47.18637655825219],[27.296126804160405,47.18196835398308],[27.28909097797641,47.17769383132622],[27.28283547616274,47.18067463466142],[27.271603694180165,47.17817537948508],[27.270370209989483,47.180414416704245],[27.266551840993593,47.1791468581017],[27.26324992914381,47.183720158341],[27.256965940022134,47.17920758348775],[27.258183315420908,47.182621763053454],[27.2552677547064,47.181034217519795],[27.251094007019898,47.18598899968059],[27.2553614299783,47.18902702902406],[27.260688026593506,47.18887766694289],[27.256848783821095,47.189148884274246],[27.25258335895285,47.19576624918071],[27.223398632403814,47.18979057377897],[27.218377109348364,47.195668003146416],[27.21387239236452,47.19373979371644],[27.212642455969668,47.19493873870508],[27.21643465443924,47.19788567526122],[27.203656305628787,47.215446648523866],[27.196444023218007,47.21393854984162],[27.192643754456416,47.21641513575636],[27.201022835641673,47.217234838345924],[27.20456065598304,47.23713579496658],[27.20161941190281,47.23697616062541],[27.200265522246237,47.24138833086154],[27.20460116247143,47.2417732675939],[27.209849763011583,47.23602524585757],[27.22349118081316,47.23399883208471],[27.22685415071894,47.23601128054433],[27.221184860215054,47.22561109205163],[27.235492711118155,47.222344521691866],[27.240700089442758,47.2326258464848],[27.23391198924182,47.2342533497194],[27.235281843574377,47.23786324620506],[27.24145554935893,47.23641967741312],[27.24078840962825,47.232675492237504],[27.238767258193118,47.22870909148153],[27.259361509992434,47.22363401716024],[27.26990649481828,47.22578710925375],[27.267401423153167,47.228273296270125],[27.26978706192724,47.22848863009145],[27.26770979106368,47.22920871334232],[27.269103536313082,47.23084557521877],[27.265007683276863,47.233083699459634],[27.266561976553238,47.23552362416449],[27.273796574739855,47.23146005907667],[27.277162771905452,47.233069612770656],[27.288998097735863,47.22749051005372],[27.29247873160651,47.235810793419716],[27.301093008219095,47.237168005915294],[27.30135288075003,47.24905769024324],[27.31032188563936,47.251492708199244],[27.310773446047143,47.24563669501939],[27.30511684666224,47.23808721959511],[27.315889638080527,47.234327556185335],[27.31872686163673,47.24145297114258],[27.325847915919688,47.24030708747529]]],[[[26.819370835393414,47.13536585075644],[26.823872832313118,47.13274566701678],[26.818628534754577,47.12240532282776],[26.8276306849676,47.12061343079529],[26.830031904700714,47.12351624233696],[26.825671050340045,47.12399715494676],[26.82618199648982,47.12554565492168],[26.836551515672777,47.12589432607298],[26.84273200958147,47.13017731407952],[26.842629438606178,47.12259124401623],[26.84700443398158,47.122385863808326],[26.85350581122937,47.12602392289982],[26.855772831531382,47.11949690062469],[26.84518905219186,47.11925127031884],[26.843938030534204,47.116804059469914],[26.849680905055678,47.11436465553695],[26.85836394256163,47.11449181152762],[26.86317238919099,47.1168276106755],[26.86785765062844,47.11390874366356],[26.866257755559122,47.11036194182883],[26.877513376237648,47.1111122148502],[26.87809058928339,47.105430331030945],[26.884289407241543,47.105511537172966],[26.88541469601917,47.09993420430451],[26.890919566792416,47.0997953770909],[26.89212239128379,47.09810933887299],[26.890873392735102,47.095535458264806],[26.88520504019685,47.095808718445234],[26.865780820819143,47.09095571331922],[26.85800038514142,47.08299963917874],[26.83510425400855,47.07315528640845],[26.835830477256614,47.06972479892793],[26.813983344375707,47.064487771914614],[26.812277439615908,47.06743420516873],[26.809456151940875,47.066569048899964],[26.796182062766448,47.0767675099869],[26.7947971140334,47.07323517122558],[26.759586045874112,47.09783779681785],[26.750807975932506,47.096114616801486],[26.743874725247778,47.106832628108855],[26.749177406523206,47.11394693770885],[26.750105322605425,47.112476709634436],[26.75302219618201,47.113216894070995],[26.761192872095787,47.11766978074817],[26.76538141547204,47.114585581511],[26.77659227897174,47.122289683217595],[26.774421355101413,47.12400411130708],[26.77752823972268,47.125717443917125],[26.774905901266152,47.128626973217905],[26.78403144550334,47.13146435797633],[26.803420938429163,47.133105896201094],[26.80604061709125,47.128643719939845],[26.81107457438623,47.131083794440926],[26.813468686674476,47.130243427894335],[26.81315248420072,47.12569889433914],[26.8179032714212,47.124618829392944],[26.819923351155655,47.13022685070108],[26.81533446085781,47.13362089637194],[26.819370835393414,47.13536585075644]]],[[[27.402151942931958,47.25085588918388],[27.413567362112573,47.23679240134562],[27.41521846289728,47.23053134075756],[27.44167333157794,47.22965077159728],[27.44934125528384,47.20661998623226],[27.453096191701793,47.183032944599844],[27.451739485846804,47.18030416864121],[27.439121298932005,47.18329473950885],[27.435164991679084,47.17763210300654],[27.445363766871385,47.17358121121421],[27.444575790655723,47.171818826362],[27.440061094210904,47.16908586532792],[27.428710110634658,47.17388458650981],[27.427779395501293,47.165489954999785],[27.43951972761978,47.16158308173622],[27.4448332314606,47.143657680502294],[27.434603195807806,47.1439846601309],[27.434943077535923,47.138805465522495],[27.41247855715843,47.13870123802766],[27.40795314406404,47.14862088374283],[27.402159352461613,47.14757073216639],[27.401825347739436,47.143362500944434],[27.390058193963306,47.142792537233454],[27.380403213107247,47.139480068194764],[27.37563946585623,47.14693141651822],[27.365255996171065,47.1356123992486],[27.355539392227605,47.13545144087294],[27.35159972951729,47.13898907427214],[27.362210278042017,47.14387526209209],[27.365475290930082,47.14951017499234],[27.36434043654463,47.155814673136916],[27.35827058252687,47.16423706859268],[27.354772890138644,47.16468544858984],[27.350630869806373,47.16119780656575],[27.35249223445111,47.17030887561575],[27.35608535473216,47.17053474884581],[27.35946629959099,47.16784648690571],[27.373657851760004,47.169185672508696],[27.376478634392395,47.17240182715892],[27.373557432647413,47.18662460954028],[27.381680735061394,47.18471318533956],[27.38484480583182,47.190064541723515],[27.380990930916333,47.19101046250995],[27.38310051936619,47.19671727692334],[27.358597605808043,47.20250980918503],[27.359790615558104,47.20887025151751],[27.38094188352287,47.203343411192975],[27.3818728214488,47.20715289473775],[27.38751630146251,47.20387971600533],[27.387646169153218,47.21476490952251],[27.376852454292944,47.25058835661299],[27.379464755641397,47.25581553190037],[27.390616853921582,47.25698695500951],[27.395511819762476,47.24912870658189],[27.402151942931958,47.25085588918388]]],[[[27.361688341318583,47.02555183849459],[27.36086976501865,47.00680512994429],[27.367091105024745,47.00530729973517],[27.376788724481038,46.99372746574421],[27.378586596518776,46.9872510936677],[27.384789522262494,46.990609992850985],[27.38640384100873,46.989249114421405],[27.392718898300632,46.98162073078337],[27.392175979338916,46.97754423029866],[27.398481767802092,46.97357614113305],[27.383639878212307,46.96828699798509],[27.38485900667768,46.95393349931832],[27.37966781025417,46.95348481943413],[27.377339245909248,46.944609987539394],[27.36763695564057,46.94318898575216],[27.369776391273103,46.9502083319363],[27.363001229560236,46.95208369200597],[27.35039853793761,46.946287211223435],[27.34927976959893,46.948809018103205],[27.34450155664378,46.947730129972776],[27.344709044847903,46.95165821043861],[27.33804126482306,46.94954205520621],[27.340496884776613,46.95459138770066],[27.33792548805021,46.95461574767407],[27.338512645169647,46.95927119018959],[27.32481265327727,46.96843285442857],[27.305527321420207,46.961085329696914],[27.304407313841434,46.96461852807453],[27.296854292015002,46.96353902973704],[27.295232780061333,46.95899633680552],[27.29052692931247,46.960624237231016],[27.289517494301567,46.95468810608252],[27.279189995872798,46.95031756056995],[27.275588917398125,46.95607455642983],[27.26382288010324,46.96236894870551],[27.263045290386604,46.97464791906711],[27.25995591931907,46.978127566210084],[27.251719498754213,46.97595878267156],[27.23699984599022,46.976083729320806],[27.23087992950414,46.97972191316054],[27.231959450462885,46.987195385588265],[27.236273766708546,46.99087911566733],[27.243611725686236,46.99289816662111],[27.237896437782457,46.997212607250525],[27.239966593517796,47.011519011311776],[27.244791015065378,47.00797307749745],[27.249297352584303,47.01055370366402],[27.256410672709993,47.010268438936635],[27.29686219485733,47.0200136781249],[27.297657650033514,47.01597457141079],[27.30507573540529,47.01604066544814],[27.300854152873136,47.02107073729771],[27.3200686598656,47.02168531572957],[27.334244873093233,47.03144345017987],[27.33877038445871,47.04155841415409],[27.344123738354376,47.043089614477786],[27.347353235255248,47.04284263293741],[27.35140331655062,47.03430544565165],[27.355149266500096,47.0331934086854],[27.361688341318583,47.02555183849459]]],[[[26.89438980140935,47.294547812208634],[26.88280065796373,47.28913403765198],[26.89136790124225,47.26695089165264],[26.88181747409405,47.26253335244853],[26.885760291945033,47.258342528611394],[26.88467262303697,47.25539450455543],[26.89626865093881,47.24613632650319],[26.89352993734474,47.24003577563742],[26.90195215709074,47.23832028547716],[26.898346980502378,47.23486923997627],[26.902368946436074,47.22702870612224],[26.89579997382759,47.230410691603225],[26.89127625117473,47.22665405932812],[26.87446876139812,47.21993208317933],[26.8517052158578,47.2143364164278],[26.835081443285617,47.21590960897234],[26.832380248767485,47.21545044707093],[26.833586546679985,47.21303960053646],[26.829151584086876,47.212511060194714],[26.82818592780814,47.214833466142814],[26.78214657820737,47.20807867582986],[26.781066794146003,47.209851788270356],[26.783055623526693,47.21272178384998],[26.785502698541325,47.21223313324395],[26.786750421232714,47.217198335086586],[26.790255773815336,47.21454451051974],[26.80376827688085,47.21687855627023],[26.79549660265927,47.2247428558082],[26.800546740098497,47.226415962646605],[26.798758459364265,47.22850206536043],[26.793586740740828,47.22813515032931],[26.797807284331327,47.23297653800598],[26.801922285148457,47.231683435547424],[26.80076417747377,47.239602836199175],[26.804795443107437,47.2373901321191],[26.80403004707057,47.245559136767156],[26.809883092535554,47.25161623392556],[26.80473571162258,47.25561208450165],[26.806378957234223,47.261480548196914],[26.81451063233299,47.26683159821116],[26.81686576680444,47.27209908105374],[26.822870195407067,47.2748570945584],[26.83033472666909,47.27567391448034],[26.83488947211285,47.272560240899224],[26.838006330716155,47.275345185176704],[26.841295487896385,47.27358155211851],[26.84664012074696,47.277597679564224],[26.834213650300665,47.28309675696256],[26.836771995108066,47.285132709093304],[26.83576389685836,47.28770177890853],[26.84002849391659,47.28685170850224],[26.840745622292726,47.288708993599656],[26.834260361012493,47.28913179366431],[26.824688916019618,47.29945513157884],[26.829219562960077,47.30270161761725],[26.836186497643506,47.29685339756822],[26.839085451292632,47.298707208324444],[26.838956399455302,47.30260228427991],[26.84466396490912,47.306623493943924],[26.843526867939214,47.310719120725466],[26.855983068068035,47.31982250878288],[26.858469245127193,47.31567418668329],[26.855220154145833,47.31388593982118],[26.860425639235977,47.299875883003175],[26.877951740446225,47.3091845416037],[26.891757352958248,47.30020742261297],[26.89438980140935,47.294547812208634]]],[[[26.77276628687108,47.21362526608281],[26.783279712269888,47.20768724944825],[26.78807158252407,47.2092093157593],[26.798365574938714,47.20740386802046],[26.797720138296427,47.202345077289465],[26.814753871931238,47.20176228392348],[26.815206890103724,47.196724835146995],[26.812035805672643,47.196807513946425],[26.814120173169698,47.19028768130277],[26.808057298687512,47.189224319745826],[26.806171291811687,47.181075336548304],[26.80196493133886,47.180824747556564],[26.80163100876143,47.17901505051821],[26.811531616940663,47.175383326444404],[26.8161411033264,47.17060895577543],[26.808046663435576,47.172126460971754],[26.798341269283576,47.16978662926025],[26.802658736380057,47.1667298315948],[26.77602903608941,47.157606501752056],[26.7507524133745,47.144858764774476],[26.747468958241495,47.14671763753884],[26.743499414667472,47.14124202733925],[26.73941449916618,47.14304059908436],[26.73588095599921,47.142060717909025],[26.73275380292452,47.15456727139893],[26.72937320992552,47.1579731180428],[26.72544292221527,47.16028442113975],[26.716454947947224,47.16022797866868],[26.712334730513106,47.16653296625646],[26.716630196829513,47.16800459596351],[26.715147683937975,47.169768905797454],[26.691073184262557,47.163584692808506],[26.679308174249684,47.17807140313172],[26.683503299025826,47.17981975016984],[26.674590519867746,47.18773634976156],[26.67570045252309,47.189579169023936],[26.672974687354532,47.188818856166215],[26.666157219883996,47.19534604557074],[26.663510016506105,47.204393363243],[26.66756405215311,47.20461734231741],[26.668461579362926,47.20301564667941],[26.67865828113665,47.204240945123594],[26.685832831038397,47.20690796751563],[26.690625011170333,47.212025830874005],[26.701230765457225,47.215036451907025],[26.70374936102485,47.2122663696496],[26.736986423873795,47.21965356800692],[26.7394375024005,47.22402991909913],[26.747147149013074,47.22410051933335],[26.747446635857955,47.22657032598549],[26.758003566867124,47.22685951537428],[26.759680161756744,47.220542466804915],[26.780406883985602,47.222191514677874],[26.78399343428913,47.21875733370604],[26.782434923596075,47.215379901872296],[26.779614023136222,47.2138204791455],[26.77381717024184,47.215520143942456],[26.77276628687108,47.21362526608281]]],[[[27.17510970301124,47.25222249134322],[27.17714333903082,47.25000543810099],[27.182897602896407,47.25447843311544],[27.186389836675723,47.25270719325818],[27.184551890774312,47.25515705898983],[27.186562618496765,47.25899196612134],[27.19207383979966,47.26057951665205],[27.19842463059332,47.25785031185067],[27.197398551246415,47.25000543282239],[27.200815551768773,47.24989719408043],[27.20460116247143,47.2417732675939],[27.20018164597861,47.24094267969259],[27.20161941190281,47.23697616062541],[27.20456065598304,47.23713579496658],[27.200957014709683,47.217157375263604],[27.192643754456416,47.21641513575636],[27.17592104038101,47.220725188321005],[27.173358106858107,47.218283244072374],[27.174528907971176,47.21324219113179],[27.170925176658915,47.21266731109368],[27.17176335901703,47.20975126148881],[27.164157681138658,47.20864524985901],[27.16497960253393,47.20635379567521],[27.162083565884892,47.20589710287439],[27.157938731026828,47.21178626768192],[27.152518309401337,47.212280078493556],[27.147777234903643,47.20478881327876],[27.143451188476728,47.204994480069956],[27.135999778607758,47.21039681622284],[27.12620322761173,47.211287631219356],[27.125391052987627,47.20563600411858],[27.12048410338041,47.20476526989802],[27.120086948390583,47.20767436193508],[27.115874924818357,47.207126377158986],[27.113205351712306,47.21174458951564],[27.1004279540129,47.20992667055604],[27.101867033603487,47.21274976923009],[27.106415295991418,47.21285998046828],[27.099538745469385,47.21738740430786],[27.10080292765331,47.229387616383356],[27.097739011611043,47.229263563555165],[27.089995118454517,47.24227634493671],[27.086331382270746,47.24161271512417],[27.086828182815523,47.23605701358189],[27.084258144968974,47.23637964294204],[27.07347702151681,47.2496900625092],[27.069461496808614,47.24672115990795],[27.06192929376111,47.24916320006982],[27.055560699671894,47.24781550942822],[27.05547203924802,47.24533541431051],[27.050344235225364,47.24411066977148],[27.049468436759817,47.24574425128354],[27.05432207227024,47.246650025682015],[27.053812895847244,47.24927764908729],[27.049791121843228,47.25379838921595],[27.035614787799265,47.25812037333853],[27.036679160766095,47.2617866688705],[27.034298161563786,47.26424913843176],[27.040766044819673,47.27240148708867],[27.046912359900894,47.27607570348184],[27.055712712024942,47.26714388971403],[27.06033462071763,47.27048019696357],[27.066343261387367,47.26426008814767],[27.071133871288342,47.26809784650698],[27.080875708095416,47.255141581940435],[27.086292668453673,47.25297417050291],[27.093161882219107,47.2555472529428],[27.09643047064408,47.25170222986947],[27.101949037392895,47.251873451188324],[27.110076614689422,47.24787596509123],[27.111095894155802,47.250400046755274],[27.125190051418507,47.24559709849056],[27.14297153131132,47.26654156408619],[27.152164091487577,47.26198608836215],[27.149691151217695,47.25966447210754],[27.161130677862285,47.25442980159477],[27.1697449270764,47.25062228727111],[27.170920442993125,47.252028881222444],[27.173997432442352,47.24939581972852],[27.17510970301124,47.25222249134322]]],[[[27.376852454292944,47.25058835661299],[27.387646169153218,47.21476490952251],[27.38751630146251,47.20387971600533],[27.3818728214488,47.20715289473775],[27.38094188352287,47.203343411192975],[27.359790615558104,47.20887025151751],[27.358597605808043,47.20250980918503],[27.38310051936619,47.19671727692334],[27.380990930916333,47.19101046250995],[27.38484480583182,47.190064541723515],[27.381680735061394,47.18471318533956],[27.373557432647413,47.18662460954028],[27.376478634392395,47.17240182715892],[27.373657851760004,47.169185672508696],[27.35946629959099,47.16784648690571],[27.35608535473216,47.17053474884581],[27.35249223445111,47.17030887561575],[27.350630869806373,47.16119780656575],[27.354772890138644,47.16468544858984],[27.35827058252687,47.16423706859268],[27.36434043654463,47.155814673136916],[27.365475290930082,47.14951017499234],[27.362210278042017,47.14387526209209],[27.35141477230925,47.13897789959849],[27.345472575994926,47.13205819877772],[27.352567215956714,47.12534465335329],[27.347914116252483,47.12455743218348],[27.34997788267068,47.11799915021643],[27.34805424719452,47.11592521737779],[27.336307449291184,47.137556414364745],[27.332655934782952,47.137148062672736],[27.334254225814917,47.13311140443187],[27.330261483041184,47.13239172043969],[27.338532769038743,47.121101404223324],[27.345515308455255,47.11409860657578],[27.347612861930312,47.11557992943007],[27.35694641661373,47.11263809106684],[27.347641887715554,47.10328602975777],[27.354301498194516,47.08618687332949],[27.33205554513133,47.085463158808665],[27.3026687407462,47.092607452465344],[27.3067711529643,47.100681840131024],[27.31650107604484,47.108487555356476],[27.320601058391627,47.12271406435232],[27.308315984393715,47.14075342158084],[27.302869953908182,47.156072625925816],[27.295649447046127,47.166240479563974],[27.29047483828548,47.17797711089732],[27.296126804160405,47.18196835398308],[27.29211389691484,47.18637655825219],[27.29617847423925,47.18873305648154],[27.299591813581753,47.18582207836216],[27.30513753917444,47.18632577267533],[27.306364763013406,47.18379687956205],[27.309221760040845,47.18492715894092],[27.30727552499647,47.1926732080287],[27.308644503154685,47.194350281160474],[27.315177987061084,47.19270986129015],[27.317429771372876,47.194954301971244],[27.311603620343014,47.200219114632766],[27.32425517091603,47.21801807430841],[27.335953619848457,47.21493291975379],[27.33118433014556,47.22855681750002],[27.326982278875185,47.229109578072205],[27.32899958722933,47.24787842114676],[27.33511894167597,47.261619711366635],[27.340939972484108,47.26046456854805],[27.337114882241064,47.248109351560686],[27.345242800241152,47.24419436995891],[27.345833768868623,47.24834901534788],[27.350269355814127,47.25237877734205],[27.351572738199994,47.24188832832882],[27.361031995662604,47.24125604182206],[27.36426537337102,47.23736181969134],[27.37079492977227,47.238429363849434],[27.370731092021604,47.2449987277191],[27.376852454292944,47.25058835661299]]],[[[26.957967761725364,47.20705658407719],[26.98845348247122,47.19848303283566],[26.988708206016206,47.19600354326926],[26.985428638709248,47.195120510645786],[26.989262044111666,47.194345831782755],[26.99091226096367,47.187975520312776],[26.981391606006863,47.18130470217495],[26.97731814626884,47.16882732790333],[26.982992514587124,47.144043923009185],[27.01803604489651,47.13535307549302],[27.021863517282675,47.129124907830224],[27.009606265177908,47.120532740999515],[27.012813554364445,47.11869997816991],[27.009867273494,47.11576889345726],[27.00458370876708,47.11684534791216],[27.001925429259337,47.120572569894364],[27.00030786999747,47.118326376664314],[26.98494305793062,47.12324582892022],[26.98213577432822,47.1191974534531],[26.985100641954997,47.11453227848414],[26.9788758621968,47.11240811064971],[26.977115130861595,47.113606091861925],[26.970605144364786,47.10565674575413],[26.950733155050568,47.11178764157358],[26.945349564536976,47.120521186783385],[26.936062984839364,47.11054782917163],[26.92675118679712,47.11044448440244],[26.918296025252037,47.1235666394901],[26.93288971234404,47.12605090366425],[26.92973109081528,47.14564900590328],[26.922550394007743,47.13897224830995],[26.91538089853039,47.1416081196852],[26.911816944120996,47.13724226870452],[26.904002230970644,47.14391704629168],[26.89797057996109,47.14118708322422],[26.90034334511203,47.13863503952156],[26.894656823075387,47.13602519986539],[26.889792158985014,47.13804498938733],[26.885873608600207,47.137067944176735],[26.884315737201213,47.13985460877972],[26.877119643675965,47.13857930511319],[26.877134090024644,47.156043093885366],[26.88256917456033,47.15596733281783],[26.882641083565236,47.1584205895179],[26.886747324485054,47.15851869264238],[26.885718330905338,47.1622251035999],[26.89271136501295,47.164229796495846],[26.892148749312348,47.17274229825165],[26.894457250592783,47.17514764747446],[26.883618731617165,47.175144460877135],[26.88225824146552,47.188785555709615],[26.894665573336635,47.19851899003521],[26.903396167777686,47.18969140154027],[26.90640650110383,47.190720355808054],[26.904370740490197,47.1927434296428],[26.908946826442758,47.19697129005177],[26.91418978629839,47.200175799091085],[26.918988079231003,47.200418042046856],[26.92112564927939,47.20358231719311],[26.934997895208063,47.20338324619906],[26.92645710580652,47.21162329675004],[26.957967761725364,47.20705658407719]]],[[[26.97481176682608,47.25065245676379],[26.984218679364183,47.24278218454621],[26.967313732197653,47.238047680786806],[26.97998019497466,47.22756612368752],[26.982812727371744,47.212584612730765],[26.980178425984455,47.21153055024242],[26.970174491523633,47.21934447575721],[26.962056319164553,47.22025824387994],[26.957021511817278,47.22380693722475],[26.960836894498023,47.22355279177129],[26.958589484082395,47.225578251918876],[26.960820904893346,47.226851521443265],[26.960374327021377,47.23283095874685],[26.96402370360383,47.2409225113239],[26.970652465972485,47.24558120731904],[26.972600918148164,47.24995133835548],[26.97481176682608,47.25065245676379]]],[[[27.028522934992882,47.268898894544066],[27.037659555144238,47.256595296383246],[27.050257891494887,47.25347721108263],[27.0543462712741,47.24687834520125],[27.049468436759817,47.24574425128354],[27.050344235225364,47.24411066977148],[27.05547203924802,47.24533541431051],[27.055560699671894,47.24781550942822],[27.06192929376111,47.24916320006982],[27.069461496808614,47.24672115990795],[27.07347702151681,47.2496900625092],[27.084258144968974,47.23637964294204],[27.086828182815523,47.23605701358189],[27.086331382270746,47.24161271512417],[27.089995118454517,47.24227634493671],[27.097739011611043,47.229263563555165],[27.10080292765331,47.229387616383356],[27.099538745469385,47.21738740430786],[27.106415295991418,47.21285998046828],[27.101867033603487,47.21274976923009],[27.099217972866754,47.20100408489564],[27.09086378027151,47.20226397479871],[27.083239497601998,47.20001936038375],[27.083928306840782,47.19859123442766],[27.055503293538038,47.189253329528746],[27.054606145292915,47.18418590843271],[27.051825713592137,47.18570391867171],[27.04592128567251,47.18160323770188],[27.0575654988652,47.15633499265131],[27.05489560618131,47.15590902388843],[27.055256889883882,47.144426546107205],[27.05857371681915,47.13467110584474],[27.052819055727372,47.13467496386414],[27.05211222364273,47.12669294890802],[27.039263901554673,47.130669179627574],[27.039480780257225,47.1350904972689],[27.027815369544783,47.13536944911587],[27.028402150491715,47.138450878289916],[27.025874725932365,47.139339511482646],[27.01180078572888,47.142442700009894],[27.015383984656452,47.13619731101645],[26.9895376005479,47.14326897335627],[26.984062331657462,47.14319685781158],[26.97731814626884,47.16882732790333],[26.981391606006863,47.18130470217495],[26.99091226096367,47.187975520312776],[26.989262044111666,47.194345831782755],[26.997785695681745,47.19322860745393],[27.007083641377776,47.1948326969876],[27.01725709618377,47.20215047370308],[27.025228086892,47.20208360096742],[27.042878179004994,47.209148398055305],[27.04136758125815,47.21219855506467],[27.047331435795726,47.212321425346616],[27.045042526988677,47.215904567955214],[27.029866473181166,47.2153632345885],[27.020301417437135,47.22833092446865],[27.032461501666898,47.231140876357195],[27.0140348705908,47.26089595944716],[27.015143574442444,47.262348076700135],[27.020318556582712,47.258124398530214],[27.028522934992882,47.268898894544066]]],[[[27.190369205624894,47.21599411721442],[27.196444023218007,47.21393854984162],[27.203656305628787,47.215446648523866],[27.21643465443924,47.19788567526122],[27.211981427225087,47.19296271828487],[27.214622649818146,47.189954129008555],[27.21709027840718,47.19090870833946],[27.21945407121632,47.18605437094064],[27.218569083513394,47.1834993091144],[27.212727993313653,47.18238109516151],[27.21839359581352,47.16747274867782],[27.208711643779683,47.16595020576877],[27.204590918949588,47.15975610760145],[27.22082003309492,47.13026463464665],[27.222398417122903,47.12411919640309],[27.217834878416944,47.121867335519354],[27.220026193558844,47.11399378628619],[27.22851071720016,47.09944783805206],[27.238290510678745,47.09254398386213],[27.240557504703705,47.085616401281435],[27.237359322122842,47.083773059069564],[27.234977368920735,47.069823203679434],[27.2303874046757,47.06650306037159],[27.229614314687506,47.05743291148708],[27.23342338517055,47.05215849393684],[27.23303669418214,47.0478902792968],[27.24732236921507,47.04853631343178],[27.25130038569082,47.04582027712163],[27.26213971217761,47.044848600246695],[27.266089902566844,47.03939121090343],[27.24180286885691,47.01038665624669],[27.228114148211244,47.01688600595599],[27.219304175504835,47.016864399266034],[27.206069800854593,47.027591868622785],[27.201439888676557,47.026910253039084],[27.186432095232743,47.030010598056656],[27.183984652002653,47.03491886717763],[27.177040444926064,47.03995254129649],[27.185644052974837,47.049708868478646],[27.18327784586779,47.06091247881079],[27.173238624364863,47.071954301799735],[27.15589169391679,47.082517001704126],[27.15135526681764,47.10591679721638],[27.144578254937816,47.12032820937437],[27.14658943893222,47.121919481847314],[27.145169583682236,47.12626235589264],[27.150987088580557,47.12643124237705],[27.15092758212919,47.13178707714107],[27.15429819770671,47.13169747045795],[27.153435826497848,47.1365177713589],[27.15788967825388,47.136456116320446],[27.15830895303597,47.14214178546398],[27.16906331397831,47.14063753148674],[27.17123439492838,47.1361972635989],[27.17586607699145,47.136102402499446],[27.176154466767017,47.14750405409882],[27.18333736287129,47.14838316921331],[27.174866516129704,47.18116120874936],[27.18449637546947,47.18249837842863],[27.196870641195115,47.163996414945025],[27.202958305175418,47.1623356448586],[27.198165805954464,47.16643503389488],[27.19422376480978,47.184717204831976],[27.211409065712495,47.18672047963416],[27.210816943438935,47.18980087352876],[27.215293683368895,47.188094766603335],[27.209897072428987,47.19195979341127],[27.20100758428322,47.21119354533928],[27.193187568645307,47.20920906765521],[27.190369205624894,47.21599411721442]]],[[[26.90499856473979,47.32060087887179],[26.924475668040923,47.311267273158876],[26.920366719080015,47.307487158416556],[26.92164109952889,47.30588493503407],[26.91706734246418,47.30539881304858],[26.905682373965018,47.297994141255145],[26.910116439111565,47.294937843198554],[26.900981968214293,47.29128313348211],[26.898761283225475,47.29583803269853],[26.89438980140935,47.294547812208634],[26.891757352958248,47.30020742261297],[26.877951740446225,47.3091845416037],[26.860425639235977,47.299875883003175],[26.855220154145833,47.31388593982118],[26.858469245127193,47.31567418668329],[26.855983068068035,47.31982250878288],[26.843526867939214,47.310719120725466],[26.84466396490912,47.306623493943924],[26.838956399455302,47.30260228427991],[26.839085451292632,47.298707208324444],[26.836186497643506,47.29685339756822],[26.829219562960077,47.30270161761725],[26.824688916019618,47.29945513157884],[26.814503288017995,47.310232046645794],[26.81654335848832,47.31060530969263],[26.808203919390667,47.31607895987697],[26.80819820654414,47.33665510956078],[26.803222409669704,47.33672862486572],[26.807774726642606,47.33954059880322],[26.814893902906714,47.33371661079882],[26.820624074815512,47.33642102398949],[26.809638082001904,47.34508579623397],[26.808720838325282,47.35267062298575],[26.803512814374304,47.35702391509249],[26.80349216634311,47.36096862394666],[26.79958901368141,47.36146254708837],[26.800358224772857,47.36327089556367],[26.804756975762107,47.363785436137825],[26.80071885182784,47.365782138912536],[26.80081023540981,47.36960638267477],[26.7946707457586,47.36788166906619],[26.78849082570608,47.371237279281246],[26.780344346862513,47.37031002987732],[26.778081700685966,47.38752614645203],[26.788686235212396,47.39297498675674],[26.801698117686808,47.38744934248109],[26.807692925531516,47.387043322814975],[26.804239068457402,47.381603741836976],[26.809833439942924,47.38211082736114],[26.81156449752718,47.37769540434987],[26.832056245290236,47.36448147914177],[26.84072232922235,47.355661370773824],[26.858741366436504,47.34491072655823],[26.8726892730993,47.33947706957093],[26.882224223849143,47.33862519204448],[26.892323198338136,47.33053611703312],[26.901801166925534,47.32751773762915],[26.90499856473979,47.32060087887179]]],[[[26.9788758621968,47.11240811064971],[26.989478470951813,47.11628050566129],[26.987534039497298,47.11335728780263],[26.9809321206043,47.111865903349496],[26.976571208766202,47.10565264658497],[26.98064540543023,47.10335717475171],[26.980208822428743,47.10720717265957],[26.986264203446108,47.10708136642398],[26.986442350928474,47.11094253396702],[26.99003469787923,47.10615393519024],[26.99592432301814,47.1077194086519],[27.00135047168021,47.09883600488032],[27.00563213265818,47.09975899787018],[27.004194613157146,47.09501894176677],[27.00766744745892,47.094718693196604],[27.005586786606937,47.085405183461],[26.99932768008356,47.08342132069359],[26.998639546050025,47.07533515437543],[26.986994080366102,47.06797527596078],[26.983380548908087,47.07931536351407],[26.970932601849086,47.077261257977206],[26.97177309013819,47.061895909537064],[26.962182360657312,47.06173353110124],[26.962001626902342,47.059101010377645],[26.959366299114883,47.06022307680549],[26.959831615503013,47.044931347283736],[26.947502475931888,47.04072465841055],[26.94052909140595,47.04448332811485],[26.935259078874182,47.043626851623],[26.934358241192697,47.04017772670466],[26.923952874452215,47.040934815657565],[26.92284965064392,47.042348777201795],[26.92915070609971,47.046586962605836],[26.92378965174336,47.05186743861991],[26.930293548066647,47.05294581722428],[26.92391236374751,47.05931935783436],[26.928788137237277,47.06258351701967],[26.92224749200564,47.062847433537684],[26.921442883044765,47.06703450429716],[26.91421550865558,47.069062405730776],[26.916681103825102,47.07455815671633],[26.908109417333772,47.07441963848544],[26.911450818277707,47.08101453614505],[26.901368012545657,47.0846617570224],[26.9023129305457,47.08638623651621],[26.909485254982265,47.08744185228107],[26.914583402070935,47.08576334700354],[26.91660749729445,47.09055780368133],[26.912166113521636,47.08884773610063],[26.912154542729507,47.09551321647823],[26.919598335764167,47.09628883521618],[26.92620703439885,47.11003743084946],[26.936062984839364,47.11054782917163],[26.945349564536976,47.120521186783385],[26.950733155050568,47.11178764157358],[26.970605144364786,47.10565674575413],[26.977115130861595,47.113606091861925],[26.9788758621968,47.11240811064971]]],[[[26.834457235681903,47.14408575734741],[26.81533446085781,47.13362089637194],[26.819923351155655,47.13022685070108],[26.8179032714212,47.124618829392944],[26.813659203306067,47.125111649198935],[26.812007502241034,47.131031124735266],[26.80604061709125,47.128643719939845],[26.803420938429163,47.133105896201094],[26.79855124580943,47.13378204316294],[26.774905901266152,47.128626973217905],[26.77752823972268,47.125717443917125],[26.774421355101413,47.12400411130708],[26.77659227897174,47.122289683217595],[26.768405776843107,47.116483097040465],[26.76538141547204,47.114585581511],[26.761192872095787,47.11766978074817],[26.75302219618201,47.113216894070995],[26.750105322605425,47.112476709634436],[26.749177406523206,47.11394693770885],[26.74435241551928,47.10903811039356],[26.750807975932506,47.096114616801486],[26.741623501380094,47.09428695917238],[26.725432329279943,47.08513574390503],[26.71110581178027,47.09410952398737],[26.70786517609747,47.092142856622914],[26.681889364030358,47.11331193975584],[26.694033317135393,47.119145788120136],[26.69213113172204,47.12081081727381],[26.70732269782176,47.13036930475409],[26.732392111752354,47.13746058052805],[26.737054121454662,47.14246819088764],[26.743499414667472,47.14124202733925],[26.747468958241495,47.14671763753884],[26.7507524133745,47.144858764774476],[26.77602903608941,47.157606501752056],[26.802797448978357,47.166832955375014],[26.804237655558087,47.16189079494411],[26.795059410921233,47.15637343659953],[26.790762881869878,47.15650828056921],[26.78853272982265,47.15134252647454],[26.79197768679383,47.1479956614939],[26.796840953114387,47.14732998905454],[26.799344123584774,47.151868580090444],[26.804908535666563,47.14992240272864],[26.82108719855124,47.15548308759357],[26.834457235681903,47.14408575734741]]],[[[27.29047483828548,47.17797711089732],[27.302869953908182,47.156072625925816],[27.308315984393715,47.14075342158084],[27.320601058391627,47.12271406435232],[27.31650107604484,47.108487555356476],[27.3067711529643,47.100681840131024],[27.292727200948608,47.08330365268089],[27.283447731047062,47.08446306475283],[27.278074995576045,47.08721860570215],[27.269221726794818,47.08648940569301],[27.26642107965627,47.0884945053589],[27.255161629435996,47.08445439392104],[27.240557504703705,47.085616401281435],[27.238290510678745,47.09254398386213],[27.22851071720016,47.09944783805206],[27.220026193558844,47.11399378628619],[27.217834878416944,47.121867335519354],[27.222398417122903,47.12411919640309],[27.22082003309492,47.13026463464665],[27.204590918949588,47.15975610760145],[27.208711643779683,47.16595020576877],[27.21839359581352,47.16747274867782],[27.212727993313653,47.18238109516151],[27.218569083513394,47.1834993091144],[27.21945407121632,47.18605437094064],[27.21709027840718,47.19090870833946],[27.214622649818146,47.189954129008555],[27.211981427225087,47.19296271828487],[27.218377109348364,47.195668003146416],[27.223398632403814,47.18979057377897],[27.25258335895285,47.19576624918071],[27.256848783821095,47.189148884274246],[27.260688026593506,47.18887766694289],[27.2553614299783,47.18902702902406],[27.251094007019898,47.18598899968059],[27.2552677547064,47.181034217519795],[27.258183315420908,47.182621763053454],[27.256965940022134,47.17920758348775],[27.26324992914381,47.183720158341],[27.266551840993593,47.1791468581017],[27.270370209989483,47.180414416704245],[27.271603694180165,47.17817537948508],[27.28283547616274,47.18067463466142],[27.29047483828548,47.17797711089732]]],[[[27.191032704413477,47.21681576261787],[27.193187568645307,47.20920906765521],[27.20100758428322,47.21119354533928],[27.209897072428987,47.19195979341127],[27.215293683368895,47.188094766603335],[27.210816943438935,47.18980087352876],[27.211409065712495,47.18672047963416],[27.19422376480978,47.184717204831976],[27.198165805954464,47.16643503389488],[27.202958305175418,47.1623356448586],[27.196870641195115,47.163996414945025],[27.18449637546947,47.18249837842863],[27.174831022042184,47.18110756396971],[27.18333736287129,47.14838316921331],[27.176154466767017,47.14750405409882],[27.17586607699145,47.136102402499446],[27.17123439492838,47.1361972635989],[27.16906331397831,47.14063753148674],[27.15830895303597,47.14214178546398],[27.15788967825388,47.136456116320446],[27.153435826497848,47.1365177713589],[27.15429819770671,47.13169747045795],[27.15092758212919,47.13178707714107],[27.150987088580557,47.12643124237705],[27.145169583682236,47.12626235589264],[27.14658943893222,47.121919481847314],[27.144578254937816,47.12032820937437],[27.15135526681764,47.10591679721638],[27.155936667218302,47.082708015774536],[27.14703988589756,47.08186439388233],[27.143822316195827,47.08419797623178],[27.09757645462332,47.092010250793436],[27.115535581612473,47.10251521596541],[27.117209755738617,47.110866745026776],[27.125662624862795,47.11576401174938],[27.122872181978543,47.122612417904385],[27.118684223108588,47.12394188987814],[27.1184913774246,47.121817300778794],[27.099119102318518,47.11885656390473],[27.097320337749146,47.120265726609176],[27.094876920042122,47.11834431424093],[27.095046043662144,47.12555792892234],[27.10756875459003,47.12815724535234],[27.107707794449812,47.135834317073915],[27.123275113313476,47.138213432583676],[27.12507466161473,47.142777493505605],[27.122453234800727,47.15287824077824],[27.117216293973243,47.15502165426552],[27.11678777538883,47.15799489458369],[27.120644675104728,47.15937049714092],[27.119105721696172,47.16463173190098],[27.113840183365866,47.166986444153984],[27.109722409293695,47.16624792487225],[27.108707125238524,47.16927285379469],[27.11686422178792,47.170537906578595],[27.115199408055346,47.176302931259855],[27.121673000089444,47.177646151296756],[27.121455670893667,47.17988224883809],[27.12590321078646,47.179358655889224],[27.126417982085012,47.17726994548285],[27.12756868088011,47.17900082404033],[27.12523194347181,47.18364454671999],[27.119545400782172,47.183089410619175],[27.111950742686705,47.20288209020022],[27.106548669145692,47.20234061263712],[27.105980389851528,47.19823774851432],[27.097539957435405,47.19759122512147],[27.1004279540129,47.20992667055604],[27.113205351712306,47.21174458951564],[27.115874924818357,47.207126377158986],[27.120086948390583,47.20767436193508],[27.12048410338041,47.20476526989802],[27.125391052987627,47.20563600411858],[27.12620322761173,47.211287631219356],[27.13549606294044,47.210508472626195],[27.145815826584005,47.20463198472281],[27.15038543475742,47.206390986950105],[27.152518309401337,47.212280078493556],[27.157938731026828,47.21178626768192],[27.162083565884892,47.20589710287439],[27.16497960253393,47.20635379567521],[27.164157681138658,47.20864524985901],[27.17176335901703,47.20975126148881],[27.170925176658915,47.21266731109368],[27.174528907971176,47.21324219113179],[27.173358106858107,47.218283244072374],[27.17592104038101,47.220725188321005],[27.191032704413477,47.21681576261787]]],[[[27.039263901554673,47.130669179627574],[27.057625622819607,47.125164952128046],[27.06356044726018,47.11207638232349],[27.055900819664167,47.10482756468608],[27.054930368322616,47.097934435985906],[27.06627403488087,47.09514544119472],[27.075526831177243,47.08806889864423],[27.06040203236678,47.084942413477236],[27.060816869519932,47.07576316429258],[27.05223322728172,47.06351801196845],[27.04628091350086,47.06497205174967],[27.0429781251192,47.062453891736226],[27.044128333053692,47.059883898876485],[27.03868747980677,47.058639171451105],[27.037831908592263,47.055550718183476],[27.033409334459854,47.05657707160601],[27.025396869257765,47.05262788294746],[27.02521773048004,47.050781333955776],[27.03543264296477,47.04995625883553],[27.03229042167542,47.04232305023284],[27.036556387694514,47.041941264499215],[27.03614223774033,47.040086652021685],[27.025229962002587,47.037205608541264],[27.025969298143245,47.03518094457644],[27.022648225083106,47.033484974670806],[27.017145710039944,47.035829746070924],[27.013621862323404,47.034495923486254],[27.012528512711853,47.036803397478565],[27.008303538255795,47.03689960784997],[27.008124531671836,47.0396896581095],[27.002378192840226,47.03997721810237],[26.99489491867406,47.051048199546656],[26.997268153983896,47.05189196701387],[26.989429205012183,47.069462309320514],[26.999212743614873,47.07613703732897],[26.99932768008356,47.08342132069359],[27.005586786606937,47.085405183461],[27.00766744745892,47.094718693196604],[27.004194613157146,47.09501894176677],[27.00563213265818,47.09975899787018],[27.00135047168021,47.09883600488032],[26.99592432301814,47.1077194086519],[26.99003469787923,47.10615393519024],[26.986442350928474,47.11094253396702],[26.986264203446108,47.10708136642398],[26.980208822428743,47.10720717265957],[26.98064540543023,47.10335717475171],[26.976833446719333,47.106988073634795],[26.9809321206043,47.111865903349496],[26.989754282232678,47.115102875667176],[26.985100641954997,47.11453227848414],[26.98213577432822,47.1191974534531],[26.98494305793062,47.12324582892022],[27.00030786999747,47.118326376664314],[27.001925429259337,47.120572569894364],[27.00682367176637,47.11574180192271],[27.01068052842651,47.11626692704744],[27.012813554364445,47.11869997816991],[27.009606265177908,47.120532740999515],[27.021863517282675,47.129124907830224],[27.020840100141157,47.1334984702155],[27.015383984656452,47.13619731101645],[27.01180078572888,47.142442700009894],[27.028402150491715,47.138450878289916],[27.027815369544783,47.13536944911587],[27.039480780257225,47.1350904972689],[27.039263901554673,47.130669179627574]]],[[[26.88634932063176,47.09560940253964],[26.889654854407645,47.09440685480799],[26.88660149035408,47.09006717851612],[26.876851727758755,47.0882343904362],[26.883222151459236,47.08426892170262],[26.897403078370242,47.06408502101332],[26.892590858176842,47.060932746770305],[26.882316025873227,47.05947253883156],[26.833858101207447,47.0430311104959],[26.835461439254395,47.04125829394085],[26.83244643115198,47.03738415374087],[26.819610614283224,47.042110003690034],[26.816098540447214,47.051113162814296],[26.820701983733596,47.05217737870833],[26.813983344375707,47.064487771914614],[26.835830477256614,47.06972479892793],[26.83510425400855,47.07315528640845],[26.85800038514142,47.08299963917874],[26.865780820819143,47.09095571331922],[26.88634932063176,47.09560940253964]]],[[[27.115535581612473,47.10251521596541],[27.08642352148507,47.087649363434124],[27.07554095218086,47.088051877757586],[27.06627403488087,47.09514544119472],[27.054930368322616,47.097934435985906],[27.055900819664167,47.10482756468608],[27.06356044726018,47.11207638232349],[27.057625622819607,47.125164952128046],[27.052053137527345,47.12681709270099],[27.052819055727372,47.13467496386414],[27.05857371681915,47.13467110584474],[27.055256889883882,47.144426546107205],[27.05489560618131,47.15590902388843],[27.0575654988652,47.15633499265131],[27.045745102329278,47.18057701178573],[27.051675549458622,47.18564783397773],[27.054606145292915,47.18418590843271],[27.055503293538038,47.189253329528746],[27.083928306840782,47.19859123442766],[27.083239497601998,47.20001936038375],[27.09086378027151,47.20226397479871],[27.097137871056734,47.20097635260435],[27.097539957435405,47.19759122512147],[27.105980389851528,47.19823774851432],[27.106548669145692,47.20234061263712],[27.111950742686705,47.20288209020022],[27.119545400782172,47.183089410619175],[27.12523194347181,47.18364454671999],[27.127255023873523,47.181037079271526],[27.126417982085012,47.17726994548285],[27.12590321078646,47.179358655889224],[27.121508713796437,47.179894718736335],[27.121673000089444,47.177646151296756],[27.115199408055346,47.176302931259855],[27.11686422178792,47.170537906578595],[27.108707125238524,47.16927285379469],[27.109722409293695,47.16624792487225],[27.113840183365866,47.166986444153984],[27.119105721696172,47.16463173190098],[27.120644675104728,47.15937049714092],[27.11678777538883,47.15799489458369],[27.117273759348713,47.15474394800917],[27.122013560036955,47.153730734511754],[27.125036480031415,47.14242342749835],[27.123275113313476,47.138213432583676],[27.107707794449812,47.135834317073915],[27.10756875459003,47.12815724535234],[27.09525862284982,47.126647191006576],[27.094876920042122,47.11834431424093],[27.097320337749146,47.120265726609176],[27.099119102318518,47.11885656390473],[27.1184913774246,47.121817300778794],[27.118684223108588,47.12394188987814],[27.122872181978543,47.122612417904385],[27.125688528040516,47.115897968068],[27.117209755738617,47.110866745026776],[27.115535581612473,47.10251521596541]]],[[[26.896551854480702,47.085428517840725],[26.910406672443788,47.08218356604068],[26.90740179431014,47.07518127837647],[26.916681103825102,47.07455815671633],[26.91421550865558,47.069062405730776],[26.921442883044765,47.06703450429716],[26.92118661063658,47.063321581330456],[26.928788137237277,47.06258351701967],[26.92388725768667,47.058615465671394],[26.930097750628292,47.05227086226019],[26.92378965174336,47.05186743861991],[26.92915070609971,47.046586962605836],[26.923058280268926,47.041637747928384],[26.934358241192697,47.04017772670466],[26.936522994133743,47.04409780007354],[26.942947817869374,47.04311228402991],[26.931733979711296,47.03729994687352],[26.933037078241508,47.034548564656326],[26.931061720485346,47.03582921185252],[26.909966872812472,47.02905545541618],[26.905090945808844,47.03021958699784],[26.902538939236784,47.02797427151978],[26.888642429109204,47.04574445258739],[26.87637327176452,47.04130563518503],[26.87151578243586,47.04603204902482],[26.885264895331982,47.0517691715135],[26.878141175762295,47.05766112925349],[26.892590858176842,47.060932746770305],[26.897728844965783,47.06437163813437],[26.883222151459236,47.08426892170262],[26.876749962796843,47.0890187838191],[26.88660149035408,47.09006717851612],[26.88467531867934,47.086518685381144],[26.887209033374628,47.08459981668684],[26.894199875766333,47.09113797161844],[26.897718439299233,47.0885691536188],[26.896551854480702,47.085428517840725]]],[[[27.4448332314606,47.143657680502294],[27.457565407339693,47.11325958870799],[27.450947002906005,47.11274884301047],[27.45547055872858,47.10307952662452],[27.445743654558825,47.100086172337086],[27.43635709286654,47.10193100368142],[27.431096834360112,47.10674064968901],[27.422484162156106,47.10151737310813],[27.421036794930295,47.10673604729728],[27.41894137890687,47.10781773183728],[27.417024134231454,47.1055750195275],[27.407878411834997,47.11521947529578],[27.393496756724243,47.10378029504391],[27.38109218246174,47.08957202692055],[27.380757832987033,47.08657950105163],[27.387397803376587,47.08492230920503],[27.37747642455225,47.07130340348363],[27.383177378213322,47.068567054187746],[27.380010252009978,47.06449177039893],[27.38355525901807,47.06001779939381],[27.3819726274951,47.055297749150355],[27.37742480144528,47.054464290602084],[27.372979324118393,47.05056456457231],[27.35764652983776,47.05407396751983],[27.35191499764695,47.050032003980476],[27.34573041775467,47.051948391528],[27.344615185781045,47.05435471063207],[27.336653190773685,47.054520791006965],[27.3376309772911,47.062733543749765],[27.323667607231197,47.06162579756041],[27.327906243752896,47.07513408441973],[27.33882350929196,47.08504525604374],[27.35070867453787,47.08525154036968],[27.35470231809072,47.08737381769222],[27.347641887715554,47.10328602975777],[27.35694641661373,47.11263809106684],[27.347612861930312,47.11557992943007],[27.345515308455255,47.11409860657578],[27.338532769038743,47.121101404223324],[27.330261483041184,47.13239172043969],[27.334254225814917,47.13311140443187],[27.332655934782952,47.137148062672736],[27.336307449291184,47.137556414364745],[27.34805424719452,47.11592521737779],[27.34997788267068,47.11799915021643],[27.347914116252483,47.12455743218348],[27.352567215956714,47.12534465335329],[27.34704519378706,47.12887139891453],[27.346978369136952,47.13449884924245],[27.35159972951729,47.13898907427214],[27.355443947710835,47.13547588232661],[27.36507125023435,47.135514919141144],[27.37563946585623,47.14693141651822],[27.380403213107247,47.139480068194764],[27.390058193963306,47.142792537233454],[27.401825347739436,47.143362500944434],[27.402159352461613,47.14757073216639],[27.40795314406404,47.14862088374283],[27.41247855715843,47.13870123802766],[27.434943077535923,47.138805465522495],[27.434603195807806,47.1439846601309],[27.4448332314606,47.143657680502294]]],[[[26.812035805672643,47.196807513946425],[26.826296834199812,47.196389844068634],[26.827860368995985,47.19105666861376],[26.83658209334709,47.18745488099173],[26.838053636968656,47.18345304064434],[26.84324533648285,47.18071084604215],[26.846856491759375,47.18139266279057],[26.85228093014672,47.16282692596957],[26.854874950478273,47.164586177608626],[26.85935037207084,47.15998679194633],[26.86054838200319,47.15335795975016],[26.866765518057544,47.150084839698344],[26.8770910540817,47.15463651346246],[26.877168156763545,47.13838032653296],[26.884315737201213,47.13985460877972],[26.885873608600207,47.137067944176735],[26.889792158985014,47.13804498938733],[26.894656823075387,47.13602519986539],[26.90034334511203,47.13863503952156],[26.89797057996109,47.14118708322422],[26.904002230970644,47.14391704629168],[26.911816944120996,47.13724226870452],[26.91538089853039,47.1416081196852],[26.922550394007743,47.13897224830995],[26.92973109081528,47.14564900590328],[26.93288971234404,47.12605090366425],[26.918296025252037,47.1235666394901],[26.92675118679712,47.11044448440244],[26.919598335764167,47.09628883521618],[26.912154542729507,47.09551321647823],[26.912166113521636,47.08884773610063],[26.91660749729445,47.09055780368133],[26.914583402070935,47.08576334700354],[26.90434691982651,47.087379948250934],[26.901368012545657,47.0846617570224],[26.897538806487553,47.084997566642926],[26.897718439299233,47.0885691536188],[26.894199875766333,47.09113797161844],[26.88939480366344,47.08566242825569],[26.885355928684543,47.08475016720016],[26.889654854407645,47.09440685480799],[26.88634932063176,47.09560940253964],[26.890873392735102,47.095535458264806],[26.891741536926503,47.098919614078],[26.88541469601917,47.09993420430451],[26.884289407241543,47.105511537172966],[26.87809058928339,47.105430331030945],[26.877513376237648,47.1111122148502],[26.866257755559122,47.11036194182883],[26.86785765062844,47.11390874366356],[26.86317238919099,47.1168276106755],[26.85836394256163,47.11449181152762],[26.849680905055678,47.11436465553695],[26.843938030534204,47.116804059469914],[26.84518905219186,47.11925127031884],[26.855772831531382,47.11949690062469],[26.85350581122937,47.12602392289982],[26.84700443398158,47.122385863808326],[26.842629438606178,47.12259124401623],[26.84273200958147,47.13017731407952],[26.836551515672777,47.12589432607298],[26.82618199648982,47.12554565492168],[26.825671050340045,47.12399715494676],[26.830031904700714,47.12351624233696],[26.8276306849676,47.12061343079529],[26.818628534754577,47.12240532282776],[26.823872832313118,47.13274566701678],[26.819370835393414,47.13536585075644],[26.834457235681903,47.14408575734741],[26.82108719855124,47.15548308759357],[26.804908535666563,47.14992240272864],[26.799344123584774,47.151868580090444],[26.796840953114387,47.14732998905454],[26.788938980721078,47.1505788388357],[26.790762881869878,47.15650828056921],[26.795974254363585,47.156768586697666],[26.804917299340662,47.16263463500635],[26.80310150917839,47.16658905347368],[26.79766580497575,47.16950144209382],[26.808046663435576,47.172126460971754],[26.8161411033264,47.17060895577543],[26.811531616940663,47.175383326444404],[26.80163100876143,47.17901505051821],[26.80196493133886,47.180824747556564],[26.806171291811687,47.181075336548304],[26.808057298687512,47.189224319745826],[26.814120173169698,47.19028768130277],[26.812035805672643,47.196807513946425]]],[[[27.003837720156902,47.306186153982935],[27.004585023800484,47.29986584730695],[27.014707826473096,47.299165012464904],[27.01593079532187,47.293346866196025],[27.026221170944027,47.290123771896994],[27.02874145680483,47.269224602445526],[27.020318556582712,47.258124398530214],[27.015143574442444,47.262348076700135],[26.999299938792564,47.258385620441274],[27.000613709346553,47.25597838507833],[26.996345340624167,47.25502989670461],[26.997646673983333,47.247822530774535],[26.984218679364183,47.24278218454621],[26.97481176682608,47.25065245676379],[26.972600918148164,47.24995133835548],[26.97119285394801,47.25751644524161],[26.964661438518544,47.255953731669116],[26.96762360409265,47.25112519210458],[26.966033875455047,47.24967610294898],[26.948815449400207,47.26768635930897],[26.95733395774245,47.26995359219375],[26.956664868033076,47.27144260881028],[26.96510053925668,47.27258843085996],[26.96473439755588,47.27400464411708],[26.971681040306308,47.27438987250852],[26.97222008266555,47.282035710026406],[26.965714062360863,47.28193024459846],[26.963053674349002,47.28373203969421],[26.963615377798828,47.2891511230169],[26.948669487897067,47.29290564406215],[26.948453263209355,47.298164281017264],[26.954691399453605,47.29872115568909],[26.942472449642626,47.30853920281186],[26.91943582134711,47.31232628108838],[26.90499856473979,47.32060087887179],[26.909100891187975,47.321216247588865],[26.920310849993967,47.316038068741484],[26.921838708864993,47.31954334232899],[26.92817665049899,47.31875560694303],[26.92954670720512,47.321250997787715],[26.938059768194712,47.3215410465792],[26.934858896734553,47.3151665884536],[26.939520709746308,47.314675047522414],[26.946895480487463,47.30881193321491],[26.959846597870804,47.31545735305482],[26.975164789834498,47.30511759996926],[26.976908233916507,47.30894553288173],[26.980666549209367,47.30582789824496],[26.990117344523227,47.308841981029225],[27.003837720156902,47.306186153982935]]],[[[26.92340272016954,47.20394765025401],[26.908946826442758,47.19697129005177],[26.904370740490197,47.1927434296428],[26.906196294413885,47.19062930057893],[26.903396167777686,47.18969140154027],[26.894665573336635,47.19851899003521],[26.88225824146552,47.188785555709615],[26.883618731617165,47.175144460877135],[26.894457250592783,47.17514764747446],[26.892148749312348,47.17274229825165],[26.8928497930401,47.16440927422512],[26.885718330905338,47.1622251035999],[26.886747324485054,47.15851869264238],[26.882641083565236,47.1584205895179],[26.88256917456033,47.15596733281783],[26.877134090024644,47.156043093885366],[26.866765518057544,47.150084839698344],[26.859343404699988,47.15434548988789],[26.85935037207084,47.15998679194633],[26.854917688066756,47.16456723591892],[26.85228093014672,47.16282692596957],[26.846856491759375,47.18139266279057],[26.84324533648285,47.18071084604215],[26.838053636968656,47.18345304064434],[26.83658209334709,47.18745488099173],[26.827860368995985,47.19105666861376],[26.826296834199812,47.196389844068634],[26.815206890103724,47.196724835146995],[26.814753871931238,47.20176228392348],[26.796615409219555,47.20268924739588],[26.798768658179537,47.20687640995664],[26.79317973710299,47.208575519183874],[26.82818592780814,47.214833466142814],[26.829151584086876,47.212511060194714],[26.834334364292328,47.21315550593366],[26.832380248767485,47.21545044707093],[26.835081443285617,47.21590960897234],[26.852325005496798,47.21444487426332],[26.87308528507709,47.219435515537114],[26.892281912583748,47.22721851115856],[26.904622982016715,47.21924475281218],[26.90007433470191,47.215596099789046],[26.92340272016954,47.20394765025401]]],[[[26.80769025562282,47.317826670040475],[26.81654335848832,47.31060530969263],[26.814503288017995,47.310232046645794],[26.827452840747295,47.29468865482943],[26.834260361012493,47.28913179366431],[26.840745622292726,47.288708993599656],[26.84002849391659,47.28685170850224],[26.83576389685836,47.28770177890853],[26.836771995108066,47.285132709093304],[26.834213650300665,47.28309675696256],[26.84664012074696,47.277597679564224],[26.841295487896385,47.27358155211851],[26.838006330716155,47.275345185176704],[26.83488947211285,47.272560240899224],[26.83033472666909,47.27567391448034],[26.82446042097196,47.275346090741806],[26.81686576680444,47.27209908105374],[26.81451063233299,47.26683159821116],[26.806378957234223,47.261480548196914],[26.80473571162258,47.25561208450165],[26.809883092535554,47.25161623392556],[26.80403004707057,47.245559136767156],[26.804795443107437,47.2373901321191],[26.80062415952574,47.23931768481616],[26.801922285148457,47.231683435547424],[26.797940229015946,47.23299326337022],[26.794654338593215,47.23097787021829],[26.79426213158806,47.24046399206802],[26.786611444282908,47.24399427893071],[26.780971064016686,47.23928836731455],[26.778454668128806,47.24236509937213],[26.78209040752794,47.24607912446827],[26.776491371420914,47.24558765319238],[26.78054086475748,47.249204527889745],[26.774832326059443,47.25572817624104],[26.781172180061336,47.25816556436365],[26.775205401249654,47.26545591763237],[26.783806145928406,47.26883113413657],[26.775671977253012,47.27748022726939],[26.77951724574549,47.27926788727851],[26.773355502426714,47.284504624955424],[26.77801348874324,47.28872085755268],[26.772533932622835,47.29123434849529],[26.768536591958316,47.288219567869476],[26.761895778149366,47.29134068087527],[26.761760143467104,47.295580575663756],[26.765349006503158,47.29817132186908],[26.76077466035761,47.30286268854355],[26.76273957011011,47.30561404742736],[26.776146404495908,47.30910998744889],[26.78442096804883,47.309463012439004],[26.785946905378125,47.306836275719206],[26.794617652165147,47.311019394399565],[26.79681028831077,47.30799365574862],[26.80565643643418,47.3140049367211],[26.802315842681878,47.318769701419015],[26.80769025562282,47.317826670040475]]],[[[26.96162484095195,47.245536021566465],[26.96762360409265,47.25112519210458],[26.964661438518544,47.255953731669116],[26.97119285394801,47.25751644524161],[26.973066509024818,47.2505625284867],[26.970652465972485,47.24558120731904],[26.96402370360383,47.2409225113239],[26.958919219770394,47.228438177118676],[26.960836894498023,47.22355279177129],[26.957021511817278,47.22380693722475],[26.96669609658257,47.219491249586135],[26.964795344927378,47.21688550325467],[26.96034688635379,47.21806864286095],[26.957967761725364,47.20705658407719],[26.927624508217075,47.21186450784182],[26.934831667588305,47.204165159165],[26.92992857517562,47.202870208015014],[26.92340272016954,47.20394765025401],[26.90007433470191,47.215596099789046],[26.904622982016715,47.21924475281218],[26.892281912583748,47.22721851115856],[26.89579997382759,47.230410691603225],[26.902368946436074,47.22702870612224],[26.898346980502378,47.23486923997627],[26.90195215709074,47.23832028547716],[26.89352993734474,47.24003577563742],[26.89626865093881,47.24613632650319],[26.88467262303697,47.25539450455543],[26.885760291945033,47.258342528611394],[26.88181747409405,47.26253335244853],[26.892118807006987,47.26692514219906],[26.895512540323473,47.25953591969534],[26.899217661413246,47.26067213475635],[26.9006675387579,47.258168097720365],[26.90895081370589,47.26187548300947],[26.905948033784334,47.26600748702756],[26.9171870519797,47.26715683760029],[26.919294997048947,47.259919588286145],[26.925706878409283,47.25250911058558],[26.93099763864446,47.25454284362451],[26.938442978597624,47.248100367807446],[26.941926500223673,47.24875147056936],[26.94761317635267,47.24288072871289],[26.958379185839533,47.24820347539139],[26.96162484095195,47.245536021566465]]],[[[26.966033875455047,47.24967610294898],[26.96162484095195,47.245536021566465],[26.958379185839533,47.24820347539139],[26.94761317635267,47.24288072871289],[26.941926500223673,47.24875147056936],[26.938442978597624,47.248100367807446],[26.93099763864446,47.25454284362451],[26.925706878409283,47.25250911058558],[26.919294997048947,47.259919588286145],[26.9171870519797,47.26715683760029],[26.905948033784334,47.26600748702756],[26.90895081370589,47.26187548300947],[26.9006675387579,47.258168097720365],[26.899217661413246,47.26067213475635],[26.895512540323473,47.25953591969534],[26.893895896405063,47.26548530901696],[26.888567462942532,47.27042423786636],[26.88301547071373,47.28938431161497],[26.898761283225475,47.29583803269853],[26.900981968214293,47.29128313348211],[26.910116439111565,47.294937843198554],[26.905682373965018,47.297994141255145],[26.91706734246418,47.30539881304858],[26.92164109952889,47.30588493503407],[26.920366719080015,47.307487158416556],[26.924451033979647,47.31123780269176],[26.94221877615024,47.30866971705147],[26.954691399453605,47.29872115568909],[26.948453263209355,47.298164281017264],[26.948669487897067,47.29290564406215],[26.963615377798828,47.2891511230169],[26.963053674349002,47.28373203969421],[26.965714062360863,47.28193024459846],[26.97222008266555,47.282035710026406],[26.971681040306308,47.27438987250852],[26.96473439755588,47.27400464411708],[26.96510053925668,47.27258843085996],[26.956664868033076,47.27144260881028],[26.95733395774245,47.26995359219375],[26.948815449400207,47.26768635930897],[26.966033875455047,47.24967610294898]]]]},"properties":{"alert_id":"5e09318ab0b2176e","source":"nowcasting","alert_type":"nowcasting","feature_id":"bb207699a3f39a8bd6","judet_cod":"IS","judet_nume":"Iași","county_code":"IS","county_name":"Iași","cod_judet":"IS","cod_culoare":1,"cod_culoare_nume":"Galben","culoare":"1","cod":"Galben","fenomen_principal":"Averse care vor acumula 15...25 l/mp, descărcări electrice, intensificări ale vântului și vilelie cu viteze de 40...60 km/h, grindină cu diametrul de 1...2 cm.","fenomen_group":"ploi/vijelii","zona_text":"Județul Neamţ: Săbăoani, Tămășeni, Cordun, Doljești, Gherăești, Sagna, Botești, Dulcești, Stănița, Boghicea, Văleni, Bira;<br>Județul Iaşi: Pașcani, Târgu Frumos, Podu Iloaiei, Hălăucești, Lețcani, Țibana, Ruginoasa, Stolniceni-Prăjescu, Bălțați, Dagâța, Dumești, Strunga, Ion Neculce, Sinești, Todirești, Butea, Mogoșești-Siret, Popești, Lungani, Oțeleni, Mircești, Brăești, Rachițeni, Horlești, Alexandru I. Cuza, Balș, Heleșteni, Hărmănești, Costești, Mădârjac, Cucuteni;<br>","zona_nume":"Iași - localitati","zone_name":"Iași - localitati","display_name":"Iași - localitati","localities":["Pașcani","Târgu Frumos","Podu Iloaiei","Hălăucești","Lețcani","Țibana","Ruginoasa","Stolniceni-Prăjescu","Bălțați","Dagâța","Dumești","Strunga","Ion Neculce","Sinești","Todirești","Butea","Mogoșești-Siret","Popești","Lungani","Oțeleni","Mircești","Brăești","Rachițeni","Horlești","Alexandru I. Cuza","Balș","Heleșteni","Hărmănești","Costești","Mădârjac","Cucuteni"],"geometry_source":"uat_match","match_confidence":"medium","interval_text":"","interval_start":"2026-07-14T10:30:00","valid_from":"2026-07-14T10:30:00","valid_to":"2026-07-14T12:00:00","interval_valabilitate_text":"","interval_end":"2026-07-14T12:00:00","data_expirare":"2026-07-14T12:00:00","mesaj_plain":"Averse care vor acumula 15...25 l/mp, descărcări electrice, intensificări ale vântului și vilelie cu viteze de 40...60 km/h, grindină cu diametrul de 1...2 cm.","source_url":"","source_label":"","notes":"","durata_ore":1.5,"zi":"2026-07-14"}},{"type":"Feature","geometry":{"type":"MultiPolygon","coordinates":[[[[26.872292039565988,47.0462523671679],[26.87637327176452,47.04130563518503],[26.888642429109204,47.04574445258739],[26.92147099400793,47.00222330759768],[26.928511454827767,46.988578142404],[26.927613286867064,46.982608661385825],[26.930656888866853,46.976838777536614],[26.927689162635584,46.974856093450505],[26.909519522183306,46.971971813417575],[26.909977703059855,46.970300489206906],[26.892739597388122,46.965335809743465],[26.890599199803187,46.96752485264941],[26.898012660656224,46.971007920218305],[26.89451570734538,46.97897309375871],[26.880199982417025,46.99047203421309],[26.87331558811088,46.98872714439002],[26.870171244183698,46.99300675825009],[26.862863556870156,46.99073828523271],[26.86303199388828,46.995518762112845],[26.855929846729328,46.99275632552357],[26.84976536489773,47.012660739526474],[26.841401259098642,47.022454805940846],[26.845869529678136,47.02241192777029],[26.842252482553764,47.02919256038],[26.85094112225491,47.03303830929747],[26.856462811128456,47.032184668034844],[26.849672078757134,47.04387263201737],[26.866367344589378,47.04939228782029],[26.871306489561615,47.04517294419993],[26.872292039565988,47.0462523671679]]],[[[26.931061720485346,47.03582921185252],[26.946242180615116,47.03147567798529],[26.946394484543077,47.02123824235752],[26.956528521833672,47.01776424961231],[26.959706078567525,47.01435519615368],[26.96935727046579,47.012183540406006],[26.968996467656083,47.009832733656694],[26.96093640132192,47.006162146266206],[26.961610640091386,47.003001468958146],[26.968261411644214,46.99840208416323],[26.962716964689083,46.99480258998317],[26.961703283770944,46.98880854193877],[26.967132427090263,46.98687413070841],[26.977375976885295,46.98917490501572],[26.985572490141085,46.983795331618225],[26.981817913871804,46.979670762007004],[26.982323790889843,46.97531450646815],[26.974912892897457,46.97323393349343],[26.973635411273438,46.97439075083798],[26.96841551473415,46.967664578224834],[26.95122033173523,46.96503772565303],[26.949507296186265,46.967663723788164],[26.944938401274737,46.968339970637295],[26.93984113692849,46.979091604145665],[26.934603063856496,46.97949643388792],[26.93041865912452,46.97694214512226],[26.927613286867064,46.982608661385825],[26.928511454827767,46.988578142404],[26.92186651239375,47.001642340210346],[26.902552493282325,47.027978486940654],[26.905090945808844,47.03021958699784],[26.909966872812472,47.02905545541618],[26.931061720485346,47.03582921185252]]],[[[26.927556024302863,46.97477413852572],[26.934603063856496,46.97949643388792],[26.93984113692849,46.979091604145665],[26.944938401274737,46.968339970637295],[26.949507296186265,46.967663723788164],[26.94992441895443,46.96017471085814],[26.95342598861385,46.960204612496845],[26.951397231525902,46.95212402185883],[26.9234198754652,46.952262191829064],[26.927265896421602,46.95550876562648],[26.926095521243894,46.959348727203185],[26.913672436504243,46.95777069038979],[26.914587096818373,46.953211460078684],[26.91140134617948,46.952267144220826],[26.913141144372997,46.95026752234893],[26.902632276209822,46.945848065185736],[26.90509038785485,46.9431918045056],[26.90152619099373,46.941871209184285],[26.904480637964724,46.93991261312894],[26.895380706422753,46.93880470062154],[26.884968697589194,46.94576608559976],[26.876808418127982,46.946473516008915],[26.86624824465192,46.95139837740933],[26.860936961457337,46.96180330250294],[26.846714324720757,46.95704060920238],[26.84266409232947,46.96467137517302],[26.83543511555665,46.96478658745948],[26.83427162944804,46.967162032719486],[26.82895406366437,46.96819713765534],[26.827012989534175,46.97668512885675],[26.82268617697946,46.98138818143346],[26.812243711713034,46.984127416248576],[26.802593698894565,46.99314508314622],[26.800468301150644,46.99627206287624],[26.802065421509297,47.000327166399046],[26.79676395027522,47.00805488113147],[26.800427485883954,47.010685313613166],[26.804260944025422,47.00744478412403],[26.811835220419233,47.0106565255102],[26.813214880218837,47.00905782085207],[26.827501823756773,47.016900980190655],[26.842263694074163,47.02099273759039],[26.84976536489773,47.012660739526474],[26.855929846729328,46.99275632552357],[26.86303199388828,46.995518762112845],[26.862863556870156,46.99073828523271],[26.870171244183698,46.99300675825009],[26.87331558811088,46.98872714439002],[26.880199982417025,46.99047203421309],[26.89451570734538,46.97897309375871],[26.898012660656224,46.971007920218305],[26.890599199803187,46.96752485264941],[26.89255621739937,46.96536605527091],[26.909977703059855,46.970300489206906],[26.909519522183306,46.971971813417575],[26.927556024302863,46.97477413852572]]],[[[26.989429205012183,47.069462309320514],[26.997268153983896,47.05189196701387],[26.99489491867406,47.051048199546656],[27.002663377289586,47.03958585832148],[27.008124531671836,47.0396896581095],[27.00885512154668,47.036502471697204],[27.02246332687508,47.03345416219006],[27.016839273474154,47.03084707089361],[27.019052659967915,47.02913032126989],[27.00678665149548,47.02807684759194],[27.00463855811348,47.01949791341673],[27.00132476828646,47.01667803000893],[26.99148561524936,47.01596443799345],[26.994497976328304,47.00152172073408],[27.01344163005972,47.007130006245475],[27.02055008034847,47.005018331730405],[27.029568526012305,47.00723412608494],[27.033607348582915,46.99968571869056],[27.003631784191597,46.99528799086462],[27.00598059723416,46.98233323249053],[26.982897918568934,46.97933035021052],[26.985572490141085,46.983795331618225],[26.97840432194196,46.98880076011782],[26.967132427090263,46.98687413070841],[26.961703283770944,46.98880854193877],[26.962716964689083,46.99480258998317],[26.968261411644214,46.99840208416323],[26.961610640091386,47.003001468958146],[26.96093640132192,47.006162146266206],[26.968996467656083,47.009832733656694],[26.96935727046579,47.012183540406006],[26.94809055757906,47.01988261335271],[26.94527827053475,47.02301485479153],[26.946467356835075,47.03129362924095],[26.932298105561085,47.034317672638856],[26.931565942021646,47.03694555843298],[26.942839495987034,47.042954796011564],[26.947502475931888,47.04072465841055],[26.959831615503013,47.044931347283736],[26.959366299114883,47.06022307680549],[26.962001626902342,47.059101010377645],[26.962182360657312,47.06173353110124],[26.97177309013819,47.061895909537064],[26.970932601849086,47.077261257977206],[26.983380548908087,47.07931536351407],[26.986994080366102,47.06797527596078],[26.989429205012183,47.069462309320514]]],[[[26.812277439615908,47.06743420516873],[26.820701983733596,47.05217737870833],[26.816098540447214,47.051113162814296],[26.819610614283224,47.042110003690034],[26.83244643115198,47.03738415374087],[26.835461439254395,47.04125829394085],[26.833858101207447,47.0430311104959],[26.878141175762295,47.05766112925349],[26.885264895331982,47.0517691715135],[26.87283217699022,47.04799572128032],[26.871306489561615,47.04517294419993],[26.866418197205167,47.04939641490762],[26.849672078757134,47.04387263201737],[26.856462811128456,47.032184668034844],[26.85094112225491,47.03303830929747],[26.842252482553764,47.02919256038],[26.845869529678136,47.02241192777029],[26.84141239426621,47.022484618710266],[26.842263694074163,47.02099273759039],[26.827501823756773,47.016900980190655],[26.813214880218837,47.00905782085207],[26.811835220419233,47.0106565255102],[26.804260944025422,47.00744478412403],[26.800427485883954,47.010685313613166],[26.797643718732658,47.00956975361845],[26.802065421509297,47.000327166399046],[26.800540912781575,46.9958450987562],[26.803781378294225,46.99362575562284],[26.79906737678978,46.99147362320956],[26.788761874052685,47.00226956967272],[26.781097078557035,47.00315060914139],[26.76047320448772,47.014165788755754],[26.764153336658385,47.017788527815895],[26.7700084606385,47.014856790365926],[26.77395127321803,47.015655351811304],[26.771619791988662,47.01901108666709],[26.774532582955885,47.02040227219635],[26.77440817937088,47.02410785136076],[26.76349085009871,47.02903836719159],[26.762036975332748,47.0331795096694],[26.76558397970508,47.0333530984117],[26.768688669935422,47.038615794121625],[26.808130842952696,47.06599373461056],[26.796182062766448,47.0767675099869],[26.809456151940875,47.066569048899964],[26.812277439615908,47.06743420516873]]],[[[27.065181253938864,46.99833037206803],[27.09435842772437,47.00306484092609],[27.105664679208548,46.99088559401972],[27.100523583834175,46.957395286553044],[27.10175566150557,46.95166795619242],[27.097321421806008,46.93733306902565],[27.101924548171567,46.92644148884424],[27.09938751900025,46.92530635938446],[27.09670930106114,46.925497942613134],[27.097375577819413,46.92851635675155],[27.093045804657585,46.92720849548039],[27.088468819069178,46.92847989982331],[27.089227820836403,46.93765675873149],[27.071560440245594,46.93694541788074],[27.06657968157206,46.94489453876626],[27.06069650043268,46.945253783973364],[27.059139450110816,46.9482410973216],[27.053811191508284,46.94759716308879],[27.0522201142403,46.9505666234177],[27.04687551988332,46.949689876313016],[27.046792088685137,46.95375341592201],[27.04013163594028,46.9513917655325],[27.03608092135871,46.955043228397734],[27.022941317959784,46.9569642967309],[26.99943910395376,46.956006287608425],[26.995451320920594,46.9525419196489],[26.99034924479141,46.95169510563924],[26.97825757015924,46.956536480142645],[26.982380417174692,46.95867032605773],[26.99174384755214,46.95571955639388],[26.992982029207642,46.96277992985807],[26.95350920490442,46.95707520509241],[26.95342598861385,46.960204612496845],[26.94992441895443,46.96017471085814],[26.951500142150643,46.96556024130426],[26.968555206311343,46.96772656671314],[26.973635411273438,46.97439075083798],[26.974912892897457,46.97323393349343],[26.982323790889843,46.97531450646815],[26.98174149326181,46.97937513711701],[27.00598059723416,46.98233323249053],[27.003631784191597,46.99528799086462],[27.033607348582915,46.99968571869056],[27.03909063048929,47.00124096574672],[27.038041449811026,47.00373968807171],[27.043356329489527,47.00283365153974],[27.048111868167755,47.01610156669232],[27.05568715554284,47.0138773195665],[27.057550036087914,47.007760988994086],[27.060704897448744,47.00867524388907],[27.065181253938864,46.99833037206803]]],[[[26.795411580694743,47.075461525620305],[26.808130842952696,47.06599373461056],[26.791113123485736,47.05300494154976],[26.788270186241114,47.0535007103477],[26.782580749401877,47.04899632897585],[26.785226516378554,47.048555188339904],[26.768688669935422,47.038615794121625],[26.765654686587023,47.03341143382337],[26.76196516354721,47.032088819930614],[26.75203404691901,47.037587427799856],[26.75072756985064,47.04107321142495],[26.738842686612895,47.04986814210323],[26.733527575398647,47.04858146448048],[26.716332202381484,47.051828885438255],[26.714633917663985,47.05583498043263],[26.699379460312976,47.05778347772149],[26.69195068666654,47.062556660456586],[26.700228842103595,47.06519298772442],[26.691097110954527,47.06869762326051],[26.710437075546828,47.08384606419341],[26.704182870732254,47.085725890428556],[26.710871444876805,47.090001955440634],[26.70786517609747,47.092142856622914],[26.71110581178027,47.09410952398737],[26.725432329279943,47.08513574390503],[26.741623501380094,47.09428695917238],[26.759586045874112,47.09783779681785],[26.7947971140334,47.07323517122558],[26.795411580694743,47.075461525620305]]],[[[26.752048529699007,47.01739317924137],[26.781097078557035,47.00315060914139],[26.788761874052685,47.00226956967272],[26.797601889988186,46.99223175337422],[26.802593698894565,46.99314508314622],[26.812243711713034,46.984127416248576],[26.82268617697946,46.98138818143346],[26.827012989534175,46.97668512885675],[26.82822763232384,46.96896128596913],[26.834953554102537,46.9667946813248],[26.83543511555665,46.96478658745948],[26.84266409232947,46.96467137517302],[26.84483383414727,46.957882752111395],[26.850423821493386,46.957238661593884],[26.8542116483865,46.960564740987],[26.860936961457337,46.96180330250294],[26.862538362318947,46.955380000686446],[26.86624824465192,46.95139837740933],[26.871331205369035,46.949972861002315],[26.86306750419199,46.95108932346426],[26.85300320218756,46.94886191434617],[26.85145698374809,46.95040615227527],[26.848878559041907,46.9494948856901],[26.845114904748975,46.95365703756388],[26.839911914471656,46.954109088644906],[26.833799670369313,46.951356056980956],[26.84231799343795,46.942009757286954],[26.825162030587713,46.93784878167098],[26.821453789168686,46.94153975555816],[26.812458305781877,46.93793477058409],[26.808795977793533,46.942092100519744],[26.79545173099724,46.935276014847084],[26.7560916942839,46.951953153849225],[26.740398552592087,46.9629545881087],[26.719199510757548,46.98512070552984],[26.728263575607706,46.988461524915465],[26.725656676504954,46.991082325695345],[26.72860557227115,46.99231886844358],[26.717788322615544,47.00935227393014],[26.72556115215776,47.00974640488065],[26.736757735036278,47.004961564137375],[26.744801852293133,47.006159566292425],[26.750443535673654,47.00972696798578],[26.752048529699007,47.01739317924137]]],[[[27.239966593517796,47.011519011311776],[27.237896437782457,46.997212607250525],[27.243611725686236,46.99289816662111],[27.236273766708546,46.99087911566733],[27.231959450462885,46.987195385588265],[27.230402549268742,46.97831448447884],[27.226295387846253,46.97573857863529],[27.216584238704154,46.9740504447809],[27.207428069531048,46.97828912647945],[27.204373224523778,46.98261234442495],[27.198140366589172,46.97805159780516],[27.189525865352746,46.98359196793205],[27.189007459449726,46.9881884321055],[27.180329204090935,46.988886502169905],[27.173153428998543,46.98564506250159],[27.17226906080304,46.97563097681888],[27.16566828298168,46.97284672559514],[27.167630509593813,46.97137886786149],[27.171578819433986,46.97346478784169],[27.17102521371076,46.97095589108222],[27.161878174863016,46.97004145610987],[27.14848579584694,46.96118045972056],[27.147781630985662,46.95976985494722],[27.150490983046424,46.959679009483885],[27.147884473751542,46.958197114146024],[27.133855307813178,46.963450031436814],[27.121973854620833,46.950741919091016],[27.110451523523064,46.94967008352008],[27.105313731741486,46.95810309366457],[27.10199890936714,46.95922438116317],[27.105607888223172,46.99109955559055],[27.09435842772437,47.00306484092609],[27.081738488498253,47.00009723712357],[27.08000853725673,47.00333523269527],[27.085046521666165,47.018586938152005],[27.079473040512582,47.018624680725196],[27.07701088146617,47.02439378157655],[27.072276000063646,47.02595842945321],[27.08566855784734,47.026750002141455],[27.086689510470475,47.033769635949334],[27.09054938805648,47.032509962453226],[27.115201490310167,47.040121238069894],[27.121749124754807,47.03848147386947],[27.1215722177039,47.04590235794105],[27.13180588032803,47.04575034549253],[27.13648291480548,47.049327572472734],[27.148652009836646,47.04732977553387],[27.149013382893173,47.05745505968869],[27.155031391092173,47.0707876936303],[27.15174812743379,47.0751913810848],[27.156359705156465,47.07844667069465],[27.15659126729291,47.082140771497926],[27.173238624364863,47.071954301799735],[27.174796334700062,47.067921686205096],[27.18305760627265,47.06144593009607],[27.185644052974837,47.049708868478646],[27.1769379942663,47.0401668371922],[27.183984652002653,47.03491886717763],[27.186432095232743,47.030010598056656],[27.201439888676557,47.026910253039084],[27.206069800854593,47.027591868622785],[27.219304175504835,47.016864399266034],[27.228114148211244,47.01688600595599],[27.239966593517796,47.011519011311776]]],[[[27.155936667218302,47.082708015774536],[27.156359705156465,47.07844667069465],[27.15174812743379,47.0751913810848],[27.155031391092173,47.0707876936303],[27.149013382893173,47.05745505968869],[27.150378045465605,47.04858060664297],[27.14828895031719,47.04714619553435],[27.13648291480548,47.049327572472734],[27.13180588032803,47.04575034549253],[27.1215722177039,47.04590235794105],[27.121749124754807,47.03848147386947],[27.115201490310167,47.040121238069894],[27.09054938805648,47.032509962453226],[27.086689510470475,47.033769635949334],[27.08614713850882,47.028159210716424],[27.077538570635813,47.02799911062925],[27.078006360491568,47.03798252555055],[27.073808924880527,47.03710580178076],[27.073763338426012,47.0406776027823],[27.06006061018411,47.04117111579313],[27.041798082324117,47.04622083728403],[27.04792850339127,47.05359099789245],[27.037839765971448,47.05556214044732],[27.038637068447752,47.05855745684704],[27.044128333053692,47.059883898876485],[27.0429781251192,47.062453891736226],[27.04628091350086,47.06497205174967],[27.05223322728172,47.06351801196845],[27.060816869519932,47.07576316429258],[27.06040203236678,47.084942413477236],[27.077391228790564,47.08834152421988],[27.086705519667813,47.08770142694197],[27.09757645462332,47.092010250793436],[27.143822316195827,47.08419797623178],[27.14703988589756,47.08186439388233],[27.155936667218302,47.082708015774536]]],[[[26.691147294995666,47.06862262102905],[26.700228842103595,47.06519298772442],[26.69195068666654,47.062556660456586],[26.699379460312976,47.05778347772149],[26.714633917663985,47.05583498043263],[26.714470295444183,47.05251011533814],[26.725961656516944,47.049387965594704],[26.738842686612895,47.04986814210323],[26.75072756985064,47.04107321142495],[26.75203404691901,47.037587427799856],[26.762716679855913,47.031941807552926],[26.76349085009871,47.02903836719159],[26.77440817937088,47.02410785136076],[26.774532582955885,47.02040227219635],[26.771619791988662,47.01901108666709],[26.77395127321803,47.015655351811304],[26.7700084606385,47.014856790365926],[26.764153336658385,47.017788527815895],[26.759465945209588,47.01430439865975],[26.752048529699007,47.01739317924137],[26.750443535673654,47.00972696798578],[26.744801852293133,47.006159566292425],[26.735211317866785,47.004846720497795],[26.72556115215776,47.00974640488065],[26.717788322615544,47.00935227393014],[26.71104514785601,47.02060113707108],[26.670214530833693,47.02038448598027],[26.653142795261594,47.062460199692495],[26.661700889318144,47.063811494424584],[26.661364802438143,47.06677966391903],[26.66465968208195,47.06893802107709],[26.67438103991206,47.06648528256508],[26.679819056983643,47.067287661668196],[26.67948602819213,47.070089979468115],[26.683532508912823,47.07238293650812],[26.68777967061457,47.07007803461958],[26.686244981753784,47.06781295393052],[26.689777328586505,47.066761178099874],[26.691147294995666,47.06862262102905]]],[[[27.032397195677635,47.05630309405621],[27.04792850339127,47.05359099789245],[27.041798082324117,47.04622083728403],[27.06006061018411,47.04117111579313],[27.073763338426012,47.0406776027823],[27.073808924880527,47.03710580178076],[27.078006360491568,47.03798252555055],[27.07743712758284,47.02808885976609],[27.0866561354244,47.02813539326361],[27.08542730918409,47.02665553164263],[27.072276000063646,47.02595842945321],[27.07701088146617,47.02439378157655],[27.079473040512582,47.018624680725196],[27.085046521666165,47.018586938152005],[27.08000853725673,47.00333523269527],[27.081738488498253,47.00009723712357],[27.065181253938864,46.99833037206803],[27.060704897448744,47.00867524388907],[27.057550036087914,47.007760988994086],[27.05568715554284,47.0138773195665],[27.048111868167755,47.01610156669232],[27.043356329489527,47.00283365153974],[27.038041449811026,47.00373968807171],[27.03909063048929,47.00124096574672],[27.033607348582915,46.99968571869056],[27.029568526012305,47.00723412608494],[27.02055008034847,47.005018331730405],[27.01344163005972,47.007130006245475],[26.994497976328304,47.00152172073408],[26.99148561524936,47.01596443799345],[27.00132476828646,47.01667803000893],[27.00463855811348,47.01949791341673],[27.00678665149548,47.02807684759194],[27.019052659967915,47.02913032126989],[27.016839273474154,47.03084707089361],[27.025969298143245,47.03518094457644],[27.023850363117475,47.03650203386057],[27.03614223774033,47.040086652021685],[27.036556387694514,47.041941264499215],[27.03229042167542,47.04232305023284],[27.03543264296477,47.04995625883553],[27.02518775716277,47.051608043225926],[27.032397195677635,47.05630309405621]]]]},"properties":{"alert_id":"5e09318ab0b2176e","source":"nowcasting","alert_type":"nowcasting","feature_id":"549882dd0e1b12df8a","judet_cod":"NT","judet_nume":"Neamț","county_code":"NT","county_name":"Neamț","cod_judet":"NT","cod_culoare":1,"cod_culoare_nume":"Galben","culoare":"1","cod":"Galben","fenomen_principal":"Averse care vor acumula 15...25 l/mp, descărcări electrice, intensificări ale vântului și vilelie cu viteze de 40...60 km/h, grindină cu diametrul de 1...2 cm.","fenomen_group":"ploi/vijelii","zona_text":"Județul Neamţ: Săbăoani, Tămășeni, Cordun, Doljești, Gherăești, Sagna, Botești, Dulcești, Stănița, Boghicea, Văleni, Bira;<br>Județul Iaşi: Pașcani, Târgu Frumos, Podu Iloaiei, Hălăucești, Lețcani, Țibana, Ruginoasa, Stolniceni-Prăjescu, Bălțați, Dagâța, Dumești, Strunga, Ion Neculce, Sinești, Todirești, Butea, Mogoșești-Siret, Popești, Lungani, Oțeleni, Mircești, Brăești, Rachițeni, Horlești, Alexandru I. Cuza, Balș, Heleșteni, Hărmănești, Costești, Mădârjac, Cucuteni;<br>","zona_nume":"Neamț - localitati","zone_name":"Neamț - localitati","display_name":"Neamț - localitati","localities":["Săbăoani","Tămășeni","Cordun","Doljești","Gherăești","Sagna","Botești","Dulcești","Stănița","Boghicea","Văleni","Bira"],"geometry_source":"uat_match","match_confidence":"high","interval_text":"","interval_start":"2026-07-14T10:30:00","valid_from":"2026-07-14T10:30:00","valid_to":"2026-07-14T12:00:00","interval_valabilitate_text":"","interval_end":"2026-07-14T12:00:00","data_expirare":"2026-07-14T12:00:00","mesaj_plain":"Averse care vor acumula 15...25 l/mp, descărcări electrice, intensificări ale vântului și vilelie cu viteze de 40...60 km/h, grindină cu diametrul de 1...2 cm.","source_url":"","source_label":"","notes":"","durata_ore":1.5,"zi":"2026-07-14"}},{"type":"Feature","geometry":{"type":"MultiPolygon","coordinates":[[[[25.595260593660825,47.921484689552926],[25.599731236948347,47.91485998789164],[25.5860919279514,47.91378885846867],[25.57865320638849,47.91533205122262],[25.574739009502235,47.91305509021019],[25.564279890883178,47.91252088528421],[25.56592902144728,47.90205219799491],[25.560705459186277,47.90082398285931],[25.55585604761364,47.89630058646453],[25.554647761551514,47.88711544164151],[25.55745392888247,47.88531149948007],[25.549177961040833,47.88183696572495],[25.549167330194493,47.87785254959761],[25.54207248184679,47.86825241454521],[25.525556741352055,47.87134303278886],[25.521898186894653,47.86560351056774],[25.516642943502266,47.86274952109637],[25.509460228896007,47.86735134427213],[25.500839158292525,47.86963030110475],[25.49657130699766,47.87434107389438],[25.50322166080061,47.881130383958116],[25.483720094283246,47.89249570705434],[25.482690355471824,47.895065808898586],[25.489503445215515,47.90027763861486],[25.487544109728745,47.903438730953255],[25.4756537118509,47.90849490475379],[25.454525823990927,47.92391622549599],[25.45527790834495,47.92771089913306],[25.50136663736316,47.93281921477807],[25.580897102123412,47.937715743094905],[25.588723383760247,47.92065335124007],[25.595260593660825,47.921484689552926]]],[[[25.603408049878386,47.776781451996904],[25.601273431137,47.77262701933799],[25.605746932610533,47.76150378116564],[25.61272058554589,47.760547638050944],[25.620013595235374,47.75630977634987],[25.60519830799481,47.74753684331807],[25.607591138970264,47.74460704832035],[25.599230755478175,47.73779621219807],[25.60100920399359,47.732972127313644],[25.597006491373655,47.73193641333783],[25.594617789787318,47.72744404892024],[25.589128965327912,47.72606286027687],[25.589256733295063,47.7209385080734],[25.585932689294562,47.71952621758735],[25.587544534379628,47.71342649940248],[25.58216305621314,47.70950189939159],[25.576152739364076,47.708474870180446],[25.573401392068998,47.70083135923722],[25.57773608338746,47.69375618186536],[25.57519841976589,47.69023469995726],[25.577310567102845,47.68585888326784],[25.57313945193334,47.681633622154806],[25.551039739869633,47.67557019224842],[25.539449764819903,47.6659909091346],[25.523551194275676,47.682523575357564],[25.51903642718482,47.68339215180497],[25.51239672559142,47.679750638982306],[25.50680025687953,47.68302879529587],[25.499790980790927,47.68144491324192],[25.49033370454558,47.674308228292716],[25.481931736560522,47.67265155255016],[25.476193591448293,47.669085123075085],[25.47612887896998,47.66465663968919],[25.46114621797494,47.65181340810452],[25.46295870911772,47.650316177288246],[25.46103396322309,47.64637138069657],[25.449865371350818,47.64389979472182],[25.449655021721696,47.638861233498744],[25.434517035267014,47.63407553526609],[25.430320009774245,47.62773221410529],[25.42234404109744,47.63258500981437],[25.42880420733008,47.63640659096308],[25.426923235696222,47.645181943809554],[25.391784647540614,47.653983747520215],[25.38375590413954,47.661942394620496],[25.345516284508076,47.67829453017172],[25.32912938152278,47.6896350332335],[25.321716400402142,47.691299747321665],[25.320517257710257,47.694486167404754],[25.325075742566778,47.69938453039173],[25.3092385612028,47.70716878130218],[25.293795007086107,47.725108812479895],[25.30460390880068,47.73246047797641],[25.298319896011545,47.73352885261857],[25.29377813460238,47.74042829707121],[25.304652400442556,47.74955966078276],[25.299317873850445,47.753837199935134],[25.300904991180747,47.76171602716161],[25.30671380797888,47.763314976275865],[25.31713841101799,47.75952742357526],[25.32390938406552,47.75945339976754],[25.351125338715576,47.76635089501915],[25.356638584056835,47.76869599649766],[25.359352276657496,47.77326856887663],[25.363040450284895,47.771865004566024],[25.367060698590635,47.77510901287837],[25.37752687277511,47.77484730202228],[25.380357045354796,47.77874971281734],[25.389668441675134,47.78171138608709],[25.394561225136478,47.77912485419239],[25.407056151422005,47.78532804949397],[25.406443034111746,47.78871005893213],[25.411341152977982,47.793383244437706],[25.432891392222622,47.79453659421608],[25.43393545366417,47.8025581555156],[25.447130258919678,47.813501111593325],[25.45622891158324,47.81265066654805],[25.468644440430968,47.80655106841423],[25.467175844462812,47.80927071866161],[25.47240492489184,47.810589269402364],[25.475429505479696,47.815840195689276],[25.49473584220443,47.82106074144968],[25.50313068280503,47.81081777956539],[25.517846361270564,47.80421497850316],[25.51835517769689,47.80204952735931],[25.522107884519734,47.803933996614624],[25.524872757509176,47.80278818706939],[25.53805540623308,47.784119415102694],[25.55521768674344,47.79184079832733],[25.580369487140477,47.793194217617994],[25.603408049878386,47.776781451996904]]],[[[25.65208057994598,47.720951019830586],[25.645011016449118,47.71691054616943],[25.634114357933413,47.716092822907],[25.629779256320326,47.699333662405714],[25.619858768415078,47.688998555557404],[25.62726373889086,47.68074389294015],[25.625221191571484,47.6684575722983],[25.620131693814905,47.66450109431615],[25.62283981304258,47.65308540550333],[25.61840999088997,47.643780160811374],[25.619192335554477,47.63879184422321],[25.616204906068695,47.63888874052305],[25.61715105743885,47.63373005344],[25.610178103232567,47.625754177522204],[25.614004602388153,47.62316142383955],[25.613952029195833,47.62001866114532],[25.599500816912887,47.61670278243562],[25.596457781160517,47.61420768153052],[25.584478048988046,47.6149788486058],[25.570126725321376,47.60368471011994],[25.560821276000127,47.60277841278739],[25.553019980538,47.599614146132325],[25.535423330238235,47.585216086139866],[25.514043642544536,47.58247084067402],[25.497991525051468,47.58515981845525],[25.48031690979281,47.5935815038835],[25.473284479113474,47.6005503362886],[25.46111188853058,47.60467956696588],[25.45889979340851,47.61046820218177],[25.4495091855932,47.6188066497837],[25.430320009774245,47.62773221410529],[25.434517035267014,47.63407553526609],[25.449655021721696,47.638861233498744],[25.449865371350818,47.64389979472182],[25.46103396322309,47.64637138069657],[25.46295870911772,47.650316177288246],[25.46114621797494,47.65181340810452],[25.47612887896998,47.66465663968919],[25.476193591448293,47.669085123075085],[25.481931736560522,47.67265155255016],[25.49033370454558,47.674308228292716],[25.499790980790927,47.68144491324192],[25.50680025687953,47.68302879529587],[25.51239672559142,47.679750638982306],[25.51903642718482,47.68339215180497],[25.523551194275676,47.682523575357564],[25.539449764819903,47.6659909091346],[25.551039739869633,47.67557019224842],[25.57313945193334,47.681633622154806],[25.577310567102845,47.68585888326784],[25.57519841976589,47.69023469995726],[25.57773608338746,47.69375618186536],[25.573401392068998,47.70083135923722],[25.576152739364076,47.708474870180446],[25.58216305621314,47.70950189939159],[25.587544534379628,47.71342649940248],[25.585932689294562,47.71952621758735],[25.589256733295063,47.7209385080734],[25.589128965327912,47.72606286027687],[25.594617789787318,47.72744404892024],[25.597006491373655,47.73193641333783],[25.60100920399359,47.732972127313644],[25.599230755478175,47.73779621219807],[25.607591138970264,47.74460704832035],[25.60519830799481,47.74753684331807],[25.620013595235374,47.75630977634987],[25.622239591462115,47.75396880385491],[25.625225829310693,47.7542905839051],[25.627677528122078,47.74707706002005],[25.630636867837616,47.74535383562895],[25.635970743221943,47.74585952780533],[25.64911245711446,47.73440529097535],[25.64874540443613,47.727414742109055],[25.65208057994598,47.720951019830586]]],[[[25.38235057403343,47.59444655527805],[25.382033452544995,47.592148148884476],[25.393411420187594,47.57974558730239],[25.408523410867225,47.57748133524363],[25.413072597520472,47.560887351017286],[25.423879087144787,47.55457839813015],[25.436338584853004,47.557623853013126],[25.44828650744395,47.552696965133755],[25.45526988829274,47.537074586678784],[25.44932393967797,47.53406590971868],[25.451066821360783,47.53212630676968],[25.445424547064242,47.526324734987526],[25.437191197250232,47.52689428683816],[25.425070532763744,47.515502412841144],[25.404469593853243,47.516268619115465],[25.395259189191503,47.51286685202002],[25.394823360890474,47.51009747253918],[25.387819905000548,47.50605550605021],[25.37195272200645,47.50038522009688],[25.330227231568408,47.49218349635794],[25.323280345207515,47.48786358914464],[25.31075583887554,47.49194907057547],[25.30320190626892,47.500630443958066],[25.300793383573904,47.51194729072771],[25.291753327277544,47.51363131406795],[25.284700850471488,47.520969752640795],[25.274591059431778,47.51706263121031],[25.276457378734463,47.52056627836087],[25.266364986730824,47.52696114118538],[25.267512719277608,47.53448625407906],[25.260696843607455,47.54352216344474],[25.240883192245455,47.54191157132491],[25.229199674147203,47.550695230113675],[25.224550756428144,47.550199359316736],[25.223067397482147,47.55360871748577],[25.215067862552402,47.55296952676945],[25.207320884545204,47.55560266223025],[25.208532830874674,47.55781396690127],[25.203543716525584,47.55940454566855],[25.197878302336097,47.57205466515734],[25.1974094502173,47.57482014118798],[25.202300946258983,47.57465757730888],[25.20081083628721,47.58176066861702],[25.194835757725446,47.582992960294796],[25.20072230277149,47.586622075485224],[25.200125859391527,47.59169985346346],[25.206401868292208,47.59071929827025],[25.207698443227958,47.59606747695812],[25.211901817828938,47.599601050258116],[25.22074107282829,47.5989860214489],[25.232676106467924,47.60158295062713],[25.243040591431576,47.60790558895064],[25.258924162959207,47.61040556865808],[25.273341086759693,47.61757756991153],[25.27933139106638,47.61829815327023],[25.29138921292612,47.61023914503271],[25.297763265940787,47.60102788597062],[25.305525622655598,47.59757929206768],[25.319168300779054,47.595186001659656],[25.333529038488365,47.59779955323915],[25.340267264356115,47.596281187354464],[25.367147548978124,47.583432421627585],[25.368709348947004,47.586638208154966],[25.38235057403343,47.59444655527805]]],[[[25.516642943502266,47.86274952109637],[25.514538887294442,47.86025891706492],[25.518583180163642,47.85542028928357],[25.508118992033197,47.848615950882305],[25.52647641746682,47.83660328517753],[25.52218380362409,47.83656382938168],[25.50261110093935,47.8285185569257],[25.49473584220443,47.82106074144968],[25.475429505479696,47.815840195689276],[25.47240492489184,47.810589269402364],[25.467175844462812,47.80927071866161],[25.468644440430968,47.80655106841423],[25.45622891158324,47.81265066654805],[25.447130258919678,47.813501111593325],[25.43393545366417,47.8025581555156],[25.432891392222622,47.79453659421608],[25.420094160607857,47.792893878129625],[25.414575759711344,47.79462821041011],[25.406443034111746,47.78871005893213],[25.407056151422005,47.78532804949397],[25.394561225136478,47.77912485419239],[25.389668441675134,47.78171138608709],[25.380357045354796,47.77874971281734],[25.37752687277511,47.77484730202228],[25.367060698590635,47.77510901287837],[25.363040450284895,47.771865004566024],[25.359352276657496,47.77326856887663],[25.356638584056835,47.76869599649766],[25.349294973272297,47.76577932770618],[25.342983025865824,47.76535190029521],[25.337526341433566,47.776913301747065],[25.323995003522842,47.78566241165051],[25.317019162119465,47.79538833741216],[25.315661385502796,47.80478217915828],[25.307512674281025,47.80721371359359],[25.305772351761185,47.81130799112251],[25.3078973779866,47.816017872202316],[25.294734978353755,47.820109670018816],[25.291445338263348,47.82399138515508],[25.298035202527714,47.83268416463741],[25.2968434478638,47.836270916575465],[25.303768849528225,47.83869338405367],[25.302413485110236,47.84173474883207],[25.308025750411684,47.84358603228755],[25.314506773714854,47.849831621197275],[25.311947258628166,47.85174439633922],[25.319660161094923,47.8682362330147],[25.329762016609397,47.869292917532384],[25.33636823468378,47.86672449921275],[25.339796837761543,47.87238522928391],[25.34756648249042,47.87528021908217],[25.355024820696073,47.881280339721584],[25.352778044990302,47.886535293704775],[25.349806776678495,47.88596266278927],[25.342588621882815,47.88975881776079],[25.343247599398726,47.89266225768179],[25.32661656221198,47.90038618543117],[25.32462346260584,47.90521877370677],[25.316383058566437,47.90748473151989],[25.31488290794138,47.91203662055688],[25.310936645527676,47.914363009553625],[25.34013532939312,47.91408936461774],[25.45527790834495,47.92771089913306],[25.454614968609164,47.923646927049404],[25.458387579349537,47.922306571440686],[25.46068427049584,47.9182400644293],[25.464255011871643,47.91805300514746],[25.4756537118509,47.90849490475379],[25.487544109728745,47.903438730953255],[25.489503445215515,47.90027763861486],[25.482690355471824,47.895065808898586],[25.483720094283246,47.89249570705434],[25.50322166080061,47.881130383958116],[25.49657130699766,47.87434107389438],[25.500839158292525,47.86963030110475],[25.509460228896007,47.86735134427213],[25.516642943502266,47.86274952109637]]],[[[25.62945231638826,47.903563514800254],[25.634830164157506,47.89595549897305],[25.643603514383962,47.891800380667696],[25.662999941490803,47.87574234833867],[25.662990072473207,47.865364012208936],[25.669571127691697,47.85214543500021],[25.669852400795346,47.84731769329712],[25.665815383089544,47.84406610887795],[25.672781655848738,47.83553667205013],[25.671896204755022,47.832747450907945],[25.648423111378143,47.81441584984464],[25.64353609680446,47.800104308069685],[25.62631331430816,47.78364540892274],[25.603408049878386,47.776781451996904],[25.585434669049008,47.79104615739567],[25.57212874657028,47.793946657622676],[25.55521768674344,47.79184079832733],[25.53805540623308,47.784119415102694],[25.524872757509176,47.80278818706939],[25.522107884519734,47.803933996614624],[25.51835517769689,47.80204952735931],[25.517846361270564,47.80421497850316],[25.50313068280503,47.81081777956539],[25.49473584220443,47.82106074144968],[25.50261110093935,47.8285185569257],[25.52218380362409,47.83656382938168],[25.52647641746682,47.83660328517753],[25.508118992033197,47.848615950882305],[25.518583180163642,47.85542028928357],[25.514839885489465,47.860779484679874],[25.525556741352055,47.87134303278886],[25.54207248184679,47.86825241454521],[25.549167330194493,47.87785254959761],[25.549177961040833,47.88183696572495],[25.55745392888247,47.88531149948007],[25.554647761551514,47.88711544164151],[25.55585604761364,47.89630058646453],[25.560705459186277,47.90082398285931],[25.56592902144728,47.90205219799491],[25.564279890883178,47.91252088528421],[25.574739009502235,47.91305509021019],[25.57865320638849,47.91533205122262],[25.5860919279514,47.91378885846867],[25.599731236948347,47.91485998789164],[25.598224533174367,47.91922561180798],[25.616530609694628,47.91659434569569],[25.625404700736077,47.92072753953605],[25.62660669317983,47.91797767175081],[25.633848042686523,47.91589855415655],[25.62945231638826,47.903563514800254]]],[[[25.68740910591516,47.7043435135603],[25.68354365455499,47.69803928887357],[25.69052152533429,47.69169642738088],[25.690575541044222,47.68710787719037],[25.6967122509934,47.68479361997901],[25.696039058844846,47.68095310663913],[25.70084450380162,47.68091050739153],[25.705393367352325,47.67721935726797],[25.71644089217136,47.675084009601875],[25.715476626471794,47.65830866542396],[25.723208124847556,47.652687052879216],[25.724231731585416,47.6468900194592],[25.72682535084013,47.64636165582911],[25.706726457174735,47.642994299707354],[25.698326134879697,47.64519678522511],[25.690819138350303,47.63382670049052],[25.692335189550114,47.62580684972378],[25.697427855111986,47.624109216868845],[25.69056759885,47.621927254449034],[25.67758608395123,47.612358626321594],[25.670701404009645,47.61072873706366],[25.659271518783385,47.59834392705235],[25.659097434515736,47.59333551057216],[25.642798937338863,47.588170667850875],[25.639541166185086,47.58028075479194],[25.6234201125778,47.57000903333688],[25.615617272552644,47.55793552927794],[25.602082770623294,47.558827857874604],[25.59554737285765,47.564350909283334],[25.585451883410315,47.565898909607874],[25.571791957677412,47.5737160248895],[25.566169128389436,47.5746362464156],[25.548615369740375,47.57248948921896],[25.54256972193066,47.579108444851194],[25.526190118037118,47.58245190250683],[25.529558160811078,47.58520606623691],[25.535423330238235,47.585216086139866],[25.5546148072034,47.60046335899391],[25.570680430497866,47.603968460140855],[25.584478048988046,47.6149788486058],[25.596457781160517,47.61420768153052],[25.599500816912887,47.61670278243562],[25.613952029195833,47.62001866114532],[25.614004602388153,47.62316142383955],[25.610178103232567,47.625754177522204],[25.61715105743885,47.63373005344],[25.616204906068695,47.63888874052305],[25.619192335554477,47.63879184422321],[25.61840999088997,47.643780160811374],[25.62283981304258,47.65308540550333],[25.620131693814905,47.66450109431615],[25.625221191571484,47.6684575722983],[25.62726373889086,47.68074389294015],[25.619858768415078,47.688998555557404],[25.629779256320326,47.699333662405714],[25.634114357933413,47.716092822907],[25.645011016449118,47.71691054616943],[25.65208057994598,47.720951019830586],[25.656416369396435,47.7189114492338],[25.659159309429768,47.71987408358444],[25.66243720517102,47.718821531103636],[25.66521305616577,47.713393569730584],[25.67412883294887,47.714019691419345],[25.67804257809629,47.71225649832276],[25.677565059054075,47.705753891967206],[25.68740910591516,47.7043435135603]]],[[[25.710077324792017,47.82724070053504],[25.713184654776775,47.82018019445166],[25.72125862339874,47.815516973327945],[25.73214584985438,47.8164308010269],[25.74699809975554,47.80621502188762],[25.757646920499763,47.80609978375951],[25.766705399850313,47.801496276406176],[25.766459129268544,47.796331921435524],[25.769294359720647,47.795994059399206],[25.7569465772124,47.77755715266722],[25.753947309080004,47.780868005717124],[25.737088955283753,47.765545554513096],[25.731110182285747,47.76365683666843],[25.731247371594712,47.76165546124415],[25.703947857690288,47.75120370605128],[25.70720846382907,47.74129083186773],[25.71325915420977,47.7368687311655],[25.721744505958288,47.72028922015527],[25.712916848354592,47.71173184194316],[25.7034622426799,47.71362429892582],[25.697116142286177,47.70830313265521],[25.68740910591516,47.7043435135603],[25.677565059054075,47.705753891967206],[25.679102850068748,47.709758386044285],[25.676484432339144,47.71318507439772],[25.66521305616577,47.713393569730584],[25.66220545094548,47.71896219476117],[25.652127403107304,47.72086409523884],[25.64874540443613,47.727414742109055],[25.64911245711446,47.73440529097535],[25.635970743221943,47.74585952780533],[25.630636867837616,47.74535383562895],[25.627677528122078,47.74707706002005],[25.625225829310693,47.7542905839051],[25.622043199013874,47.75406085757114],[25.62019484270141,47.7571387831794],[25.61272058554589,47.760547638050944],[25.605746932610533,47.76150378116564],[25.601324477868236,47.7737586471879],[25.603408049878386,47.776781451996904],[25.62631331430816,47.78364540892274],[25.64353609680446,47.800104308069685],[25.648423111378143,47.81441584984464],[25.665844429263338,47.826652964474974],[25.672781655848738,47.83553667205013],[25.679136098504234,47.8279068683193],[25.686299713723518,47.823927979857245],[25.710077324792017,47.82724070053504]]],[[[25.42155377075605,47.632585979885924],[25.4495091855932,47.6188066497837],[25.45889979340851,47.61046820218177],[25.46111188853058,47.60467956696588],[25.473284479113474,47.6005503362886],[25.48031690979281,47.5935815038835],[25.493354764182996,47.58705573761558],[25.50520643796332,47.58339245587054],[25.524467726413594,47.58295961664573],[25.524163212560154,47.57352964675811],[25.530394014821713,47.56763603816937],[25.52393676470728,47.555571048873205],[25.526860053645308,47.54279624179036],[25.51000242223391,47.53873561043638],[25.507444979448277,47.52805976121764],[25.49625748392242,47.53034391551683],[25.48562791247835,47.538560670993846],[25.475306775806096,47.54221014087278],[25.46914219322148,47.542247230134976],[25.452501078532716,47.55464451504948],[25.44828650744395,47.552696965133755],[25.43615969733613,47.557629903749884],[25.423879087144787,47.55457839813015],[25.413072597520472,47.560887351017286],[25.408523410867225,47.57748133524363],[25.393411420187594,47.57974558730239],[25.382033452544995,47.592148148884476],[25.381629930839626,47.59569929029384],[25.37066689247252,47.60022385873959],[25.370169279608277,47.60836485433257],[25.375222643082513,47.61156379426225],[25.393528720910222,47.61782145580513],[25.404438271884324,47.61903447698108],[25.42155377075605,47.632585979885924]]],[[[25.42880420733008,47.63640659096308],[25.411781655660356,47.62652462477255],[25.404438271884324,47.61903447698108],[25.380192388917212,47.61369565083242],[25.370169279608277,47.60836485433257],[25.37066689247252,47.60022385873959],[25.38235057403343,47.59444655527805],[25.368709348947004,47.586638208154966],[25.367147548978124,47.583432421627585],[25.340267264356115,47.596281187354464],[25.333529038488365,47.59779955323915],[25.319168300779054,47.595186001659656],[25.305525622655598,47.59757929206768],[25.297763265940787,47.60102788597062],[25.29138921292612,47.61023914503271],[25.27960681942895,47.61828289287356],[25.273341086759693,47.61757756991153],[25.258924162959207,47.61040556865808],[25.243040591431576,47.60790558895064],[25.232676106467924,47.60158295062713],[25.22074107282829,47.5989860214489],[25.211901817828938,47.599601050258116],[25.22483362183244,47.60836770851789],[25.22898066114989,47.61920764840301],[25.234618840040433,47.62064667278541],[25.239401278760468,47.62753957225647],[25.259734956228662,47.63179685210811],[25.265415921650614,47.643895959319984],[25.286346825146108,47.65784435985981],[25.292295888182732,47.666461140932874],[25.303139654454593,47.67313388719919],[25.31487631659782,47.67265145008618],[25.319729472251364,47.67662853964781],[25.32549792743857,47.67665329705044],[25.329062656091534,47.67454242043436],[25.346469212466545,47.67784703651817],[25.38375590413954,47.661942394620496],[25.391784647540614,47.653983747520215],[25.426923235696222,47.645181943809554],[25.42880420733008,47.63640659096308]]]]},"properties":{"alert_id":"3caccda01542cc24","source":"nowcasting","alert_type":"nowcasting","feature_id":"48467558b32701771a","judet_cod":"SV","judet_nume":"Suceava","county_code":"SV","county_name":"Suceava","cod_judet":"SV","cod_culoare":1,"cod_culoare_nume":"Galben","culoare":"1","cod":"Galben","fenomen_principal":"Vor fi averse, iar prin acumulare cantitățile de apă vor fi de 15…25 l/mp.  În zona atenționată, în ultimele ore, s-au acumulat cantități de 25...35 l/mp.","fenomen_group":"ploi/vijelii","zona_text":"Județul Suceava: Straja, Moldovița, Vatra Moldoviței, Fundu Moldovei, Brodina, Putna, Frumosu, Pojorâta, Sucevița, Sadova, Breaza;<br>","zona_nume":"Suceava - localitati","zone_name":"Suceava - localitati","display_name":"Suceava - localitati","localities":["Straja","Moldovița","Vatra Moldoviței","Fundu Moldovei","Brodina","Putna","Frumosu","Pojorâta","Sucevița","Sadova","Breaza"],"geometry_source":"uat_match","match_confidence":"medium","interval_text":"","interval_start":"2026-07-14T09:45:00","valid_from":"2026-07-14T09:45:00","valid_to":"2026-07-14T12:00:00","interval_valabilitate_text":"","interval_end":"2026-07-14T12:00:00","data_expirare":"2026-07-14T12:00:00","mesaj_plain":"Vor fi averse, iar prin acumulare cantitățile de apă vor fi de 15…25 l/mp.  În zona atenționată, în ultimele ore, s-au acumulat cantități de 25...35 l/mp.","source_url":"","source_label":"","notes":"","durata_ore":2.2,"zi":"2026-07-14"}}]}