{"type":"FeatureCollection","metadata":{"date":"2026-09-03","active_alerts":[{"alert_id":"631ccd865b41f8d1","source":"nowcasting","alert_type":"nowcasting","interval_text":"","interval_start":"2026-09-02T23:47:00","interval_end":"2026-09-03T00:40:00","durata_ore":0.9,"valid_from":"2026-09-02T23:47:00","valid_to":"2026-09-03T00:40:00","cod_culoare_max":2,"fenomene_pe_cod":{"2":"Averse torențiale care vor acumula 25...40 l/mp, frecvente descărcări electrice, intensificări ale vântului, grindină de mici dimensiuni (1..2 cm)."},"judete_afectate":["VS"],"judete_count":1,"judete_culori":{"VS":2},"color_counts":{"2":1},"text_alerta_html":"","message":"Averse torențiale care vor acumula 25...40 l/mp, frecvente descărcări electrice, intensificări ale vântului, grindină de mici dimensiuni (1..2 cm).","feature_meta":{"VS":{"county_code":"VS","county_name":"Vaslui","zone_name":"Vaslui - localitati","display_name":"Vaslui - localitati","localities":["Pungești","Oșești","Gârceni","Cozmești","Rafaila"],"geometry_source":"coordGis","match_confidence":"high"}},"source_url":"","source_label":"","notes":""},{"alert_id":"e2ae02d91109188a","source":"nowcasting","alert_type":"nowcasting","interval_text":"","interval_start":"2026-09-02T23:10:00","interval_end":"2026-09-03T00:30:00","durata_ore":1.3,"valid_from":"2026-09-02T23:10:00","valid_to":"2026-09-03T00:30:00","cod_culoare_max":1,"fenomene_pe_cod":{"1":"Local averse torențiale care vor acumula 15...25 l/mp, descărcări electrice."},"judete_afectate":["BR","BZ","DB","PH"],"judete_count":4,"judete_culori":{"BR":1,"BZ":1,"PH":1,"DB":1},"color_counts":{"1":4},"text_alerta_html":"","message":"Local averse torențiale care vor acumula 15...25 l/mp, descărcări electrice.","feature_meta":{"BR":{"county_code":"BR","county_name":"Brăila","zone_name":"Brăila - localitati","display_name":"Brăila - localitati","localities":["Ianca","Însurăței","Viziru","Tufești","Ulmu","Dudești","Stăncuța","Cireșu","Mircea Vodă","Zăvoaia","Jirlău","Bordei Verde","Surdila-Găiseanca","Surdila-Greci","Făurei"],"geometry_source":"uat_match","match_confidence":"high"},"BZ":{"county_code":"BZ","county_name":"Buzău","zone_name":"Buzău - localitati","display_name":"Buzău - localitati","localities":["Buzău","Vernești","Vadu Pașii","Merei","Smeeni","Mărăcineni","Săgeata","Tisău","Cislău","Costești","Rușețu","Țintești","Pietroasele","Gherăseni","Gălbinași","Breaza","Săhăteni","Ulmeni","Stâlpu","Luciu","C.a. Rosetti","Movila Banului","Amaru","Mihăilești","Năeni","Cilibia","Largu","Robeasca"],"geometry_source":"uat_match","match_confidence":"medium"},"PH":{"county_code":"PH","county_name":"Prahova","zone_name":"Prahova - localitati","display_name":"Prahova - localitati","localities":["Ploiesti","Câmpina","Băicoi","Breaza","Mizil","Vălenii de Munte","Urlați","Boldești-Scăeni","Filipeștii de Pădure","Valea Călugărească","Bucov","Plopeni","Bărcănești","Ariceștii Rahtivani","Filipeștii de Târg","Brebu","Târgșoru Vechi","Florești","Blejoi","Vărbilău","Telega","Măgureni","Scorțeni","Gura Vitioarei","Albești-Paleologu","Colceag","Bănești","Berceni","Poiana Câmpina","Sângeru","Iordăcheanu","Păulești","Lipănești","Podenii Noi","Măgurele","Tomșani","Ceptura","Cornu","Baba Ana","Vâlcănești","Cocorăștii Mislii","Dumbrăvești","Șotrile","Bălțești","Gornet","Șoimari","Gornet-Cricov","Provița de Jos","Predeal-Sărari","Gura Vadului","Provița de Sus","Apostolache","Păcureți","Plopu","Chiojdeanca","Surani","Vadu Săpat","Lapoș","Călugăreni","Salcia","Tătaru","Cosminele","Talea","Jugureni","Fântânele"],"geometry_source":"uat_match","match_confidence":"medium"},"DB":{"county_code":"DB","county_name":"Dâmbovița","zone_name":"Dâmbovița - localitati","display_name":"Dâmbovița - localitati","localities":["Moreni","Pucioasa","I. L. Caragiale","Fieni","Răzvad","Gura Ocniței","Bezdead","Valea Lungă","Buciumeni","Dărmănești","Vulcana-Pandele","Runcu","Glodeni","Ocnița","Brănești","Iedera","Vulcana-Băi","Vișinești","Moțăieni","Vârfuri"],"geometry_source":"uat_match","match_confidence":"medium"}},"source_url":"","source_label":"","notes":""},{"alert_id":"442da79c3fcc1a16","source":"nowcasting","alert_type":"nowcasting","interval_text":"","interval_start":"2026-09-02T23:05:00","interval_end":"2026-09-03T00:40:00","durata_ore":1.6,"valid_from":"2026-09-02T23:05:00","valid_to":"2026-09-03T00:40:00","cod_culoare_max":1,"fenomene_pe_cod":{"1":"Averse torențiale care vor acumula 15...25 l/mp, frecvente descărcări electrice, intensificări ale vântului cu viteze de 45...55 km/h, grindină de dimensiuni mici (1...2 cm)."},"judete_afectate":["BC","IS","NT","VS"],"judete_count":4,"judete_culori":{"BC":1,"NT":1,"IS":1,"VS":1},"color_counts":{"1":4},"text_alerta_html":"","message":"Averse torențiale care vor acumula 15...25 l/mp, frecvente descărcări electrice, intensificări ale vântului cu viteze de 45...55 km/h, grindină de dimensiuni mici (1...2 cm).","feature_meta":{"BC":{"county_code":"BC","county_name":"Bacău","zone_name":"Bacău - localitati","display_name":"Bacău - localitati","localities":["Filipești","Lipova","Dămienești","Roșiori"],"geometry_source":"uat_match","match_confidence":"high"},"NT":{"county_code":"NT","county_name":"Neamț","zone_name":"Neamț - localitati","display_name":"Neamț - localitati","localities":["Ion Creangă","Icușești","Bahna","Secuieni","Oniceni","Valea Ursului","Bozieni","Pâncești","Poienari"],"geometry_source":"uat_match","match_confidence":"high"},"IS":{"county_code":"IS","county_name":"Iași","zone_name":"Iași - localitati","display_name":"Iași - localitati","localities":["Ipatele"],"geometry_source":"uat_match","match_confidence":"high"},"VS":{"county_code":"VS","county_name":"Vaslui","zone_name":"Vaslui - localitati","display_name":"Vaslui - localitati","localities":["Zăpodeni","Băcești","Dumești","Rebricea","Todirești","Ștefan cel Mare","Oșești","Negrești","Dănești","Gârceni","Cozmești","Vulturești","Rafaila"],"geometry_source":"uat_match","match_confidence":"medium"}},"source_url":"","source_label":"","notes":""}],"alert_count":3,"general_alert_count":0,"nowcasting_alert_count":3,"manual_nowcasting_alert_count":0,"feature_count":9,"general_feature_count":0,"nowcasting_feature_count":9,"max_color":2,"general_max_color":0,"nowcasting_count":3,"has_nowcasting":true,"has_manual_nowcasting":false,"calendar_badge":"NC","sources":["nowcasting"],"alerts_by_county":{"BC":[{"alert_id":"442da79c3fcc1a16","cod":"Galben","culoare":"1","fenomen_group":"ploi/vijelii","source":"nowcasting"}],"BR":[{"alert_id":"e2ae02d91109188a","cod":"Galben","culoare":"1","fenomen_group":"ploi/vijelii","source":"nowcasting"}],"BZ":[{"alert_id":"e2ae02d91109188a","cod":"Galben","culoare":"1","fenomen_group":"ploi/vijelii","source":"nowcasting"}],"DB":[{"alert_id":"e2ae02d91109188a","cod":"Galben","culoare":"1","fenomen_group":"ploi/vijelii","source":"nowcasting"}],"IS":[{"alert_id":"442da79c3fcc1a16","cod":"Galben","culoare":"1","fenomen_group":"ploi/vijelii","source":"nowcasting"}],"NT":[{"alert_id":"442da79c3fcc1a16","cod":"Galben","culoare":"1","fenomen_group":"ploi/vijelii","source":"nowcasting"}],"PH":[{"alert_id":"e2ae02d91109188a","cod":"Galben","culoare":"1","fenomen_group":"ploi/vijelii","source":"nowcasting"}],"VS":[{"alert_id":"631ccd865b41f8d1","cod":"Portocaliu","culoare":"2","fenomen_group":"ploi/vijelii","source":"nowcasting"},{"alert_id":"442da79c3fcc1a16","cod":"Galben","culoare":"1","fenomen_group":"ploi/vijelii","source":"nowcasting"}]},"max_by_county":{"BC":{"max_color":1,"alert_count":1,"phenomena":["ploi/vijelii"]},"BR":{"max_color":1,"alert_count":1,"phenomena":["ploi/vijelii"]},"BZ":{"max_color":1,"alert_count":1,"phenomena":["ploi/vijelii"]},"DB":{"max_color":1,"alert_count":1,"phenomena":["ploi/vijelii"]},"IS":{"max_color":1,"alert_count":1,"phenomena":["ploi/vijelii"]},"NT":{"max_color":1,"alert_count":1,"phenomena":["ploi/vijelii"]},"PH":{"max_color":1,"alert_count":1,"phenomena":["ploi/vijelii"]},"VS":{"max_color":2,"alert_count":2,"phenomena":["ploi/vijelii"]}}},"features":[{"type":"Feature","geometry":{"type":"MultiPolygon","coordinates":[[[[27.261836,46.783506],[27.276382,46.799323],[27.531368,46.80518],[27.503131,46.71843],[27.294351,46.717256],[27.243867,46.745408],[27.261836,46.783506]]]]},"properties":{"alert_id":"631ccd865b41f8d1","source":"nowcasting","alert_type":"nowcasting","feature_id":"e0a8d692eaf360bf1a","judet_cod":"VS","judet_nume":"Vaslui","county_code":"VS","county_name":"Vaslui","cod_judet":"VS","cod_culoare":2,"cod_culoare_nume":"Portocaliu","culoare":"2","cod":"Portocaliu","fenomen_principal":"Averse torențiale care vor acumula 25...40 l/mp, frecvente descărcări electrice, intensificări ale vântului, grindină de mici dimensiuni (1..2 cm).","fenomen_group":"ploi/vijelii","zona_text":"Județul Vaslui: Pungești, Oșești, Gârceni, Cozmești, Rafaila;<br>","zona_nume":"Vaslui - localitati","zone_name":"Vaslui - localitati","display_name":"Vaslui - localitati","localities":["Pungești","Oșești","Gârceni","Cozmești","Rafaila"],"geometry_source":"coordGis","match_confidence":"high","interval_text":"","interval_start":"2026-09-02T23:47:00","valid_from":"2026-09-02T23:47:00","valid_to":"2026-09-03T00:40:00","interval_valabilitate_text":"","interval_end":"2026-09-03T00:40:00","data_expirare":"2026-09-03T00:40:00","mesaj_plain":"Averse torențiale care vor acumula 25...40 l/mp, frecvente descărcări electrice, intensificări ale vântului, grindină de mici dimensiuni (1..2 cm).","source_url":"","source_label":"","notes":"","durata_ore":0.9,"zi":"2026-09-03"}},{"type":"Feature","geometry":{"type":"MultiPolygon","coordinates":[[[[27.533922797452995,45.192930237760116],[27.581376719318737,45.15978651834974],[27.587702332845957,45.161123135898094],[27.5940739388769,45.145462894341044],[27.609655772611045,45.14597894925094],[27.60956320622581,45.13865742233779],[27.605952587137274,45.14145676175163],[27.58665691016698,45.13489251793581],[27.591921183601265,45.127370182872],[27.564598059982455,45.117992032063846],[27.57139292338025,45.1069400967869],[27.54838890109413,45.10030046368022],[27.557487247732322,45.08578247666842],[27.543433495508015,45.084955115365936],[27.544771380541377,45.06903758346246],[27.520253854511598,45.071236786803354],[27.519458443052713,45.04996368487993],[27.52219822716611,45.04323262357716],[27.51887188670264,45.04233091518713],[27.51183011113994,45.01851201438391],[27.495419741376566,45.017724158576954],[27.483828012601915,45.049411158357046],[27.457319214680883,45.04409991911617],[27.45171541746933,45.05744650499667],[27.43814699475408,45.054380340079476],[27.428665783364874,45.07271624690874],[27.42406587229486,45.07238542613742],[27.417136733925773,45.08170330796134],[27.451340809580252,45.090236203626574],[27.43780404985222,45.11755282309396],[27.415285966993334,45.142884323669186],[27.417755086435626,45.14604459669336],[27.413433047166503,45.14780464492318],[27.42419969235436,45.160552105484946],[27.414523603095475,45.16075698430781],[27.41188087203538,45.172261560192574],[27.39852159313347,45.170189062227415],[27.418721228063717,45.19480075129343],[27.421395119756777,45.20942246254747],[27.447526434173895,45.21258004221379],[27.452193071219995,45.21994278526777],[27.500244593613566,45.200975843892635],[27.491663176041055,45.18896061154929],[27.510851013619217,45.182021343129364],[27.533922797452995,45.192930237760116]]],[[[27.70902460197303,44.95524042250394],[27.701862646339265,44.94560650024554],[27.699879263852438,44.94622366953214],[27.68591349228284,44.933154707129546],[27.683225135292876,44.92577786181463],[27.691016938606023,44.92691741879044],[27.687787936214708,44.9185845153087],[27.696995429088624,44.915716455796364],[27.705999779793157,44.91555372876322],[27.70449907265776,44.90102438157329],[27.708240711588033,44.902423553706356],[27.713393466247453,44.900111099834795],[27.709251497277517,44.89043293093672],[27.709559870827857,44.891888031044665],[27.702878894834395,44.89077685459281],[27.701079680629125,44.86771796446435],[27.679562529321423,44.86757383799805],[27.67983494657125,44.859048665426684],[27.66806179959279,44.85958447968109],[27.641724110660114,44.8565648122797],[27.642298609730684,44.85968753174928],[27.629549696164847,44.8603434635723],[27.626187453809777,44.84582438207638],[27.59483637014905,44.85367985589176],[27.591102616189964,44.84604287494862],[27.550513827653273,44.84625433101276],[27.55131685521693,44.84759220388197],[27.506811996384094,44.86561479193326],[27.506316466926908,44.87370757269334],[27.5161032785035,44.86980436339417],[27.523545872774147,44.87839521195186],[27.547603764748434,44.91793793592317],[27.544363283457244,44.918775797144505],[27.566889146438296,44.94695212014143],[27.530554001098796,44.950285972010406],[27.535704153761127,44.96630183682426],[27.539150845278893,44.96766588242896],[27.551186115080828,44.96653287422977],[27.559759905833538,44.99679300910951],[27.564366383452803,44.999865567921425],[27.569778524384944,44.99845755282642],[27.568369561792608,44.999865311340336],[27.570823464241652,45.00085051530186],[27.56813490201202,45.001906575894544],[27.60631114923821,45.05411296544059],[27.64182633830066,45.055036226942725],[27.641488778411908,44.977120722900935],[27.70902460197303,44.95524042250394]]],[[[27.79194537338349,45.04392397176234],[27.73398648631812,45.001289423444476],[27.764350366321374,44.99498541383097],[27.743445323571365,44.965876793755555],[27.720811700231593,44.970730416381805],[27.70902460197303,44.95524042250394],[27.641488778411908,44.977120722900935],[27.64182633830066,45.055036226942725],[27.680493216486823,45.057210987567416],[27.728147532540547,45.08299183964278],[27.79194537338349,45.04392397176234]]],[[[27.82921028037556,45.02395974809341],[27.80950336985396,44.977763215766394],[27.812474030425005,44.97707242962872],[27.80424376458909,44.9530844524916],[27.79259104563449,44.954028508046186],[27.787690422046175,44.94797443543434],[27.779987620571248,44.94693868516284],[27.77309751423556,44.92872428469403],[27.701702576225664,44.9450700632148],[27.720811700231593,44.970730416381805],[27.743445323571365,44.965876793755555],[27.764350366321374,44.99498541383097],[27.73398648631812,45.001289423444476],[27.822307479512762,45.0663695610494],[27.848600170774922,45.05392453405479],[27.82611139516699,45.02455682810274],[27.82921028037556,45.02395974809341]]],[[[27.35257426941806,44.85885869485667],[27.318550700918156,44.86146375517133],[27.31057222426453,44.87434712499317],[27.31099982272118,44.87715775532236],[27.316091157011474,44.876453147761524],[27.31886583892225,44.8844304082683],[27.31348296731583,44.885344226401365],[27.3080725745532,44.88539427015612],[27.29845268094851,44.860236666066605],[27.235270105318826,44.870106474438174],[27.266286753376693,44.94773068936653],[27.280135627222357,44.99764568249549],[27.337476463043796,45.0020152214696],[27.328726022601106,44.97849449639776],[27.358403548445384,44.98421136399894],[27.36262504002941,44.979122859156305],[27.356461005930363,44.9775016688475],[27.35661178137529,44.9744005852569],[27.346466113536362,44.974453802922106],[27.34636481973388,44.96836989556698],[27.353230270911208,44.96829110741878],[27.350760151429775,44.959856110846175],[27.356321405694157,44.95392662686392],[27.35447870695757,44.95262100803292],[27.349577708745603,44.954407151314236],[27.34678873833416,44.94137653311199],[27.34188309622387,44.942279788361674],[27.33936889946369,44.93189692272429],[27.344869584764126,44.93075967846737],[27.341110025195217,44.91049834338113],[27.353618687647774,44.91170502992587],[27.34001309691271,44.87095461074985],[27.354784565274294,44.87187493565604],[27.35257426941806,44.85885869485667]]],[[[27.563064992109286,44.941235247375914],[27.544363283457244,44.918775797144505],[27.547603764748434,44.91793793592317],[27.523545872774147,44.87839521195186],[27.5161032785035,44.86980436339417],[27.506316466926908,44.87370757269334],[27.50691758784328,44.862749026794205],[27.50147718748496,44.85677185691815],[27.521296980347607,44.84745380540938],[27.496599379431764,44.82542469413878],[27.47950698792822,44.83673838070623],[27.444077533411704,44.80521064431537],[27.411529624681766,44.82709178199568],[27.413920375128754,44.82919179284469],[27.410061127934757,44.83140289219366],[27.416311172370527,44.83682093890068],[27.393298211549176,44.849490626529935],[27.363432557519424,44.845893449407725],[27.38837609349869,44.924070560122345],[27.407753043652963,44.92437204612733],[27.418998460637034,44.91055072549296],[27.430663389080216,44.91141404002513],[27.430287795307173,44.913768328683105],[27.449859925476467,44.91418903606164],[27.450594527900567,44.92257640447984],[27.469062644483444,44.92206906501412],[27.465243353003874,44.9086876622026],[27.485808985063958,44.90685871397901],[27.490006386618045,44.912897789038944],[27.514599790730767,44.90533633433694],[27.523881543301012,44.92046140386952],[27.514515697208203,44.92108742543309],[27.518996411299167,44.93690504667237],[27.544450026817554,44.93408365154191],[27.547919186107805,44.94167266084043],[27.563064992109286,44.941235247375914]]],[[[27.928259101058906,44.94371420306481],[27.925717172620523,44.929719135511554],[27.929720265503946,44.92657339067124],[27.93872832127823,44.92659894068396],[27.940568421268157,44.922490749837664],[27.928071236151492,44.90843637914465],[27.92352561041149,44.90980302685052],[27.9231284333492,44.90446337293123],[27.92569093027271,44.904717770458184],[27.918179615777056,44.8934505315295],[27.91818784569648,44.8879678894841],[27.92493101965536,44.87787283774657],[27.923580846180695,44.87118304706841],[27.926874044595262,44.86300234013457],[27.912079605385724,44.861014927096406],[27.925127988231814,44.858591073683364],[27.929825917006347,44.855242713265355],[27.934812153838607,44.856289127399876],[27.944956568725665,44.85172336167673],[27.953198203412505,44.83440156683766],[27.93368677379841,44.82872629870411],[27.932022158992257,44.825944969477376],[27.924003919688246,44.823566903299586],[27.91025214290095,44.82765291047643],[27.90942310733105,44.836522436977795],[27.905067053169134,44.84040116358518],[27.893192055616815,44.84446323788427],[27.899785529361264,44.85513151988797],[27.892895045548837,44.84932838093862],[27.88297575332808,44.85094130570797],[27.86922116329987,44.848775830049455],[27.871051719007365,44.856523243414664],[27.87410601236285,44.856474420762815],[27.877754655138748,44.860136668921385],[27.87893865104604,44.855911644633636],[27.879571353654764,44.859234345385275],[27.881547194267693,44.85695024892811],[27.885862366820188,44.858785667122824],[27.881754665107085,44.8662533190957],[27.882896247279618,44.86864300173196],[27.858686333927373,44.858463509248764],[27.85285418632592,44.84074117997671],[27.83534048300122,44.83546431143019],[27.835020299833232,44.84404119329777],[27.83227943335498,44.84419634866168],[27.8272729799217,44.84165509658204],[27.82257689577743,44.83372672921837],[27.812002251926028,44.83071519082371],[27.800637849201102,44.82064252347642],[27.793580067406683,44.82082296714618],[27.786147348157346,44.82977030005891],[27.778867219565072,44.832487413841854],[27.783890305063725,44.84230321142502],[27.783172355368897,44.850249086232694],[27.780567892493973,44.84982802243279],[27.77956947212623,44.86783422303521],[27.785173748181464,44.86811062271433],[27.783436110873115,44.89484215685401],[27.75943393413303,44.89447162497377],[27.759864693735725,44.89754992988421],[27.753894196138283,44.89279827467544],[27.7512691516215,44.89468035518956],[27.748808198512375,44.891945600602305],[27.742118491868908,44.89332615800428],[27.741641012813364,44.889859998720176],[27.720068901158673,44.89054784594863],[27.72112233498431,44.895531097032936],[27.712966137649378,44.89520713825742],[27.713393466247453,44.900111099834795],[27.708240711588033,44.902423553706356],[27.70449907265776,44.90102438157329],[27.705999779793157,44.91555372876322],[27.696995429088624,44.915716455796364],[27.687787936214708,44.9185845153087],[27.691016938606023,44.92691741879044],[27.683225135292876,44.92577786181463],[27.68591349228284,44.933154707129546],[27.699879263852438,44.94622366953214],[27.77309751423556,44.92872428469403],[27.779987620571248,44.94693868516284],[27.787690422046175,44.94797443543434],[27.79259104563449,44.954028508046186],[27.80424376458909,44.9530844524916],[27.812474030425005,44.97707242962872],[27.80950336985396,44.977763215766394],[27.817246300957272,44.99579998010201],[27.86359846962353,44.987092346018834],[27.89297702107519,44.986201194823046],[27.931962104266844,44.98066820745833],[27.931279185162776,44.969870683007905],[27.92125930725982,44.96186513910773],[27.928259101058906,44.94371420306481]]],[[[27.483828012601915,45.049411158357046],[27.501326558360773,45.00086325006454],[27.503199349411144,44.98242812962165],[27.496291228225434,44.98486505979446],[27.489955783973397,44.98226171709577],[27.48216253094207,44.98267779864141],[27.46621340449441,44.98796633664747],[27.457025761101672,44.98284367252801],[27.44996272772019,44.984505091844646],[27.435736652478845,44.98180299471865],[27.429934971500266,44.9768846644626],[27.422564560496273,44.97562377711718],[27.419535033340996,44.97852738724256],[27.408867596217238,44.979908851264874],[27.398024481792735,44.977493708269236],[27.401647670305227,44.95715161490593],[27.40131765392213,44.932324306673685],[27.407753043652963,44.92437204612733],[27.38837609349869,44.924070560122345],[27.366269567069807,44.85830742992611],[27.35257426941806,44.85885869485667],[27.354784565274294,44.87187493565604],[27.34001309691271,44.87095461074985],[27.353618687647774,44.91170502992587],[27.341110025195217,44.91049834338113],[27.344869584764126,44.93075967846737],[27.33936889946369,44.93189692272429],[27.34188309622387,44.942279788361674],[27.34678873833416,44.94137653311199],[27.349577708745603,44.954407151314236],[27.35447870695757,44.95262100803292],[27.356321405694157,44.95392662686392],[27.350760151429775,44.959856110846175],[27.353230270911208,44.96829110741878],[27.34636481973388,44.96836989556698],[27.346466113536362,44.974453802922106],[27.35661178137529,44.9744005852569],[27.356461005930363,44.9775016688475],[27.36262504002941,44.979122859156305],[27.358403548445384,44.98421136399894],[27.328726022601106,44.97849449639776],[27.337476463043796,45.0020152214696],[27.320591937574793,45.00061028638242],[27.318712442076134,45.005145931042534],[27.314698379604838,45.006804291915586],[27.337623948557518,45.00724415828622],[27.334840352968598,45.01424762491576],[27.383667942810085,45.02439476302611],[27.392073577129572,45.01400322096588],[27.412305605386592,45.01682355415911],[27.410363301406765,45.019389972672954],[27.414128104000408,45.0252806628662],[27.41627545996788,45.01969249786837],[27.42159412247715,45.02068301280992],[27.422379608631537,45.02613028417158],[27.424492110682262,45.02635372183145],[27.43174549986297,45.019744770465465],[27.433105806286676,45.02300053842007],[27.443581792007436,45.02807440152057],[27.44757704725653,45.02670822957853],[27.45262745801332,45.029234562477825],[27.450927637503863,45.04286603405307],[27.483828012601915,45.049411158357046]]],[[[27.421395119756777,45.20942246254747],[27.418721228063717,45.19480075129343],[27.39852159313347,45.170189062227415],[27.41188087203538,45.172261560192574],[27.414523603095475,45.16075698430781],[27.42419969235436,45.160552105484946],[27.413433047166503,45.14780464492318],[27.417755086435626,45.14604459669336],[27.415285966993334,45.142884323669186],[27.43780404985222,45.11755282309396],[27.451340809580252,45.090236203626574],[27.417136733925773,45.08170330796134],[27.42406587229486,45.07238542613742],[27.428665783364874,45.07271624690874],[27.43814699475408,45.054380340079476],[27.45171541746933,45.05744650499667],[27.45727888683172,45.04376961932084],[27.450927637503863,45.04286603405307],[27.45262745801332,45.029234562477825],[27.448938748729045,45.02701097345227],[27.443581792007436,45.02807440152057],[27.433105806286676,45.02300053842007],[27.43174549986297,45.019744770465465],[27.424492110682262,45.02635372183145],[27.422379608631537,45.02613028417158],[27.42159412247715,45.02068301280992],[27.41627545996788,45.01969249786837],[27.414128104000408,45.0252806628662],[27.410363301406765,45.019389972672954],[27.412305605386592,45.01682355415911],[27.392073577129572,45.01400322096588],[27.383667942810085,45.02439476302611],[27.378661904501097,45.023315987024134],[27.376740052258416,45.035388867407505],[27.393265357407355,45.03682211239004],[27.389263115275025,45.044299526779554],[27.391118294981595,45.044707920329316],[27.378415572212777,45.071928152462924],[27.3694958918961,45.07085531239443],[27.353872015908436,45.099053181522756],[27.372352545126102,45.103202126445744],[27.37100854918963,45.10569547217726],[27.354685343096463,45.12028714332278],[27.343582104157434,45.12065544573317],[27.340593331288684,45.11988802688754],[27.341683084952912,45.11725311325588],[27.33473194176523,45.11599046313124],[27.316598752665865,45.11806324877656],[27.328863374601116,45.15167469452322],[27.336598307516518,45.14852084893133],[27.345865326219858,45.14923599009872],[27.35210466061732,45.15298518710992],[27.353021969773398,45.15691665193362],[27.36029604224891,45.15719546525074],[27.364253790009577,45.15969553069141],[27.365730866620503,45.16350679839408],[27.36133529291342,45.16656908867635],[27.36331520292264,45.170459126865246],[27.37010025182504,45.170273843677506],[27.37480879397521,45.174046559052435],[27.377610206719172,45.173557668120154],[27.38427007479634,45.18419281070778],[27.382496906669257,45.20627874466795],[27.39787667750996,45.20332872637573],[27.39751176605795,45.20535543612727],[27.421395119756777,45.20942246254747]]],[[[27.555883422470437,44.981199798448024],[27.551186115080828,44.96653287422977],[27.5358831674287,44.96658038606236],[27.530554001098796,44.950285972010406],[27.566889146438296,44.94695212014143],[27.563064992109286,44.941235247375914],[27.547919186107805,44.94167266084043],[27.544450026817554,44.93408365154191],[27.518996411299167,44.93690504667237],[27.514515697208203,44.92108742543309],[27.523881543301012,44.92046140386952],[27.514599790730767,44.90533633433694],[27.490006386618045,44.912897789038944],[27.485808985063958,44.90685871397901],[27.465243353003874,44.9086876622026],[27.469062644483444,44.92206906501412],[27.460324801960383,44.922778155615504],[27.450594527900567,44.92257640447984],[27.44978859125131,44.914164138686274],[27.430287795307173,44.913768328683105],[27.430663389080216,44.91141404002513],[27.418998460637034,44.91055072549296],[27.40131765392213,44.932324306673685],[27.40230624204026,44.94773844046054],[27.39835880734888,44.9777372159264],[27.408867596217238,44.979908851264874],[27.419535033340996,44.97852738724256],[27.422564560496273,44.97562377711718],[27.429934971500266,44.9768846644626],[27.435736652478845,44.98180299471865],[27.44996272772019,44.984505091844646],[27.457025761101672,44.98284367252801],[27.46621340449441,44.98796633664747],[27.48216253094207,44.98267779864141],[27.489955783973397,44.98226171709577],[27.496291228225434,44.98486505979446],[27.503199349411144,44.98242812962165],[27.501326558360773,45.00086325006454],[27.495419741376566,45.017724158576954],[27.523474286745788,45.019072214400765],[27.526847723374974,45.00990589783373],[27.532897855251314,45.00742741497083],[27.519367673752484,44.98011731389672],[27.534017094194926,44.973556464991326],[27.555883422470437,44.981199798448024]]],[[[27.224359840409054,45.16889862492836],[27.243593224664117,45.156336204775506],[27.26036602187746,45.136092603176444],[27.26099243076803,45.13354641021652],[27.254284022725425,45.130149141589726],[27.255677394660825,45.12444267824017],[27.221914498185264,45.11321462149705],[27.208043797408127,45.11037596071508],[27.20334080876646,45.11128424265236],[27.1981160697598,45.10744205133908],[27.199864409529134,45.111184424408115],[27.19734595500413,45.113355726782],[27.188774570294413,45.109124637144575],[27.1790942577258,45.11326857824755],[27.16701698394194,45.10981268306603],[27.15171368694864,45.156861086413976],[27.149584178830303,45.17121893886669],[27.153505012581572,45.17661492600996],[27.180116026751904,45.17892128883139],[27.17705357229932,45.1836807927982],[27.179635505049706,45.19395697868006],[27.177254796496534,45.194321206209075],[27.18465483480634,45.20140238119301],[27.178694454403345,45.204281452028525],[27.184464078680872,45.214616527982976],[27.20026281551514,45.20680580070652],[27.196659315917703,45.1960100181186],[27.189462258040276,45.189161090553746],[27.197851427508265,45.1850468219497],[27.19075242035687,45.17971031359459],[27.189508750537772,45.17431904086816],[27.224359840409054,45.16889862492836]]],[[[27.683402725435904,45.05873426634456],[27.63818377512784,45.05467105634427],[27.60631114923821,45.05411296544059],[27.56813490201202,45.001906575894544],[27.570823464241652,45.00085051530186],[27.568369561792608,44.999865311340336],[27.569778524384944,44.99845755282642],[27.564366383452803,44.999865567921425],[27.559759905833538,44.99679300910951],[27.555883422470437,44.981199798448024],[27.534017094194926,44.973556464991326],[27.519367673752484,44.98011731389672],[27.532897855251314,45.00742741497083],[27.526847723374974,45.00990589783373],[27.523474286745788,45.019072214400765],[27.51183011113994,45.01851201438391],[27.51887188670264,45.04233091518713],[27.52219822716611,45.04323262357716],[27.519458443052713,45.04996368487993],[27.520253854511598,45.071236786803354],[27.544771380541377,45.06903758346246],[27.543433495508015,45.084955115365936],[27.557487247732322,45.08578247666842],[27.54838890109413,45.10030046368022],[27.571473625712496,45.10696345864721],[27.57990413768639,45.09311672225796],[27.636376542597613,45.09602098164111],[27.63658607059406,45.08277158032189],[27.6775049437908,45.084393405447514],[27.683402725435904,45.05873426634456]]],[[[27.378661904501097,45.023315987024134],[27.334840352968598,45.01424762491576],[27.337623948557518,45.00724415828622],[27.314236882846107,45.00690699443065],[27.32070249856001,45.02050046865402],[27.30338632260507,45.02114950163326],[27.30407884156045,45.03904041701177],[27.300922237379087,45.0581702478289],[27.31102334647569,45.0574533906113],[27.29649149920075,45.08520573015903],[27.299189921908756,45.087452295155494],[27.3099469977787,45.089472960574795],[27.30555551431126,45.11039981712578],[27.308378439298142,45.10987278369828],[27.30861157169814,45.10619152926511],[27.31202087572315,45.10681116882301],[27.316501619120835,45.118069695979806],[27.33473194176523,45.11599046313124],[27.341683084952912,45.11725311325588],[27.340593331288684,45.11988802688754],[27.343582104157434,45.12065544573317],[27.354685343096463,45.12028714332278],[27.37100854918963,45.10569547217726],[27.372352545126102,45.103202126445744],[27.353872015908436,45.099053181522756],[27.3694958918961,45.07085531239443],[27.378415572212777,45.071928152462924],[27.391118294981595,45.044707920329316],[27.389263115275025,45.044299526779554],[27.393265357407355,45.03682211239004],[27.376740052258416,45.035388867407505],[27.378661904501097,45.023315987024134]]],[[[27.30529504432866,45.11197953476268],[27.3099469977787,45.089472960574795],[27.299189921908756,45.087452295155494],[27.296462317416026,45.08495517222609],[27.31102334647569,45.0574533906113],[27.300922237379087,45.0581702478289],[27.30407884156045,45.03904041701177],[27.30338632260507,45.02114950163326],[27.32070249856001,45.02050046865402],[27.314167215092265,45.007193923232066],[27.318712442076134,45.005145931042534],[27.320591937574793,45.00061028638242],[27.280040671984587,44.997710877798326],[27.275323283368696,44.993754558428385],[27.268892943233652,44.99587577971122],[27.249504294986767,44.994849952149835],[27.253318222696535,45.02098633822033],[27.246367984055706,45.02053492373702],[27.247724785311746,45.02713289461136],[27.197560146696915,45.028041025886886],[27.20008484804304,45.05478898727472],[27.206099311429064,45.06965752983102],[27.20250192775474,45.069160692215256],[27.20542114928767,45.09258745542708],[27.188651697587023,45.09208003843526],[27.187791923000738,45.08756592990581],[27.181539724952966,45.08744445024966],[27.17518050887373,45.09677016748799],[27.17549140278892,45.10571622150566],[27.18480566022941,45.106793566034206],[27.196286244330462,45.113317530345945],[27.199735018722148,45.11197151797516],[27.1981160697598,45.10744205133908],[27.20417517455287,45.111500271131035],[27.208043797408127,45.11037596071508],[27.223241790369123,45.11359005066422],[27.222715754992436,45.10950240208994],[27.227023028444194,45.1102035099246],[27.23136201595319,45.08932270902165],[27.24095086938954,45.09208840726666],[27.24566397465386,45.085218874367804],[27.245792649129815,45.0773369964557],[27.275137930638795,45.08090687310645],[27.284390261772067,45.075000251791174],[27.294995109108406,45.079463076085894],[27.294087924274198,45.08441065286851],[27.28924304797003,45.08545363625536],[27.292054535192896,45.08862462365987],[27.27846021401575,45.088013285359786],[27.27705854211848,45.09868089147234],[27.260236550486223,45.09672361232988],[27.2531675096905,45.099060034208144],[27.250425713869067,45.10347654543205],[27.25043208350656,45.11933943695554],[27.26854132962223,45.127847509525246],[27.279164958343586,45.12539317312802],[27.277636666170103,45.12154123342517],[27.281557058561543,45.120694922436776],[27.276057278555268,45.116891965276466],[27.30529504432866,45.11197953476268]]],[[[27.31935464899831,45.125249368842226],[27.31202087572315,45.10681116882301],[27.30901623773732,45.10602393733541],[27.30529504432866,45.11197953476268],[27.276057278555268,45.116891965276466],[27.281557058561543,45.120694922436776],[27.277636666170103,45.12154123342517],[27.279164958343586,45.12539317312802],[27.274959296509227,45.12642015910581],[27.26854132962223,45.127847509525246],[27.25043208350656,45.11933943695554],[27.251294159074263,45.101024259312354],[27.258476696750513,45.09688039043972],[27.27705854211848,45.09868089147234],[27.27846021401575,45.088013285359786],[27.292054535192896,45.08862462365987],[27.28924304797003,45.08545363625536],[27.294087924274198,45.08441065286851],[27.294995109108406,45.079463076085894],[27.29167639089853,45.07952549291358],[27.29060859349142,45.076345734778144],[27.282358161948864,45.07501921969319],[27.27857387841274,45.08036978232109],[27.27552310564082,45.07937803650995],[27.27270153236776,45.08101625680473],[27.245792649129815,45.0773369964557],[27.24566397465386,45.085218874367804],[27.24095086938954,45.09208840726666],[27.23136201595319,45.08932270902165],[27.227023028444194,45.1102035099246],[27.222715754992436,45.10950240208994],[27.223241790369123,45.11359005066422],[27.263456237469146,45.12665146484684],[27.266029305249415,45.13530411867885],[27.274478280227555,45.13508099660827],[27.27699370331373,45.13204760369215],[27.31935464899831,45.125249368842226]]]]},"properties":{"alert_id":"e2ae02d91109188a","source":"nowcasting","alert_type":"nowcasting","feature_id":"4f5a371984e3953a70","judet_cod":"BR","judet_nume":"Brăila","county_code":"BR","county_name":"Brăila","cod_judet":"BR","cod_culoare":1,"cod_culoare_nume":"Galben","culoare":"1","cod":"Galben","fenomen_principal":"Local averse torențiale care vor acumula 15...25 l/mp, descărcări electrice.","fenomen_group":"ploi/vijelii","zona_text":"Județul Brăila: Ianca, Însurăței, Viziru, Tufești, Ulmu, Dudești, Stăncuța, Cireșu, Mircea Vodă, Zăvoaia, Jirlău, Bordei Verde, Surdila-Găiseanca, Surdila-Greci, Făurei;<br>Județul Buzău: Buzău, Vernești, Vadu Pașii, Merei, Smeeni, Mărăcineni, Săgeata, Tisău, Cislău, Costești, Rușețu, Țintești, Pietroasele, Gherăseni, Gălbinași, Breaza, Săhăteni, Ulmeni, Stâlpu, Luciu, C.a. Rosetti, Movila Banului, Amaru, Mihăilești, Năeni, Cilibia, Largu, Robeasca;<br>Județul Prahova: Ploiesti, Câmpina, Băicoi, Breaza, Mizil, Vălenii de Munte, Urlați, Boldești-Scăeni, Filipeștii de Pădure, Valea Călugărească, Bucov, Plopeni, Bărcănești, Ariceștii Rahtivani, Filipeștii de Târg, Brebu, Târgșoru Vechi, Florești, Blejoi, Vărbilău, Telega, Măgureni, Scorțeni, Gura Vitioarei, Albești-Paleologu, Colceag, Bănești, Berceni, Poiana Câmpina, Sângeru, Iordăcheanu, Păulești, Lipănești, Podenii Noi, Măgurele, Tomșani, Ceptura, Cornu, Baba Ana, Vâlcănești, Cocorăștii Mislii, Dumbrăvești, Șotrile, Bălțești, Gornet, Șoimari, Gornet-Cricov, Provița de Jos, Predeal-Sărari, Gura Vadului, Provița de Sus, Apostolache, Păcureți, Plopu, Chiojdeanca, Surani, Vadu Săpat, Lapoș, Călugăreni, Salcia, Tătaru, Cosminele, Talea, Jugureni, Fântânele;<br>Județul Dâmboviţa: Moreni, Pucioasa, I. L. Caragiale, Fieni, Răzvad, Gura Ocniței, Bezdead, Valea Lungă, Buciumeni, Dărmănești, Vulcana-Pandele, Runcu, Glodeni, Ocnița, Brănești, Iedera, Vulcana-Băi, Vișinești, Moțăieni, Vârfuri;<br>","zona_nume":"Brăila - localitati","zone_name":"Brăila - localitati","display_name":"Brăila - localitati","localities":["Ianca","Însurăței","Viziru","Tufești","Ulmu","Dudești","Stăncuța","Cireșu","Mircea Vodă","Zăvoaia","Jirlău","Bordei Verde","Surdila-Găiseanca","Surdila-Greci","Făurei"],"geometry_source":"uat_match","match_confidence":"high","interval_text":"","interval_start":"2026-09-02T23:10:00","valid_from":"2026-09-02T23:10:00","valid_to":"2026-09-03T00:30:00","interval_valabilitate_text":"","interval_end":"2026-09-03T00:30:00","data_expirare":"2026-09-03T00:30:00","mesaj_plain":"Local averse torențiale care vor acumula 15...25 l/mp, descărcări electrice.","source_url":"","source_label":"","notes":"","durata_ore":1.3,"zi":"2026-09-03"}},{"type":"Feature","geometry":{"type":"MultiPolygon","coordinates":[[[[26.7591929242147,45.181263495083726],[26.77329705963696,45.18320459634458],[26.776899941323006,45.17879441227948],[26.7914563520395,45.17440504124481],[26.812105874082807,45.17516055313007],[26.85933762012193,45.15921394326232],[26.866870503232473,45.15492314601033],[26.86850977608406,45.156296968333685],[26.884862405193818,45.1328759580207],[26.90141921452217,45.12732066140569],[26.908448456399483,45.12157956366169],[26.90059694959586,45.11878775895735],[26.905464304589522,45.11095456884196],[26.92586751296751,45.108215326343036],[26.91293100690991,45.09597131839408],[26.89736546565504,45.106687280821575],[26.886174051957866,45.10241577130364],[26.878579897097506,45.11075124609287],[26.85505481842208,45.10031669756525],[26.858868610357447,45.09734881174981],[26.853452473543047,45.09598782491874],[26.856325449212726,45.09295376991562],[26.851190716656316,45.0916073029842],[26.830193405513338,45.110818430420096],[26.828276601406454,45.107230294099494],[26.823816370010462,45.107523066983454],[26.821527767212395,45.10507246479422],[26.811382850246133,45.107740773921606],[26.804667402155307,45.1046342614984],[26.799602311449384,45.108823845293195],[26.788818053661004,45.101633190293576],[26.78647194371688,45.10304865005057],[26.780195139933564,45.09474868412274],[26.778431358544818,45.095194260926476],[26.758169551788036,45.1233957399403],[26.758009031655643,45.12491697356971],[26.774538549805218,45.13120188281482],[26.75955063752685,45.15335949387059],[26.745057586021385,45.14775193136198],[26.73707213245766,45.15485522969344],[26.730152994938834,45.15181944642685],[26.714688104021313,45.16118197677033],[26.722897165560028,45.17150515143338],[26.727536988204413,45.17056344182702],[26.740632118147133,45.17679171957651],[26.737997241688404,45.17852331752466],[26.74921156038618,45.183747474368374],[26.75733662455602,45.17675508080875],[26.759611210699752,45.17867833162955],[26.75628843913374,45.178973220250526],[26.7591929242147,45.181263495083726]]],[[[26.72616376408208,45.25057174348173],[26.733535135580098,45.22452661811728],[26.770489579293407,45.18212532808882],[26.7591929242147,45.181263495083726],[26.75628843913374,45.178973220250526],[26.759611210699752,45.17867833162955],[26.75733662455602,45.17675508080875],[26.74921156038618,45.183747474368374],[26.737997241688404,45.17852331752466],[26.740632118147133,45.17679171957651],[26.727536988204413,45.17056344182702],[26.722897165560028,45.17150515143338],[26.714688104021313,45.16118197677033],[26.72905283712234,45.152242164261786],[26.72601268583244,45.14951232907016],[26.71528948320432,45.15629197568211],[26.69857089525658,45.15642613278771],[26.68091805786557,45.164057365514694],[26.67948767662043,45.17289615434021],[26.674017049975937,45.176213249354994],[26.673646326725212,45.17381238236399],[26.64368993877044,45.182401169541926],[26.634145478253522,45.17827310523274],[26.63217567430572,45.18571666524615],[26.627718035985342,45.187194576133145],[26.64395399066055,45.19503981372253],[26.643946789929718,45.19901743358448],[26.637298571754638,45.20865180665764],[26.641615966501806,45.21359693700866],[26.632076671784382,45.215947027075345],[26.631044971455246,45.218335885203736],[26.6313713309964,45.23141199932943],[26.625237410125912,45.23938747558064],[26.6235850125062,45.25046526255134],[26.625229597076338,45.25289628143728],[26.634821309495226,45.254748379300366],[26.632483188147454,45.258283608004135],[26.63524927082216,45.260377407937604],[26.664634446928765,45.268458682456114],[26.665467632463322,45.27095101397456],[26.675232813196242,45.27209758855773],[26.681446117269484,45.26866586896364],[26.683987728818455,45.26923545391144],[26.680254711213035,45.272163681096735],[26.682827084273573,45.27403040867819],[26.677155576787484,45.2774279221291],[26.681534228250623,45.28176884801422],[26.69144011740143,45.27414367832371],[26.70454750593081,45.2728911385702],[26.7089163350478,45.270442807320116],[26.72616376408208,45.25057174348173]]],[[[26.925711327920876,45.207217555218016],[26.964546547208084,45.19027065246754],[26.993428504291884,45.18247105403897],[26.969182496031078,45.152256478624764],[26.930781689000966,45.112628592265494],[26.924063153040038,45.11399980033777],[26.914008879352426,45.108948934346934],[26.905464304589522,45.11095456884196],[26.90059694959586,45.11878775895735],[26.908448456399483,45.12157956366169],[26.90141921452217,45.12732066140569],[26.884862405193818,45.1328759580207],[26.86850977608406,45.156296968333685],[26.866870503232473,45.15492314601033],[26.843231344061234,45.164986848100824],[26.830234258091895,45.16798178633236],[26.83530488909114,45.175480512164725],[26.83389083127624,45.19165095182606],[26.840167766672263,45.19475783401287],[26.843884522778986,45.20351169528913],[26.848312162119527,45.206398085348184],[26.84597329847323,45.20909840834899],[26.852455726728966,45.215336661374785],[26.865293665520035,45.21100979168889],[26.867894027925193,45.21342329536112],[26.91417910198257,45.19678039859217],[26.925711327920876,45.207217555218016]]],[[[26.72601268583244,45.14951232907016],[26.73707213245766,45.15485522969344],[26.745057586021385,45.14775193136198],[26.75955063752685,45.15335949387059],[26.774538549805218,45.13120188281482],[26.758009031655643,45.12491697356971],[26.758706144275372,45.12260474679062],[26.701016337502693,45.10076737941719],[26.702512067719166,45.0973015679993],[26.69528275289738,45.09070414794712],[26.696756833538796,45.08846061482575],[26.67063489079483,45.066808324842896],[26.656133412950886,45.08576722133618],[26.64269653474031,45.09858225372219],[26.641911207226276,45.103059536970136],[26.6373271719936,45.104918667518255],[26.635544495272637,45.10131029003211],[26.632214985577352,45.10562408549188],[26.622969809144692,45.1024966933226],[26.62058216318709,45.10573720919279],[26.608108945588594,45.10144224989839],[26.598831820277713,45.11410613639504],[26.601465461897703,45.119032918794595],[26.574504892883795,45.13823837162346],[26.573546350993496,45.141106289830475],[26.578194126743053,45.15092207903176],[26.59143850450332,45.1527575773023],[26.62870058069469,45.179015249209414],[26.63606913816101,45.17844436253959],[26.643201337701377,45.182410005228924],[26.673646326725212,45.17381238236399],[26.674017049975937,45.176213249354994],[26.67948767662043,45.17289615434021],[26.68091805786557,45.164057365514694],[26.695397873878495,45.15723416460072],[26.71528948320432,45.15629197568211],[26.72601268583244,45.14951232907016]]],[[[26.92926568340443,45.00675594989402],[26.971735720287274,44.996914584694444],[26.994802536108967,44.99452638790866],[26.97795567755506,44.961204535818496],[26.97467014796534,44.961630035553064],[26.960390763601012,44.937293042144624],[26.94276203000524,44.9429148439091],[26.934877742477212,44.943138993099915],[26.93142433570288,44.94086500971568],[26.91494998871978,44.946492060970236],[26.914067164716467,44.94497334767749],[26.90476482223596,44.950138359476306],[26.90158348971631,44.951190158187636],[26.900471512946805,44.94974774830199],[26.883774682883388,44.95569314446665],[26.879422235624837,44.94943817885387],[26.87389814045949,44.95114533910404],[26.87008754619309,44.94535568167361],[26.85428287804251,44.951005489334655],[26.84393009927266,44.93669964136877],[26.81464206466994,44.910653358586764],[26.793103269411265,44.91371480778605],[26.80414702501864,44.934976842494336],[26.802952345840453,44.93852438561841],[26.799594974347407,44.938539865973944],[26.801611814853874,44.96367130593191],[26.836962078139905,45.0045202283868],[26.823504026764546,45.011907502875076],[26.825485597815227,45.014575354429546],[26.833553306332288,45.01409421454426],[26.840314951159257,45.01068116720803],[26.85407099664866,45.03120764438364],[26.86172484808837,45.0248652846348],[26.880648198562923,45.021993586578255],[26.898160224160872,45.0157151636529],[26.899805361124,45.0121685205391],[26.908604513196597,45.00933305895169],[26.917465381219994,45.001689075042336],[26.92926568340443,45.00675594989402]]],[[[26.820125798065536,45.233831953097216],[26.84835242089204,45.206498886499396],[26.843884522778986,45.20351169528913],[26.840167766672263,45.19475783401287],[26.83389083127624,45.19165095182606],[26.83530488909114,45.175480512164725],[26.830234258091895,45.16798178633236],[26.8105802295752,45.175502055805325],[26.7914563520395,45.17440504124481],[26.776899941323006,45.17879441227948],[26.77329705963696,45.18320459634458],[26.770489579293407,45.18212532808882],[26.754103950460152,45.199090875352134],[26.763630858238123,45.20362143099315],[26.76821014499884,45.201894155987155],[26.77480899037927,45.20892335428075],[26.781110886931266,45.20562615879241],[26.793368534887588,45.22016308892295],[26.796971155951162,45.21903687481586],[26.807844060767707,45.236460770665865],[26.820125798065536,45.233831953097216]]],[[[27.066516685316568,45.15874882674628],[27.068024404950798,45.15550606516281],[27.07158226077474,45.15613078565505],[27.075789154385326,45.14944120943696],[27.082420803578305,45.145614042214845],[27.09380602139962,45.1288421364115],[27.103077599076485,45.12476587131374],[27.106726855253605,45.11834363466879],[27.12373565849943,45.10692816195558],[27.11737645382149,45.097289117453904],[27.112605576316,45.09559012213064],[27.090279668788416,45.09704576801457],[27.079339083241653,45.09546157712951],[27.061800485872308,45.07067285018214],[27.054199067656103,45.070701100184785],[27.050159309777126,45.08043847205813],[27.044322874570955,45.0829958118239],[27.034828463112166,45.082944638587456],[27.021389029028807,45.07481089425866],[27.015962523783823,45.07496084118762],[27.00895795716784,45.07870196565677],[27.00517756937434,45.077770291101885],[26.982743870376055,45.089020205264205],[26.96401077327365,45.103808307647704],[26.93448500308355,45.117929521768176],[26.969182496031078,45.152256478624764],[26.993428504291884,45.18247105403897],[27.0140916082232,45.17987400087265],[27.055926741449262,45.161308035012325],[27.066516685316568,45.15874882674628]]],[[[26.6235850125062,45.25046526255134],[26.625237410125912,45.23938747558064],[26.6313713309964,45.23141199932943],[26.631044971455246,45.218335885203736],[26.632076671784382,45.215947027075345],[26.641615966501806,45.21359693700866],[26.637298571754638,45.20865180665764],[26.643946789929718,45.19901743358448],[26.64395399066055,45.19503981372253],[26.627718035985342,45.187194576133145],[26.63217567430572,45.18571666524615],[26.633844806832563,45.17904858531511],[26.62856362615338,45.17893455388915],[26.59143850450332,45.1527575773023],[26.57946711811683,45.151275155407085],[26.583735377039233,45.16386977241078],[26.582501125127003,45.1685013304643],[26.577667679113002,45.167578880078516],[26.57912291591422,45.17696372705345],[26.576520268659507,45.1813185700452],[26.568748000572267,45.182624358568916],[26.56490732722403,45.17847126717749],[26.54992316490218,45.180541595196516],[26.555628419827816,45.167664572167794],[26.550369342161847,45.168714107202916],[26.546591991342787,45.173007372362356],[26.54327020298443,45.17021781474218],[26.535632379422907,45.1744288860371],[26.52936262647832,45.16604369847269],[26.52728450671868,45.16779277486096],[26.524944970707043,45.16465167320756],[26.51831308478635,45.16370335234599],[26.524510542306466,45.15878263288017],[26.519804453236368,45.15819279140594],[26.51982352368331,45.15655875041581],[26.5187441596739,45.158532101088305],[26.51832443107823,45.15303251656284],[26.51487474015912,45.16292735626406],[26.512662076620202,45.16303852244303],[26.511773120677372,45.158771366632855],[26.51108779635801,45.16216745647302],[26.506208350290493,45.16126173564878],[26.50612389230647,45.153593410405605],[26.50241027507874,45.15812440963977],[26.49493816050663,45.152612941859985],[26.490693955888517,45.15201509268944],[26.487847586081724,45.138691696286706],[26.484298653607052,45.14302125881802],[26.48653385792527,45.14924851071759],[26.479794356116713,45.14350280529723],[26.483703552115852,45.1347206952814],[26.47695491607472,45.136004483867744],[26.48014626395917,45.13893695799895],[26.478591345360666,45.14394734056528],[26.469622487716492,45.14126410106838],[26.461974487678198,45.15854400475091],[26.46037369179983,45.19809688943609],[26.48534728589297,45.20102515437739],[26.485981834308756,45.202986624367306],[26.498886888909762,45.20733689671415],[26.505207046056274,45.216717811350826],[26.520132557873158,45.227796236179394],[26.52081762286069,45.23099733294231],[26.52506544161012,45.23076293724157],[26.533379892396248,45.24069660092328],[26.542013181827006,45.24600291390978],[26.55702167923915,45.24446495022494],[26.558086032803956,45.24855088074692],[26.559769568312813,45.244876301413676],[26.56524330290822,45.24259261484504],[26.565772693679907,45.23943116387765],[26.570165322912267,45.239400396160455],[26.574766942003208,45.233554699927886],[26.582502990183553,45.23930823083264],[26.59136572542479,45.23933622358509],[26.591228552861793,45.244387973271145],[26.595568825114945,45.24193226197484],[26.60004691004867,45.242835796968045],[26.610118959621214,45.251272115308296],[26.618384254138096,45.25292362218285],[26.6235850125062,45.25046526255134]]],[[[26.369345032149802,45.26160332006855],[26.371856450103028,45.25948190786602],[26.37734727277953,45.2615933330769],[26.376881058406564,45.25591359137667],[26.38085819070871,45.25462374416136],[26.382066591886804,45.255937365712576],[26.385637933171463,45.25305175474167],[26.384866564555978,45.24426606648499],[26.399265864960647,45.244798318739],[26.425943303140286,45.23953751900018],[26.423512615726093,45.2367558902807],[26.42767460928781,45.236200018270004],[26.426978496522597,45.232634887624535],[26.430427741438077,45.23232539312579],[26.43486730467748,45.22488171450681],[26.431198750842945,45.225083159018894],[26.42931542495032,45.21927930637077],[26.42344998643756,45.217031920722874],[26.425354748712003,45.21571861509366],[26.423545066457216,45.20864781270337],[26.426940441426634,45.208067664267865],[26.43399057486948,45.21204226039424],[26.433691074377208,45.202398406465534],[26.44392543239235,45.18956106691691],[26.42125060323305,45.175114435512],[26.396694628810803,45.178403145636715],[26.381371178641942,45.16588336235253],[26.375770838182163,45.15829929846415],[26.36098354734999,45.164404698062185],[26.35265127368204,45.164466515996445],[26.355122314108293,45.17196881249936],[26.353533673141644,45.18072591901865],[26.351299229445893,45.18648624304403],[26.345924149056295,45.18688020999677],[26.34912363129495,45.19228838911338],[26.345733760079106,45.19619715935175],[26.34763997141881,45.202433101505946],[26.356908930644273,45.21419180510105],[26.34903655807052,45.21213053637421],[26.345818448534857,45.2150529668756],[26.33136658730949,45.217290699772086],[26.339650239913567,45.22492817435629],[26.34321755734196,45.23290366642721],[26.336004679773506,45.24733330308026],[26.32713581852524,45.254401284631676],[26.32966711731108,45.25916252978159],[26.346446555159318,45.26267099201958],[26.347498070143782,45.260228032334865],[26.369345032149802,45.26160332006855]]],[[[26.804613925105688,45.10469058753411],[26.80760828111858,45.08809304906501],[26.814777918936134,45.09071183456432],[26.815911128255838,45.08483810779518],[26.80996385066464,45.08218859234945],[26.8096736165085,45.08005925912311],[26.820260898367238,45.07141961902062],[26.789956403108967,45.043324807754374],[26.78969466427873,45.0407373134838],[26.786280693153245,45.04011759999983],[26.7523048473927,45.00841005769741],[26.757641692008388,45.00617113607566],[26.74754447033366,44.99442918554992],[26.727247457566566,45.00233561281959],[26.724631704532413,44.99873210109993],[26.72171041467168,45.0005755112593],[26.7132386668789,44.99496267111658],[26.701720226057827,45.00161699358658],[26.68202944528173,45.019605363495586],[26.703237751105295,45.034741503180804],[26.698645583780312,45.03790818003275],[26.701722315133996,45.04063255342487],[26.70651915612766,45.04178232051679],[26.709716975206476,45.03937526179294],[26.746633405638132,45.06564837232916],[26.744374835386232,45.06685644529401],[26.752264276698092,45.07241622661808],[26.748309295784413,45.08433529205407],[26.754283642767646,45.092726629065794],[26.771633073043525,45.10093066408394],[26.776818845790288,45.09314513886922],[26.78647194371688,45.10304865005057],[26.788818053661004,45.101633190293576],[26.799602311449384,45.108823845293195],[26.804613925105688,45.10469058753411]]],[[[27.280135627222357,44.99764568249549],[27.266286753376693,44.94773068936653],[27.23481982993807,44.869115097883075],[27.21112657375236,44.873854105029],[27.212246305688566,44.87634296341011],[27.145314711537587,44.892307128838],[27.138751261181916,44.88177150582081],[27.118813664100294,44.887070194890356],[27.131834481068427,44.91376546391497],[27.14529342538514,44.911084612956806],[27.17936073388257,44.957582266110556],[27.19253076494689,44.9841912628601],[27.225370842238174,45.00096669571079],[27.231793380419315,44.994901845137925],[27.241070306289746,44.99489189193981],[27.246367984055706,45.02053492373702],[27.253318222696535,45.02098633822033],[27.24927353272775,44.9949229190186],[27.268892943233652,44.99587577971122],[27.275323283368696,44.993754558428385],[27.280135627222357,44.99764568249549]]],[[[26.91293100690991,45.09597131839408],[26.891832441119554,45.0741870770252],[26.90722629882434,45.06860445441295],[26.91050705889671,45.06975668382219],[26.917239412157844,45.06710391927261],[26.921763705772182,45.0678614229244],[26.921120354201985,45.06530039439351],[26.916657349813075,45.06354323448124],[26.916640557734787,45.06120920602002],[26.923432202210666,45.05778228754139],[26.91611593191261,45.037823934829404],[26.924441067980577,45.023063982097916],[26.92043975004433,45.01418893801343],[26.950520821998317,45.02095236738566],[26.953541413042903,45.01730955882126],[26.917465381219994,45.001689075042336],[26.908604513196597,45.00933305895169],[26.899805361124,45.0121685205391],[26.898160224160872,45.0157151636529],[26.880648198562923,45.021993586578255],[26.86172484808837,45.0248652846348],[26.853108863695763,45.03255991009802],[26.842223044336883,45.02460380969043],[26.83828178871726,45.02638125563842],[26.83217941739091,45.03255410542504],[26.831920417712805,45.04231364107852],[26.8060592895674,45.05823755986931],[26.820260898367238,45.07141961902062],[26.8096736165085,45.08005925912311],[26.80996385066464,45.08218859234945],[26.815911128255838,45.08483810779518],[26.814777918936134,45.09071183456432],[26.80760828111858,45.08809304906501],[26.80372763856865,45.10433440400641],[26.811382850246133,45.107740773921606],[26.821527767212395,45.10507246479422],[26.823816370010462,45.107523066983454],[26.828276601406454,45.107230294099494],[26.830193405513338,45.110818430420096],[26.851190716656316,45.0916073029842],[26.856325449212726,45.09295376991562],[26.853452473543047,45.09598782491874],[26.858868610357447,45.09734881174981],[26.85505481842208,45.10031669756525],[26.878579897097506,45.11075124609287],[26.886174051957866,45.10241577130364],[26.89736546565504,45.106687280821575],[26.91293100690991,45.09597131839408]]],[[[26.57946711811683,45.151275155407085],[26.575435570530136,45.14829193342328],[26.574504892883795,45.13823837162346],[26.601465461897703,45.119032918794595],[26.598831820277713,45.11410613639504],[26.608108945588594,45.10144224989839],[26.62058216318709,45.10573720919279],[26.623880507643833,45.09461613547245],[26.619589491338328,45.09359608798683],[26.668693041443394,45.03286226822193],[26.658058387331415,45.02393414421252],[26.646915589825834,45.03682338978289],[26.652104908619787,45.03884781888671],[26.620785700963136,45.073685092831255],[26.591028835665934,45.06209956720952],[26.593834882233732,45.05877544989319],[26.599963775177198,45.06118657175416],[26.605568147862073,45.05539422678028],[26.595967557161355,45.05169197602101],[26.605000604220898,45.04242065455239],[26.6119199519092,45.03894063814701],[26.61391029713544,45.0263546154098],[26.62386519343081,45.020500631231776],[26.60520927882575,45.017132706392886],[26.597114993274694,45.03013358103112],[26.596015602930475,45.037359260401],[26.590049504793225,45.03690695609979],[26.556883394047397,45.077472971675704],[26.558358239015572,45.07959787532088],[26.55297478496227,45.08825116698847],[26.55714899100896,45.0902605200003],[26.55279976193618,45.0892331928968],[26.549911554622398,45.092754874254965],[26.5543102839596,45.09649944842641],[26.558541811522485,45.09615610958493],[26.553126257063543,45.10403718772037],[26.54950779871321,45.119791675213776],[26.553572925546508,45.120593927752715],[26.561125324532167,45.14419719733172],[26.561460610636786,45.160132531177915],[26.560346392255536,45.16636842304736],[26.551892512385862,45.17281560258871],[26.54992316490218,45.180541595196516],[26.56490732722403,45.17847126717749],[26.568748000572267,45.182624358568916],[26.576520268659507,45.1813185700452],[26.57912291591422,45.17696372705345],[26.577667679113002,45.167578880078516],[26.582501125127003,45.1685013304643],[26.583735377039233,45.16386977241078],[26.57946711811683,45.151275155407085]]],[[[26.853108863695763,45.03255991009802],[26.840314951159257,45.01068116720803],[26.82935409403251,45.014701495019345],[26.82567915031742,45.01468728443393],[26.823504026764546,45.011907502875076],[26.836962078139905,45.0045202283868],[26.801611814853874,44.96367130593191],[26.799594974347407,44.938539865973944],[26.802952345840453,44.93852438561841],[26.802638580771706,44.93503757063435],[26.782277633624926,44.935855296390166],[26.781344751742942,44.95324901199935],[26.77659759290393,44.96250844102342],[26.77269551788676,44.9624326693562],[26.780991562325053,44.96905244044656],[26.759627904732575,44.97518844776457],[26.769849513874025,44.98566082157519],[26.7475260537556,44.994404073565896],[26.757641692008388,45.00617113607566],[26.7523048473927,45.00841005769741],[26.786280693153245,45.04011759999983],[26.78969466427873,45.0407373134838],[26.789690433441308,45.04305286493206],[26.8060592895674,45.05823755986931],[26.831920417712805,45.04231364107852],[26.832489979827447,45.03196067826925],[26.84142006123692,45.024372339584254],[26.853108863695763,45.03255991009802]]],[[[27.0067394770592,45.07758024754221],[27.003592127484332,45.0726391721886],[26.998152940917016,45.07249278026333],[26.999517164815007,45.06206153912409],[27.003013293271984,45.062153750196984],[27.002579910229795,45.04860442612394],[27.013599536909446,45.045429843836125],[27.010364227866177,45.035599304117596],[27.012664201937042,45.035137997270965],[26.994802536108967,44.99452638790866],[26.971735720287274,44.996914584694444],[26.9287256794646,45.00676074460326],[26.953541413042903,45.01730955882126],[26.950520821998317,45.02095236738566],[26.92043975004433,45.01418893801343],[26.924441067980577,45.023063982097916],[26.91611593191261,45.037823934829404],[26.923432202210666,45.05778228754139],[26.916640557734787,45.06120920602002],[26.916657349813075,45.06354323448124],[26.921120354201985,45.06530039439351],[26.921763705772182,45.0678614229244],[26.917239412157844,45.06710391927261],[26.91050705889671,45.06975668382219],[26.90722629882434,45.06860445441295],[26.891832441119554,45.0741870770252],[26.92586751296751,45.108215326343036],[26.914008879352426,45.108948934346934],[26.924063153040038,45.11399980033777],[26.930781689000966,45.112628592265494],[26.93448500308355,45.117929521768176],[26.963119223880827,45.104310636462934],[26.982743870376055,45.089020205264205],[27.0067394770592,45.07758024754221]]],[[[26.55627240073896,45.169599724548796],[26.56054171714372,45.16588416017333],[26.561125324532167,45.14419719733172],[26.553572925546508,45.120593927752715],[26.54950779871321,45.119791675213776],[26.553126257063543,45.10403718772037],[26.558541811522485,45.09615610958493],[26.5543102839596,45.09649944842641],[26.549911554622398,45.092754874254965],[26.55279976193618,45.0892331928968],[26.55714899100896,45.0902605200003],[26.55297478496227,45.08825116698847],[26.558358239015572,45.07959787532088],[26.556883394047397,45.077472971675704],[26.568894249977646,45.06352104666983],[26.528109428064717,45.04695151821057],[26.518536205877375,45.05776532085382],[26.511061166499776,45.054652075252044],[26.50615349029302,45.06014905564882],[26.51071662109009,45.062177751936886],[26.505007463124702,45.07257065765235],[26.50876393633458,45.073415953367906],[26.507199717545586,45.08315196608416],[26.499935544876035,45.0883242647274],[26.506297681546044,45.092500311141556],[26.50852230901213,45.09931148427558],[26.50642905611259,45.10433903283466],[26.510220620460785,45.10835614748218],[26.50933338134711,45.115036008270835],[26.511435004180452,45.116024194863954],[26.510668712983247,45.12275280476134],[26.503077974001652,45.130727725191385],[26.507125901220874,45.15694072494715],[26.504903700811763,45.158963623195305],[26.506208350290493,45.16126173564878],[26.51108779635801,45.16216745647302],[26.512542857892747,45.158938971172674],[26.512662076620202,45.16303852244303],[26.514670969543772,45.16303148301066],[26.51832443107823,45.15303251656284],[26.5187441596739,45.158532101088305],[26.51982352368331,45.15655875041581],[26.519804453236368,45.15819279140594],[26.524510542306466,45.15878263288017],[26.51831308478635,45.16370335234599],[26.524944970707043,45.16465167320756],[26.52728450671868,45.16779277486096],[26.52936262647832,45.16604369847269],[26.535632379422907,45.1744288860371],[26.54327020298443,45.17021781474218],[26.546591991342787,45.173007372362356],[26.550369342161847,45.168714107202916],[26.55354277693828,45.169286443489824],[26.555170248817742,45.167488457143044],[26.55627240073896,45.169599724548796]]],[[[26.62386519343081,45.020500631231776],[26.642932871223397,45.001222346061496],[26.63707920803885,44.99887978999619],[26.648754283751387,44.98500682253389],[26.58710150776168,44.973230751834805],[26.588069082746923,44.96739672164847],[26.592791016988212,44.96402505263301],[26.57933733573775,44.96105487225879],[26.57723971398727,44.97154148144511],[26.55923105256928,44.99337985251607],[26.560926661570125,44.9941749991035],[26.554928089703534,44.999419414707184],[26.54714887472022,44.99719047252533],[26.534591201328155,45.00301507679554],[26.529566089097134,45.01487644676061],[26.51002565682294,45.01286981849695],[26.513600857780023,45.00397320179829],[26.501930765236988,44.99950873287567],[26.496241576310116,45.00672013295602],[26.492000257629257,45.00536470573226],[26.48439128847905,45.01884712024287],[26.487262539805247,45.020059282164205],[26.477009173795206,45.03408088268346],[26.47737835691684,45.03930286534082],[26.499311382822462,45.04535221546307],[26.51317275941074,45.053834582391744],[26.512073617705767,45.05532093398694],[26.518536205877375,45.05776532085382],[26.528109428064717,45.04695151821057],[26.568894249977646,45.06352104666983],[26.590049504793225,45.03690695609979],[26.596015602930475,45.037359260401],[26.597114993274694,45.03013358103112],[26.60520927882575,45.017132706392886],[26.62386519343081,45.020500631231776]]],[[[26.620785700963136,45.073685092831255],[26.652104908619787,45.03884781888671],[26.646915589825834,45.03682338978289],[26.670601537055738,45.01000580683147],[26.643900293234417,44.99968929791882],[26.62190235499499,45.02257753314851],[26.61391029713544,45.0263546154098],[26.6119199519092,45.03894063814701],[26.605000604220898,45.04242065455239],[26.595967557161355,45.05169197602101],[26.605568147862073,45.05539422678028],[26.599963775177198,45.06118657175416],[26.593834882233732,45.05877544989319],[26.591028835665934,45.06209956720952],[26.620785700963136,45.073685092831255]]],[[[26.635393389282907,45.101508205816856],[26.6373271719936,45.104918667518255],[26.641911207226276,45.103059536970136],[26.64269653474031,45.09858225372219],[26.656133412950886,45.08576722133618],[26.684183949635475,45.04745846833466],[26.668776108803282,45.032721840849405],[26.619589491338328,45.09359608798683],[26.623880507643833,45.09461613547245],[26.62060071011428,45.10165645684203],[26.632214985577352,45.10562408549188],[26.635393389282907,45.101508205816856]]],[[[27.09949757358475,45.020131742442324],[27.098559458946024,45.017479121679706],[27.103934735305295,45.018362837344995],[27.108462341239765,45.01339243166793],[27.109401729753415,45.01601615841333],[27.11157723601234,45.01556673781641],[27.108611435769504,45.00802014668902],[27.110311972292223,45.00627942702624],[27.10547948677949,45.00755510070725],[27.105153515829137,45.004489901609105],[27.11099936213675,45.00314977885255],[27.11835404435998,45.0077452171993],[27.121290198152757,45.002772836453886],[27.125220650731045,45.00192617544844],[27.121534179540788,44.986488453224155],[27.11504963879804,44.98821519396039],[27.116929404962832,44.99684524903839],[27.10771369823073,44.9975872228008],[27.105033197833112,44.98721246996529],[27.109466970542385,44.98515954770989],[27.109718694013242,44.98206432107081],[27.1153549962739,44.98233849800331],[27.116975823665317,44.9787404535903],[27.124570885625435,44.981108782381625],[27.121655160252963,44.968672727507936],[27.124306848678383,44.96933432659584],[27.10089289357108,44.92034772709411],[27.095272941508775,44.921471946128165],[27.08607655723341,44.9074559753375],[27.05537071836115,44.91610154625635],[27.067918172215926,44.93669651818276],[26.977766602407446,44.96081498951454],[27.00658473974815,45.01922632061919],[27.021707283094575,45.015054710909126],[27.027132460570858,45.00826313476822],[27.027228002383495,45.004005000219635],[27.032548736643136,45.0095071363154],[27.033282022566606,45.005407909270915],[27.038932388305618,45.00710338610591],[27.040001431590866,45.009983903679384],[27.04136862159097,45.00701529578998],[27.045645960256202,45.0084253986636],[27.044363468630895,45.014554152647854],[27.048533676961323,45.01340658412059],[27.051112397459768,45.00958508255159],[27.053846194063397,45.01222962171901],[27.057549237590287,45.01044778741752],[27.05841224533216,45.013433715185485],[27.080002453763715,45.010960281087655],[27.088145484968365,45.01787528314393],[27.088951461557013,45.02248387314125],[27.09949757358475,45.020131742442324]]],[[[27.187386300776613,45.10901217405036],[27.18216147947898,45.10604649438244],[27.17549140278892,45.10571622150566],[27.17518050887373,45.09677016748799],[27.181539724952966,45.08744445024966],[27.187791923000738,45.08756592990581],[27.188651697587023,45.09208003843526],[27.20542114928767,45.09258745542708],[27.20250192775474,45.069160692215256],[27.206099311429064,45.06965752983102],[27.20008484804304,45.05478898727472],[27.197560146696915,45.028041025886886],[27.247724785311746,45.02713289461136],[27.241070306289746,44.99489189193981],[27.231793380419315,44.994901845137925],[27.225370842238174,45.00096669571079],[27.19380516773531,44.984863084998075],[27.149454239268998,44.99399379705928],[27.146326337697197,44.992540617480216],[27.147840204968276,44.99858438460305],[27.141486504998337,44.998723960705966],[27.13556649084029,45.00530666438541],[27.132460624518902,45.00397109046478],[27.134530202464145,45.00113894223259],[27.131804439645897,44.996759557733824],[27.124835642317972,45.00239337472523],[27.121290198152757,45.002772836453886],[27.11835404435998,45.0077452171993],[27.11099936213675,45.00314977885255],[27.105153515829137,45.004489901609105],[27.10547948677949,45.00755510070725],[27.110311972292223,45.00627942702624],[27.108611435769504,45.00802014668902],[27.11157723601234,45.01556673781641],[27.109401729753415,45.01601615841333],[27.108462341239765,45.01339243166793],[27.103934735305295,45.018362837344995],[27.098559458946024,45.017479121679706],[27.10504401266434,45.033846147061915],[27.108820623987782,45.03580506020132],[27.08141618074402,45.06805182140259],[27.071323736365407,45.07216474706783],[27.06926629174332,45.08289235525876],[27.080260253125832,45.09599281910187],[27.112605576316,45.09559012213064],[27.11737645382149,45.097289117453904],[27.127006451107107,45.108790085346804],[27.130044807100575,45.10772012266209],[27.13002852942255,45.09833598601881],[27.142259424154553,45.10038469853837],[27.14341587875379,45.09432171839005],[27.159664485400175,45.10133276212399],[27.159693321620587,45.108813129330244],[27.1790942577258,45.11326857824755],[27.187386300776613,45.10901217405036]]],[[[26.66506229169529,45.03107539337986],[26.67345195180993,45.02144906177989],[26.681826640843315,45.01978024035763],[26.701720226057827,45.00161699358658],[26.7132386668789,44.99496267111658],[26.72171041467168,45.0005755112593],[26.724631704532413,44.99873210109993],[26.727247457566566,45.00233561281959],[26.769849513874025,44.98566082157519],[26.759627904732575,44.97518844776457],[26.780991562325053,44.96905244044656],[26.77269551788676,44.9624326693562],[26.77659759290393,44.96250844102342],[26.78156300099395,44.947480165808265],[26.779416440571637,44.94755006450116],[26.779998673605288,44.94951456624556],[26.77247737698865,44.949287274598454],[26.771761827711945,44.94678075580349],[26.731273040270512,44.94501843116062],[26.732813700024618,44.93430730427049],[26.73749651795681,44.93477021246695],[26.738457373029842,44.927985706668856],[26.69360082360412,44.927308520626916],[26.69743902098022,44.939464169143456],[26.675409382175406,44.93945418958953],[26.678856320353532,44.947743515645406],[26.647952911054634,44.947980999320826],[26.646043121078886,44.95235312471546],[26.658002103085394,44.95506889038001],[26.66349943560266,44.96948510437923],[26.65269461491834,44.985816482431815],[26.648754283751387,44.98500682253389],[26.63707920803885,44.99887978999619],[26.642932871223397,45.001222346061496],[26.643900293234417,44.99968929791882],[26.670601537055738,45.01000580683147],[26.658058387331415,45.02393414421252],[26.66506229169529,45.03107539337986]]],[[[26.646994152488,44.95062827390175],[26.629859801841395,44.94612418930579],[26.640119216552716,44.912098323973765],[26.643026035373186,44.91056525124494],[26.634167297069627,44.90165564801709],[26.638971209206836,44.898952287723986],[26.629148732843497,44.88842985536781],[26.634587515395044,44.8857407141119],[26.60837223018341,44.87216191295136],[26.593079488384703,44.88610381890722],[26.5849911422787,44.882333490974794],[26.55376156047504,44.915231785106194],[26.548930654981294,44.91403416712184],[26.548259872058143,44.91571018741272],[26.536270023467686,44.910099864032894],[26.531575860756273,44.9391592985422],[26.579448989438212,44.95079596363964],[26.579437888294933,44.952406545737745],[26.599935101204547,44.955848388920224],[26.588069082746923,44.96739672164847],[26.58710150776168,44.973230751834805],[26.65269461491834,44.985816482431815],[26.66349943560266,44.96948510437923],[26.658002103085394,44.95506889038001],[26.64884086125493,44.95406142566399],[26.646994152488,44.95062827390175]]],[[[26.738457373029842,44.927985706668856],[26.740467183887535,44.91318224206637],[26.733687851880248,44.910265479741554],[26.71335256134855,44.906649361708105],[26.693372851889976,44.90597198185748],[26.666163642420265,44.900218232724825],[26.640154481012633,44.9120505067728],[26.629859801841395,44.94612418930579],[26.646994152488,44.95062827390175],[26.647952911054634,44.947980999320826],[26.653999098043236,44.94720550403665],[26.678856320353532,44.947743515645406],[26.675409382175406,44.93945418958953],[26.69743902098022,44.939464169143456],[26.692799187673778,44.92735125059612],[26.738457373029842,44.927985706668856]]],[[[26.505172701966337,45.154684836865684],[26.503077974001652,45.130727725191385],[26.510668712983247,45.12275280476134],[26.511435004180452,45.116024194863954],[26.50933338134711,45.115036008270835],[26.510220620460785,45.10835614748218],[26.50642905611259,45.10433903283466],[26.50852230901213,45.09931148427558],[26.506297681546044,45.092500311141556],[26.499935544876035,45.0883242647274],[26.507199717545586,45.08315196608416],[26.50876393633458,45.073415953367906],[26.505007463124702,45.07257065765235],[26.51071662109009,45.062177751936886],[26.50615349029302,45.06014905564882],[26.513260376904704,45.0539058278867],[26.499311382822462,45.04535221546307],[26.47737835691684,45.03930286534082],[26.477938695363456,45.04744834283224],[26.47484285018913,45.04743723242639],[26.47263378615707,45.05666937464138],[26.463006598830496,45.070019001228545],[26.445916191772206,45.07326201112293],[26.443176738402382,45.075818197988085],[26.442965252763983,45.07882305004035],[26.448939874631773,45.07924298899179],[26.451376812573752,45.08330782739421],[26.456242084457795,45.08163170545244],[26.452117693663528,45.087704871037744],[26.452571320339143,45.09040305176401],[26.456268065286185,45.0919304059327],[26.452001445925912,45.09852947299196],[26.45472758852576,45.099851759400906],[26.453368031425594,45.11215121600547],[26.452037066442053,45.11571346408515],[26.449457522789995,45.11513392109601],[26.44948295643893,45.126107517337346],[26.456466328847224,45.128921843329984],[26.456340152191476,45.13613992344367],[26.465694674705503,45.13917290389764],[26.469492129084024,45.13828686912665],[26.4701405717748,45.14237079358621],[26.472775567754898,45.14317804501384],[26.478591345360666,45.14394734056528],[26.48014626395917,45.13893695799895],[26.476859992038936,45.136099762989474],[26.483703552115852,45.1347206952814],[26.479810393002975,45.143572015192575],[26.48694698560628,45.149125711584574],[26.48428327200489,45.14316052200787],[26.487847586081724,45.138691696286706],[26.490217620607375,45.15160117969063],[26.5023161151982,45.15810939951725],[26.505172701966337,45.154684836865684]]],[[[27.09949757358475,45.020131742442324],[27.088951461557013,45.02248387314125],[27.088145484968365,45.01787528314393],[27.080002453763715,45.010960281087655],[27.05841224533216,45.013433715185485],[27.057549237590287,45.01044778741752],[27.053846194063397,45.01222962171901],[27.051112397459768,45.00958508255159],[27.048533676961323,45.01340658412059],[27.044363468630895,45.014554152647854],[27.045645960256202,45.0084253986636],[27.04136862159097,45.00701529578998],[27.040001431590866,45.009983903679384],[27.038932388305618,45.00710338610591],[27.033282022566606,45.005407909270915],[27.032548736643136,45.0095071363154],[27.026784434854218,45.00406452545416],[27.027132460570858,45.00826313476822],[27.021707283094575,45.015054710909126],[27.00658473974815,45.01922632061919],[27.013599536909446,45.045429843836125],[27.002579910229795,45.04860442612394],[27.003013293271984,45.062153750196984],[26.999517164815007,45.06206153912409],[26.998152940917016,45.07249278026333],[27.003592127484332,45.0726391721886],[27.00727003113882,45.07894672257826],[27.015962523783823,45.07496084118762],[27.021389029028807,45.07481089425866],[27.034828463112166,45.082944638587456],[27.044322874570955,45.0829958118239],[27.050159309777126,45.08043847205813],[27.052836955224997,45.07179449256779],[27.059056204682133,45.06989113021447],[27.064294855049774,45.0718740784815],[27.06926629174332,45.08289235525876],[27.071323736365407,45.07216474706783],[27.08141618074402,45.06805182140259],[27.108820623987782,45.03580506020132],[27.10504401266434,45.033846147061915],[27.09949757358475,45.020131742442324]]],[[[27.19380516773531,44.984863084998075],[27.178677816550604,44.95653676806673],[27.14529342538514,44.911084612956806],[27.100871722779868,44.92032486497224],[27.124306848678383,44.96933432659584],[27.121655160252963,44.968672727507936],[27.124570885625435,44.981108782381625],[27.116975823665317,44.9787404535903],[27.1153549962739,44.98233849800331],[27.109718694013242,44.98206432107081],[27.109466970542385,44.98515954770989],[27.105033197833112,44.98721246996529],[27.10771369823073,44.9975872228008],[27.116929404962832,44.99684524903839],[27.11504963879804,44.98821519396039],[27.121534179540788,44.986488453224155],[27.125220650731045,45.00192617544844],[27.1300633565375,44.99698956635544],[27.13323074932361,44.996993746559994],[27.132460624518902,45.00397109046478],[27.13556649084029,45.00530666438541],[27.141486504998337,44.998723960705966],[27.147840204968276,44.99858438460305],[27.146326337697197,44.992540617480216],[27.149454239268998,44.99399379705928],[27.19380516773531,44.984863084998075]]],[[[27.16701698394194,45.10981268306603],[27.159693321620587,45.108813129330244],[27.159664485400175,45.10133276212399],[27.14341587875379,45.09432171839005],[27.142259424154553,45.10038469853837],[27.13002852942255,45.09833598601881],[27.130044807100575,45.10772012266209],[27.127006451107107,45.108790085346804],[27.12373565849943,45.10692816195558],[27.114344431539664,45.11248418958437],[27.106726855253605,45.11834363466879],[27.103077599076485,45.12476587131374],[27.09380602139962,45.1288421364115],[27.08419529148194,45.14288639998214],[27.09093544609455,45.139174248092054],[27.097656080096254,45.13046271439444],[27.11449173033069,45.137428861725176],[27.10928099282592,45.15297297511571],[27.113617318498154,45.154692842400934],[27.11195101939614,45.156396092650496],[27.149584178830303,45.17121893886669],[27.15171368694864,45.156861086413976],[27.16701698394194,45.10981268306603]]]]},"properties":{"alert_id":"e2ae02d91109188a","source":"nowcasting","alert_type":"nowcasting","feature_id":"2cfbb0e59a37c9db2d","judet_cod":"BZ","judet_nume":"Buzău","county_code":"BZ","county_name":"Buzău","cod_judet":"BZ","cod_culoare":1,"cod_culoare_nume":"Galben","culoare":"1","cod":"Galben","fenomen_principal":"Local averse torențiale care vor acumula 15...25 l/mp, descărcări electrice.","fenomen_group":"ploi/vijelii","zona_text":"Județul Brăila: Ianca, Însurăței, Viziru, Tufești, Ulmu, Dudești, Stăncuța, Cireșu, Mircea Vodă, Zăvoaia, Jirlău, Bordei Verde, Surdila-Găiseanca, Surdila-Greci, Făurei;<br>Județul Buzău: Buzău, Vernești, Vadu Pașii, Merei, Smeeni, Mărăcineni, Săgeata, Tisău, Cislău, Costești, Rușețu, Țintești, Pietroasele, Gherăseni, Gălbinași, Breaza, Săhăteni, Ulmeni, Stâlpu, Luciu, C.a. Rosetti, Movila Banului, Amaru, Mihăilești, Năeni, Cilibia, Largu, Robeasca;<br>Județul Prahova: Ploiesti, Câmpina, Băicoi, Breaza, Mizil, Vălenii de Munte, Urlați, Boldești-Scăeni, Filipeștii de Pădure, Valea Călugărească, Bucov, Plopeni, Bărcănești, Ariceștii Rahtivani, Filipeștii de Târg, Brebu, Târgșoru Vechi, Florești, Blejoi, Vărbilău, Telega, Măgureni, Scorțeni, Gura Vitioarei, Albești-Paleologu, Colceag, Bănești, Berceni, Poiana Câmpina, Sângeru, Iordăcheanu, Păulești, Lipănești, Podenii Noi, Măgurele, Tomșani, Ceptura, Cornu, Baba Ana, Vâlcănești, Cocorăștii Mislii, Dumbrăvești, Șotrile, Bălțești, Gornet, Șoimari, Gornet-Cricov, Provița de Jos, Predeal-Sărari, Gura Vadului, Provița de Sus, Apostolache, Păcureți, Plopu, Chiojdeanca, Surani, Vadu Săpat, Lapoș, Călugăreni, Salcia, Tătaru, Cosminele, Talea, Jugureni, Fântânele;<br>Județul Dâmboviţa: Moreni, Pucioasa, I. L. Caragiale, Fieni, Răzvad, Gura Ocniței, Bezdead, Valea Lungă, Buciumeni, Dărmănești, Vulcana-Pandele, Runcu, Glodeni, Ocnița, Brănești, Iedera, Vulcana-Băi, Vișinești, Moțăieni, Vârfuri;<br>","zona_nume":"Buzău - localitati","zone_name":"Buzău - localitati","display_name":"Buzău - localitati","localities":["Buzău","Vernești","Vadu Pașii","Merei","Smeeni","Mărăcineni","Săgeata","Tisău","Cislău","Costești","Rușețu","Țintești","Pietroasele","Gherăseni","Gălbinași","Breaza","Săhăteni","Ulmeni","Stâlpu","Luciu","C.a. Rosetti","Movila Banului","Amaru","Mihăilești","Năeni","Cilibia","Largu","Robeasca"],"geometry_source":"uat_match","match_confidence":"medium","interval_text":"","interval_start":"2026-09-02T23:10:00","valid_from":"2026-09-02T23:10:00","valid_to":"2026-09-03T00:30:00","interval_valabilitate_text":"","interval_end":"2026-09-03T00:30:00","data_expirare":"2026-09-03T00:30:00","mesaj_plain":"Local averse torențiale care vor acumula 15...25 l/mp, descărcări electrice.","source_url":"","source_label":"","notes":"","durata_ore":1.3,"zi":"2026-09-03"}},{"type":"Feature","geometry":{"type":"MultiPolygon","coordinates":[[[[25.675504447713674,45.00949614049426],[25.678811167357335,44.997051340569946],[25.67659186238933,44.9936737595254],[25.683577371076456,44.97879069938516],[25.678918562256666,44.9734666648903],[25.677849424799046,44.96562375695391],[25.685316900697654,44.95310720341162],[25.677271754985362,44.95497079948456],[25.665309112842227,44.96225730131154],[25.663061086619166,44.95710790100058],[25.65171218402939,44.958692450366286],[25.645899589520713,44.966430902425856],[25.636779974515974,44.962698406012855],[25.63334546437052,44.965111956665666],[25.627760039896387,44.965362147467395],[25.604253479949346,44.955006127193535],[25.603734686263437,44.95644952520523],[25.600518120792525,44.95482608412745],[25.600625213397013,44.95718450374414],[25.597425631680856,44.954934480119874],[25.596232281319118,44.96419862901164],[25.584503086101318,44.9670236377443],[25.593231112681025,44.97605558415281],[25.599065116695726,44.97835669786836],[25.597063018470983,44.9802134342216],[25.59957484014091,44.98456976403766],[25.594569849333627,44.99434263933982],[25.603183557312757,45.005027019365535],[25.594692514254493,45.009960647337714],[25.581200475702317,45.01153326587755],[25.574517818898155,45.01030768597883],[25.571226436244235,45.01804840168344],[25.578844658380923,45.01952405242371],[25.592120934524708,45.01687873997408],[25.598356353834387,45.012812121001076],[25.6050917829505,45.012923970625884],[25.615443633837646,45.00782944514372],[25.620665924175615,45.01438290568301],[25.630868951396288,45.01183573140313],[25.63443896168795,45.0134915364664],[25.63726986174952,45.00665150809844],[25.642117781003545,45.004137746400346],[25.651718140498794,45.00474585369297],[25.669538573104663,45.01044525397042],[25.675504447713674,45.00949614049426]]],[[[25.47427799448475,45.104773618579905],[25.470205719936917,45.10249745583594],[25.467395576388373,45.096046408247425],[25.47238721606585,45.09311204984499],[25.47032046335267,45.0887298686108],[25.471906980839545,45.081423593048434],[25.47850367181871,45.07809553592353],[25.47092072281979,45.07031138684756],[25.498255501887503,45.06717387991748],[25.492328207918554,45.06149115773874],[25.49902575126402,45.05517998863122],[25.497992008872078,45.04690618992529],[25.48816702129199,45.042817237512445],[25.48388171709555,45.046040773786096],[25.47444246400318,45.04517582960808],[25.47243251796309,45.04052573512553],[25.460448879825567,45.04044243775239],[25.45663103215558,45.03720988280318],[25.447762288916795,45.03583797164552],[25.435886563138357,45.04042175417873],[25.429464291510765,45.037217503735164],[25.434339973917286,45.050842588901276],[25.431453257014233,45.05631674627813],[25.42285486229979,45.05757768378],[25.403007724147965,45.06741282644255],[25.400973029406963,45.064854778838736],[25.39526386498628,45.06535689815284],[25.400880998233795,45.0686082310178],[25.406185203521893,45.079016141925976],[25.417426660541,45.08760249091232],[25.422555630754843,45.08885966754611],[25.421506394247245,45.08407363718239],[25.424543970518645,45.083609875474984],[25.422262310894794,45.10180277888792],[25.41774096950615,45.10628303648119],[25.429409495555188,45.111891337044256],[25.428960072305692,45.114787390228116],[25.435807335358138,45.11703238420881],[25.439460071063294,45.12656831200185],[25.44822939106407,45.129124130686],[25.450088785617773,45.11652251929689],[25.454253028234838,45.11730428913923],[25.460081199553574,45.10975923755754],[25.47427799448475,45.104773618579905]]],[[[25.677271754985362,44.95497079948456],[25.68813381341542,44.95137570360307],[25.68795917278456,44.94737092547025],[25.712281188142757,44.94018536346681],[25.714218307147142,44.932232213936395],[25.721863671098024,44.930516627439815],[25.715743221844868,44.92595770615497],[25.723672301040313,44.923215192375444],[25.728216359884733,44.916916691125245],[25.736184433503905,44.91656028252299],[25.733590071900846,44.90552504756591],[25.74176836109408,44.90452942290727],[25.742892262637103,44.9006648860461],[25.74665377232496,44.903086680064135],[25.74689060397186,44.899818305766274],[25.753652397639478,44.900803741963585],[25.75636570860287,44.89852355400174],[25.752474474031214,44.89687210837983],[25.75473675262648,44.89612760796127],[25.752823429597573,44.89426144402471],[25.757101942114886,44.8929074315361],[25.75549836986688,44.89015654610792],[25.76148048047282,44.88933591783146],[25.75710730273588,44.889544081468465],[25.755952184770095,44.8876388315103],[25.75904810785981,44.88716682097256],[25.759544625965958,44.8842713192207],[25.763164868971263,44.88630751465055],[25.76304131137525,44.8830330169461],[25.75826415322131,44.882243474674304],[25.76032282044227,44.87929747030808],[25.75840612343355,44.87451948093275],[25.751283638135384,44.865836243093376],[25.760432544445898,44.862249251540476],[25.75072514015011,44.85600512283602],[25.72983198336282,44.86063318777041],[25.72735477242834,44.86637817753328],[25.696050724580417,44.88024909008966],[25.691119675963247,44.88682306035282],[25.680827525347922,44.887780832249014],[25.671367351652844,44.89685762087978],[25.668101824421356,44.894933840473016],[25.66480109259014,44.89572481624609],[25.659941823501434,44.904297253353576],[25.65506315090419,44.90545908931952],[25.646512215317877,44.91291849337237],[25.64353310769991,44.925691089224856],[25.63879284587122,44.922489275184326],[25.63424091453808,44.924033231111586],[25.635046201043405,44.92836470305402],[25.62905914066047,44.93421065552563],[25.62851473748969,44.93832368945306],[25.622340602805906,44.94222348553302],[25.62410779879131,44.94880762963803],[25.62942679936306,44.95186699749513],[25.63044787235254,44.96562075208401],[25.636779974515974,44.962698406012855],[25.646620379104526,44.966291771246965],[25.6513615414087,44.958865769444834],[25.663061086619166,44.95710790100058],[25.66342984069077,44.96182093967733],[25.66699352572556,44.961918214640626],[25.677271754985362,44.95497079948456]]],[[[25.41951623095703,45.15286974264822],[25.419467537325108,45.1459272435052],[25.42827253483046,45.14272934714459],[25.4338642828349,45.14305094239564],[25.437258228772382,45.13636508906369],[25.44703876810331,45.12907615692744],[25.438754718438876,45.12591810855639],[25.43595874268065,45.11718183619445],[25.428789945893737,45.11467894579213],[25.429409495555188,45.111891337044256],[25.41774096950615,45.10628303648119],[25.414203132809465,45.11239119243826],[25.415068401055166,45.11595715111762],[25.40860163900998,45.11879781312546],[25.405551136121403,45.11796666566848],[25.400236901700307,45.12156843352953],[25.396759589006862,45.12016853076425],[25.394508777864374,45.123776820208],[25.38749468667785,45.123816607888386],[25.38559144135982,45.124713869305104],[25.388493212694293,45.125916390034554],[25.384258292042215,45.12822041333276],[25.375705687918188,45.12761762187994],[25.36979206761326,45.130773420282374],[25.365029531812237,45.15315241376035],[25.366883091705393,45.1564749697728],[25.37453663487413,45.15929262546591],[25.37671706805647,45.15458700431824],[25.386919897719057,45.15079173839451],[25.384579483293447,45.15012513859979],[25.385660180492646,45.1482322691506],[25.40250546245932,45.14569448371979],[25.41951623095703,45.15286974264822]]],[[[25.49425374783031,44.99405155100681],[25.5098198596297,44.999139328049],[25.515796365892037,44.9846037277649],[25.51944060689203,44.98323134591405],[25.519277272434717,44.976060950367554],[25.523135187179182,44.972175555316184],[25.539851882166815,44.97221888478538],[25.537750686364724,44.96812438070089],[25.541194266882652,44.96063166135335],[25.544604863483634,44.96096062734271],[25.550222116817817,44.94835452018598],[25.558487792961266,44.94254405442363],[25.55157614372467,44.93461515610713],[25.555502688829748,44.93138683922585],[25.551755351902806,44.931639121392415],[25.549277595137234,44.92698689199741],[25.560047013896398,44.92568415128108],[25.546419214067413,44.913205273188865],[25.540917193363565,44.91184743445479],[25.534155673127785,44.9196282879699],[25.530345541045524,44.91824961371817],[25.510937102895348,44.919739479450584],[25.50884900213783,44.91728104274824],[25.504538768938023,44.91806025706475],[25.502515647199907,44.92078286298701],[25.494196248444997,44.92184042194099],[25.48574597022291,44.92833420067161],[25.464860525891496,44.9362753400859],[25.46659125399076,44.94581251591857],[25.481449613701642,44.954002798858994],[25.48342708778368,44.95327305228364],[25.48089352216201,44.95643229986625],[25.485185411413617,44.95906531592479],[25.482458637141175,44.966996845590536],[25.484223302651724,44.97401223530043],[25.479817839183372,44.97631360439138],[25.477973496486598,44.98184528753956],[25.49425374783031,44.99405155100681]]],[[[25.630235924906543,44.96556017135478],[25.62942679936306,44.95186699749513],[25.62410779879131,44.94880762963803],[25.622340602805906,44.94222348553302],[25.62851473748969,44.93832368945306],[25.62905914066047,44.93421065552563],[25.635046201043405,44.92836470305402],[25.63424091453808,44.924033231111586],[25.63879284587122,44.922489275184326],[25.64353310769991,44.925691089224856],[25.646299050408693,44.913567780018234],[25.632374024055842,44.90993219708754],[25.63464095373202,44.90383832167228],[25.614891057096767,44.89598760163171],[25.612530647859035,44.89813310541867],[25.607969979829743,44.895795606602974],[25.60254361034789,44.901189196079216],[25.608398364405474,44.90325134173518],[25.604131321175878,44.90841312775834],[25.593292242578357,44.90210992728175],[25.595797327032326,44.8992273606647],[25.592574093658616,44.89729019128954],[25.593208673701668,44.89332580966602],[25.586301537263996,44.89238612518879],[25.58292651974854,44.89624536452044],[25.580945644824432,44.893355213534115],[25.57609533963569,44.89471912139977],[25.570780331467844,44.90606040139872],[25.55645441787234,44.906404064791204],[25.552798395126505,44.910058519289265],[25.54780821266538,44.90820794403568],[25.546419214067413,44.913205273188865],[25.560047013896398,44.92568415128108],[25.549277595137234,44.92698689199741],[25.551755351902806,44.931639121392415],[25.555502688829748,44.93138683922585],[25.55157614372467,44.93461515610713],[25.558487792961266,44.94254405442363],[25.550222116817817,44.94835452018598],[25.544604863483634,44.96096062734271],[25.541194266882652,44.96063166135335],[25.537750686364724,44.96812438070089],[25.539498813274488,44.970427832333364],[25.54726110593625,44.96883590049061],[25.546366812057716,44.96464668395455],[25.549087535148843,44.96443651806835],[25.551011801180206,44.966456870941066],[25.581425358278043,44.97100387844838],[25.597063018470983,44.9802134342216],[25.599065116695726,44.97835669786836],[25.593231112681025,44.97605558415281],[25.584503086101318,44.9670236377443],[25.596232281319118,44.96419862901164],[25.597425631680856,44.954934480119874],[25.600625213397013,44.95718450374414],[25.600518120792525,44.95482608412745],[25.603734686263437,44.95644952520523],[25.604253479949346,44.955006127193535],[25.630235924906543,44.96556017135478]]],[[[25.557893661180216,45.19227855657056],[25.563721120665246,45.17281526111554],[25.57535677106853,45.163818192760495],[25.561214615062486,45.15409473021217],[25.543760127143827,45.148359536261275],[25.544308519630746,45.14309184696362],[25.540873743309465,45.14115238992946],[25.547866992571446,45.132534523660055],[25.527444403515165,45.12780188355713],[25.523538921754593,45.122273354135736],[25.512877436716394,45.121183164122606],[25.512152540429966,45.11949729287651],[25.50457799822117,45.120261259684916],[25.508972112709525,45.10985029871435],[25.50254098234526,45.1064690760276],[25.496398696497774,45.10825935333113],[25.483577281539947,45.10792844581052],[25.47489667547713,45.10458195730336],[25.46519732723875,45.10658050909507],[25.454253028234838,45.11730428913923],[25.450088785617773,45.11652251929689],[25.448196489555414,45.12924494975695],[25.452511681547584,45.130414906695066],[25.455964634684783,45.137520180011705],[25.46295465901453,45.14254507363044],[25.465932456224937,45.153167912060866],[25.481940360362156,45.15280536061801],[25.48072491141783,45.15577002401682],[25.484527925333566,45.15821348838674],[25.49147990841532,45.159125438224635],[25.49469574086693,45.15723242482029],[25.496478897809595,45.16028617486786],[25.500927764414207,45.15866951496513],[25.49898261782097,45.165761392990916],[25.504065004287398,45.16752193176146],[25.508614345185887,45.177132018578405],[25.517731045622106,45.18445081222083],[25.509090786508327,45.19008414543051],[25.51205610922917,45.200383913140854],[25.505351221299303,45.200698475425106],[25.49241310393438,45.197015158771556],[25.494583741966466,45.2041249919748],[25.49054745241946,45.20872041929582],[25.493284275571376,45.212294604381846],[25.503557173914487,45.21322423337455],[25.499725834890306,45.21488327523515],[25.50332002392608,45.21613906373498],[25.507992208778163,45.213472677965775],[25.509186491097694,45.216046362397684],[25.509700229120902,45.214479961657716],[25.514159028300753,45.21621255595279],[25.512740648983705,45.22132255035207],[25.53416111932476,45.216037898351594],[25.540010669494823,45.20331499662035],[25.5304595301157,45.1944755425802],[25.531796067858014,45.19025210039211],[25.535373332746577,45.18791622750198],[25.557893661180216,45.19227855657056]]],[[[25.63977267743834,45.091976572135685],[25.637259217568484,45.088896793778645],[25.631104566888567,45.08983611406815],[25.624521524598723,45.08668170577836],[25.63126279154834,45.081133730081035],[25.630699894183927,45.07366814016801],[25.625914448043616,45.06930825917281],[25.624877003424928,45.05608981566942],[25.617457411149445,45.05191805722604],[25.61928455397223,45.04726640097267],[25.615585951138467,45.043503364296804],[25.605728855134377,45.043927978990524],[25.593077175522616,45.03845638895103],[25.5872757317462,45.03299194216673],[25.585168218799097,45.0246653463885],[25.575214514480322,45.022024633837646],[25.571354859711576,45.018106963993546],[25.55935300707799,45.01779646161323],[25.556350025412826,45.02030934190269],[25.548542894624255,45.02136680081839],[25.538033772452675,45.02015920050635],[25.539179256223406,45.0347092272467],[25.532242624060665,45.03544493290684],[25.52844009977178,45.04084960719593],[25.514475604150856,45.038667235722045],[25.511947590459762,45.04436102493592],[25.508065909248245,45.042747748652474],[25.497415517232117,45.04723723506473],[25.49902575126402,45.05517998863122],[25.492328207918554,45.06149115773874],[25.498255501887503,45.06717387991748],[25.488807467844634,45.06922988311346],[25.505341713908585,45.07480376234793],[25.51488945059612,45.07377980509142],[25.515747102295517,45.07198471563399],[25.52406564149037,45.0838010393332],[25.530919488949685,45.08440293979755],[25.538515630820488,45.080236640514684],[25.546448568083004,45.07995374497637],[25.544735584094106,45.085736112865064],[25.53813622893055,45.087158887983406],[25.535437654597438,45.09041651898609],[25.542550879190827,45.093782843417266],[25.54367271306848,45.097752672904114],[25.557865963883465,45.09906833851815],[25.559466518685564,45.09319169291477],[25.5734938389364,45.09503550376209],[25.5736150876449,45.096972363441665],[25.582050108425307,45.097110849085986],[25.58597295754404,45.093409081708465],[25.592927035466797,45.09135830303716],[25.600026694596963,45.0959598433683],[25.606424451881658,45.10465651821573],[25.62350761693151,45.108670102221794],[25.62336533232199,45.106623551055144],[25.634095315481957,45.104699586962845],[25.63451395942412,45.09900932960009],[25.63977267743834,45.091976572135685]]],[[[25.44820413282607,45.129120656674026],[25.437640509650894,45.13598620072815],[25.4338642828349,45.14305094239564],[25.42827253483046,45.14272934714459],[25.419467537325108,45.1459272435052],[25.421777335314538,45.161225035683714],[25.41463082710147,45.16876804258879],[25.409124516373364,45.16673608154604],[25.407034886756833,45.17568582376318],[25.41178138608349,45.17719473907947],[25.415759129419474,45.17517328864188],[25.44083187469009,45.182081992956135],[25.449300115071374,45.170174377999956],[25.451240426085207,45.17060569120808],[25.465321506943372,45.17485536025798],[25.47715094848547,45.18424717332691],[25.488020199749748,45.18244485698792],[25.49230547079633,45.18545765265266],[25.486663336551835,45.19321708392956],[25.490984546752852,45.19764398609123],[25.51205610922917,45.200383913140854],[25.509090786508327,45.19008414543051],[25.517731045622106,45.18445081222083],[25.508614345185887,45.177132018578405],[25.504065004287398,45.16752193176146],[25.49898261782097,45.165761392990916],[25.500927764414207,45.15866951496513],[25.496478897809595,45.16028617486786],[25.49469574086693,45.15723242482029],[25.49147990841532,45.159125438224635],[25.484527925333566,45.15821348838674],[25.48072491141783,45.15577002401682],[25.481940360362156,45.15280536061801],[25.465932456224937,45.153167912060866],[25.46295465901453,45.14254507363044],[25.455964634684783,45.137520180011705],[25.452511681547584,45.130414906695066],[25.44820413282607,45.129120656674026]]],[[[25.813379337140088,44.91468084016045],[25.820899941281965,44.913326957955825],[25.791312750777,44.908644941969584],[25.786665314866678,44.907369449341886],[25.781272664631164,44.90699398770718],[25.781777694544413,44.90016344834064],[25.754567559029947,44.89332756102846],[25.752809403236416,44.8944091274772],[25.75473675262648,44.89612760796127],[25.752352003052685,44.896668569189465],[25.756564539319292,44.898158932183634],[25.75381529199665,44.90074021386335],[25.74689060397186,44.899818305766274],[25.74665377232496,44.903086680064135],[25.742892262637103,44.9006648860461],[25.74176836109408,44.90452942290727],[25.733590071900846,44.90552504756591],[25.736184433503905,44.91656028252299],[25.728216359884733,44.916916691125245],[25.723672301040313,44.923215192375444],[25.715743221844868,44.92595770615497],[25.721863671098024,44.930516627439815],[25.714218307147142,44.932232213936395],[25.710179401701364,44.941619239513294],[25.725527380654214,44.94368631535616],[25.731912625820666,44.942317865787125],[25.74062921385577,44.94469730259313],[25.745601387123724,44.94233353736085],[25.76942349684133,44.947011451368724],[25.772626511637633,44.940387063417084],[25.79140147126025,44.9446923137845],[25.80223041434178,44.921071716587406],[25.81117853970232,44.922611922859964],[25.813379337140088,44.91468084016045]]],[[[25.378081483840194,45.06040510403739],[25.377038122428363,45.056576962225826],[25.389195093856195,45.04524879310569],[25.391119055337484,45.038845475748104],[25.3966305473203,45.03915896472763],[25.410064598503453,45.02577426420687],[25.404151801215097,45.02196677391445],[25.41116431217071,45.01806934554621],[25.405896405939025,45.011808989998656],[25.39871090141079,45.01373625007779],[25.39135088921228,45.00642385536067],[25.375794060594096,45.01206400608024],[25.369887261152627,45.01125716169288],[25.366250346919713,45.01417884998756],[25.359463486918443,45.01277185127432],[25.347147550563214,45.016203913531015],[25.347373032991715,45.01818961411087],[25.34237813518382,45.02000203327803],[25.3477255407638,45.02568951969387],[25.330320079657106,45.035030347056235],[25.33463793411952,45.03882019316748],[25.33802581850159,45.04767794012107],[25.333287210663105,45.05991772242499],[25.34058924438593,45.06013084361858],[25.35101747003017,45.06621567724757],[25.36181116593334,45.06248098398826],[25.378081483840194,45.06040510403739]]],[[[25.36146846454713,45.266160995315424],[25.36228333834142,45.25229476903747],[25.35746533057438,45.24971165634239],[25.357980794374072,45.24371883246181],[25.363147561731214,45.2393443818459],[25.36998608477929,45.23779345729159],[25.38418825315002,45.2122509590597],[25.405027133887327,45.19425708877213],[25.40939274402119,45.184056059490395],[25.405713223891382,45.17972582324623],[25.41132433632029,45.17770236244702],[25.407034886756833,45.17568582376318],[25.409124516373364,45.16673608154604],[25.41463082710147,45.16876804258879],[25.421777335314538,45.161225035683714],[25.41951623095703,45.15286974264822],[25.403586975111317,45.145776737135435],[25.385660180492646,45.1482322691506],[25.385629717008165,45.15195715142566],[25.37918928814999,45.15303356488443],[25.37453663487413,45.15929262546591],[25.371029680948418,45.158785960135674],[25.362897438387098,45.16610098413725],[25.35909070999293,45.16668221090678],[25.35396449904096,45.17206341599039],[25.352664834489143,45.18181008433097],[25.3345959181184,45.18379969125942],[25.321075647721837,45.18047943481598],[25.3221901573181,45.18409217478577],[25.31551849885229,45.19397248440034],[25.32425258353201,45.20206320789349],[25.32393632953279,45.20662367374752],[25.327374369651633,45.209229447686674],[25.324385024311365,45.21395007130469],[25.332424452772575,45.21601278065868],[25.330813358081567,45.21971881943536],[25.3255488440664,45.22258250960149],[25.323710119410457,45.23023211891375],[25.317735727680045,45.23177697355836],[25.312135273346435,45.23843348485845],[25.30579467889453,45.23795064337645],[25.30354231557098,45.23337914333764],[25.296295889735312,45.228891448959224],[25.285943239060767,45.2392322353415],[25.287080149461364,45.25285537261924],[25.28027878038808,45.261840148476885],[25.280825383484373,45.270837801945596],[25.284704010975954,45.27633323720634],[25.29440661135745,45.28135846638619],[25.295844572122203,45.28523130587916],[25.30468593200349,45.29133256498531],[25.303752101280296,45.297557648036495],[25.318232713242008,45.294184574743745],[25.32590829139108,45.28643149738457],[25.343937457550425,45.28293666259982],[25.36146846454713,45.266160995315424]]],[[[25.538040019503825,45.025358356631706],[25.52167612152288,45.031545876526],[25.51061291976769,45.030949476792465],[25.504815962723143,45.02800840929773],[25.503199263975894,45.02151209467505],[25.505947499371324,45.01462252814307],[25.500920706633433,45.0068825046607],[25.50207964056153,45.00210368397591],[25.506428537446986,45.000590520591274],[25.507084308731276,45.00014853334055],[25.50731513188373,44.99952736992096],[25.49425374783031,44.99405155100681],[25.48801005700547,44.98782808416396],[25.48040031479921,44.99188878575349],[25.47879524174657,44.9968620659441],[25.47465192935634,44.99857213012337],[25.474715645748358,45.00176531797768],[25.469201397071803,45.005698904349806],[25.45250645206988,44.99945948137343],[25.451284039970137,45.00257200517532],[25.43748292185585,44.99738137193621],[25.432591061608463,45.002424614262296],[25.41664331619121,45.006549252147806],[25.408808643362825,45.012684195647104],[25.411475232015622,45.013708933563244],[25.41116431217071,45.01806934554621],[25.419827308130788,45.02126534413765],[25.422726432774148,45.01787025146978],[25.426774492657156,45.02044347544886],[25.426119535755163,45.02306910081538],[25.430147175443814,45.02290244050059],[25.43346982260664,45.025366260685026],[25.434953003375178,45.02128389512777],[25.439195003354136,45.02408453216779],[25.448139519581986,45.02275648212061],[25.451172298761207,45.03300351162798],[25.448312359071146,45.035962004134234],[25.45663103215558,45.03720988280318],[25.460448879825567,45.04044243775239],[25.47243251796309,45.04052573512553],[25.47398795188731,45.04504914438218],[25.477329343391457,45.04576139342496],[25.48464589870539,45.045844627031784],[25.48816702129199,45.042817237512445],[25.498125180059034,45.04691627929765],[25.508065909248245,45.042747748652474],[25.511947590459762,45.04436102493592],[25.51281157384988,45.03981725811875],[25.515770001632536,45.03845710929077],[25.52897909465979,45.04072582661567],[25.530541732713452,45.03645497424112],[25.53947565188705,45.0344222112453],[25.54054914869781,45.02969984155981],[25.538040019503825,45.025358356631706]]],[[[25.538040019503825,45.025358356631706],[25.538033772452675,45.02015920050635],[25.548542894624255,45.02136680081839],[25.556350025412826,45.02030934190269],[25.55935300707799,45.01779646161323],[25.571354859711576,45.018106963993546],[25.574517818898155,45.01030768597883],[25.588503610827917,45.011050255009344],[25.60195671353729,45.00677424455868],[25.603540357048203,45.00353683407765],[25.594569849333627,44.99434263933982],[25.59973313008049,44.98366881069999],[25.59291829603688,44.97659039060685],[25.58226907506591,44.97129000217677],[25.551011801180206,44.966456870941066],[25.548035041306857,44.96436150136722],[25.54726110593625,44.96883590049061],[25.539498813274488,44.970427832333364],[25.538915139967024,44.972919340647586],[25.527659031926515,44.97137847026541],[25.52721143293606,44.97314895882049],[25.523135187179182,44.972175555316184],[25.519277272434717,44.976060950367554],[25.51944060689203,44.98323134591405],[25.515796365892037,44.9846037277649],[25.5098198596297,44.999139328049],[25.50207964056153,45.00210368397591],[25.500920706633433,45.0068825046607],[25.505947499371324,45.01462252814307],[25.503781155423212,45.02602425037503],[25.509880761050844,45.03076842756974],[25.51721742893432,45.03172370232418],[25.528808622077527,45.0297056496778],[25.532332579361462,45.026360767007425],[25.538040019503825,45.025358356631706]]],[[[25.40131997388829,45.07070393926781],[25.39526386498628,45.06535689815284],[25.400973029406963,45.064854778838736],[25.403007724147965,45.06741282644255],[25.42285486229979,45.05757768378],[25.431453257014233,45.05631674627813],[25.434339973917286,45.050842588901276],[25.433150976442697,45.04303530973437],[25.428599101643062,45.03806976555014],[25.430301976943976,45.03720832449985],[25.435886563138357,45.04042175417873],[25.44980281856094,45.03564022585406],[25.448139519581986,45.02275648212061],[25.439195003354136,45.02408453216779],[25.435918163604995,45.02145470897245],[25.434953003375178,45.02128389512777],[25.43346982260664,45.025366260685026],[25.430147175443814,45.02290244050059],[25.426119535755163,45.02306910081538],[25.426774492657156,45.02044347544886],[25.422726432774148,45.01787025146978],[25.419827308130788,45.02126534413765],[25.411387373778155,45.01780898243103],[25.40410214612633,45.02054872435648],[25.405655932845413,45.02395299839641],[25.410064598503453,45.02577426420687],[25.4086441369559,45.02808180620345],[25.3966305473203,45.03915896472763],[25.391119055337484,45.038845475748104],[25.389195093856195,45.04524879310569],[25.377038122428363,45.056576962225826],[25.379949877792768,45.068999361562405],[25.390228559419516,45.06766284783586],[25.396643243243314,45.07123450277116],[25.40131997388829,45.07070393926781]]],[[[25.67517296939765,45.080797643167564],[25.674537470007202,45.078187639686945],[25.686869341565387,45.059143714312704],[25.69270255131671,45.05585152863816],[25.701696468992832,45.04496469780434],[25.699204960056512,45.039564049527414],[25.701000978798586,45.03512491990872],[25.704091108895426,45.034170014511275],[25.686902780119826,45.029128610839294],[25.68393945452176,45.02395594207685],[25.687570692684904,45.02041907159847],[25.675504447713674,45.00949614049426],[25.669538573104663,45.01044525397042],[25.651718140498794,45.00474585369297],[25.642117781003545,45.004137746400346],[25.63726986174952,45.00665150809844],[25.63443896168795,45.0134915364664],[25.630868951396288,45.01183573140313],[25.620665924175615,45.01438290568301],[25.615443633837646,45.00782944514372],[25.6050917829505,45.012923970625884],[25.598356353834387,45.012812121001076],[25.592120934524708,45.01687873997408],[25.578844658380923,45.01952405242371],[25.571354859711576,45.018106963993546],[25.575214514480322,45.022024633837646],[25.585168218799097,45.0246653463885],[25.5872757317462,45.03299194216673],[25.593077175522616,45.03845638895103],[25.605728855134377,45.043927978990524],[25.615585951138467,45.043503364296804],[25.61928455397223,45.04726640097267],[25.617457411149445,45.05191805722604],[25.624877003424928,45.05608981566942],[25.625914448043616,45.06930825917281],[25.630699894183927,45.07366814016801],[25.63126279154834,45.081133730081035],[25.625388208916842,45.08785326687705],[25.631104566888567,45.08983611406815],[25.636753307189416,45.088747237657564],[25.63977267743834,45.091976572135685],[25.65383976604907,45.091175753117],[25.665750967447696,45.08317567078574],[25.671406375067733,45.08353533533015],[25.67517296939765,45.080797643167564]]],[[[25.37841504810418,45.12754330065389],[25.366660694896485,45.12280832168131],[25.377630546068175,45.122010321011985],[25.37881323944269,45.11778684322056],[25.376133426924287,45.1153478658612],[25.38172795473442,45.105762151617405],[25.37980102320678,45.103213567802264],[25.386780090878872,45.09990549978032],[25.384477963391994,45.09507467679464],[25.395520804238885,45.09642194134725],[25.397027310818217,45.08873782125032],[25.400877812245895,45.08753127000798],[25.39862178085444,45.08266246842397],[25.406700752833526,45.07757008933801],[25.40131997388829,45.07070393926781],[25.396643243243314,45.07123450277116],[25.390228559419516,45.06766284783586],[25.379949877792768,45.068999361562405],[25.379138820175232,45.061755993473724],[25.376107061879384,45.06021901371769],[25.35127466550027,45.06581810440068],[25.350972381020483,45.07207121029187],[25.337648228588105,45.07808920404211],[25.33459451838703,45.09291611473715],[25.33705844844386,45.093970400944876],[25.32414149517181,45.108027917102675],[25.334276164227553,45.11531587719394],[25.352328636714848,45.11794961213001],[25.360256171373933,45.12703287695412],[25.368437272267006,45.1312475474443],[25.37841504810418,45.12754330065389]]],[[[25.5978918306669,45.148894925257665],[25.59347657122328,45.143499957238234],[25.60510178353627,45.12897428062701],[25.604899537964602,45.124536025969476],[25.61018760647419,45.12408270654391],[25.61916192683077,45.11875365628942],[25.623308898090386,45.10818950345657],[25.606424451881658,45.10465651821573],[25.600026694596963,45.0959598433683],[25.592927035466797,45.09135830303716],[25.58597295754404,45.093409081708465],[25.582050108425307,45.097110849085986],[25.5736150876449,45.096972363441665],[25.5734938389364,45.09503550376209],[25.559466518685564,45.09319169291477],[25.556803611007492,45.09930758455824],[25.53836846253258,45.09636232528357],[25.527749271976358,45.106492824156426],[25.526527031003187,45.11380182932727],[25.537230045951393,45.11608991160715],[25.535087836734473,45.12251121866318],[25.53219853560053,45.12052002617851],[25.528883437550395,45.12199509859313],[25.531728334512227,45.12278424968121],[25.533003602802427,45.12961370976783],[25.544674731045884,45.13094895934391],[25.54839783031523,45.13329246725487],[25.540873743309465,45.14115238992946],[25.544308519630746,45.14309184696362],[25.543760127143827,45.148359536261275],[25.561214615062486,45.15409473021217],[25.57535677106853,45.163818192760495],[25.5978918306669,45.148894925257665]]],[[[25.414203132809465,45.11239119243826],[25.422262310894794,45.10180277888792],[25.424543970518645,45.083609875474984],[25.421696752226303,45.08377131425346],[25.422555630754843,45.08885966754611],[25.420626909432695,45.08899351995931],[25.406185203521893,45.079016141925976],[25.39862178085444,45.08266246842397],[25.400877812245895,45.08753127000798],[25.397027310818217,45.08873782125032],[25.395520804238885,45.09642194134725],[25.384477963391994,45.09507467679464],[25.386780090878872,45.09990549978032],[25.37980102320678,45.103213567802264],[25.38172795473442,45.105762151617405],[25.376133426924287,45.1153478658612],[25.37881323944269,45.11778684322056],[25.377630546068175,45.122010321011985],[25.374943240969877,45.12100721904937],[25.36646148348533,45.123211392866224],[25.373706521459354,45.126818498355],[25.384258292042215,45.12822041333276],[25.388493212694293,45.125916390034554],[25.38559144135982,45.124713869305104],[25.38749468667785,45.123816607888386],[25.394508777864374,45.123776820208],[25.396759589006862,45.12016853076425],[25.400236901700307,45.12156843352953],[25.405551136121403,45.11796666566848],[25.40860163900998,45.11879781312546],[25.415068401055166,45.11595715111762],[25.414203132809465,45.11239119243826]]]]},"properties":{"alert_id":"e2ae02d91109188a","source":"nowcasting","alert_type":"nowcasting","feature_id":"fae90fad3528e841f7","judet_cod":"DB","judet_nume":"Dâmbovița","county_code":"DB","county_name":"Dâmbovița","cod_judet":"DB","cod_culoare":1,"cod_culoare_nume":"Galben","culoare":"1","cod":"Galben","fenomen_principal":"Local averse torențiale care vor acumula 15...25 l/mp, descărcări electrice.","fenomen_group":"ploi/vijelii","zona_text":"Județul Brăila: Ianca, Însurăței, Viziru, Tufești, Ulmu, Dudești, Stăncuța, Cireșu, Mircea Vodă, Zăvoaia, Jirlău, Bordei Verde, Surdila-Găiseanca, Surdila-Greci, Făurei;<br>Județul Buzău: Buzău, Vernești, Vadu Pașii, Merei, Smeeni, Mărăcineni, Săgeata, Tisău, Cislău, Costești, Rușețu, Țintești, Pietroasele, Gherăseni, Gălbinași, Breaza, Săhăteni, Ulmeni, Stâlpu, Luciu, C.a. Rosetti, Movila Banului, Amaru, Mihăilești, Năeni, Cilibia, Largu, Robeasca;<br>Județul Prahova: Ploiesti, Câmpina, Băicoi, Breaza, Mizil, Vălenii de Munte, Urlați, Boldești-Scăeni, Filipeștii de Pădure, Valea Călugărească, Bucov, Plopeni, Bărcănești, Ariceștii Rahtivani, Filipeștii de Târg, Brebu, Târgșoru Vechi, Florești, Blejoi, Vărbilău, Telega, Măgureni, Scorțeni, Gura Vitioarei, Albești-Paleologu, Colceag, Bănești, Berceni, Poiana Câmpina, Sângeru, Iordăcheanu, Păulești, Lipănești, Podenii Noi, Măgurele, Tomșani, Ceptura, Cornu, Baba Ana, Vâlcănești, Cocorăștii Mislii, Dumbrăvești, Șotrile, Bălțești, Gornet, Șoimari, Gornet-Cricov, Provița de Jos, Predeal-Sărari, Gura Vadului, Provița de Sus, Apostolache, Păcureți, Plopu, Chiojdeanca, Surani, Vadu Săpat, Lapoș, Călugăreni, Salcia, Tătaru, Cosminele, Talea, Jugureni, Fântânele;<br>Județul Dâmboviţa: Moreni, Pucioasa, I. L. Caragiale, Fieni, Răzvad, Gura Ocniței, Bezdead, Valea Lungă, Buciumeni, Dărmănești, Vulcana-Pandele, Runcu, Glodeni, Ocnița, Brănești, Iedera, Vulcana-Băi, Vișinești, Moțăieni, Vârfuri;<br>","zona_nume":"Dâmbovița - localitati","zone_name":"Dâmbovița - localitati","display_name":"Dâmbovița - localitati","localities":["Moreni","Pucioasa","I. L. Caragiale","Fieni","Răzvad","Gura Ocniței","Bezdead","Valea Lungă","Buciumeni","Dărmănești","Vulcana-Pandele","Runcu","Glodeni","Ocnița","Brănești","Iedera","Vulcana-Băi","Vișinești","Moțăieni","Vârfuri"],"geometry_source":"uat_match","match_confidence":"medium","interval_text":"","interval_start":"2026-09-02T23:10:00","valid_from":"2026-09-02T23:10:00","valid_to":"2026-09-03T00:30:00","interval_valabilitate_text":"","interval_end":"2026-09-03T00:30:00","data_expirare":"2026-09-03T00:30:00","mesaj_plain":"Local averse torențiale care vor acumula 15...25 l/mp, descărcări electrice.","source_url":"","source_label":"","notes":"","durata_ore":1.3,"zi":"2026-09-03"}},{"type":"Feature","geometry":{"type":"MultiPolygon","coordinates":[[[[26.061237402564785,44.9644252281625],[26.072825170898287,44.95834498398961],[26.085235548089088,44.959454743001366],[26.091765279020258,44.957251812607915],[26.0889907552565,44.953134841949286],[26.098668416848554,44.94835214779597],[26.101963043442417,44.940824353387185],[26.075946085912072,44.934911637367705],[26.07732799026103,44.93126235033962],[26.07119126783536,44.92933498223054],[26.067017348507612,44.93302383150866],[26.065428952411118,44.93206197729892],[26.063016443278467,44.92817166654668],[26.06487308750923,44.924865143238286],[26.061334178230513,44.925764657107194],[26.0732465846393,44.91788011553426],[26.078580492780628,44.91686514044801],[26.067276516126697,44.9088033529202],[26.0312050616789,44.90203956695299],[26.012170255268625,44.9122966445994],[26.017842913158514,44.90000725304234],[26.013434840255176,44.89908227990579],[26.01200169464725,44.90317656103131],[25.98913516015779,44.89614495095853],[25.97458729990576,44.908921296107266],[25.987557355438614,44.9161404975721],[25.98010746363163,44.924560374115124],[25.96843493478763,44.93162194996026],[25.93179864515637,44.92468926745209],[25.922932555805723,44.92413650056782],[25.91883846277017,44.92641015212253],[25.918438253217865,44.9378222140249],[25.935519770686195,44.941738321613734],[25.960577380454826,44.94079083776412],[25.961028689199775,44.94354390351711],[25.966769629904917,44.9402978734903],[25.976286843354757,44.939482250929196],[25.986013764247037,44.95730265621325],[25.97951947480272,44.957966881253164],[25.985166010847635,44.96125869166887],[25.990227360623287,44.95901049081123],[26.003453000313378,44.96710067222981],[26.00735775896652,44.96325189445661],[26.01424029442942,44.96749487915361],[26.023491775301913,44.96841994841726],[26.025941546438062,44.96530140750012],[26.02832833627663,44.96653274849703],[26.031729055233342,44.962753420273295],[26.02854491695356,44.96043366200227],[26.02893272502584,44.95600740199813],[26.033087810538294,44.954020987296424],[26.04549877792296,44.960536313959174],[26.050065135021903,44.96097972011425],[26.053525950631453,44.95835941704636],[26.061237402564785,44.9644252281625]]],[[[25.756403406327188,45.1768775931403],[25.76159217510395,45.16644450665795],[25.769708425178038,45.16040108077542],[25.766585251929058,45.14935791188848],[25.769895319349178,45.14425414870144],[25.765628450022408,45.13414505034477],[25.76741632328939,45.13169390813668],[25.758157846610285,45.12145618389566],[25.759245040217152,45.11206576209189],[25.75083406790314,45.100360570785774],[25.738959008408298,45.10741921457951],[25.724466626810297,45.12091503336579],[25.71206956856235,45.139270618658955],[25.714421941235713,45.14364402841164],[25.725467074674945,45.146455217494825],[25.73050275509141,45.150035706904916],[25.72498377697025,45.168144875155924],[25.730456121641975,45.177062621558434],[25.743347757136984,45.17941653797461],[25.756403406327188,45.1768775931403]]],[[[25.877126273854188,45.06240320936208],[25.91114428622408,45.06210859998524],[25.910473978887666,45.05966206678588],[25.916133247318395,45.05860691207503],[25.935673423849025,45.05992408885509],[25.94026292475837,45.05588984855791],[25.945097490359352,45.0453127719086],[25.93702125327554,45.02499645669804],[25.934415287579075,45.02411452143215],[25.935874334475944,45.02190438084898],[25.933476391779575,45.02262761914034],[25.93375833720497,45.02004202994142],[25.926125883036438,45.0216103227499],[25.919794308088903,45.013708347417065],[25.924658974507604,45.01151967036801],[25.90876551476615,44.993343907650605],[25.909690332762313,44.991411222575245],[25.904131094273374,44.98738002892129],[25.88974284090566,44.9837363312683],[25.81877467572528,45.02456555926506],[25.826418076684142,45.02688006234516],[25.817485395283622,45.03227287095],[25.818644492049785,45.03357112807625],[25.798954965718636,45.05554792016496],[25.823803624906773,45.06466615557711],[25.81844381512162,45.07354077899525],[25.80725427079781,45.08325791181463],[25.821880588082276,45.08316248698581],[25.82479994219281,45.07762594927326],[25.832728336943262,45.07672814714136],[25.84236350089587,45.06732156675086],[25.844143020385705,45.06827968791686],[25.859521702876346,45.06309456814043],[25.86178751088893,45.064897831934594],[25.872506718595943,45.06172962484697],[25.875531479647588,45.05870775260121],[25.877126273854188,45.06240320936208]]],[[[25.678993872473338,45.232236049231425],[25.68194772781177,45.21714677851782],[25.680383565302385,45.20961846861593],[25.685282761243432,45.20911212788178],[25.687811253513452,45.203381470486036],[25.68586100952346,45.202577402270926],[25.692870145589268,45.199531623922056],[25.6934634874221,45.194084503529005],[25.685531582304254,45.19281355753454],[25.675358588413264,45.18743575276183],[25.68060979787097,45.1788556622132],[25.687436342261236,45.1742853416421],[25.686892193775474,45.170216689640945],[25.69780728507844,45.14289775028328],[25.693820777344037,45.14186228364096],[25.691784100316436,45.13692092712998],[25.67845071597043,45.139220560153895],[25.670494235198365,45.135950885677985],[25.658751191166495,45.1396770866954],[25.642145900979152,45.15164106875331],[25.635382975451165,45.15046461151888],[25.63835515490766,45.15995419786683],[25.628639513467935,45.165545203512515],[25.62685072088389,45.16399329567485],[25.620343456239862,45.16610136281139],[25.62308744553523,45.170748090512625],[25.614507426670254,45.1810217788747],[25.61934746656062,45.19397428155756],[25.5963902915948,45.20554642949447],[25.60886743704001,45.21945764646691],[25.60539852034854,45.21898827872073],[25.602834087846855,45.227507886040875],[25.609979240445263,45.22857778131616],[25.618761163716016,45.22573538331723],[25.631825902916333,45.225650578428386],[25.63711761759945,45.221481409507966],[25.642908015372022,45.222958544228064],[25.649530084550232,45.215659170628314],[25.655746300503978,45.224362436681645],[25.662594861822054,45.22640616921686],[25.661536002259155,45.22791065039967],[25.67054118572037,45.227915065714996],[25.672425744367796,45.2318069501755],[25.678993872473338,45.232236049231425]]],[[[26.496241576310116,45.00672013295602],[26.503574566628814,44.99748789349955],[26.49742653068113,44.99408776924648],[26.49374879529884,44.998509290508544],[26.471102724520076,44.99215725452862],[26.47917479103648,44.98641754946999],[26.471311604981416,44.982057520865375],[26.46821174761328,44.985201742446826],[26.453255070642676,44.98056078072796],[26.444004448104735,44.99280259224578],[26.418029349733345,44.98985217786813],[26.4154590890927,44.99571412761917],[26.43208470347447,44.999712053924895],[26.42545629190485,45.005953055923946],[26.416388873988666,45.01000308259691],[26.40774150402488,45.022556647760936],[26.41245454317993,45.02213339597118],[26.414903493129202,45.024347839014766],[26.416915180658606,45.02133733427265],[26.43341630436526,45.01544277248487],[26.438886577776625,45.01701016413434],[26.43717455940054,45.02521419815601],[26.445116719174955,45.027435134361454],[26.45230997965138,45.019919181830154],[26.45475502665001,45.010404332317115],[26.481296765299106,45.02112476038549],[26.47739200462943,45.026334465651544],[26.48172877642945,45.02759397793538],[26.487262539805247,45.020059282164205],[26.48439128847905,45.01884712024287],[26.492000257629257,45.00536470573226],[26.496241576310116,45.00672013295602]]],[[[26.080193093576682,45.206574623157636],[26.08868066493904,45.201856372600716],[26.08599333789793,45.19906091525698],[26.08963365621162,45.194549212792424],[26.09027786164024,45.18775663865422],[26.082771632063594,45.18211651125701],[26.076927312466918,45.181888669969545],[26.078494612028187,45.17860943801051],[26.073691028640177,45.16950429165171],[26.06608569023358,45.17018997350679],[26.065584775966226,45.17329027171666],[26.057169181544907,45.16900740518743],[26.022097052837356,45.17234831954151],[26.026364081530744,45.179481006956614],[26.024592984510694,45.17862064441917],[26.020616054903357,45.18182946613372],[26.017168018096417,45.19439986015878],[26.011635421255313,45.195313954283854],[26.010619872123574,45.20277275554111],[26.006906235832304,45.206396748571436],[26.02297277714124,45.20655548322775],[26.03078750195514,45.201833694071404],[26.02798984639792,45.207083944378056],[26.033599180963936,45.203432213820065],[26.033781945972592,45.20613318469699],[26.03748080511403,45.20608894751862],[26.03301484103821,45.2124796745626],[26.047087294377388,45.2156894637878],[26.046673701501383,45.208661575304596],[26.05675985216447,45.207631381813655],[26.05882715036172,45.21047495854226],[26.063562889372324,45.209190550919764],[26.06457644132902,45.20652312259675],[26.067978135543555,45.20671926651925],[26.07761324801608,45.21100891023154],[26.080193093576682,45.206574623157636]]],[[[26.303968159738815,44.993185932744105],[26.285414074815982,44.989486478320096],[26.284662070830784,44.99173497524856],[26.27328474292585,44.98618511231798],[26.279972790032108,44.965429296797495],[26.245591186513185,44.95754463508615],[26.24107160261429,44.96654222371139],[26.234676659683135,44.96528391616455],[26.233772529274567,44.970268718033374],[26.230630950257925,44.95903251919963],[26.227605754660146,44.95893613699092],[26.21631045706926,44.96936618010829],[26.21741661681336,44.97364336180776],[26.213000786204383,44.98281939857285],[26.197542422653285,44.98943829316901],[26.20165829803448,44.992994681973634],[26.204077063460563,45.006819646524995],[26.212626535026832,45.016225348259084],[26.211930938802418,45.02157597943353],[26.226331812066476,45.02350398453406],[26.2301387512132,45.021954481703204],[26.230463576301318,45.01716059792473],[26.244974551602333,45.01352748537648],[26.249840065679123,45.01470892548196],[26.248887384564664,45.012037833825694],[26.255901407406753,45.01679543302663],[26.255269316392884,45.021460429854294],[26.26519764195287,45.024920446492466],[26.27597523837462,45.02580189228788],[26.284806560978037,45.03528522742748],[26.295526833192135,45.035432005898734],[26.299867655131326,45.032340423928325],[26.300440855516445,45.020421868926356],[26.29558138193064,45.01536214564497],[26.295864260799394,45.013813462553],[26.3038115284942,45.015291861667706],[26.307992363704106,45.0122563590161],[26.30774592720912,45.00480705996993],[26.301763328774566,45.0009267753691],[26.303968159738815,44.993185932744105]]],[[[26.068706764617485,45.05439788504031],[26.07867565780845,45.05327435090293],[26.085192252158272,45.05547938492573],[26.11160540847689,45.05224284753071],[26.093797108320462,45.042989447589264],[26.10232798738007,45.0244647218837],[26.096853559132644,45.023594139464436],[26.097715982725013,45.02730075518145],[26.095907052801635,45.025404276131866],[26.093650205547426,45.0268447779024],[26.09003645698883,45.02551772763091],[26.087879892354557,45.020068965593005],[26.079937386482552,45.024040430874464],[26.069711845112067,45.02387086809075],[26.063102089576525,45.01929786090515],[26.065270620320575,45.01465189601256],[26.058498623963704,45.01702150197687],[26.05653241773199,45.014183487018165],[26.058810046440023,45.01263765302604],[26.05535153204515,45.00911074792623],[26.046547075504225,45.006103722815695],[26.047800021650218,45.000326371223444],[26.01617498408809,44.99608325646212],[26.004045547947158,45.007684124534165],[26.004507757628307,45.01309393830583],[25.998637570424336,45.01464865934996],[25.99120146096896,45.02796087385266],[25.99368586011037,45.03272170429855],[26.007944973164598,45.036037979023384],[26.010379229867233,45.03414651371291],[26.01260760226072,45.03688884374669],[26.015331467317818,45.029889772515055],[26.024116344421227,45.02909799578841],[26.023590705143803,45.04811787754631],[26.032103763611474,45.04781103947185],[26.03279695153389,45.05517760244994],[26.043050315492856,45.05447022225578],[26.043509665105216,45.05590008582323],[26.043744561210328,45.05441957314597],[26.044840320432108,45.059311253315975],[26.051046021215004,45.057225957151175],[26.05920435257092,45.05903320397177],[26.068706764617485,45.05439788504031]]],[[[25.751528026896334,45.01738419150864],[25.75279089671755,45.012938073093814],[25.75590239270529,45.013401108275694],[25.75828387397171,45.008528937701584],[25.75969173224437,45.00143630656555],[25.75746172501289,44.99974601771601],[25.78456018956957,44.999768281711624],[25.784006431950594,44.99197654982265],[25.776333659554393,44.99299258122024],[25.77727882160358,44.99014542101007],[25.7667746929413,44.988194857531965],[25.773489491086153,44.97057725272556],[25.76627037356402,44.96681715655167],[25.764135619573832,44.97243544647943],[25.751081103466323,44.97110055619772],[25.75085705926061,44.96342260743333],[25.747388785753756,44.96106140715919],[25.73383363893123,44.96143775080781],[25.72850087481226,44.95892839387626],[25.72561412146804,44.96200901301525],[25.720345314653365,44.96061729176957],[25.718117133247844,44.961915488831515],[25.688184473489496,44.95132149325156],[25.685898597578188,44.952434449835884],[25.677849424799046,44.96562375695391],[25.678918562256666,44.9734666648903],[25.683577371076456,44.97879069938516],[25.67659186238933,44.9936737595254],[25.678811167357335,44.997051340569946],[25.675499852724208,45.009435060237124],[25.687570692684904,45.02041907159847],[25.68393945452176,45.02395594207685],[25.686902780119826,45.029128610839294],[25.69320807282124,45.02962101696686],[25.700719885595532,45.03403630100783],[25.710637134029312,45.03415240326172],[25.711364629432055,45.03225647791526],[25.721381141576348,45.029617685785404],[25.734818144665876,45.01708231870233],[25.751528026896334,45.01738419150864]]],[[[26.2190203402186,44.966621418638915],[26.212175968455476,44.954774612344096],[26.19989447902237,44.95635449454879],[26.198823230225905,44.95256032079491],[26.194675615016813,44.95315479755535],[26.193495776867366,44.948571597085994],[26.179201517187124,44.950189686889615],[26.175959745727916,44.93578333257082],[26.18418195770855,44.92612464325687],[26.18132910014311,44.92500905163385],[26.1923558895779,44.91245199611418],[26.193757586452822,44.91384961289935],[26.2023964056553,44.90930308290162],[26.201977818964767,44.90689698464621],[26.20634076241684,44.904504263980435],[26.20236120930136,44.90233912828903],[26.206006069524104,44.89952887886958],[26.19382822091987,44.89325528981654],[26.190087042609434,44.90462552537948],[26.183010957661075,44.90514139759202],[26.160645071549066,44.89693193075542],[26.16570644470698,44.89277964752691],[26.160074269660182,44.88963452296265],[26.160056512069293,44.89183663509253],[26.154852640943773,44.89370778310995],[26.156307035910537,44.897684835746865],[26.150938189516378,44.899867771027466],[26.151979804252232,44.903595678218686],[26.14119135437851,44.91431821445981],[26.138630046587313,44.92973517067247],[26.13350735858145,44.93336613968947],[26.128385189252782,44.93378749621947],[26.127686240843673,44.94268480955726],[26.123557528102356,44.94684382226002],[26.112892919922057,44.9509926929156],[26.114026696117847,44.95454640845694],[26.110293922144812,44.95713525013833],[26.116309164516554,44.959811620038856],[26.121860029836082,44.955199468930196],[26.127436181774193,44.966785146301625],[26.131308884039218,44.96619067382066],[26.130519571552355,44.96377865584413],[26.13347475721383,44.96321795706457],[26.135595384794772,44.969336106662425],[26.13809234072859,44.96689701885097],[26.143586941491524,44.97002502187706],[26.14271720279012,44.977802453730014],[26.14022498863579,44.979969932317786],[26.13512937894016,44.97785600257429],[26.142435131759857,44.98772914226444],[26.144024404111427,44.99445900114791],[26.150978142527784,44.996936695379105],[26.158097970280647,44.99103981007252],[26.16495579695313,44.993204386740715],[26.16420283636226,44.994940106568876],[26.168174140290095,44.995153648195014],[26.17083289339346,44.992707157694255],[26.17640652767008,44.99427680060891],[26.177226833534473,44.996472496593555],[26.18098033167544,44.991615150512565],[26.185589126384837,44.99507089641734],[26.186619458517658,44.99150756269196],[26.190388088837057,44.99366881264593],[26.191156971584217,44.99176636520888],[26.195732520258833,44.991477530490464],[26.19508934602714,44.99452354374164],[26.200492929639566,44.99365679457545],[26.19662717426418,44.99669410171118],[26.20009075769156,44.996865934121004],[26.196068931308634,44.99706762246517],[26.19288338416612,45.0008530148483],[26.202343674923046,45.00220786014871],[26.20165829803448,44.992994681973634],[26.198219715466482,44.991366160727885],[26.198032139415236,44.98774532756282],[26.203796270067063,44.987437729592145],[26.213000786204383,44.98281939857285],[26.2190203402186,44.966621418638915]]],[[[26.097715982725013,45.02730075518145],[26.091614832533473,45.01226307540347],[26.098773460340876,45.014618649036436],[26.10389710368012,45.00319533342575],[26.11291009901263,45.009264265390705],[26.119107851533023,45.010002201538065],[26.125366383661657,45.00258839109232],[26.140342331281683,44.99683830513659],[26.143503186804832,44.991153683649415],[26.13512937894016,44.97785600257429],[26.14022498863579,44.979969932317786],[26.14271720279012,44.977802453730014],[26.143668027547385,44.97012169817955],[26.13809234072859,44.96689701885097],[26.135595384794772,44.969336106662425],[26.13347475721383,44.96321795706457],[26.130519571552355,44.96377865584413],[26.131308884039218,44.96619067382066],[26.127436181774193,44.966785146301625],[26.121860029836082,44.955199468930196],[26.116309164516554,44.959811620038856],[26.110293922144812,44.95713525013833],[26.114026696117847,44.95454640845694],[26.112892919922057,44.9509926929156],[26.085697275957003,44.959405731531604],[26.072825170898287,44.95834498398961],[26.061318923995632,44.964409971473714],[26.03458853850262,44.970936428656614],[26.024499643626438,44.97893107504865],[26.01773757046711,44.99540334500029],[26.021938679384657,44.997502750537826],[26.047800021650218,45.000326371223444],[26.046547075504225,45.006103722815695],[26.05535153204515,45.00911074792623],[26.058810046440023,45.01263765302604],[26.05653241773199,45.014183487018165],[26.058498623963704,45.01702150197687],[26.065270620320575,45.01465189601256],[26.063102089576525,45.01929786090515],[26.069711845112067,45.02387086809075],[26.079937386482552,45.024040430874464],[26.087879892354557,45.020068965593005],[26.09003645698883,45.02551772763091],[26.093650205547426,45.0268447779024],[26.095907052801635,45.025404276131866],[26.097715982725013,45.02730075518145]]],[[[25.948974584767836,45.07476039497112],[25.965873567797917,45.070843687356664],[25.959218461407442,45.06862368329416],[25.97033986889642,45.061766094826176],[25.962661142674705,45.05414284774728],[25.965559878284306,45.05416380845807],[25.969079034947345,45.05025515544196],[25.986783817424783,45.05315727382422],[25.988062615268205,45.04995780267797],[25.965223975138855,45.04344403149327],[25.964416525030934,45.04117869662546],[25.963355560732005,45.04315059173251],[25.95881875198647,45.043018911437464],[25.962977836199265,45.03420232275118],[25.95307203235219,45.03449279529642],[25.950019555833066,45.036290663172494],[25.9475024094018,45.03435161184816],[25.949487210918146,45.03319692233765],[25.94250223660213,45.03171548361072],[25.940158413631288,45.03424889581614],[25.945097490359352,45.0453127719086],[25.939247135103802,45.0582673951969],[25.948974584767836,45.07476039497112]]],[[[26.06002845348016,44.90736358029741],[26.067215370218356,44.90222268554716],[26.076394339127,44.90735848782216],[26.0846319277807,44.90254432096408],[26.09824360807961,44.88702682982867],[26.112187565055326,44.87643126992475],[26.10228291848184,44.866705885827606],[26.109247571593233,44.8591954100232],[26.100104160761532,44.847525625074695],[26.08448398977999,44.84518757959274],[26.06477473120935,44.8518634291458],[26.055411024084272,44.85102968000699],[26.03316499166382,44.87229312885068],[26.026559921263832,44.87070640733966],[26.02697673632923,44.88318950687045],[26.02185425635392,44.88247233539956],[26.021204632849727,44.884569163511614],[26.014329807138136,44.88560081730338],[26.006341223683766,44.894384428829284],[26.0000955212021,44.887051937119004],[25.98913516015779,44.89614495095853],[26.01200169464725,44.90317656103131],[26.013434840255176,44.89908227990579],[26.017842913158514,44.90000725304234],[26.012170255268625,44.9122966445994],[26.0312050616789,44.90203956695299],[26.06002845348016,44.90736358029741]]],[[[25.863675505331305,44.99868659904097],[25.96099709542197,44.94335120680899],[25.960577380454826,44.94079083776412],[25.93900335226415,44.94245729725033],[25.918438253217865,44.9378222140249],[25.91977926660434,44.92496813068309],[25.89521758702221,44.92124485298567],[25.91365955824074,44.9084420255803],[25.883247157979103,44.896328836659194],[25.880888863483854,44.899750837804014],[25.858003482782376,44.889766501310355],[25.853216583493424,44.89514714207445],[25.853788791286515,44.898292045523505],[25.845407824650195,44.899496874431634],[25.84375409921695,44.905093593965184],[25.838933210950483,44.90622851538926],[25.825677392582786,44.92069584262941],[25.82794897920998,44.93299320118409],[25.815887538105166,44.94388299694336],[25.813185267808485,44.965235582542185],[25.809670193473696,44.96792175271101],[25.810830452230988,44.97273419733918],[25.800445536554548,44.98726457878863],[25.79574285962514,45.007038791686064],[25.801927464649005,45.005953553991354],[25.808354909784327,44.98881264145656],[25.863675505331305,44.99868659904097]]],[[[25.781831501106776,45.2528414662149],[25.778430883123523,45.24560123583001],[25.793705422596066,45.23488519087522],[25.813871761838676,45.23046235554128],[25.827463316559196,45.23262987734966],[25.81630406591229,45.219403376855084],[25.821385409040026,45.21707224571923],[25.81965617883928,45.20648858564003],[25.8156787125773,45.205079441323655],[25.814083631638443,45.198907029364506],[25.808408083962757,45.19510312707854],[25.81633088347742,45.19280545752872],[25.824179640461864,45.1949268501191],[25.830909410563418,45.19387926467019],[25.836177071370663,45.18346631352107],[25.831826518595797,45.17906702250475],[25.83131398498926,45.17403867912393],[25.825128934557554,45.17442139859744],[25.823620132806777,45.17163110939593],[25.821995125967515,45.17535058682696],[25.8170450333515,45.17535647768575],[25.81417475816498,45.17835714261793],[25.808398372433114,45.16902632210397],[25.794732300486135,45.165000405063346],[25.79518952208122,45.159691125771204],[25.790869387018375,45.15238752761382],[25.77832057566292,45.14559686559973],[25.774737411966353,45.1477363830859],[25.769649095900782,45.14608658584269],[25.766585251929058,45.14935791188848],[25.769708425178038,45.16040108077542],[25.76159217510395,45.16644450665795],[25.751860980607734,45.1886267474271],[25.74644859317749,45.192748787912436],[25.747253446001586,45.200723442418735],[25.741008602522644,45.20754727246114],[25.73946344578454,45.21677928243557],[25.73126701928007,45.22326124823428],[25.732648780860796,45.229716676506],[25.729778090735042,45.23692524768336],[25.737759378134697,45.247096177040966],[25.73812634209263,45.25296445072461],[25.74089279939896,45.25416858747396],[25.766493920985084,45.2605249520743],[25.781831501106776,45.2528414662149]]],[[[25.798954965718636,45.05554792016496],[25.818644492049785,45.03357112807625],[25.817485395283622,45.03227287095],[25.826418076684142,45.02688006234516],[25.81877467572528,45.02456555926506],[25.863675505331305,44.99868659904097],[25.808354909784327,44.98881264145656],[25.800839050856087,45.0073408326067],[25.79574285962514,45.007038791686064],[25.796169074377417,44.99978111528194],[25.75746172501289,44.99974601771601],[25.75969173224437,45.00143630656555],[25.75828387397171,45.008528937701584],[25.75590239270529,45.013401108275694],[25.75279089671755,45.012938073093814],[25.751528026896334,45.01738419150864],[25.775281682044305,45.02037565506596],[25.771834555462377,45.03253620940008],[25.779579799936723,45.033474346112726],[25.778636146981235,45.03912146312093],[25.773402369264247,45.044498805091244],[25.77439754830492,45.05109937623854],[25.769726147141977,45.05544519810617],[25.784334903505904,45.051080552247356],[25.798954965718636,45.05554792016496]]],[[[26.01773757046711,44.99540334500029],[26.02579830218484,44.97765716328525],[26.03458853850262,44.970936428656614],[26.061237402564785,44.9644252281625],[26.06019558213534,44.96287130705358],[26.053525950631453,44.95835941704636],[26.050065135021903,44.96097972011425],[26.04549877792296,44.960536313959174],[26.033087810538294,44.954020987296424],[26.02893272502584,44.95600740199813],[26.02854491695356,44.96043366200227],[26.031729055233342,44.962753420273295],[26.02832833627663,44.96653274849703],[26.025941546438062,44.96530140750012],[26.023491775301913,44.96841994841726],[26.01424029442942,44.96749487915361],[26.00735775896652,44.96325189445661],[26.003453000313378,44.96710067222981],[25.990227360623287,44.95901049081123],[25.985166010847635,44.96125869166887],[25.981721899430003,44.959935536208356],[25.97951947480272,44.957966881253164],[25.986013764247037,44.95730265621325],[25.978537714669212,44.9416598321514],[25.976286843354757,44.939482250929196],[25.966769629904917,44.9402978734903],[25.960888033603453,44.94363657630259],[25.9645293073605,44.96268417101783],[25.9596121003199,44.96937702943469],[25.965640391058432,44.967056649994426],[25.993743381049544,44.98736150169174],[25.990791143033128,44.990496180555155],[25.99874676004815,44.99738494690596],[25.989957952612844,45.003077406334775],[26.00404728260551,45.00875747036631],[26.01773757046711,44.99540334500029]]],[[[25.927028802028325,45.203520915201516],[25.93020776432994,45.19469345666421],[25.935532715708256,45.19295600975385],[25.952944463739,45.199071955553954],[25.958843067120714,45.19674598700035],[25.968322092892276,45.200678696722846],[25.97544137902607,45.192052568811654],[25.986227759873465,45.192508591328185],[25.99108690185378,45.18954226694551],[25.992001289521703,45.18516752265944],[25.99848603844517,45.18490685207854],[26.00536254967249,45.18133342485408],[26.005389625419813,45.17296472829793],[26.001785270750098,45.168866995906065],[26.00763058609376,45.162532155135864],[26.002934707219538,45.15363650242356],[26.005752096889736,45.12719365374142],[26.001567086928866,45.12588445943831],[26.000089779322355,45.118769916796076],[25.995986252052734,45.11917216082417],[25.997860999153446,45.12026947525261],[25.995618188073585,45.12374968524735],[25.980558033219033,45.117149573614114],[25.977866954135564,45.12592875228445],[25.97013189691357,45.12190105812173],[25.962289617048004,45.12626375104104],[25.958319071939545,45.13161334848197],[25.966989429907883,45.13208134170144],[25.974087163802082,45.13489412918235],[25.968357310373847,45.146720847741186],[25.962457466794298,45.14927601151083],[25.964289716902456,45.15488723047452],[25.960596795291682,45.15876646269079],[25.949356134282045,45.16021960233383],[25.945142214271307,45.163966262309486],[25.939286543841085,45.16029872906036],[25.93022402109624,45.15855166821695],[25.921750531681877,45.160510448202466],[25.923347811547576,45.162400585248825],[25.91687659161702,45.16913434008995],[25.91637265693186,45.178666732530324],[25.90815670618285,45.178868966349796],[25.907853249615805,45.18193674580067],[25.903844457824306,45.18220647908262],[25.903424504485884,45.18537285092538],[25.89852132773787,45.18809559918326],[25.90418184499717,45.191657913218904],[25.901522378602397,45.1950446390632],[25.90438802816095,45.199513347018716],[25.91906742251745,45.200342235271044],[25.92195721476873,45.20454306674033],[25.927028802028325,45.203520915201516]]],[[[25.83131398498926,45.17403867912393],[25.830644326789276,45.1722451981467],[25.836770873030385,45.171921892024905],[25.838290997126983,45.17003202422781],[25.836487229605623,45.168118687361826],[25.84037578545994,45.16253690136416],[25.84714814926746,45.160696576259596],[25.83565154730081,45.1556673949866],[25.841363702074236,45.152489468640546],[25.846573820610434,45.15266707996454],[25.848607444552304,45.14986260925068],[25.862615847286346,45.1492085241617],[25.871625640697868,45.138397405155224],[25.857282559177317,45.12539793368358],[25.85432692991092,45.124941880183684],[25.851365152960053,45.13147464231864],[25.844542467820492,45.13331646211363],[25.840049322096124,45.131032049010884],[25.836408642969324,45.12070760405946],[25.82350751076929,45.11936978834271],[25.827522539440224,45.11277327252553],[25.82092643415618,45.11480441393415],[25.815306032516563,45.11138515559364],[25.81725867295225,45.1081044498789],[25.812539960873583,45.106614650807096],[25.818937566247985,45.10032262808174],[25.81263349997248,45.098575282966486],[25.813859240120802,45.09709441646414],[25.81061250628499,45.094846526953354],[25.814411227062706,45.09150391455416],[25.80525536675037,45.08526188570068],[25.789578744409123,45.101737078751846],[25.791138287355103,45.10328053787349],[25.787054991551713,45.106055891848406],[25.785782344299168,45.11092807898743],[25.779292110565986,45.109709162035934],[25.780053337782434,45.115627347420144],[25.771173713497674,45.11985156915222],[25.771318670242227,45.123568656175415],[25.766415288326964,45.12240081643465],[25.761628201221946,45.12469149099821],[25.76741632328939,45.13169390813668],[25.765628450022408,45.13414505034477],[25.7688582530662,45.13797144788228],[25.769649095900782,45.14608658584269],[25.774737411966353,45.1477363830859],[25.779423605245764,45.14565741677318],[25.788688466087272,45.150546317810154],[25.795166076341797,45.159626410487995],[25.794859141329184,45.165140500289105],[25.808398372433114,45.16902632210397],[25.81417475816498,45.17835714261793],[25.8170450333515,45.17535647768575],[25.821995125967515,45.17535058682696],[25.82308693667769,45.17156331747593],[25.825128934557554,45.17442139859744],[25.83131398498926,45.17403867912393]]],[[[25.752710554883887,45.08590336156837],[25.756182658208665,45.07880836095036],[25.766918507896182,45.07438986621821],[25.77108814680731,45.06467060333668],[25.780895195313878,45.06645811553067],[25.779249824150394,45.06895912681044],[25.785328249950044,45.07117196901027],[25.798892576858442,45.055589722856546],[25.784334903505904,45.051080552247356],[25.769726147141977,45.05544519810617],[25.77439754830492,45.05109937623854],[25.773402369264247,45.044498805091244],[25.778636146981235,45.03912146312093],[25.77954473333507,45.0340975035014],[25.771834555462377,45.03253620940008],[25.775281682044305,45.02037565506596],[25.73926724363922,45.01632738480637],[25.73402628615867,45.017560250905674],[25.72062620534516,45.03002070889693],[25.711364629432055,45.03225647791526],[25.710637134029312,45.03415240326172],[25.701000978798586,45.03512491990872],[25.69919363223289,45.03971676134649],[25.701696468992832,45.04496469780434],[25.69270255131671,45.05585152863816],[25.687569807741113,45.05822055951941],[25.67412128494768,45.079448590449],[25.68092702045863,45.08376982879997],[25.694322418682138,45.084901198345634],[25.68939427426672,45.08847952599387],[25.69359452596593,45.08686011237645],[25.70536514247781,45.0923260227479],[25.707500608031687,45.090786266747656],[25.7177869393284,45.096847675489585],[25.724725487521546,45.09203133419929],[25.726493341456766,45.086833785197385],[25.732938466793122,45.08413497595802],[25.752710554883887,45.08590336156837]]],[[[25.891633041149667,45.15009729372597],[25.889096914221867,45.14510373146892],[25.890777417621766,45.13942473016302],[25.9019091926101,45.1283597609839],[25.89948717994158,45.12607040507767],[25.9019144109576,45.12380779802072],[25.89951433342758,45.12211052600147],[25.896231388151676,45.12399822928595],[25.886165249488766,45.118668928210546],[25.87532753544337,45.11609185382182],[25.87182545975691,45.11167799310875],[25.88636555160914,45.1006068738616],[25.888093137359466,45.09599362888079],[25.880040832151334,45.0968265124069],[25.87986036935479,45.09303422552375],[25.89690709282661,45.08385270555344],[25.897060344557335,45.078550386854296],[25.894619482688487,45.077833821587284],[25.897532245833528,45.07457200061245],[25.875556071916908,45.07475363639399],[25.875531479647588,45.05870775260121],[25.872506718595943,45.06172962484697],[25.86178751088893,45.064897831934594],[25.859521702876346,45.06309456814043],[25.841246858865485,45.067711649197285],[25.832728336943262,45.07672814714136],[25.82479994219281,45.07762594927326],[25.821880588082276,45.08316248698581],[25.80725427079781,45.08325791181463],[25.805340828319338,45.08530992029946],[25.814411227062706,45.09150391455416],[25.81061250628499,45.094846526953354],[25.813859240120802,45.09709441646414],[25.81263349997248,45.098575282966486],[25.818937566247985,45.10032262808174],[25.812539960873583,45.106614650807096],[25.81725867295225,45.1081044498789],[25.815306032516563,45.11138515559364],[25.82092643415618,45.11480441393415],[25.827522539440224,45.11277327252553],[25.82350751076929,45.11936978834271],[25.836408642969324,45.12070760405946],[25.842544725393616,45.132724906519925],[25.851365152960053,45.13147464231864],[25.85565958028978,45.12490166989522],[25.86988990719808,45.13482001791271],[25.871635776874804,45.13878306805032],[25.862615847286346,45.1492085241617],[25.891633041149667,45.15009729372597]]],[[[26.075034445129038,45.17114793433133],[26.077445642749193,45.170167624934436],[26.08034131855565,45.15951123421671],[26.08437756041736,45.15755823054954],[26.08402061200835,45.152041013179115],[26.077609142388454,45.14819444607817],[26.073781355488308,45.15050664855101],[26.052483233280697,45.14282686917543],[26.049943573155296,45.13373014964291],[26.038199241240605,45.133716087960494],[26.028878438456452,45.12990048486565],[26.032727503564207,45.10090969938559],[26.025305815216548,45.10127628453171],[26.026558701166135,45.104720221265275],[26.020017740007436,45.10524080542439],[26.018311902851273,45.101962590912905],[26.009576101175195,45.104424226911405],[26.005545357490703,45.12299563936427],[26.010502195073826,45.12546742513558],[26.005632882664138,45.12659079037988],[26.00285419109779,45.1379830977581],[26.002934707219538,45.15363650242356],[26.00763058609376,45.162532155135864],[26.001785270750098,45.168866995906065],[26.005389625419813,45.17296472829793],[26.00594545218683,45.18029313865678],[26.00263543853307,45.18352399121606],[25.991730299878483,45.18532914551763],[25.99038087716368,45.190717079186335],[25.99953735821741,45.196062226127076],[25.998177052442166,45.19792605029551],[26.002139025112204,45.200570717075706],[26.00549382063221,45.20169114048195],[26.007642618045725,45.19995639025449],[26.009272904648707,45.20185159064631],[26.011635421255313,45.195313954283854],[26.016701412419,45.19523269210552],[26.020616054903357,45.18182946613372],[26.024592984510694,45.17862064441917],[26.026364081530744,45.179481006956614],[26.022143261301647,45.172316240289454],[26.057169181544907,45.16900740518743],[26.065584775966226,45.17329027171666],[26.06608569023358,45.17018997350679],[26.07170879522069,45.16871796170378],[26.075034445129038,45.17114793433133]]],[[[26.27391215844551,44.96403552162152],[26.279137762308583,44.951848719765906],[26.245903498574084,44.9431975396904],[26.311285174636616,44.9010366679212],[26.29879778797015,44.89346934243421],[26.2863843970406,44.891097484084426],[26.285899648284893,44.89515159937832],[26.26060547791025,44.89230603360606],[26.257723859328124,44.905865203215505],[26.25231697996535,44.90783180817306],[26.236811680684085,44.89636446700206],[26.232446251974636,44.90303749162692],[26.22631123233075,44.898258012048124],[26.22848871237106,44.8943314213182],[26.218115000276665,44.89009193289994],[26.20236120930136,44.90233912828903],[26.20634076241684,44.904504263980435],[26.201977818964767,44.90689698464621],[26.2023964056553,44.90930308290162],[26.193757586452822,44.91384961289935],[26.19267401325143,44.91221011631682],[26.18132910014311,44.92500905163385],[26.18418195770855,44.92612464325687],[26.180161356297308,44.93249325573677],[26.17564692419381,44.93416713779082],[26.179201517187124,44.950189686889615],[26.193495776867366,44.948571597085994],[26.194675615016813,44.95315479755535],[26.198823230225905,44.95256032079491],[26.19989447902237,44.95635449454879],[26.212175968455476,44.954774612344096],[26.2190203402186,44.966621418638915],[26.230003424768746,44.95855663830121],[26.233177674164928,44.9638574242528],[26.232778110346956,44.97032018135716],[26.234676659683135,44.96528391616455],[26.24107160261429,44.96654222371139],[26.245591186513185,44.95754463508615],[26.27391215844551,44.96403552162152]]],[[[26.406410646774575,44.98725404690545],[26.410381574728365,44.973201152591635],[26.4018486225182,44.96861932134775],[26.40300221974245,44.96716199568142],[26.382374309902474,44.961498438531024],[26.383010381312808,44.94819783421736],[26.414166792420392,44.956436408023855],[26.428031652444396,44.9340938622606],[26.433859797850797,44.91872515235551],[26.410758968211493,44.89328021923184],[26.401429695270444,44.90363406712441],[26.406856842971884,44.9058019270584],[26.403961244435326,44.90966623264266],[26.37558011653961,44.8977576093592],[26.368922877966465,44.89798212258018],[26.369390868766757,44.89496433820914],[26.352656822215213,44.88816767114097],[26.3486448487204,44.8892754136162],[26.338882623582617,44.89465426658106],[26.335120294999818,44.90383427206048],[26.337185665590916,44.90432803564697],[26.332310219588596,44.91567187497907],[26.338166231126287,44.9171595177551],[26.339336973596588,44.9243212154271],[26.337283032427862,44.9240350742899],[26.32071487032105,44.96367166579173],[26.343418774826468,44.96995030466786],[26.340578443192243,44.96994462946879],[26.3391955245505,44.97450636135331],[26.341705798894235,44.97504102068095],[26.343545330768507,44.97020404714549],[26.406410646774575,44.98725404690545]]],[[[25.789578744409123,45.101737078751846],[25.81844381512162,45.07354077899525],[25.823803624906773,45.06466615557711],[25.798954965718636,45.05554792016496],[25.785328249950044,45.07117196901027],[25.779249824150394,45.06895912681044],[25.780895195313878,45.06645811553067],[25.77108814680731,45.06467060333668],[25.766918507896182,45.07438986621821],[25.756182658208665,45.07880836095036],[25.752812286343026,45.083636058633914],[25.75083406790314,45.100360570785774],[25.759245040217152,45.11206576209189],[25.75721470706032,45.11653199200021],[25.761628201221946,45.12469149099821],[25.766415288326964,45.12240081643465],[25.771318670242227,45.123568656175415],[25.771173713497674,45.11985156915222],[25.780053337782434,45.115627347420144],[25.779292110565986,45.109709162035934],[25.785782344299168,45.11092807898743],[25.787054991551713,45.106055891848406],[25.791138287355103,45.10328053787349],[25.789578744409123,45.101737078751846]]],[[[26.091765279020258,44.957251812607915],[26.123742220271332,44.946732600751275],[26.12780287541282,44.94249903721223],[26.12776402384607,44.93447311904107],[26.138630046587313,44.92973517067247],[26.14119135437851,44.91431821445981],[26.15236385602814,44.90262463124299],[26.151028196817492,44.899747035789986],[26.135285728411322,44.896908321355774],[26.133982787082342,44.89331337776974],[26.13163798459688,44.894243643058466],[26.11837328241081,44.88437788998758],[26.115637827349207,44.88695263170918],[26.109474783007784,44.88197024616315],[26.10806552210756,44.88676543551841],[26.10006352427249,44.88564484034149],[26.0846319277807,44.90254432096408],[26.076394339127,44.90735848782216],[26.067215370218356,44.90222268554716],[26.06002845348016,44.90736358029741],[26.069994867171644,44.909806905359375],[26.078648825613126,44.91523088540867],[26.077785802243053,44.91780600235241],[26.0732465846393,44.91788011553426],[26.061334178230513,44.925764657107194],[26.06487308750923,44.924865143238286],[26.063016443278467,44.92817166654668],[26.065546667374992,44.9321695655771],[26.067017348507612,44.93302383150866],[26.07119126783536,44.92933498223054],[26.07732799026103,44.93126235033962],[26.075946085912072,44.934911637367705],[26.101963043442417,44.940824353387185],[26.098668416848554,44.94835214779597],[26.0889907552565,44.953134841949286],[26.091765279020258,44.957251812607915]]],[[[25.71209513554738,45.13836555880504],[25.724466626810297,45.12091503336579],[25.738959008408298,45.10741921457951],[25.75083406790314,45.100360570785774],[25.75288919882873,45.085856248295826],[25.738190653565326,45.083494986915646],[25.727215446147408,45.086408862324866],[25.724725487521546,45.09203133419929],[25.717810501462317,45.096573808601086],[25.715941205130367,45.10252704613438],[25.71156914256287,45.10403058701693],[25.712611006486952,45.10876216773715],[25.709654363670374,45.106465468301685],[25.69967839263586,45.10774285307403],[25.692789340441518,45.1140831797547],[25.683726617893704,45.11473959700995],[25.685666272296046,45.11557058253797],[25.68431503820219,45.11884827354284],[25.693559356268594,45.12195117315895],[25.69174383593983,45.12992964255806],[25.681793102116906,45.13847982846034],[25.691784100316436,45.13692092712998],[25.693820777344037,45.14186228364096],[25.69829815219322,45.143073184119956],[25.71246555268839,45.135668918575654],[25.71209513554738,45.13836555880504]]],[[[26.275774063698147,45.05774652774505],[26.284943971012922,45.03891535804242],[26.283673656077735,45.03196265008128],[26.275827722524532,45.025744043244664],[26.26519764195287,45.024920446492466],[26.255344598523735,45.021508287763425],[26.255901407406753,45.01679543302663],[26.248887384564664,45.012037833825694],[26.249840065679123,45.01470892548196],[26.244974551602333,45.01352748537648],[26.230463576301318,45.01716059792473],[26.2301387512132,45.021954481703204],[26.226331812066476,45.02350398453406],[26.206675914053783,45.021886770583635],[26.203675136037056,45.02571664943213],[26.1995134424552,45.02600356907318],[26.192248585890198,45.031540621707705],[26.16785884981013,45.02860734631923],[26.16487941974437,45.04354268702853],[26.166545432808817,45.049134026332304],[26.159419708585432,45.05397813752239],[26.154722153725793,45.06818038784863],[26.151385619577802,45.07087453854746],[26.16372608142385,45.075679536079534],[26.168776329550802,45.07326298829533],[26.18048938164019,45.07670908277627],[26.17883543536575,45.08565566715634],[26.187414176736905,45.08695093055078],[26.18862897236006,45.08913251357373],[26.196435418540165,45.08819209721418],[26.200450125979938,45.08337478677443],[26.20895340417135,45.08420845948112],[26.210098616877097,45.08602948115776],[26.219972368981377,45.08360293998223],[26.23298499984636,45.0925404074626],[26.231679481478142,45.09472576239094],[26.233849486439258,45.09543901836851],[26.23524183550277,45.087386537163525],[26.232266298292625,45.079179702921614],[26.247226038540486,45.073430674596075],[26.243359734388378,45.067420611075285],[26.275774063698147,45.05774652774505]]],[[[25.99461742869229,45.0358256391757],[25.99120146096896,45.02796087385266],[25.998637570424336,45.01464865934996],[26.004507757628307,45.01309393830583],[26.004014032238775,45.00874917446217],[25.9899094695362,45.00301772659722],[25.99874676004815,44.99738494690596],[25.990791143033128,44.990496180555155],[25.993743381049544,44.98736150169174],[25.965640391058432,44.967056649994426],[25.9596121003199,44.96937702943469],[25.9645293073605,44.96268417101783],[25.96099709542197,44.94335120680899],[25.88974284090566,44.9837363312683],[25.904131094273374,44.98738002892129],[25.909690332762313,44.991411222575245],[25.90876551476615,44.993343907650605],[25.924658974507604,45.01151967036801],[25.919794308088903,45.013708347417065],[25.926125883036438,45.0216103227499],[25.934182921414905,45.0200949234546],[25.940234667812362,45.03411493019726],[25.94265997464746,45.03170982371299],[25.949487210918146,45.03319692233765],[25.9475024094018,45.03435161184816],[25.950019555833066,45.036290663172494],[25.95307203235219,45.03449279529642],[25.963870406819403,45.03469444021999],[25.95881875198647,45.043018911437464],[25.963355560732005,45.04315059173251],[25.964416525030934,45.04117869662546],[25.968021394925678,45.044469790716576],[25.988418824639894,45.04858578751],[25.989795493757065,45.04073754994638],[25.99461742869229,45.0358256391757]]],[[[26.080898031395456,45.06360165313158],[26.068706764617485,45.05439788504031],[26.05920435257092,45.05903320397177],[26.051046021215004,45.057225957151175],[26.044840320432108,45.059311253315975],[26.043744561210328,45.05441957314597],[26.043509665105216,45.05590008582323],[26.043050315492856,45.05447022225578],[26.03279695153389,45.05517760244994],[26.032103763611474,45.04781103947185],[26.023590705143803,45.04811787754631],[26.024116344421227,45.02909799578841],[26.015331467317818,45.029889772515055],[26.01260760226072,45.03688884374669],[26.010379229867233,45.03414651371291],[26.007944973164598,45.036037979023384],[25.99368586011037,45.03272170429855],[25.99461742869229,45.0358256391757],[25.989795493757065,45.04073754994638],[25.986783817424783,45.05315727382422],[25.989583375794297,45.058068461288364],[25.995025002425482,45.06116093111983],[26.000712984619696,45.07787767289893],[26.007573896490516,45.07544453047688],[26.006365801152032,45.07445596230806],[26.041560928825746,45.072456740780744],[26.048477351274798,45.07143948264089],[26.04729906774983,45.06720807667835],[26.058052124122113,45.065999469327856],[26.060070111388033,45.06825282409878],[26.080898031395456,45.06360165313158]]],[[[26.229341850120996,45.152706437701255],[26.230297423688583,45.14204825450906],[26.23274942169047,45.142269775944136],[26.235654516530744,45.13512119801888],[26.23444962789546,45.117693456987965],[26.237434712696153,45.1159724695189],[26.236374805587353,45.10357715505832],[26.22951633519051,45.09813588625451],[26.23298499984636,45.0925404074626],[26.219972368981377,45.08360293998223],[26.210098616877097,45.08602948115776],[26.20895340417135,45.08420845948112],[26.200450125979938,45.08337478677443],[26.196435418540165,45.08819209721418],[26.18862897236006,45.08913251357373],[26.187414176736905,45.08695093055078],[26.17883543536575,45.08565566715634],[26.18048938164019,45.07670908277627],[26.168776329550802,45.07326298829533],[26.16372608142385,45.075679536079534],[26.150447597041595,45.070648930132165],[26.14633043661236,45.07886761032756],[26.145869397993728,45.08712506674299],[26.148472157119194,45.091015593199316],[26.14969574286814,45.11279161875999],[26.154795339945164,45.113289846779765],[26.156313013716648,45.117642760687296],[26.154337243097217,45.12414542351683],[26.170442925316397,45.127004120573154],[26.201117366074737,45.126171873933046],[26.206020788480526,45.13683067104602],[26.215799996707293,45.14416042368467],[26.221689273067895,45.1444461316752],[26.229341850120996,45.152706437701255]]],[[[26.049943573155296,45.13373014964291],[26.056325912351273,45.12312103640818],[26.065147279980643,45.11555431784222],[26.06690177232048,45.109019723817326],[26.062293884549035,45.10843882282194],[26.06448645406085,45.10105324809949],[26.07642942679765,45.10254121283912],[26.078156452844524,45.09985029798568],[26.082332645753038,45.1010901609021],[26.083169102056313,45.09780138654939],[26.090875278541763,45.099730574048685],[26.09224570093788,45.08307552630294],[26.08904427889469,45.08285089066177],[26.086580664332814,45.08665925140749],[26.078161892424905,45.08383589177387],[26.0779712900125,45.08086748277925],[26.070102180385053,45.08091143819371],[26.076660511763123,45.06813628722932],[26.08366371604767,45.067010477542695],[26.080621786304615,45.063502199999554],[26.076275309590798,45.065912787997924],[26.060070111388033,45.06825282409878],[26.058052124122113,45.065999469327856],[26.047139407280767,45.06724524761792],[26.048477351274798,45.07143948264089],[26.044316178053442,45.072054887034135],[26.006365801152032,45.07445596230806],[26.007573896490516,45.07544453047688],[26.000019719933245,45.07796963363317],[26.02003529829068,45.09051002712168],[26.028640462177062,45.091946075234546],[26.03291800602079,45.10412007096865],[26.028989215963655,45.11679486200648],[26.028878438456452,45.12990048486565],[26.038199241240605,45.133716087960494],[26.049943573155296,45.13373014964291]]],[[[26.35993881715115,44.974645105522725],[26.343545330768507,44.97020404714549],[26.341705798894235,44.97504102068095],[26.3391955245505,44.97450636135331],[26.340578443192243,44.96994462946879],[26.343418774826468,44.96995030466786],[26.32071487032105,44.96367166579173],[26.337283032427862,44.9240350742899],[26.339336973596588,44.9243212154271],[26.338166231126287,44.9171595177551],[26.332310219588596,44.91567187497907],[26.337173176257654,44.89880598014799],[26.319530144008237,44.896879869663685],[26.304414007740114,44.90440974801566],[26.245903498574084,44.9431975396904],[26.279137762308583,44.951848719765906],[26.27391215844551,44.96403552162152],[26.279972790032108,44.965429296797495],[26.279588790252863,44.96893871662414],[26.27328474292585,44.98618511231798],[26.284662070830784,44.99173497524856],[26.285414074815982,44.989486478320096],[26.303968159738815,44.993185932744105],[26.309886315685542,44.97236251687624],[26.357991856765736,44.98315663144568],[26.35993881715115,44.974645105522725]]],[[[26.33413947987529,45.07010358621431],[26.334885740134137,45.05870762105784],[26.344772915772786,45.04691019642774],[26.348844615613476,45.030121468197706],[26.35309277993347,45.026585730424536],[26.34680042391539,45.02338192121586],[26.358156519781687,45.01114710592663],[26.357017805071372,45.00337842154894],[26.36552601885906,44.99759358567428],[26.36766536073319,44.99908532288224],[26.373529265070022,44.99580229870589],[26.377639598836932,44.98735669941057],[26.38691375935585,44.989405463027445],[26.389579511504323,44.982856397327254],[26.35993881715115,44.974645105522725],[26.357991856765736,44.98315663144568],[26.309886315685542,44.97236251687624],[26.301763328774566,45.0009267753691],[26.30774592720912,45.00480705996993],[26.307992363704106,45.0122563590161],[26.3038115284942,45.015291861667706],[26.295864260799394,45.013813462553],[26.300440855516445,45.020421868926356],[26.299867655131326,45.032340423928325],[26.295526833192135,45.035432005898734],[26.28520418651506,45.034625121702426],[26.275774063698147,45.05774652774505],[26.289256974746397,45.06340289057979],[26.30333512018906,45.0630022813191],[26.308598625648607,45.0704268577688],[26.329211049234566,45.072860026666966],[26.33162702358031,45.070975603352785],[26.33063878656973,45.068160784053546],[26.33413947987529,45.07010358621431]]],[[[25.725905911833333,45.172374790986055],[25.725545054317976,45.164652739618994],[25.730554916983387,45.15016633937307],[25.725467074674945,45.146455217494825],[25.714421941235713,45.14364402841164],[25.71246555268839,45.135668918575654],[25.69780728507844,45.14289775028328],[25.686892193775474,45.170216689640945],[25.687436342261236,45.1742853416421],[25.68060979787097,45.1788556622132],[25.675358588413264,45.18743575276183],[25.68562096809937,45.19284447676362],[25.693060795286176,45.19348119727145],[25.692334148603162,45.196780375620904],[25.697526258999623,45.19870763190819],[25.698391044943637,45.1958463589497],[25.708798396382065,45.18953080676254],[25.70920551730642,45.18426967465913],[25.725905911833333,45.172374790986055]]],[[[26.592791016988212,44.96402505263301],[26.599935101204547,44.955848388920224],[26.579437888294933,44.952406545737745],[26.579448989438212,44.95079596363964],[26.530545707331413,44.93753606875654],[26.529451498841098,44.94156221907511],[26.539765958525532,44.944022649292656],[26.538555760714694,44.947775838412205],[26.519281553178686,44.95525339959468],[26.508973069208036,44.95010586869902],[26.51152964965506,44.94674127577447],[26.428031652444396,44.9340938622606],[26.414166792420392,44.956436408023855],[26.383010381312808,44.94819783421736],[26.384410827123492,44.95541005494363],[26.381667950895018,44.95862964909382],[26.382374309902474,44.961498438531024],[26.40300221974245,44.96716199568142],[26.4018486225182,44.96861932134775],[26.410381574728365,44.973201152591635],[26.406410646774575,44.98725404690545],[26.43082475984136,44.99236797171672],[26.444004448104735,44.99280259224578],[26.453255070642676,44.98056078072796],[26.46821174761328,44.985201742446826],[26.471311604981416,44.982057520865375],[26.47917479103648,44.98641754946999],[26.471102724520076,44.99215725452862],[26.49374879529884,44.998509290508544],[26.49742653068113,44.99408776924648],[26.503574566628814,44.99748789349955],[26.501930765236988,44.99950873287567],[26.513600857780023,45.00397320179829],[26.51002565682294,45.01286981849695],[26.51782822751439,45.01468364139785],[26.51934483199092,45.012757365140466],[26.529566089097134,45.01487644676061],[26.534591201328155,45.00301507679554],[26.54714887472022,44.99719047252533],[26.554928089703534,44.999419414707184],[26.57723971398727,44.97154148144511],[26.57933733573775,44.96105487225879],[26.592791016988212,44.96402505263301]]],[[[25.9019144109576,45.12380779802072],[25.918013890815427,45.11690670385385],[25.921229068728003,45.11352568866516],[25.93362198836428,45.11332121124518],[25.945331311478743,45.09968989028085],[25.953702892333645,45.09552165316899],[25.958248963551615,45.09637873198326],[25.96065927050705,45.093368179541606],[25.967941334651425,45.09282278084004],[25.966051607150273,45.09083399711937],[25.969622941041976,45.091950912371914],[25.969309052171177,45.089553680123444],[25.972254196365714,45.08879335195881],[25.96415168451711,45.074235958464946],[25.95985169284263,45.07444102586598],[25.955952331443807,45.0784563588168],[25.955280950742875,45.07249960920287],[25.948974584767836,45.07476039497112],[25.939247135103802,45.0582673951969],[25.940006257770985,45.0556476917494],[25.935619378956588,45.05993351381943],[25.916133247318395,45.05860691207503],[25.910473978887666,45.05966206678588],[25.91114428622408,45.06210859998524],[25.877126273854188,45.06240320936208],[25.875556071916908,45.07475363639399],[25.897532245833528,45.07457200061245],[25.894617634492207,45.07793712021944],[25.896921689504687,45.078307848362336],[25.897687654668857,45.082280696162],[25.87986036935479,45.09303422552375],[25.880040832151334,45.0968265124069],[25.887571542223082,45.09542675392451],[25.888244361885047,45.097378035668136],[25.87182545975691,45.11167799310875],[25.87532753544337,45.11609185382182],[25.886165249488766,45.118668928210546],[25.896231388151676,45.12399822928595],[25.89951433342758,45.12211052600147],[25.9019144109576,45.12380779802072]]],[[[26.031116650467453,45.100837752894726],[26.028547034598322,45.09179795568118],[26.02003529829068,45.09051002712168],[26.000019719933245,45.07796963363317],[25.99713744707262,45.065427197615755],[25.988453616504714,45.05673777655738],[25.988130134778537,45.05319254581993],[25.969079034947345,45.05025515544196],[25.965559878284306,45.05416380845807],[25.962661142674705,45.05414284774728],[25.97033986889642,45.061766094826176],[25.959218461407442,45.06862368329416],[25.965873567797917,45.070843687356664],[25.955885385306768,45.073192226179195],[25.95579104168819,45.07845908125649],[25.96000892274977,45.074360999530825],[25.96415168451711,45.074235958464946],[25.972775948293737,45.08707220636053],[25.96966823664337,45.0919260253171],[25.966016047682775,45.09088283927145],[25.968183493023478,45.09256377334292],[25.95933720708171,45.107056204252075],[25.960477216260117,45.109805108170534],[25.96846954494806,45.11381098010754],[25.966915687929752,45.11732103929042],[25.971839160054504,45.124001923914946],[25.977866954135564,45.12592875228445],[25.980558033219033,45.117149573614114],[25.995618188073585,45.12374968524735],[25.997860999153446,45.12026947525261],[25.995986252052734,45.11917216082417],[26.000089779322355,45.118769916796076],[26.001567086928866,45.12588445943831],[26.008367067032648,45.127192165095494],[26.010502195073826,45.12546742513558],[26.005544578962198,45.12285081380785],[26.009576101175195,45.104424226911405],[26.018311902851273,45.101962590912905],[26.020017740007436,45.10524080542439],[26.026558701166135,45.104720221265275],[26.025305815216548,45.10127628453171],[26.031116650467453,45.100837752894726]]],[[[25.73210293545463,45.24930652861343],[25.736327071673877,45.24592657907307],[25.729778090735042,45.23692524768336],[25.732648780860796,45.229716676506],[25.73126701928007,45.22326124823428],[25.73946344578454,45.21677928243557],[25.741008602522644,45.20754727246114],[25.747253446001586,45.200723442418735],[25.74644859317749,45.192748787912436],[25.751860980607734,45.1886267474271],[25.756403406327188,45.1768775931403],[25.74228430792507,45.179328103736644],[25.730498354136817,45.17709542823657],[25.725905911833333,45.172374790986055],[25.70920551730642,45.18426967465913],[25.708798396382065,45.18953080676254],[25.698391044943637,45.1958463589497],[25.69839498648954,45.198144960803795],[25.692705448995508,45.197116894794064],[25.692870145589268,45.199531623922056],[25.689571259043134,45.20006635339583],[25.69116993144938,45.201084245143264],[25.68591490177343,45.20251184448696],[25.687811253513452,45.203381470486036],[25.685282761243432,45.20911212788178],[25.680383565302385,45.20961846861593],[25.68148453884814,45.2233321799307],[25.677893946290833,45.230687020053956],[25.683964752560172,45.23592665678021],[25.697635982564787,45.239393010137015],[25.701436692268338,45.246522317791516],[25.706582834612302,45.24730628021909],[25.71525949139216,45.24513820784867],[25.722884252929706,45.24888104008909],[25.73210293545463,45.24930652861343]]],[[[26.154708556150254,45.12096344279304],[26.154795339945164,45.113289846779765],[26.14969574286814,45.11279161875999],[26.148472157119194,45.091015593199316],[26.145869397993728,45.08712506674299],[26.14633043661236,45.07886761032756],[26.150447597041595,45.070648930132165],[26.13749622120468,45.06725769744365],[26.138701460072685,45.05705256086104],[26.134436976462567,45.04809940939196],[26.10322931587246,45.054072925764864],[26.096608484445486,45.05314558181818],[26.085192252158272,45.05547938492573],[26.079826989779775,45.05338603641782],[26.06850935234651,45.05366547306737],[26.07306799067652,45.05930031236852],[26.082224510693614,45.06307475856691],[26.08366371604767,45.067010477542695],[26.076660511763123,45.06813628722932],[26.070102180385053,45.08091143819371],[26.0779712900125,45.08086748277925],[26.078161892424905,45.08383589177387],[26.086580664332814,45.08665925140749],[26.08904427889469,45.08285089066177],[26.09224570093788,45.08307552630294],[26.090875278541763,45.099730574048685],[26.09499458786291,45.09952311115515],[26.094710934133083,45.10229835714596],[26.108471166470412,45.100763168863935],[26.106799304442024,45.11285941278746],[26.101350303361865,45.11331844831935],[26.1072603774755,45.12269102685032],[26.099164245549545,45.126306194160875],[26.099150339877486,45.12894458073646],[26.12040438777829,45.13171505550653],[26.12746723114741,45.12583579205505],[26.12982054478915,45.11882521996915],[26.13418324479157,45.12164668352585],[26.13753384942577,45.11705710875606],[26.15387604857929,45.118256482075296],[26.154708556150254,45.12096344279304]]],[[[26.10254767411181,45.16415843120147],[26.111435867402214,45.159854187256556],[26.114201835812803,45.15292385322067],[26.10519065703572,45.14794171049795],[26.10893580138009,45.14688340296145],[26.10155205907694,45.13892417042773],[26.102557160098527,45.13596830012639],[26.098175481651094,45.12749629306426],[26.1072603774755,45.12269102685032],[26.101350303361865,45.11331844831935],[26.106799304442024,45.11285941278746],[26.108471166470412,45.100763168863935],[26.094710934133083,45.10229835714596],[26.09499458786291,45.09952311115515],[26.083169102056313,45.09780138654939],[26.082332645753038,45.1010901609021],[26.078156452844524,45.09985029798568],[26.07642942679765,45.10254121283912],[26.06448645406085,45.10105324809949],[26.062293884549035,45.10843882282194],[26.06690177232048,45.109019723817326],[26.065147279980643,45.11555431784222],[26.05095339897816,45.12992241650643],[26.049608230989424,45.13508366795491],[26.052483233280697,45.14282686917543],[26.073781355488308,45.15050664855101],[26.077609142388454,45.14819444607817],[26.080429311211525,45.14936386591528],[26.08474718919193,45.154466491160754],[26.10254767411181,45.16415843120147]]],[[[26.24938887472981,45.19794083290969],[26.253376077569076,45.1879346981752],[26.25373649547081,45.1772329889713],[26.24936208993392,45.17487300326831],[26.243467718239074,45.16147475432905],[26.23380426245902,45.16067711188207],[26.231529070018276,45.15212452790816],[26.229258723538788,45.152661410940055],[26.221689273067895,45.1444461316752],[26.215799996707293,45.14416042368467],[26.206020788480526,45.13683067104602],[26.202405660217263,45.132985265849136],[26.202159802167248,45.13069794580398],[26.204553656420778,45.130544762831555],[26.20128490062948,45.129534610998505],[26.20132417853835,45.12626043208002],[26.175685104364188,45.126778766839145],[26.178362093764594,45.135948244178685],[26.17316729875269,45.13603972189929],[26.179597241520504,45.14131145665765],[26.173593711941553,45.144708461549364],[26.17564262258231,45.145761113229014],[26.173395860468794,45.14634733671103],[26.175795847837488,45.148120957790596],[26.175779546890627,45.156931685841855],[26.160264398523733,45.16718530680104],[26.1660076514034,45.17409025584564],[26.1765561190685,45.18131122896109],[26.20653346857659,45.19351004717471],[26.20921117527899,45.19704995752779],[26.208682628978845,45.204432853479],[26.224263220669584,45.21128174951989],[26.23044325001784,45.21000799676717],[26.23017947130315,45.212272373562804],[26.23571895529145,45.2115313066071],[26.24938887472981,45.19794083290969]]],[[[26.271834723087903,45.111103099376756],[26.27180035536488,45.1067282836421],[26.26880737685975,45.10493187547643],[26.270521508848294,45.10324223883332],[26.294487802236432,45.10302971408826],[26.29360027037588,45.09968012984582],[26.30599101916131,45.099118243748784],[26.306694085240558,45.093799026640085],[26.311671877981635,45.088625910794676],[26.32656116526815,45.08259150685999],[26.307979606681542,45.070197711227166],[26.30333512018906,45.0630022813191],[26.289256974746397,45.06340289057979],[26.275774063698147,45.05774652774505],[26.243359734388378,45.067420611075285],[26.247226038540486,45.073430674596075],[26.232266298292625,45.079179702921614],[26.235565803165425,45.09435773014248],[26.231679481478142,45.09472576239094],[26.22951633519051,45.09813588625451],[26.237654000131833,45.10665948588936],[26.24370156646782,45.1086717176803],[26.253884656565035,45.10687435862131],[26.271834723087903,45.111103099376756]]],[[[25.681793102116906,45.13847982846034],[25.69174383593983,45.12992964255806],[25.693559356268594,45.12195117315895],[25.68431503820219,45.11884827354284],[25.685666272296046,45.11557058253797],[25.683726617893704,45.11473959700995],[25.692789340441518,45.1140831797547],[25.69967839263586,45.10774285307403],[25.709654363670374,45.106465468301685],[25.712611006486952,45.10876216773715],[25.711547316422298,45.10406597182533],[25.715941205130367,45.10252704613438],[25.717858905165375,45.0972082800989],[25.707500608031687,45.090786266747656],[25.70536514247781,45.0923260227479],[25.69359452596593,45.08686011237645],[25.68939427426672,45.08847952599387],[25.694322418682138,45.084901198345634],[25.68092702045863,45.08376982879997],[25.67517296939765,45.080797643167564],[25.671406375067733,45.08353533533015],[25.665750967447696,45.08317567078574],[25.654834325567254,45.09096337271261],[25.639683871001676,45.092013085208755],[25.63451395942412,45.09900932960009],[25.634168246126706,45.10461835795064],[25.62336533232199,45.106623551055144],[25.623313848593973,45.110651483102586],[25.627823593556148,45.11251318261755],[25.634631983369655,45.11043071501531],[25.645213306489303,45.114408283813326],[25.644836630984845,45.121802393469736],[25.651291001594725,45.12637020007689],[25.651488739662682,45.13252599868096],[25.66638208987408,45.134270133006154],[25.674079323067,45.13868588215879],[25.681793102116906,45.13847982846034]]],[[[26.112420214498503,45.22566081048561],[26.12882656111295,45.22161511549071],[26.128764485831987,45.212453628803544],[26.13144370272833,45.20775524487574],[26.13669850164844,45.20575711576532],[26.141481717837348,45.19721444914282],[26.133850545146323,45.17629622946386],[26.132079439470047,45.173534070408394],[26.101167031234958,45.16397626801311],[26.096135615996573,45.15925344721949],[26.084874079080258,45.15455003081173],[26.075034445129038,45.17114793433133],[26.078494612028187,45.17860943801051],[26.076927312466918,45.181888669969545],[26.082771632063594,45.18211651125701],[26.09027786164024,45.18775663865422],[26.08963365621162,45.194549212792424],[26.08599333789793,45.19906091525698],[26.08868066493904,45.201856372600716],[26.080193093576682,45.206574623157636],[26.087510837188674,45.20879278305976],[26.08797119820473,45.21179014720797],[26.097091912920465,45.215014651919795],[26.099419699384125,45.21410428960068],[26.112195387555012,45.22291510588539],[26.108949282271997,45.225555509667515],[26.109263650009737,45.229075470392324],[26.113498204705778,45.228199821739054],[26.112420214498503,45.22566081048561]]],[[[26.44325595636111,45.075646178733905],[26.445916191772206,45.07326201112293],[26.463006598830496,45.070019001228545],[26.46876137516335,45.063358394771974],[26.47484285018913,45.04743723242639],[26.477938695363456,45.04744834283224],[26.477009173795206,45.03408088268346],[26.48172877642945,45.02759397793538],[26.47739200462943,45.026334465651544],[26.481296765299106,45.02112476038549],[26.45475502665001,45.010404332317115],[26.45230997965138,45.019919181830154],[26.445116719174955,45.027435134361454],[26.43717455940054,45.02521419815601],[26.438886577776625,45.01701016413434],[26.43341630436526,45.01544277248487],[26.416886821428253,45.02135333759903],[26.396876931624284,45.03675004284888],[26.392084266152988,45.04760650309569],[26.399741385974018,45.0529040813857],[26.39790102965141,45.05856351870317],[26.402882425599522,45.065926234516674],[26.414329880455767,45.06701164322611],[26.412914998501268,45.073053405920746],[26.415550685436095,45.07558063600042],[26.406870222936902,45.07454002582797],[26.408220883361835,45.081161162910554],[26.41723653640538,45.07974393900508],[26.420101583074537,45.08368269285434],[26.42648051285169,45.08621837002406],[26.42402735954284,45.077004665057665],[26.42939938287759,45.078353904796266],[26.44325595636111,45.075646178733905]]],[[[25.620343456239862,45.16610136281139],[25.62685072088389,45.16399329567485],[25.628639513467935,45.165545203512515],[25.63835515490766,45.15995419786683],[25.63553943886469,45.15035759595275],[25.642145900979152,45.15164106875331],[25.658751191166495,45.1396770866954],[25.670494235198365,45.135950885677985],[25.651463089067406,45.13251139057627],[25.651291001594725,45.12637020007689],[25.644836630984845,45.121802393469736],[25.645243320861503,45.11443686888743],[25.634528090152546,45.11041396176794],[25.627823593556148,45.11251318261755],[25.623313848593973,45.110651483102586],[25.618922519928724,45.11895980451356],[25.61018760647419,45.12408270654391],[25.6050070663563,45.12436643328589],[25.60510178353627,45.12897428062701],[25.59347657122328,45.143499957238234],[25.59803060810673,45.14738723856386],[25.60107363552912,45.16195998439477],[25.605279258249453,45.16203557475595],[25.6105434462649,45.16666965023756],[25.6188455571783,45.16285679586984],[25.620343456239862,45.16610136281139]]],[[[26.298695062688477,45.14139267768264],[26.297835466409808,45.130529450946966],[26.30760370763458,45.1303857571119],[26.31088581369165,45.12523734397477],[26.3083319102679,45.12146635444512],[26.30619106490998,45.12255534054061],[26.306519091635927,45.117989649380185],[26.299742068671932,45.11710797390155],[26.297295523290316,45.11104920350643],[26.28162693082938,45.110480827448704],[26.27377383145211,45.113673928624145],[26.272122804016867,45.11106684609032],[26.254226499629134,45.10691685600179],[26.243896935583045,45.10873072410634],[26.237654000131833,45.10665948588936],[26.236374805587353,45.10357715505832],[26.237434712696153,45.1159724695189],[26.234872386352126,45.116234184647844],[26.233357352794197,45.12564001360013],[26.235654516530744,45.13512119801888],[26.23274942169047,45.142269775944136],[26.230297423688583,45.14204825450906],[26.2317412871247,45.15337046995283],[26.237176212752427,45.1537407095031],[26.242685701654157,45.1388906434431],[26.2629883167841,45.13988090784302],[26.26654734785176,45.14733617111895],[26.277983391557115,45.145396509153805],[26.280238906564872,45.148508244194176],[26.285910401197835,45.14213372556755],[26.296444221238474,45.14389198699554],[26.298695062688477,45.14139267768264]]],[[[26.160264398523733,45.16718530680104],[26.175779546890627,45.156931685841855],[26.175795847837488,45.148120957790596],[26.173395860468794,45.14634733671103],[26.17564262258231,45.145761113229014],[26.173593711941553,45.144708461549364],[26.17959689386701,45.141215815329865],[26.17316729875269,45.13603972189929],[26.178362093764594,45.135948244178685],[26.17543405914041,45.126598667803044],[26.158563126024216,45.12581680382983],[26.15383768472081,45.12341128264223],[26.15397573258976,45.11829301209221],[26.139620936770484,45.11691959972398],[26.13418324479157,45.12164668352585],[26.12982054478915,45.11882521996915],[26.12746723114741,45.12583579205505],[26.12040438777829,45.13171505550653],[26.099150339877486,45.12894458073646],[26.10155205907694,45.13892417042773],[26.10893580138009,45.14688340296145],[26.10519065703572,45.14794171049795],[26.114201835812803,45.15292385322067],[26.111435867402214,45.159854187256556],[26.102773560514496,45.16456474372615],[26.13238313293107,45.17366381236336],[26.14112136431005,45.171561555722334],[26.146280136180593,45.172940361616035],[26.160264398523733,45.16718530680104]]],[[[26.211930938802418,45.02157597943353],[26.213073801621224,45.01727048335025],[26.204077063460563,45.006819646524995],[26.204830037273975,45.00410040223459],[26.201150038272594,45.00166074033607],[26.19288338416612,45.0008530148483],[26.196068931308634,44.99706762246517],[26.20009075769156,44.996865934121004],[26.19662717426418,44.99669410171118],[26.200492929639566,44.99365679457545],[26.19508934602714,44.99452354374164],[26.195774164383952,44.991487954117375],[26.191156971584217,44.99176636520888],[26.190388088837057,44.99366881264593],[26.186619458517658,44.99150756269196],[26.185589126384837,44.99507089641734],[26.18098033167544,44.991615150512565],[26.177226833534473,44.996472496593555],[26.17640652767008,44.99427680060891],[26.17083289339346,44.992707157694255],[26.168174140290095,44.995153648195014],[26.16420283636226,44.994940106568876],[26.16495579695313,44.993204386740715],[26.158097970280647,44.99103981007252],[26.150081923629767,44.99698209262677],[26.143646765103384,44.992713134115846],[26.140342331281683,44.99683830513659],[26.122565299779662,45.00440066051291],[26.119107851533023,45.010002201538065],[26.11291009901263,45.009264265390705],[26.10389710368012,45.00319533342575],[26.098773460340876,45.014618649036436],[26.091614832533473,45.01226307540347],[26.09669087704206,45.02367731196539],[26.10232798738007,45.0244647218837],[26.093797108320462,45.042989447589264],[26.11261215195728,45.05216933908249],[26.134436976462567,45.04809940939196],[26.138701460072685,45.05705256086104],[26.13749622120468,45.06725769744365],[26.151385619577802,45.07087453854746],[26.154722153725793,45.06818038784863],[26.159419708585432,45.05397813752239],[26.166545432808817,45.049134026332304],[26.16487941974437,45.04354268702853],[26.16785884981013,45.02860734631923],[26.192248585890198,45.031540621707705],[26.1995134424552,45.02600356907318],[26.203675136037056,45.02571664943213],[26.206675914053783,45.021886770583635],[26.211930938802418,45.02157597943353]]],[[[26.302862775834097,45.202072757841236],[26.303334762074506,45.199470948054994],[26.297599934871663,45.1932380713062],[26.294764675961552,45.17898554307498],[26.29649657742823,45.180136529296426],[26.303431864861906,45.17576600303953],[26.30811752960873,45.16630178933672],[26.310550256651737,45.15804487035617],[26.30643902715317,45.15706369899976],[26.30939348374158,45.14658839021882],[26.298695062688477,45.14139267768264],[26.296444221238474,45.14389198699554],[26.285910401197835,45.14213372556755],[26.280506261512073,45.148494022747485],[26.277983391557115,45.145396509153805],[26.266718826258753,45.14738914612047],[26.2629883167841,45.13988090784302],[26.242685701654157,45.1388906434431],[26.237176212752427,45.1537407095031],[26.2316775873501,45.15337971866887],[26.23104268535017,45.15654749085562],[26.233841476029305,45.16070643071801],[26.243467718239074,45.16147475432905],[26.24936208993392,45.17487300326831],[26.25373649547081,45.1772329889713],[26.253376077569076,45.1879346981752],[26.2493727702945,45.197726702918274],[26.251650839939508,45.2014263404312],[26.256450792471114,45.20126121647923],[26.2560004832253,45.2085406823711],[26.26478770797231,45.2092498365774],[26.26888729758996,45.205686424286334],[26.286093401836446,45.20745509090956],[26.302862775834097,45.202072757841236]]],[[[26.155317847250988,45.20421156489353],[26.19460339151305,45.20859915104989],[26.19245389636812,45.20509162120874],[26.19465346843971,45.202352630335064],[26.206043124464692,45.20322873126099],[26.20911613715393,45.20079536715144],[26.20620853408627,45.19330866163768],[26.17650005967512,45.18128274757938],[26.160264398523733,45.16718530680104],[26.146280136180593,45.172940361616035],[26.14112136431005,45.171561555722334],[26.1321840566974,45.17363720260283],[26.14157469494965,45.19459326043033],[26.137108754295127,45.20418140753347],[26.14531572023472,45.202970163980396],[26.150581416753305,45.205178477033634],[26.155317847250988,45.20421156489353]]],[[[26.39990750171843,45.0618688838997],[26.39778708630723,45.05499967231978],[26.399741385974018,45.0529040813857],[26.392080152309195,45.04764039583887],[26.39311559170513,45.043225961740134],[26.39632743164121,45.041459902811766],[26.395140902595738,45.03886299057635],[26.4148950168179,45.024394849797346],[26.41245454317993,45.02213339597118],[26.40770378279198,45.02246300732244],[26.416388873988666,45.01000308259691],[26.42545629190485,45.005953055923946],[26.43208470347447,44.999712053924895],[26.41463622463318,44.99553635257401],[26.385101108740066,45.01503515752264],[26.365306706495492,45.035247764516654],[26.368706338700573,45.03747827287258],[26.359720725675743,45.04215797423255],[26.351181213281123,45.055295707490714],[26.34624904433906,45.059659497948644],[26.335513105130023,45.06212043203402],[26.333672198985177,45.06482210270962],[26.33878196146422,45.067249350857566],[26.351408235893096,45.06619483907363],[26.355625211936808,45.05955560085839],[26.372278014637875,45.06736725020966],[26.375579553907052,45.06206411457484],[26.38197140503334,45.05842466997955],[26.387948031626415,45.062675399212516],[26.39619520082404,45.05927774198874],[26.39990750171843,45.0618688838997]]],[[[26.46061166147073,45.16615433674627],[26.469492129084024,45.13828686912665],[26.465694674705503,45.13917290389764],[26.456340152191476,45.13613992344367],[26.456466328847224,45.128921843329984],[26.44948295643893,45.126107517337346],[26.45014864031112,45.13790135771598],[26.44526662488606,45.13873624502442],[26.43940935823089,45.13817676119853],[26.43615288811374,45.13298949679768],[26.4325563127031,45.131899605998086],[26.42562838768071,45.135946769972435],[26.410736787590558,45.13438387200112],[26.405462371171776,45.13131279790246],[26.396791284655396,45.130067095311695],[26.394559794270382,45.13457744108504],[26.387631794296734,45.13649147544483],[26.38260126808575,45.14319104358212],[26.37650421580555,45.14384596622811],[26.37604271522983,45.15208835202371],[26.396420149152366,45.157001629685126],[26.40756468011215,45.17028818269384],[26.418980363160944,45.17341317349059],[26.433183544190197,45.18368228708346],[26.46037369179983,45.19809688943609],[26.46061166147073,45.16615433674627]]],[[[26.39232734698382,45.10806480986618],[26.393873917700823,45.10605501761339],[26.391084664772695,45.10140395071134],[26.394321933346653,45.093903289147036],[26.403072152441226,45.093809149094504],[26.400450717920663,45.0911182996142],[26.40424283903556,45.090641829064076],[26.403502797661233,45.08855374087237],[26.40026938988793,45.08987516785356],[26.39873675931431,45.08840461587549],[26.40419821936967,45.08062546371028],[26.399448081138424,45.07522327938623],[26.415550685436095,45.07558063600042],[26.412914998501268,45.073053405920746],[26.414329880455767,45.06701164322611],[26.403902615744514,45.066399395950356],[26.39619520082404,45.05927774198874],[26.387948031626415,45.062675399212516],[26.38197140503334,45.05842466997955],[26.375579553907052,45.06206411457484],[26.372741376777515,45.06736542447389],[26.355799641524506,45.0595573285318],[26.351408235893096,45.06619483907363],[26.33878196146422,45.067249350857566],[26.33289776391369,45.064734814959955],[26.336397985773093,45.07514148256241],[26.3338112668255,45.079288521042855],[26.343659138071033,45.082182156975556],[26.344544425940136,45.084324349073945],[26.355188497297934,45.08509401129787],[26.360982372529108,45.09118924019671],[26.36222331029979,45.0950713678948],[26.355035360449037,45.10086697444428],[26.364016899468968,45.10500780152142],[26.361688187118823,45.11604687142792],[26.365517370163726,45.116339317086336],[26.368838521071435,45.11258103347876],[26.36874207443455,45.10525820258402],[26.37224365386961,45.100400881232034],[26.380943591814937,45.09945652339668],[26.39232734698382,45.10806480986618]]],[[[26.355122314108293,45.17196881249936],[26.352373257703146,45.162040782157604],[26.334397353941316,45.164429741774185],[26.331895562525208,45.168162717929526],[26.314883617601886,45.16163780297267],[26.314364894313712,45.157097897441986],[26.3102433037964,45.15631510597421],[26.311500611569166,45.15832114434449],[26.307716122615663,45.16231335249935],[26.303653078702716,45.17549592618289],[26.29649657742823,45.180136529296426],[26.294764675961552,45.17898554307498],[26.297607567013483,45.19325825296854],[26.307122319648734,45.20835677174956],[26.310990921882755,45.21096995679555],[26.314509087081117,45.20873052139128],[26.326106040181557,45.21693589588086],[26.33486972403524,45.2178534036198],[26.34589409363477,45.21502641623596],[26.34903655807052,45.21213053637421],[26.356908930644273,45.21419180510105],[26.34763997141881,45.202433101505946],[26.345733760079106,45.19619715935175],[26.34912363129495,45.19228838911338],[26.345924149056295,45.18688020999677],[26.351299229445893,45.18648624304403],[26.353533673141644,45.18072591901865],[26.355122314108293,45.17196881249936]]],[[[26.361439725874675,45.1147254483345],[26.364016899468968,45.10500780152142],[26.355035360449037,45.10086697444428],[26.36222331029979,45.0950713678948],[26.360982372529108,45.09118924019671],[26.355188497297934,45.08509401129787],[26.344544425940136,45.084324349073945],[26.343659138071033,45.082182156975556],[26.3338112668255,45.079288521042855],[26.33623552621073,45.07411958098782],[26.33068234528829,45.06815894752311],[26.329211049234566,45.072860026666966],[26.32651935931398,45.07185809560477],[26.318623389134004,45.071820676161884],[26.316021023415075,45.07067888378196],[26.30866081853132,45.07043997670141],[26.32656116526815,45.08259150685999],[26.311671877981635,45.088625910794676],[26.306694085240558,45.093799026640085],[26.306094639840108,45.0990758623468],[26.29360027037588,45.09968012984582],[26.294487802236432,45.10302971408826],[26.272465643234394,45.102943573987666],[26.268802436113813,45.10488470906217],[26.27180035536488,45.1067282836421],[26.273626165011937,45.11364579132438],[26.28162693082938,45.110480827448704],[26.297295523290316,45.11104920350643],[26.299742068671932,45.11710797390155],[26.306519091635927,45.117989649380185],[26.30619106490998,45.12255534054061],[26.30830454504207,45.12145352693828],[26.307982331114694,45.12374051342252],[26.31205714029621,45.124230137942455],[26.311480094548664,45.12715912740988],[26.31430810614118,45.129268979069316],[26.318039804000584,45.12740678437499],[26.319198493808656,45.12103366067235],[26.320202215909575,45.12269440791904],[26.325012985517603,45.121180477518536],[26.32184204317532,45.10958228141858],[26.32623893222432,45.10926601697837],[26.334290163866328,45.11828416691437],[26.340723776006183,45.11354969058225],[26.351618406146482,45.11551565893178],[26.361439725874675,45.1147254483345]]],[[[25.89419400616003,45.189866990277395],[25.903424504485884,45.18537285092538],[25.903844457824306,45.18220647908262],[25.907853249615805,45.18193674580067],[25.90815670618285,45.178868966349796],[25.91637265693186,45.178666732530324],[25.918020862757825,45.166612113891624],[25.923347811547576,45.162400585248825],[25.921750531681877,45.160510448202466],[25.927900759308073,45.15901010179018],[25.93060431424545,45.15267224588726],[25.923777517305375,45.15165156043198],[25.919247549387403,45.14804892540719],[25.90036097708285,45.15273651050606],[25.892103558105433,45.15009946330309],[25.860246027878294,45.149240373582536],[25.848607444552304,45.14986260925068],[25.846573820610434,45.15266707996454],[25.841363702074236,45.152489468640546],[25.83565154730081,45.1556673949866],[25.84714814926746,45.160696576259596],[25.84037578545994,45.16253690136416],[25.836770873030385,45.171921892024905],[25.830604746620804,45.17226840136782],[25.831877116727888,45.17911566672485],[25.843350079732385,45.18284590050073],[25.866239053718008,45.18437749210537],[25.882657377348693,45.188946263010486],[25.88910621347367,45.1876361374511],[25.89419400616003,45.189866990277395]]],[[[25.602834087846855,45.227507886040875],[25.60539852034854,45.21898827872073],[25.60886743704001,45.21945764646691],[25.596406680984543,45.2055697188978],[25.581107050193,45.20677531169277],[25.581082252598836,45.21000245355512],[25.57775271996802,45.211404524231895],[25.562020999245984,45.20999177383502],[25.559298898050248,45.203145163069905],[25.553331228341406,45.19856619597974],[25.557893661180216,45.19227855657056],[25.535373332746577,45.18791622750198],[25.5304595301157,45.1944755425802],[25.540010669494823,45.20331499662035],[25.53416111932476,45.216037898351594],[25.51092375392465,45.222088931506555],[25.516436413766673,45.22661449824826],[25.518245430645095,45.23197788103157],[25.521578295882954,45.23189304886996],[25.528210652630246,45.237088650259665],[25.525348262026476,45.243996890102956],[25.53007779311281,45.24402573140959],[25.533572235959262,45.25386588007371],[25.541234017668597,45.259867468349555],[25.545258968550964,45.249233973416516],[25.554857659269118,45.24052363481831],[25.567916639423057,45.237568614657825],[25.5854834204844,45.2293235153884],[25.602834087846855,45.227507886040875]]],[[[26.45014864031112,45.13790135771598],[26.449457522789995,45.11513392109601],[26.452037066442053,45.11571346408515],[26.453368031425594,45.11215121600547],[26.45472758852576,45.099851759400906],[26.452001445925912,45.09852947299196],[26.456268065286185,45.0919304059327],[26.452571320339143,45.09040305176401],[26.452117693663528,45.087704871037744],[26.456242084457795,45.08163170545244],[26.451376812573752,45.08330782739421],[26.448939874631773,45.07924298899179],[26.442965252763983,45.07882305004035],[26.44325595636111,45.075646178733905],[26.42939938287759,45.078353904796266],[26.42402735954284,45.077004665057665],[26.42648051285169,45.08621837002406],[26.420101583074537,45.08368269285434],[26.41723653640538,45.07974393900508],[26.408220883361835,45.081161162910554],[26.406870222936902,45.07454002582797],[26.39963474587111,45.075110995287545],[26.40419821936967,45.08062546371028],[26.39873675931431,45.08840461587549],[26.40026938988793,45.08987516785356],[26.403502797661233,45.08855374087237],[26.40424283903556,45.090641829064076],[26.400450717920663,45.0911182996142],[26.403072152441226,45.093809149094504],[26.394321933346653,45.093903289147036],[26.391084664772695,45.10140395071134],[26.395066112417645,45.110359206220885],[26.39255776587575,45.11860589291124],[26.399080627093348,45.12504054233681],[26.396464950949525,45.13020338766295],[26.405462371171776,45.13131279790246],[26.410736787590558,45.13438387200112],[26.42562838768071,45.135946769972435],[26.4325563127031,45.131899605998086],[26.43615288811374,45.13298949679768],[26.43940935823089,45.13817676119853],[26.44526662488606,45.13873624502442],[26.45014864031112,45.13790135771598]]],[[[26.4154590890927,44.99571412761917],[26.418029349733345,44.98985217786813],[26.389579511504323,44.982856397327254],[26.38691375935585,44.989405463027445],[26.377639598836932,44.98735669941057],[26.373529265070022,44.99580229870589],[26.36766536073319,44.99908532288224],[26.36552601885906,44.99759358567428],[26.357404714407533,45.00289910306898],[26.358156519781687,45.01114710592663],[26.34680042391539,45.02338192121586],[26.35309277993347,45.026585730424536],[26.348844615613476,45.030121468197706],[26.347273287167802,45.04184758304777],[26.344910488133454,45.04212029416564],[26.344772915772786,45.04691019642774],[26.334341740861646,45.061748777213886],[26.346361291603277,45.05960206803389],[26.357599644349403,45.04762792649266],[26.359720725675743,45.04215797423255],[26.368706338700573,45.03747827287258],[26.365306706495492,45.035247764516654],[26.385101108740066,45.01503515752264],[26.4154590890927,44.99571412761917]]]]},"properties":{"alert_id":"e2ae02d91109188a","source":"nowcasting","alert_type":"nowcasting","feature_id":"aaf15347625c956757","judet_cod":"PH","judet_nume":"Prahova","county_code":"PH","county_name":"Prahova","cod_judet":"PH","cod_culoare":1,"cod_culoare_nume":"Galben","culoare":"1","cod":"Galben","fenomen_principal":"Local averse torențiale care vor acumula 15...25 l/mp, descărcări electrice.","fenomen_group":"ploi/vijelii","zona_text":"Județul Brăila: Ianca, Însurăței, Viziru, Tufești, Ulmu, Dudești, Stăncuța, Cireșu, Mircea Vodă, Zăvoaia, Jirlău, Bordei Verde, Surdila-Găiseanca, Surdila-Greci, Făurei;<br>Județul Buzău: Buzău, Vernești, Vadu Pașii, Merei, Smeeni, Mărăcineni, Săgeata, Tisău, Cislău, Costești, Rușețu, Țintești, Pietroasele, Gherăseni, Gălbinași, Breaza, Săhăteni, Ulmeni, Stâlpu, Luciu, C.a. Rosetti, Movila Banului, Amaru, Mihăilești, Năeni, Cilibia, Largu, Robeasca;<br>Județul Prahova: Ploiesti, Câmpina, Băicoi, Breaza, Mizil, Vălenii de Munte, Urlați, Boldești-Scăeni, Filipeștii de Pădure, Valea Călugărească, Bucov, Plopeni, Bărcănești, Ariceștii Rahtivani, Filipeștii de Târg, Brebu, Târgșoru Vechi, Florești, Blejoi, Vărbilău, Telega, Măgureni, Scorțeni, Gura Vitioarei, Albești-Paleologu, Colceag, Bănești, Berceni, Poiana Câmpina, Sângeru, Iordăcheanu, Păulești, Lipănești, Podenii Noi, Măgurele, Tomșani, Ceptura, Cornu, Baba Ana, Vâlcănești, Cocorăștii Mislii, Dumbrăvești, Șotrile, Bălțești, Gornet, Șoimari, Gornet-Cricov, Provița de Jos, Predeal-Sărari, Gura Vadului, Provița de Sus, Apostolache, Păcureți, Plopu, Chiojdeanca, Surani, Vadu Săpat, Lapoș, Călugăreni, Salcia, Tătaru, Cosminele, Talea, Jugureni, Fântânele;<br>Județul Dâmboviţa: Moreni, Pucioasa, I. L. Caragiale, Fieni, Răzvad, Gura Ocniței, Bezdead, Valea Lungă, Buciumeni, Dărmănești, Vulcana-Pandele, Runcu, Glodeni, Ocnița, Brănești, Iedera, Vulcana-Băi, Vișinești, Moțăieni, Vârfuri;<br>","zona_nume":"Prahova - localitati","zone_name":"Prahova - localitati","display_name":"Prahova - localitati","localities":["Ploiesti","Câmpina","Băicoi","Breaza","Mizil","Vălenii de Munte","Urlați","Boldești-Scăeni","Filipeștii de Pădure","Valea Călugărească","Bucov","Plopeni","Bărcănești","Ariceștii Rahtivani","Filipeștii de Târg","Brebu","Târgșoru Vechi","Florești","Blejoi","Vărbilău","Telega","Măgureni","Scorțeni","Gura Vitioarei","Albești-Paleologu","Colceag","Bănești","Berceni","Poiana Câmpina","Sângeru","Iordăcheanu","Păulești","Lipănești","Podenii Noi","Măgurele","Tomșani","Ceptura","Cornu","Baba Ana","Vâlcănești","Cocorăștii Mislii","Dumbrăvești","Șotrile","Bălțești","Gornet","Șoimari","Gornet-Cricov","Provița de Jos","Predeal-Sărari","Gura Vadului","Provița de Sus","Apostolache","Păcureți","Plopu","Chiojdeanca","Surani","Vadu Săpat","Lapoș","Călugăreni","Salcia","Tătaru","Cosminele","Talea","Jugureni","Fântânele"],"geometry_source":"uat_match","match_confidence":"medium","interval_text":"","interval_start":"2026-09-02T23:10:00","valid_from":"2026-09-02T23:10:00","valid_to":"2026-09-03T00:30:00","interval_valabilitate_text":"","interval_end":"2026-09-03T00:30:00","data_expirare":"2026-09-03T00:30:00","mesaj_plain":"Local averse torențiale care vor acumula 15...25 l/mp, descărcări electrice.","source_url":"","source_label":"","notes":"","durata_ore":1.3,"zi":"2026-09-03"}},{"type":"Feature","geometry":{"type":"MultiPolygon","coordinates":[[[[26.909416486124584,46.8272577361412],[26.905924285419225,46.822159865497845],[26.914156036412162,46.82055130916738],[26.91488801741228,46.811102311349806],[26.91145841773285,46.80983798724279],[26.904693253111958,46.815854701181905],[26.901041779872525,46.816247961292326],[26.900089792053244,46.81136478888684],[26.90671588288475,46.80704347472271],[26.908108421430832,46.80030018111494],[26.90386115303487,46.79833530786964],[26.89532694885976,46.801098807022285],[26.892981946310275,46.7982942280353],[26.89587399749755,46.79573548506875],[26.91291554489236,46.793110101501455],[26.913226300055275,46.79005058470015],[26.90785581966927,46.78652954931994],[26.914515147163616,46.78263677334252],[26.92244368025511,46.782786183611925],[26.918786274442194,46.77792879879194],[26.922208780633756,46.77528546911869],[26.925457994388932,46.775668441348785],[26.927884314177884,46.78165443822737],[26.936040563504584,46.78483754574107],[26.938819978409878,46.778147325870364],[26.94679724057831,46.77157578738494],[26.940446301478786,46.76596439064958],[26.947655915409626,46.762184360320454],[26.94639935136513,46.758219824013196],[26.938990394841003,46.75594186070647],[26.93616422881751,46.7479364166092],[26.943843880322696,46.74441237569784],[26.949719077109684,46.74452964638862],[26.94650653914024,46.735649914525354],[26.95482630896844,46.72980054689291],[26.939982311391713,46.72253330541165],[26.938398291796926,46.72493754541122],[26.89182482978651,46.73061746929869],[26.84156199427892,46.732906289932615],[26.8249742933929,46.72888713318289],[26.822973257913347,46.72992342805902],[26.800475508884258,46.721060733329466],[26.79777455670973,46.724821705622645],[26.81739790440501,46.732503183710996],[26.813776333059884,46.7352816698579],[26.824695338285245,46.73940902587383],[26.8228125480989,46.74318312303699],[26.836606328256345,46.74973910321479],[26.834597224837555,46.75201606799842],[26.836755809544755,46.75024735231534],[26.841897357366758,46.75133139746103],[26.832163656017528,46.76209393396291],[26.829990271377422,46.76556517880519],[26.83220929335838,46.7663972863968],[26.827252928169685,46.76770338015594],[26.821596684129297,46.77318342082966],[26.835684787290493,46.779363480570595],[26.843959893806097,46.77576252709792],[26.846367147352343,46.7805393166727],[26.849519440108228,46.779924906427006],[26.849527039374884,46.80468727947504],[26.866263168543703,46.80666727433156],[26.866267213151232,46.80964197802358],[26.87200331658559,46.81021602634911],[26.871451730176403,46.81371653893872],[26.882443661690694,46.815858481130874],[26.881794347087805,46.828764779713005],[26.909416486124584,46.8272577361412]]],[[[27.285928782599832,46.716886878906685],[27.30528582120381,46.70657140417337],[27.311925133796066,46.70056810796934],[27.31752582259851,46.70245097150629],[27.32657261577632,46.69797474763696],[27.31754995388341,46.69142734566653],[27.31221874385509,46.692037407617725],[27.304924461058583,46.68669586694297],[27.30725576091951,46.683721687389685],[27.292983983415425,46.67690291952471],[27.28805883833596,46.68073795766242],[27.284054182516826,46.678892895023836],[27.276558390252085,46.681270661836486],[27.272513382465945,46.691607332843645],[27.2637252334013,46.69279920902118],[27.258750032517085,46.69708929120067],[27.23785531134753,46.69837924252595],[27.229488489837696,46.701867854328476],[27.22436555130711,46.69783631134603],[27.19401604128842,46.709653558279435],[27.18344743854802,46.7081111760032],[27.170093214017317,46.71269414902955],[27.15685895985749,46.714071441178106],[27.15483268932135,46.71614305002045],[27.157872675691504,46.721845736884774],[27.150370422509212,46.72618568652228],[27.150166346529232,46.729970936938585],[27.160542151180525,46.73434999175179],[27.164902529722983,46.7429066499104],[27.163218713723293,46.74950373563668],[27.172829975246373,46.750388678746894],[27.177827446343343,46.748193464913044],[27.185763565593412,46.74976284966832],[27.187535810909807,46.760476131731934],[27.194298102625126,46.764252075143645],[27.195407666105904,46.761147366371524],[27.19956601059528,46.76688660222108],[27.20624439078896,46.7698624410922],[27.21030759417945,46.760574094497485],[27.217720726492782,46.75886259844948],[27.226424319823575,46.75181130139772],[27.22834367698221,46.74460245879017],[27.23107683518752,46.75050988786737],[27.236353029432887,46.74813041724051],[27.23281261590886,46.74462701533678],[27.239351565085958,46.73534628145091],[27.248424017768382,46.732706962928944],[27.253794145345783,46.72788259895535],[27.285928782599832,46.716886878906685]]],[[[27.054991534476876,46.75878233986052],[27.049862338171103,46.756007469821725],[27.056881785411985,46.754200472131835],[27.064515646801322,46.747356337932885],[27.05991233299023,46.743594410669864],[27.063729911002596,46.741342105720726],[27.058036585047642,46.73804807391956],[27.06308710475999,46.73129455121362],[27.04331867701636,46.72996141580957],[27.029817694391234,46.72366919114676],[27.015990030075205,46.712521951194404],[26.99114387411719,46.71358471543749],[26.98141058651437,46.72791243839789],[26.974266403346004,46.72825521452238],[26.969498752727635,46.73325817723263],[26.96213393358896,46.7292129523424],[26.954507493563167,46.72951388126083],[26.94650653914024,46.735649914525354],[26.949719077109684,46.74452964638862],[26.943843880322696,46.74441237569784],[26.93616422881751,46.7479364166092],[26.940122200598527,46.753873523971784],[26.949819239155282,46.757106670347056],[26.965983075602487,46.75434957270764],[26.96940786413049,46.7591769358847],[26.978679546916563,46.76265474891705],[27.00252910792291,46.76539906582069],[27.00924717570173,46.769222103761486],[27.025390722930485,46.769067116792684],[27.02892019392276,46.77209147240907],[27.03849577016976,46.77016341539602],[27.045402427513558,46.772370055308464],[27.05210261501451,46.75995279180576],[27.054991534476876,46.75878233986052]]],[[[27.12921597430855,46.747160820443995],[27.142524324744112,46.75409905371289],[27.14664823757896,46.753181257661666],[27.142310263604966,46.74125152206832],[27.152038665819067,46.73687360536088],[27.15024519545511,46.72639142812502],[27.157872675691504,46.721845736884774],[27.15483268932135,46.71614305002045],[27.15685895985749,46.714071441178106],[27.14814969857201,46.71013909084908],[27.144588878280896,46.70598102343951],[27.123876789167905,46.70527627616797],[27.11830934941699,46.69817460186052],[27.11016377332848,46.69835061267597],[27.10986643910379,46.694975445373096],[27.099132413244902,46.70007580043876],[27.09748598761641,46.70329304808942],[27.09126504930168,46.70426611481148],[27.080954683626324,46.70040250743783],[27.066355253174372,46.699050642125975],[27.05766451411509,46.69595040389117],[27.05426962838877,46.69746440039091],[27.05444251625911,46.70171308520912],[27.049367317445622,46.702257513125154],[27.0502209272417,46.73062988964466],[27.06308710475999,46.73129455121362],[27.058036585047642,46.73804807391956],[27.063729911002596,46.741342105720726],[27.05991233299023,46.743594410669864],[27.064515646801322,46.747356337932885],[27.056881785411985,46.754200472131835],[27.049862338171103,46.756007469821725],[27.050814879005806,46.758041552618245],[27.057124884228852,46.760204631139885],[27.061594355423512,46.75617612545354],[27.074467644397384,46.766386941331454],[27.0911539351656,46.76722833732969],[27.09875604097983,46.76960781175606],[27.10389839878678,46.76735095287435],[27.115315540600943,46.74871688067535],[27.122777627274814,46.750265462690386],[27.12921597430855,46.747160820443995]]]]},"properties":{"alert_id":"442da79c3fcc1a16","source":"nowcasting","alert_type":"nowcasting","feature_id":"c24d003cde775a8548","judet_cod":"BC","judet_nume":"Bacău","county_code":"BC","county_name":"Bacău","cod_judet":"BC","cod_culoare":1,"cod_culoare_nume":"Galben","culoare":"1","cod":"Galben","fenomen_principal":"Averse torențiale care vor acumula 15...25 l/mp, frecvente descărcări electrice, intensificări ale vântului cu viteze de 45...55 km/h, grindină de dimensiuni mici (1...2 cm).","fenomen_group":"ploi/vijelii","zona_text":"Județul Bacău: Filipești, Lipova, Dămienești, Roșiori;<br>Județul Neamţ: Ion Creangă, Icușești, Bahna, Secuieni, Oniceni, Valea Ursului, Bozieni, Pâncești, Poienari;<br>Județul Iaşi: Ipatele;<br>Județul Vaslui: Zăpodeni, Băcești, Dumești, Rebricea, Todirești, Ștefan cel Mare, Oșești, Negrești, Dănești, Gârceni, Cozmești, Vulturești, Rafaila;<br>","zona_nume":"Bacău - localitati","zone_name":"Bacău - localitati","display_name":"Bacău - localitati","localities":["Filipești","Lipova","Dămienești","Roșiori"],"geometry_source":"uat_match","match_confidence":"high","interval_text":"","interval_start":"2026-09-02T23:05:00","valid_from":"2026-09-02T23:05:00","valid_to":"2026-09-03T00:40:00","interval_valabilitate_text":"","interval_end":"2026-09-03T00:40:00","data_expirare":"2026-09-03T00:40:00","mesaj_plain":"Averse torențiale care vor acumula 15...25 l/mp, frecvente descărcări electrice, intensificări ale vântului cu viteze de 45...55 km/h, grindină de dimensiuni mici (1...2 cm).","source_url":"","source_label":"","notes":"","durata_ore":1.6,"zi":"2026-09-03"}},{"type":"Feature","geometry":{"type":"MultiPolygon","coordinates":[[[[27.44094376770757,46.95170278790951],[27.442635405553805,46.949123217332364],[27.450744670215002,46.94948746421701],[27.45664955388998,46.94068135404203],[27.469408400646678,46.94059530692495],[27.46778147721562,46.935668968895],[27.476757850472403,46.92569935577756],[27.473892754163526,46.917933832343685],[27.481755978365868,46.910291661289314],[27.472582591191752,46.90605477813404],[27.475928663032967,46.90329305441044],[27.469890086071043,46.901265733113036],[27.467797818700525,46.905098423810436],[27.44660107182292,46.89720735008069],[27.458373735096636,46.865685022690464],[27.45476523836378,46.869352254426396],[27.446058749515966,46.867799025891145],[27.446910518004564,46.865537829169405],[27.42453969465684,46.8625135258404],[27.417119551127808,46.874593068974306],[27.40765727558088,46.87487699968047],[27.40672134741926,46.87686749688741],[27.40207473798897,46.87590000678503],[27.401644144097148,46.88389435012612],[27.39729300550595,46.88278273633588],[27.396554405328192,46.8854155837836],[27.400572676698893,46.888032348351416],[27.396296440001375,46.901935185245385],[27.400445483282333,46.918262649624275],[27.393422673063036,46.93358027120173],[27.382329311043,46.94179786587474],[27.388162457985437,46.94274151091001],[27.384624392747085,46.94591019762686],[27.388038212338195,46.94527654879269],[27.388919071569234,46.94728021162634],[27.384486622820784,46.95174465843452],[27.38202186128146,46.94945846511055],[27.379084734752727,46.95169193431017],[27.379786369875525,46.95354199542616],[27.38485900667768,46.95393349931832],[27.383639878212307,46.96828699798509],[27.398481767802092,46.97357614113305],[27.40293742062914,46.96305380187864],[27.399508231073188,46.95923956241087],[27.39989700231041,46.951659189062475],[27.41909359326453,46.94933455081604],[27.42531929559827,46.94539855131713],[27.44094376770757,46.95170278790951]]]]},"properties":{"alert_id":"442da79c3fcc1a16","source":"nowcasting","alert_type":"nowcasting","feature_id":"ae857ddb7a08cb4ba4","judet_cod":"IS","judet_nume":"Iași","county_code":"IS","county_name":"Iași","cod_judet":"IS","cod_culoare":1,"cod_culoare_nume":"Galben","culoare":"1","cod":"Galben","fenomen_principal":"Averse torențiale care vor acumula 15...25 l/mp, frecvente descărcări electrice, intensificări ale vântului cu viteze de 45...55 km/h, grindină de dimensiuni mici (1...2 cm).","fenomen_group":"ploi/vijelii","zona_text":"Județul Bacău: Filipești, Lipova, Dămienești, Roșiori;<br>Județul Neamţ: Ion Creangă, Icușești, Bahna, Secuieni, Oniceni, Valea Ursului, Bozieni, Pâncești, Poienari;<br>Județul Iaşi: Ipatele;<br>Județul Vaslui: Zăpodeni, Băcești, Dumești, Rebricea, Todirești, Ștefan cel Mare, Oșești, Negrești, Dănești, Gârceni, Cozmești, Vulturești, Rafaila;<br>","zona_nume":"Iași - localitati","zone_name":"Iași - localitati","display_name":"Iași - localitati","localities":["Ipatele"],"geometry_source":"uat_match","match_confidence":"high","interval_text":"","interval_start":"2026-09-02T23:05:00","valid_from":"2026-09-02T23:05:00","valid_to":"2026-09-03T00:40:00","interval_valabilitate_text":"","interval_end":"2026-09-03T00:40:00","data_expirare":"2026-09-03T00:40:00","mesaj_plain":"Averse torențiale care vor acumula 15...25 l/mp, frecvente descărcări electrice, intensificări ale vântului cu viteze de 45...55 km/h, grindină de dimensiuni mici (1...2 cm).","source_url":"","source_label":"","notes":"","durata_ore":1.6,"zi":"2026-09-03"}},{"type":"Feature","geometry":{"type":"MultiPolygon","coordinates":[[[[27.06742572383579,46.89965893381515],[27.073962806424966,46.88978541333339],[27.07294621500418,46.886624585816286],[27.06689529405656,46.88665396664369],[27.06845113372025,46.87454867851733],[27.073729497531968,46.87819534949154],[27.082835052371635,46.87563576158547],[27.08616375348808,46.861149351651555],[27.089961260997317,46.85914644770408],[27.09154828046247,46.85415981163972],[27.08345556540771,46.85039847265257],[27.087578200555612,46.83708135437359],[27.070442244088223,46.83324412075972],[27.061931747204696,46.82625018812369],[27.060603060293808,46.82878459992024],[27.056131759194677,46.82940919764227],[27.051548487661456,46.827005145723916],[27.041298041411057,46.82654579687344],[27.038768431963472,46.82959641334468],[27.039373656042986,46.83610245443762],[27.034229756308235,46.83690150203312],[27.032600450558608,46.83908557969483],[27.025385781515897,46.836859213904106],[27.01850020543878,46.83934209534201],[27.015256874718965,46.84314249799464],[27.013080912034265,46.839347759903305],[27.006936821809923,46.83868243199068],[26.999087933108235,46.84570227345497],[26.995074464197824,46.84322440173727],[26.996344833593238,46.83971825821827],[26.99017327759108,46.844356262293665],[26.97984682740726,46.844018739652306],[26.973520577102043,46.82736020020898],[26.947532456437784,46.83113885331251],[26.94394937511546,46.82775556103649],[26.94361287935186,46.822917345275386],[26.94065006931967,46.82250414959247],[26.94163365631184,46.81948307472184],[26.93543507692305,46.8170675660138],[26.926119489287093,46.81616398081463],[26.917899895654102,46.819395662270274],[26.920324691404236,46.821387573329915],[26.917473499923748,46.82007234506902],[26.90633374316572,46.821664734289946],[26.914969124731506,46.84136467790756],[26.918365548737043,46.841496357308785],[26.923231475131075,46.83494754586318],[26.93598119841004,46.834734046758264],[26.93680206871467,46.83832519414461],[26.930610424598722,46.83791410113783],[26.9264463267641,46.84420328783028],[26.93197736344263,46.847121404880816],[26.943562874564297,46.86106901420985],[26.95496462041698,46.85853893018116],[26.95258265302481,46.864561106481595],[26.956068463541868,46.86992919282593],[26.96218245674428,46.87287559959675],[26.950068059736086,46.8781518098562],[26.949539748339326,46.881131818651845],[26.953547383351683,46.88332199678702],[26.975636868184402,46.88391674843957],[26.977934400080343,46.88750207686606],[26.97415980601775,46.89224566551545],[26.983365281132027,46.894942644332076],[26.98293563994911,46.89769296223212],[26.980733751453876,46.89510236928649],[26.97599702212341,46.8952078123502],[26.979369127011307,46.903674303417134],[26.991937530099054,46.90315937795337],[27.004626910759608,46.89854226959261],[27.016717526451526,46.9021542458664],[27.023488926033433,46.906650704737935],[27.033706059498204,46.89665644258808],[27.04102920574204,46.89465152409721],[27.05441803850621,46.89728378002854],[27.058067229975958,46.895557759838866],[27.06742572383579,46.89965893381515]]],[[[27.06173184263404,46.826275072116324],[27.05871778307137,46.82583428927724],[27.060858960559244,46.8231398069912],[27.040192706977436,46.808630077141565],[27.03078104611903,46.808279435921115],[27.02988599792517,46.80497986675359],[27.02314731827013,46.80405121540254],[27.021605509943733,46.80812231734458],[27.028166588217804,46.81029712367421],[27.025536469348097,46.8106073626183],[27.011025342343448,46.80372232201466],[27.00891807078635,46.80029461672199],[26.99807966239381,46.79834551542732],[26.995650679180923,46.80031796863929],[27.001562307300063,46.77431805962985],[27.008343260298556,46.775449376270835],[27.00991553042005,46.77159850989878],[27.021668595680318,46.771962557615055],[27.024514103719095,46.77014497865928],[27.027894612503122,46.77502641892211],[27.026667746979463,46.76969232276371],[27.00924717570173,46.769222103761486],[27.00252910792291,46.76539906582069],[26.978679546916563,46.76265474891705],[26.96940786413049,46.7591769358847],[26.965042716752077,46.75419188368755],[26.949819239155282,46.757106670347056],[26.939279786033115,46.75273355320414],[26.939417520247446,46.75636814290988],[26.947039701803316,46.75915738986504],[26.947248910017525,46.76385153632074],[26.940316127692626,46.766375402212475],[26.946812993746324,46.771467084900735],[26.938819978409878,46.778147325870364],[26.936040563504584,46.78483754574107],[26.927884314177884,46.78165443822737],[26.925457994388932,46.775668441348785],[26.922208780633756,46.77528546911869],[26.918786274442194,46.77792879879194],[26.92244368025511,46.782786183611925],[26.914515147163616,46.78263677334252],[26.90785581966927,46.78652954931994],[26.913226300055275,46.79005058470015],[26.91291554489236,46.793110101501455],[26.89587399749755,46.79573548506875],[26.892981946310275,46.7982942280353],[26.89532694885976,46.801098807022285],[26.90386115303487,46.79833530786964],[26.908108421430832,46.80030018111494],[26.90671588288475,46.80704347472271],[26.900089792053244,46.81136478888684],[26.901041779872525,46.816247961292326],[26.904693253111958,46.815854701181905],[26.913102497728094,46.80966311803635],[26.91509353830488,46.8116971286641],[26.91391934911711,46.82074683194924],[26.920324691404236,46.821387573329915],[26.917899895654102,46.819395662270274],[26.926119489287093,46.81616398081463],[26.93543507692305,46.8170675660138],[26.94163365631184,46.81948307472184],[26.94065006931967,46.82250414959247],[26.94361287935186,46.822917345275386],[26.94394937511546,46.82775556103649],[26.947532456437784,46.83113885331251],[26.973520577102043,46.82736020020898],[26.97984682740726,46.844018739652306],[26.99017327759108,46.844356262293665],[26.996344833593238,46.83971825821827],[26.995074464197824,46.84322440173727],[26.999117894839085,46.84570137486533],[27.009971087525237,46.83799570265795],[27.014570105235947,46.84291681777581],[27.017006343561036,46.84283458445093],[27.018352260254982,46.839438772630295],[27.025385781515897,46.836859213904106],[27.032600450558608,46.83908557969483],[27.034229756308235,46.83690150203312],[27.039373656042986,46.83610245443762],[27.038768431963472,46.82959641334468],[27.041298041411057,46.82654579687344],[27.051548487661456,46.827005145723916],[27.056131759194677,46.82940919764227],[27.060603060293808,46.82878459992024],[27.06173184263404,46.826275072116324]]],[[[26.849527039374884,46.80468727947504],[26.849519440108228,46.779924906427006],[26.846367147352343,46.7805393166727],[26.843959893806097,46.77576252709792],[26.835684787290493,46.779363480570595],[26.821596684129297,46.77318342082966],[26.827252928169685,46.76770338015594],[26.83220929335838,46.7663972863968],[26.829990271377422,46.76556517880519],[26.832163656017528,46.76209393396291],[26.841897357366758,46.75133139746103],[26.836755809544755,46.75024735231534],[26.834597224837555,46.75201606799842],[26.836606328256345,46.74973910321479],[26.8228125480989,46.74318312303699],[26.824695338285245,46.73940902587383],[26.813776333059884,46.7352816698579],[26.81739790440501,46.732503183710996],[26.79777455670973,46.724821705622645],[26.79996916171582,46.72200689984028],[26.786368263310266,46.7169127284058],[26.7793816176238,46.72566288831493],[26.77140988535982,46.727942383886976],[26.758757781562405,46.73683796729165],[26.751526009580243,46.737778070312224],[26.75429776378928,46.75621372716044],[26.73135084180553,46.74950362879185],[26.731910970874917,46.75524062507576],[26.738513624740566,46.75836172698951],[26.744379709615917,46.767474041459366],[26.742563557088076,46.768312070067964],[26.744351407242,46.778144067501664],[26.740476130382486,46.782586225525385],[26.755649537018783,46.78865546832298],[26.76164507138197,46.79591235006038],[26.76758322608766,46.79614820069511],[26.768041301349186,46.800696794737476],[26.793683510920275,46.80844976364761],[26.849527039374884,46.80468727947504]]],[[[26.89983630399969,46.87917940022977],[26.9032029915111,46.87838133275107],[26.909232631865944,46.86966236957198],[26.912639526006394,46.87036612519104],[26.90831187890306,46.872932639060004],[26.910122750527808,46.87692838203085],[26.927968970877945,46.87303840493544],[26.92847505175444,46.86522506967762],[26.936963201771473,46.86465689288259],[26.936610395736725,46.86205569851266],[26.930845813258276,46.85997741280824],[26.928431945699728,46.8623219054525],[26.918729060565333,46.86207991665778],[26.926056113039202,46.84459289167358],[26.922526820178263,46.84650232567143],[26.92308343731709,46.84392752067909],[26.919698108290742,46.844423582923824],[26.918365548737043,46.841496357308785],[26.91396276697278,46.840658430072864],[26.909416486124584,46.8272577361412],[26.852228826127433,46.83059131369719],[26.81853259158127,46.83564030778397],[26.79630376204637,46.848796580429614],[26.789810707361195,46.8419117128708],[26.78408699645346,46.84754786985421],[26.744226972242874,46.84707393256419],[26.744291460640788,46.84903462462148],[26.721196499877237,46.85154856265291],[26.721031640589242,46.85426175357068],[26.70933542133969,46.855113410925355],[26.707293824680903,46.86690252175213],[26.704751739627163,46.867893498536375],[26.711426743717325,46.88244456381492],[26.719707265366818,46.88406126033889],[26.72388703686167,46.883902548847665],[26.74682617723897,46.87305950898419],[26.77003226652914,46.873698352441984],[26.746696832527174,46.89683296108815],[26.762032716562697,46.9039379209203],[26.76975286873747,46.91069995714601],[26.777617883336386,46.91223964401075],[26.810096862979467,46.8859895941802],[26.82713048930389,46.88941681625852],[26.84695930065792,46.86340204024839],[26.85419234599139,46.86506854241329],[26.858705796670073,46.85952170377628],[26.867791755308502,46.860179487796195],[26.867527790481507,46.85869823998282],[26.870816929005187,46.85987788563517],[26.8708879402956,46.858483951228855],[26.887894564425263,46.85713456640001],[26.89983630399969,46.87917940022977]]],[[[27.21202761845428,46.77037880923995],[27.19956601059528,46.76688660222108],[27.195407666105904,46.761147366371524],[27.194298102625126,46.764252075143645],[27.188452831329336,46.76125178360651],[27.185763565593412,46.74976284966832],[27.177827446343343,46.748193464913044],[27.172829975246373,46.750388678746894],[27.163218713723293,46.74950373563668],[27.164902529722983,46.7429066499104],[27.160542151180525,46.73434999175179],[27.150817907440455,46.73125408592487],[27.152038665819067,46.73687360536088],[27.142310263604966,46.74125152206832],[27.14664823757896,46.753181257661666],[27.143344291164617,46.754335085341644],[27.1345878237986,46.748596164845644],[27.134122661762195,46.75030643100884],[27.1363021776477,46.75560616209581],[27.140423734541965,46.75581260618569],[27.137633808571664,46.75852621028037],[27.14114966465272,46.75933493362572],[27.14206840985314,46.76271872053703],[27.13232755954215,46.786762615526584],[27.135753952882585,46.79789625177414],[27.13101315473142,46.79803495409954],[27.127602046057657,46.79523571990899],[27.13002305129518,46.79612618105299],[27.132854297983272,46.79153709421298],[27.126701628462285,46.791752966774375],[27.12635382456541,46.793226962805065],[27.126610165156077,46.799455124425926],[27.134355653033232,46.80226478100757],[27.124869302867207,46.81440872150832],[27.13039425175279,46.81490079817188],[27.128921363274326,46.82086952971017],[27.134237630997518,46.82195298319756],[27.134876356891148,46.82516987805864],[27.136797569428072,46.82430726980825],[27.13492905659981,46.829811431183444],[27.153218060015227,46.823038381824986],[27.169022794433605,46.82251714141991],[27.16907663868585,46.826838327543605],[27.175778064021948,46.826421598776],[27.190494715313523,46.81948009592218],[27.20191513986572,46.808846301630965],[27.205427552690523,46.80884348492176],[27.204574029744208,46.8067403132772],[27.208186190280237,46.804759599359095],[27.2054542591823,46.802950580313556],[27.209955046079035,46.794657562363064],[27.21202761845428,46.77037880923995]]],[[[27.126437585474033,46.82956868785808],[27.13039425175279,46.81490079817188],[27.124869302867207,46.81440872150832],[27.12521735463002,46.81140785606032],[27.134355653033232,46.80226478100757],[27.126610165156077,46.799455124425926],[27.12635382456541,46.793226962805065],[27.126701628462285,46.791752966774375],[27.132854297983272,46.79153709421298],[27.13002305129518,46.79612618105299],[27.127602046057657,46.79523571990899],[27.13101315473142,46.79803495409954],[27.135753952882585,46.79789625177414],[27.13232755954215,46.786762615526584],[27.14206840985314,46.76271872053703],[27.14114966465272,46.75933493362572],[27.137633808571664,46.75852621028037],[27.140466741762243,46.75589846803517],[27.136219586763254,46.75552064085829],[27.1345878237986,46.748596164845644],[27.12921597430855,46.747160820443995],[27.122777627274814,46.750265462690386],[27.115315540600943,46.74871688067535],[27.10389839878678,46.76735095287435],[27.09875604097983,46.76960781175606],[27.0911539351656,46.76722833732969],[27.074467644397384,46.766386941331454],[27.061594355423512,46.75617612545354],[27.057904849385036,46.76005469056739],[27.05210261501451,46.75995279180576],[27.045402427513558,46.772370055308464],[27.032108769105353,46.77019810427576],[27.027894612503122,46.77502641892211],[27.024514103719095,46.77014497865928],[27.021668595680318,46.771962557615055],[27.00991553042005,46.77159850989878],[27.008343260298556,46.775449376270835],[27.001562307300063,46.77431805962985],[26.995650679180923,46.80031796863929],[26.99807966239381,46.79834551542732],[27.00891807078635,46.80029461672199],[27.011025342343448,46.80372232201466],[27.025536469348097,46.8106073626183],[27.028166588217804,46.81029712367421],[27.021605509943733,46.80812231734458],[27.02314731827013,46.80405121540254],[27.02988599792517,46.80497986675359],[27.03078104611903,46.808279435921115],[27.0403524393893,46.8086933090387],[27.060858960559244,46.8231398069912],[27.05871778307137,46.82583428927724],[27.070442244088223,46.83324412075972],[27.08788034353492,46.83733833678074],[27.097973978631863,46.829303055788344],[27.107578652417047,46.832224579762055],[27.119650294759126,46.831974442040355],[27.126437585474033,46.82956868785808]]],[[[27.229316929074965,46.77027990680606],[27.21633937724545,46.77225808244634],[27.21202761845428,46.77037880923995],[27.209955046079035,46.794657562363064],[27.2054542591823,46.802950580313556],[27.207680188692198,46.80606180534618],[27.184893545722144,46.823011860738596],[27.182963433426504,46.82184635537019],[27.17059253028484,46.827311400343696],[27.168071517905602,46.82600087501648],[27.169022794433605,46.82251714141991],[27.153218060015227,46.823038381824986],[27.134965594207795,46.82982313408844],[27.136797569428072,46.82430726980825],[27.134876356891148,46.82516987805864],[27.134603908725172,46.82227798411559],[27.130763105029317,46.82036826888399],[27.12370059666807,46.83068519647324],[27.11309722559697,46.83283906942993],[27.097973978631863,46.829303055788344],[27.09031272432191,46.834392526408436],[27.083485434763723,46.85052769444486],[27.09154828046247,46.85415981163972],[27.090557248208054,46.855931970287116],[27.09977748836782,46.857228392263586],[27.100084754389087,46.86464506886759],[27.101768111541745,46.862673977469136],[27.105525078583746,46.86327143963517],[27.10426110020134,46.860664978525925],[27.108961547688015,46.85959115745843],[27.109446811505368,46.85633750151454],[27.114216843679962,46.85802136117035],[27.11512589145849,46.855777352404296],[27.12123876649373,46.8577932208251],[27.128630720773362,46.854661375955715],[27.13282859480049,46.85716185780942],[27.134024576098938,46.86423303538768],[27.144753154474998,46.85895549322361],[27.149334448296774,46.8632193020774],[27.151186328720627,46.857131403624685],[27.154607079515962,46.85914126015355],[27.1563316523558,46.855580009114654],[27.167774980174283,46.865387232699874],[27.16787010291397,46.86791890274888],[27.180324198774613,46.8711372494616],[27.18159700910548,46.86957061845729],[27.18929438080356,46.8752769361166],[27.188343765662818,46.87148547602535],[27.19514905475949,46.866791359909264],[27.193251531442282,46.86377591216688],[27.20207269643165,46.86128268002622],[27.20027972252927,46.85626084496826],[27.209159572603355,46.852497657249444],[27.211667448844324,46.8538668495715],[27.219426894138174,46.84858626057847],[27.213493760710165,46.84684134459758],[27.21727650288777,46.84530536989929],[27.207364707406207,46.839923691586876],[27.22172706830771,46.831347222906416],[27.227125369507775,46.82097620837534],[27.21960532056171,46.81909589412343],[27.219948066463438,46.817603438526014],[27.215191189747987,46.81770364499507],[27.219068102462792,46.812046565245886],[27.21580334424174,46.81227130343096],[27.216001121280982,46.80629032614544],[27.21255203940887,46.80256157625392],[27.21595935433605,46.79311834242375],[27.213473985189054,46.792968153636664],[27.213326514550456,46.78973126291293],[27.223177225476018,46.788817448497056],[27.22444836315676,46.7910919441467],[27.23076132170833,46.78471426138026],[27.230478522897716,46.779560988295486],[27.233895136837532,46.77734329488684],[27.229316929074965,46.77027990680606]]],[[[27.121973854620833,46.950741919091016],[27.14102592937065,46.942856594627266],[27.158204532317303,46.93112369715983],[27.170664043736206,46.926122619282616],[27.181412366318614,46.91615189617152],[27.183742659964917,46.91040761744142],[27.195406476357952,46.90337564346534],[27.194203228641246,46.89929065201568],[27.19891528481445,46.89534653362173],[27.202134744940466,46.89648645443859],[27.193411945208123,46.88785620586948],[27.202500038902766,46.88252668284056],[27.18886831702828,46.87598571426605],[27.18159700910548,46.86957061845729],[27.180324198774613,46.8711372494616],[27.16937977342129,46.8686266498072],[27.16713962414183,46.87341125256025],[27.16351508969483,46.87170404652865],[27.16159432083055,46.87451072724386],[27.154571649591876,46.87214887300214],[27.147524435236875,46.880838711996454],[27.15093460936325,46.882305405286615],[27.14536942772565,46.88858827126762],[27.13649779277856,46.88759144608687],[27.136253698362395,46.89327996187101],[27.133516505777045,46.89298791711385],[27.128412234846866,46.90275679500451],[27.11953898189302,46.91124646960074],[27.125695747413662,46.914853933606004],[27.122453764142566,46.9166852396739],[27.116239198537027,46.91443430824221],[27.099359623659097,46.928747908415026],[27.09943110552758,46.93614585873322],[27.097321421806008,46.93733306902565],[27.101717018855993,46.959105315215076],[27.105313731741486,46.95810309366457],[27.110371041560832,46.9496887882073],[27.121973854620833,46.950741919091016]]],[[[27.16937977342129,46.8686266498072],[27.1563316523558,46.855580009114654],[27.154607079515962,46.85914126015355],[27.151186328720627,46.857131403624685],[27.149334448296774,46.8632193020774],[27.144753154474998,46.85895549322361],[27.134024576098938,46.86423303538768],[27.13282859480049,46.85716185780942],[27.128630720773362,46.854661375955715],[27.12123876649373,46.8577932208251],[27.11512589145849,46.855777352404296],[27.114216843679962,46.85802136117035],[27.109446811505368,46.85633750151454],[27.108961547688015,46.85959115745843],[27.10426110020134,46.860664978525925],[27.105525078583746,46.86327143963517],[27.101768111541745,46.862673977469136],[27.100084754389087,46.86464506886759],[27.09977748836782,46.857228392263586],[27.090557248208054,46.855931970287116],[27.089834597099305,46.85934606941749],[27.08616375348808,46.861149351651555],[27.082938885428188,46.875558106613255],[27.073729497531968,46.87819534949154],[27.06845113372025,46.87454867851733],[27.06689529405656,46.88665396664369],[27.07294621500418,46.886624585816286],[27.073962806424966,46.88978541333339],[27.067384737295832,46.899603744460194],[27.071077911101938,46.90118315754194],[27.079163190786193,46.9002533498795],[27.07184755931392,46.91792190903608],[27.075487952467483,46.9183500466255],[27.075213065337206,46.92010929142728],[27.080468959376677,46.91703889007064],[27.101924548171567,46.92644148884424],[27.116239198537027,46.91443430824221],[27.123572257828567,46.91649729037777],[27.12624135618028,46.914188604448505],[27.119134782033917,46.91185963135422],[27.128412234846866,46.90275679500451],[27.133516505777045,46.89298791711385],[27.136253698362395,46.89327996187101],[27.13649779277856,46.88759144608687],[27.14536942772565,46.88858827126762],[27.15093460936325,46.882305405286615],[27.147524435236875,46.880838711996454],[27.15417255873705,46.8724633580796],[27.16159432083055,46.87451072724386],[27.16351508969483,46.87170404652865],[27.16713962414183,46.87341125256025],[27.16937977342129,46.8686266498072]]]]},"properties":{"alert_id":"442da79c3fcc1a16","source":"nowcasting","alert_type":"nowcasting","feature_id":"319cadacee05e19b56","judet_cod":"NT","judet_nume":"Neamț","county_code":"NT","county_name":"Neamț","cod_judet":"NT","cod_culoare":1,"cod_culoare_nume":"Galben","culoare":"1","cod":"Galben","fenomen_principal":"Averse torențiale care vor acumula 15...25 l/mp, frecvente descărcări electrice, intensificări ale vântului cu viteze de 45...55 km/h, grindină de dimensiuni mici (1...2 cm).","fenomen_group":"ploi/vijelii","zona_text":"Județul Bacău: Filipești, Lipova, Dămienești, Roșiori;<br>Județul Neamţ: Ion Creangă, Icușești, Bahna, Secuieni, Oniceni, Valea Ursului, Bozieni, Pâncești, Poienari;<br>Județul Iaşi: Ipatele;<br>Județul Vaslui: Zăpodeni, Băcești, Dumești, Rebricea, Todirești, Ștefan cel Mare, Oșești, Negrești, Dănești, Gârceni, Cozmești, Vulturești, Rafaila;<br>","zona_nume":"Neamț - localitati","zone_name":"Neamț - localitati","display_name":"Neamț - localitati","localities":["Ion Creangă","Icușești","Bahna","Secuieni","Oniceni","Valea Ursului","Bozieni","Pâncești","Poienari"],"geometry_source":"uat_match","match_confidence":"high","interval_text":"","interval_start":"2026-09-02T23:05:00","valid_from":"2026-09-02T23:05:00","valid_to":"2026-09-03T00:40:00","interval_valabilitate_text":"","interval_end":"2026-09-03T00:40:00","data_expirare":"2026-09-03T00:40:00","mesaj_plain":"Averse torențiale care vor acumula 15...25 l/mp, frecvente descărcări electrice, intensificări ale vântului cu viteze de 45...55 km/h, grindină de dimensiuni mici (1...2 cm).","source_url":"","source_label":"","notes":"","durata_ore":1.6,"zi":"2026-09-03"}},{"type":"Feature","geometry":{"type":"MultiPolygon","coordinates":[[[[27.601219399097374,46.829624561498726],[27.61372216749686,46.83339618152391],[27.62047665042664,46.823127329164606],[27.625162577583254,46.82475203448716],[27.629168245949316,46.820772821936814],[27.635678380465336,46.8232444077388],[27.64148522523412,46.81577255118012],[27.646454151263036,46.81586126983688],[27.649101323676124,46.81842483158083],[27.65204546257068,46.81636439880849],[27.654295512968915,46.80998743652005],[27.65733398133189,46.81044771806366],[27.656174957560737,46.793721759716],[27.66702985138524,46.79450037040993],[27.66921775139082,46.79042141106841],[27.666941697171254,46.78042882997492],[27.67244511333874,46.77274534941682],[27.672410396542304,46.76877034109386],[27.67878061714473,46.76730162245479],[27.68083564459205,46.77122040456164],[27.678563796923815,46.774383465102375],[27.698447027953986,46.77310158391943],[27.716511845767165,46.7594672835967],[27.717680623269057,46.75704830879932],[27.696966307826766,46.76239579799597],[27.72235962257568,46.74120681206202],[27.724659409714228,46.738257544508464],[27.719228107855287,46.73315762597459],[27.733748717675585,46.72104310949834],[27.721384537600837,46.71598159109828],[27.719736933731976,46.717280196202594],[27.708879466430638,46.71412512719907],[27.7101514869876,46.71168960965193],[27.706699501142378,46.71019845014734],[27.716603631029884,46.698152786546814],[27.719858652047915,46.68534275425174],[27.694245536513733,46.68299222962842],[27.69168409663309,46.69252419910445],[27.670743801801652,46.68896064844933],[27.681625306561926,46.70953482892836],[27.68189669266944,46.713449526563544],[27.676838247667064,46.71646508917386],[27.672595606247043,46.713380126987076],[27.65727690593296,46.71225788234645],[27.65988864676406,46.70113572530847],[27.65740023637231,46.700846599240606],[27.660784473705895,46.696185608428266],[27.650096610600553,46.699306035034205],[27.652694739138457,46.70381987443106],[27.63677514955837,46.72346488748507],[27.61956445525027,46.76472131243117],[27.61323701541533,46.763774137198205],[27.6094804567283,46.75533377372869],[27.61368658047554,46.74876656790716],[27.60981235885859,46.74728463330071],[27.603082516449607,46.7583116958361],[27.60136443071589,46.756240574168594],[27.60000657228691,46.75576587208799],[27.603031322132164,46.7602927057869],[27.60056615635782,46.76088355554704],[27.595046434062766,46.7841576555125],[27.588388314675996,46.78320692239658],[27.590761213239023,46.77821070937564],[27.587875319916076,46.776678686684626],[27.59108853931571,46.7736092617744],[27.588162073400593,46.77035487045729],[27.576845363667985,46.77561045388447],[27.565972517854657,46.77180866635788],[27.564503383807946,46.77420828829147],[27.574484650806657,46.77753723801187],[27.565915465120426,46.80333505037571],[27.56355851770002,46.803106011357634],[27.563192052139858,46.80005367721955],[27.56214401701592,46.80185950824614],[27.562503921294304,46.81980281450046],[27.574668417800318,46.82260437763917],[27.58092827214139,46.82112058777313],[27.589951172569965,46.824395976802315],[27.577570344234683,46.82843499236344],[27.581553859649496,46.836622146981846],[27.601219399097374,46.829624561498726]]],[[[27.21431898849405,46.876491579939746],[27.223288918608915,46.87802180867587],[27.22631878769937,46.8680558703344],[27.246000381292287,46.87217837987795],[27.2485084520188,46.876170626575984],[27.260045110040213,46.84921237390598],[27.261129479072803,46.845039438412776],[27.256127054635943,46.84426756390474],[27.26020579719579,46.83344126391227],[27.261456134226442,46.830431269932674],[27.264948494498192,46.83219643213076],[27.268584639629253,46.829620049400496],[27.27127549092726,46.824478466374444],[27.2692290179213,46.820654090394655],[27.271021105551267,46.81112089179198],[27.28360767440114,46.788940082680206],[27.28477977337881,46.785070333097295],[27.28113685789147,46.78523338497493],[27.281605437693923,46.782848315910684],[27.274379739291437,46.78055933428892],[27.27250491733449,46.775090925534975],[27.27453651582944,46.77150859957917],[27.260839091313954,46.768407878535506],[27.255831582773922,46.76509053627691],[27.2519239625635,46.76618431838815],[27.2370056020693,46.764050750787575],[27.229316929074965,46.77027990680606],[27.233895136837532,46.77734329488684],[27.230478522897716,46.779560988295486],[27.23076132170833,46.78471426138026],[27.22444836315676,46.7910919441467],[27.223177225476018,46.788817448497056],[27.21340484229593,46.78935115862743],[27.213473985189054,46.792968153636664],[27.21595935433605,46.79311834242375],[27.21255203940887,46.80256157625392],[27.216001121280982,46.80629032614544],[27.21580334424174,46.81227130343096],[27.219068102462792,46.812046565245886],[27.215191189747987,46.81770364499507],[27.219948066463438,46.817603438526014],[27.21960532056171,46.81909589412343],[27.227125369507775,46.82097620837534],[27.22172706830771,46.831347222906416],[27.207364707406207,46.839923691586876],[27.21727650288777,46.84530536989929],[27.213493760710165,46.84684134459758],[27.219426894138174,46.84858626057847],[27.211667448844324,46.8538668495715],[27.209159572603355,46.852497657249444],[27.20027972252927,46.85626084496826],[27.20207269643165,46.86128268002622],[27.193251531442282,46.86377591216688],[27.19514905475949,46.866791359909264],[27.188343765662818,46.87148547602535],[27.18886831702828,46.87598571426605],[27.202416153626494,46.882424798165246],[27.21431898849405,46.876491579939746]]],[[[27.322247717226453,46.867121069076894],[27.336419008327464,46.86771321891916],[27.336664679809097,46.864429304874704],[27.36227749289573,46.85141014020236],[27.362134611305226,46.83925935972858],[27.359633391945597,46.83973946002749],[27.360988661656958,46.84385162374991],[27.353758844396694,46.84377485976216],[27.346009270980403,46.84074963818033],[27.34590379528449,46.83741058295282],[27.360738095678037,46.83487776001134],[27.354745437791376,46.82209540419544],[27.35543185301996,46.80882687158619],[27.354191193013083,46.806814568863054],[27.347221094215442,46.806111529209645],[27.344890717924997,46.80279151207215],[27.337084743358268,46.802593793190944],[27.329988443450308,46.79666462083834],[27.31719606277722,46.797025034153336],[27.3115985363248,46.79017032895031],[27.31200239315838,46.78681302196737],[27.3082713943505,46.78808950786524],[27.305035810551228,46.78611338734195],[27.299696331891834,46.78658492073271],[27.289178646412655,46.781298131789995],[27.286222891274274,46.781968469446745],[27.279274835391657,46.79941227907961],[27.271021105551267,46.81112089179198],[27.2692290179213,46.820654090394655],[27.27127549092726,46.824478466374444],[27.268584639629253,46.829620049400496],[27.264948494498192,46.83219643213076],[27.261456134226442,46.830431269932674],[27.256127054635943,46.84426756390474],[27.261129479072803,46.845039438412776],[27.260045110040213,46.84921237390598],[27.25125528835427,46.86760156934539],[27.269637012696812,46.871111615069076],[27.270652456951208,46.869213362252054],[27.284763765639003,46.87592267645766],[27.29497307991694,46.86736920951809],[27.30785571566022,46.868662231866],[27.311191315709912,46.8630476754543],[27.32186911470728,46.8642101279652],[27.322247717226453,46.867121069076894]]],[[[27.556539725975714,46.90228909897811],[27.568303344737508,46.87746599830658],[27.570988540334007,46.88891184989765],[27.58454836786289,46.88891874969156],[27.589176581883088,46.88669698995244],[27.584765862714352,46.885756604456994],[27.58513297224773,46.87766115000872],[27.59982466891329,46.882223490678406],[27.59709683827263,46.885610561772445],[27.599375437592663,46.88660001684679],[27.605775564771037,46.88630512950649],[27.6042643116252,46.88998174080758],[27.609475363511418,46.88972043765922],[27.60687108444352,46.89338122796789],[27.615073704138638,46.893289759358616],[27.616034999667924,46.88986748910438],[27.620911729368707,46.88969488245619],[27.622277378134978,46.89239848862043],[27.631056859435482,46.8939534827815],[27.631810458565482,46.896723416965386],[27.643083124380706,46.89562853378887],[27.638664912289602,46.89303807138502],[27.639755526427365,46.885947661958184],[27.636709802964003,46.883814299291245],[27.6443248833648,46.87587804132938],[27.642833910589445,46.86585728064359],[27.646583152280847,46.86832239786713],[27.650487701477825,46.86258468377039],[27.643178425064463,46.85819915773097],[27.640623127329857,46.859512765277806],[27.629401123532812,46.85859544023797],[27.618054283887822,46.84584667288068],[27.605778083497032,46.84594414952219],[27.60337887548969,46.84062651770767],[27.610523661176963,46.83731685159137],[27.60701463361917,46.83125583314831],[27.601219399097374,46.829624561498726],[27.581553859649496,46.836622146981846],[27.577570344234683,46.82843499236344],[27.582037169032745,46.82619857364362],[27.580598871758745,46.82453128098988],[27.5700119350917,46.82732416374773],[27.548398732430663,46.82561171356406],[27.546616324074783,46.837679092893545],[27.544693895635053,46.83746596963319],[27.539931240093708,46.84939401602586],[27.53334915215529,46.848538562834534],[27.5180273059451,46.86550905782163],[27.515779895510146,46.875224341140026],[27.53307832446829,46.88211219691829],[27.521831174899372,46.89136230749337],[27.524540156672174,46.89329397263458],[27.523921016779813,46.90473967875251],[27.51996696667682,46.91453431639376],[27.53187664384858,46.91599947374742],[27.535000655770755,46.911090338922065],[27.54730285902563,46.91431897561741],[27.550268843102014,46.90742489522209],[27.556539725975714,46.90228909897811]]],[[[27.398235482546784,46.89311601010888],[27.400252363206448,46.88617506035644],[27.396554405328192,46.8854155837836],[27.39729300550595,46.88278273633588],[27.401644144097148,46.88389435012612],[27.40207473798897,46.87590000678503],[27.413908168402784,46.875850041929205],[27.41976050088536,46.87108909596036],[27.421305987507175,46.86793632773544],[27.417082125097238,46.86828840485206],[27.418469625031666,46.86392457413875],[27.415379110407574,46.86051468103445],[27.417099484003256,46.85876046419209],[27.413596568304012,46.849355774312606],[27.417581667388625,46.84906628825414],[27.418244116831975,46.839184480364764],[27.427386688114822,46.839356990970344],[27.427250296652073,46.83433244511882],[27.423493679621693,46.83567803246165],[27.419718708895886,46.83337046296661],[27.422701062614035,46.83205425036289],[27.42255695773428,46.828328120530955],[27.41983051113464,46.82801078872819],[27.4185655215161,46.82473763810173],[27.40922657756908,46.824564900107646],[27.413722033538484,46.80637728298363],[27.402957332173187,46.8069931855133],[27.397436353056573,46.80995500045178],[27.39758250663745,46.812433575457455],[27.389531326060112,46.81557849831945],[27.393230976106256,46.82005541956119],[27.381823206099085,46.8172161569077],[27.376478705305836,46.81168448052641],[27.373514720889087,46.81266924806172],[27.369551457510877,46.81071885558854],[27.369900163170186,46.80822101707624],[27.362085944690662,46.80784420739646],[27.360707968141586,46.81043937969521],[27.357048367873233,46.80826876377609],[27.354745437791376,46.82209540419544],[27.360738095678037,46.83487776001134],[27.34590379528449,46.83741058295282],[27.346009270980403,46.84074963818033],[27.353758844396694,46.84377485976216],[27.360988661656958,46.84385162374991],[27.359633391945597,46.83973946002749],[27.362134611305226,46.83925935972858],[27.362865220348926,46.84986937918369],[27.361415909319774,46.852437223791306],[27.352548511181446,46.85515702510981],[27.336664679809097,46.864429304874704],[27.3380377755636,46.874452878223664],[27.34972123476659,46.87676043264973],[27.35118439656491,46.881397447310306],[27.36161391047846,46.8838752070686],[27.36443850000753,46.88256553499582],[27.37252674222121,46.89224466754636],[27.37695136899119,46.88902635107409],[27.398235482546784,46.89311601010888]]],[[[27.682495487721027,46.69077279463351],[27.68539182173813,46.68557816563783],[27.671858538092167,46.682888627136066],[27.67374394677142,46.67945388525501],[27.679917138206118,46.67767198802163],[27.670923711269268,46.66931151903875],[27.64361339015259,46.70113070230218],[27.640342164185423,46.69926939315244],[27.633935889904915,46.70386679915273],[27.62849800190449,46.70025796562646],[27.62364635821739,46.7035710027796],[27.61631007852649,46.69603624888005],[27.60251755312984,46.70502594962669],[27.598851068923203,46.71012739230752],[27.588300535810745,46.71650040861978],[27.586175787036076,46.71579434652691],[27.58109368005386,46.72157964382938],[27.573863765437913,46.71901288059914],[27.57082700877359,46.72483144213617],[27.559662239996058,46.73098268484513],[27.557185639608196,46.73709678684068],[27.545019512874916,46.736832472933656],[27.527285258167336,46.75274912302108],[27.52434446420214,46.751496409420454],[27.519832974021057,46.755494794804925],[27.51199367144298,46.7524744680298],[27.510201742865362,46.75542655318159],[27.518931545327906,46.75921547085158],[27.515632489491995,46.762385376718576],[27.53036745549149,46.76639009730668],[27.53394257958882,46.76395224553283],[27.542402664761347,46.76769256691205],[27.549219091016877,46.76528399980866],[27.564612251271676,46.77400274467722],[27.565972517854657,46.77180866635788],[27.576845363667985,46.77561045388447],[27.586882620804573,46.769902114253036],[27.59108853931571,46.7736092617744],[27.587875319916076,46.776678686684626],[27.590761213239023,46.77821070937564],[27.588388314675996,46.78320692239658],[27.595046434062766,46.7841576555125],[27.60056615635782,46.76088355554704],[27.603031322132164,46.7602927057869],[27.60000657228691,46.75576587208799],[27.603082516449607,46.7583116958361],[27.60981235885859,46.74728463330071],[27.61368658047554,46.74876656790716],[27.6094804567283,46.75533377372869],[27.61323701541533,46.763774137198205],[27.61956445525027,46.76472131243117],[27.63677514955837,46.72346488748507],[27.652694739138457,46.70381987443106],[27.650096610600553,46.699306035034205],[27.660784473705895,46.696185608428266],[27.65740023637231,46.700846599240606],[27.65988864676406,46.70113572530847],[27.65727690593296,46.71225788234645],[27.672595606247043,46.713380126987076],[27.676838247667064,46.71646508917386],[27.68189669266944,46.713449526563544],[27.681625306561926,46.70953482892836],[27.670333582830324,46.68971499519353],[27.682495487721027,46.69077279463351]]],[[[27.47669045848333,46.79680392900217],[27.48775899887657,46.77858310499778],[27.491306641362925,46.7761215058029],[27.49725485295926,46.77608925625639],[27.503960833879603,46.770663624433766],[27.51144342502324,46.768097625994045],[27.518931545327906,46.75921547085158],[27.510201742865362,46.75542655318159],[27.51199367144298,46.7524744680298],[27.486612847229054,46.74291094537217],[27.479086597727775,46.73706111115118],[27.466709954258466,46.73541335147887],[27.464118021536965,46.740028977026064],[27.45587250932387,46.73748307678891],[27.450980826311493,46.74131052267267],[27.45356256579645,46.7431606119885],[27.449087428576416,46.74569274006138],[27.432377832555343,46.74131290105821],[27.417468061583584,46.74100610244664],[27.4055848027968,46.7373702497494],[27.398915490461594,46.74752577537349],[27.387563268706877,46.75142555489456],[27.380332029319888,46.760132119601565],[27.373765121060988,46.76288096425847],[27.383769159633708,46.77321589461668],[27.390895356112836,46.77513196185567],[27.38923080271382,46.77870452367996],[27.39290315168714,46.7825098003092],[27.391348133549755,46.78381897423588],[27.395940541931754,46.78640894796599],[27.40174696795793,46.7757342508516],[27.40907598001589,46.77834541242305],[27.407992247936026,46.7852116132429],[27.41281354087814,46.787184697347826],[27.414403432948234,46.78370382881673],[27.411360515704807,46.782340151400106],[27.412293112479276,46.77858871088775],[27.416939892106083,46.7812865747219],[27.418765138900103,46.77989464933882],[27.41816458631027,46.78637865455811],[27.410273438128225,46.799792529474],[27.41361470187923,46.80624501572987],[27.42852154758438,46.80092115221713],[27.447504769145088,46.797674991744444],[27.45096790314228,46.795144660809385],[27.4639974627736,46.79789993453077],[27.472791516237095,46.7954728080994],[27.47669045848333,46.79680392900217]]],[[[27.515779895510146,46.875224341140026],[27.51948988541328,46.86292835591193],[27.527211884703124,46.85733229542094],[27.53334915215529,46.848538562834534],[27.539931240093708,46.84939401602586],[27.544693895635053,46.83746596963319],[27.546616324074783,46.837679092893545],[27.546294606286413,46.83153115473241],[27.504842860608864,46.82501211296761],[27.503418416902228,46.82188644157138],[27.492936682897987,46.81869782565867],[27.49341280947924,46.80974735388706],[27.496029916845217,46.80891413971723],[27.497048620736933,46.80307519392741],[27.492706172109347,46.805135567360246],[27.488407379072008,46.803045745620786],[27.49231504723588,46.80025367280952],[27.48508492686307,46.79916834121262],[27.479327859140316,46.793834997262465],[27.47669045848333,46.79680392900217],[27.472791516237095,46.7954728080994],[27.4639974627736,46.79789993453077],[27.45096790314228,46.795144660809385],[27.447504769145088,46.797674991744444],[27.42852154758438,46.80092115221713],[27.41361470187923,46.80624501572987],[27.40922657756908,46.824564900107646],[27.417035527000913,46.82379156732573],[27.41983051113464,46.82801078872819],[27.42255695773428,46.828328120530955],[27.422701062614035,46.83205425036289],[27.419347244226753,46.832148657308935],[27.42072023617283,46.83447508308678],[27.423493679621693,46.83567803246165],[27.427250296652073,46.83433244511882],[27.427386688114822,46.839356990970344],[27.418244116831975,46.839184480364764],[27.417581667388625,46.84906628825414],[27.413596568304012,46.849355774312606],[27.417099484003256,46.85876046419209],[27.415379110407574,46.86051468103445],[27.418469625031666,46.86392457413875],[27.417082125097238,46.86828840485206],[27.421305987507175,46.86793632773544],[27.424589858825943,46.86251157144868],[27.446910518004564,46.865537829169405],[27.446058749515966,46.867799025891145],[27.45476523836378,46.869352254426396],[27.459930649731515,46.86235030878565],[27.46719150281212,46.86419685861354],[27.462878598320824,46.86522181739131],[27.461519098090662,46.868134748207574],[27.471680878027133,46.871156190430156],[27.475517975580544,46.866371861053146],[27.489582461366282,46.869633986297224],[27.486455393415177,46.87509247967774],[27.492646727106713,46.87678070358582],[27.500269168779088,46.877552821179655],[27.515779895510146,46.875224341140026]]],[[[27.676531953914882,46.88382130115694],[27.692155797026125,46.88703607944354],[27.7058237494516,46.88297085427436],[27.71195315355648,46.88313889870086],[27.71959745372905,46.880807555084466],[27.727222675527617,46.87378108372355],[27.698509276439044,46.863305677288416],[27.690565156407725,46.85732190522861],[27.726617810256062,46.826467570211136],[27.72364376403467,46.82684460749546],[27.710440061378726,46.812059731211185],[27.71374178042321,46.8048473090226],[27.71064212418164,46.80313586512118],[27.706100533332997,46.80526009329731],[27.70222711316577,46.80270697615898],[27.694811396684287,46.811017073077785],[27.682332743049923,46.80388351626459],[27.684650076535195,46.80008522251439],[27.68131836766298,46.797847602476274],[27.667938589483658,46.79277128761714],[27.665998431217023,46.79465683928249],[27.656174957560737,46.793721759716],[27.65733398133189,46.81044771806366],[27.654295512968915,46.80998743652005],[27.65204546257068,46.81636439880849],[27.649101323676124,46.81842483158083],[27.646454151263036,46.81586126983688],[27.64148522523412,46.81577255118012],[27.635678380465336,46.8232444077388],[27.629168245949316,46.820772821936814],[27.625162577583254,46.82475203448716],[27.62047665042664,46.823127329164606],[27.61372216749686,46.83339618152391],[27.608278074391738,46.83184666776898],[27.610523661176963,46.83731685159137],[27.60337887548969,46.84062651770767],[27.60597044103393,46.846014485135456],[27.618054283887822,46.84584667288068],[27.629401123532812,46.85859544023797],[27.640623127329857,46.859512765277806],[27.643178425064463,46.85819915773097],[27.650487701477825,46.86258468377039],[27.646583152280847,46.86832239786713],[27.642833910589445,46.86585728064359],[27.6443248833648,46.87587804132938],[27.636709802964003,46.883814299291245],[27.639755526427365,46.885947661958184],[27.638664912289602,46.89303807138502],[27.6441184555583,46.89766688436794],[27.649835170618207,46.89650814342847],[27.658568844057548,46.888990735999705],[27.66912994060677,46.89000977674803],[27.676531953914882,46.88382130115694]]],[[[27.553066114349345,46.73709388178128],[27.530393570563273,46.70705267678771],[27.538458119275177,46.70131584955503],[27.523621405765414,46.69072089375919],[27.522048957976548,46.694596112065625],[27.517053954947865,46.694030815386576],[27.512481513762406,46.69758455191842],[27.49791117569238,46.70193828357538],[27.47896776435986,46.701864375589444],[27.4689333017287,46.69947984155489],[27.4694909535268,46.70247324207279],[27.462139219873404,46.70756661596685],[27.45558829142829,46.70665296088152],[27.44189185658501,46.71154586902773],[27.43988227016268,46.716974152589444],[27.427626774182205,46.717712275104056],[27.421551667270393,46.724055040039865],[27.419797931157103,46.72198469866261],[27.4165069781941,46.7224805955459],[27.41814726585515,46.724247957506876],[27.40779362426403,46.731521928045794],[27.4055848027968,46.7373702497494],[27.417468061583584,46.74100610244664],[27.432377832555343,46.74131290105821],[27.449087428576416,46.74569274006138],[27.45356256579645,46.7431606119885],[27.450980826311493,46.74131052267267],[27.45587250932387,46.73748307678891],[27.464118021536965,46.740028977026064],[27.466709954258466,46.73541335147887],[27.479086597727775,46.73706111115118],[27.486612847229054,46.74291094537217],[27.519832974021057,46.755494794804925],[27.52434446420214,46.751496409420454],[27.527285258167336,46.75274912302108],[27.543656240633503,46.7375687828083],[27.553066114349345,46.73709388178128]]],[[[27.582037169032745,46.82619857364362],[27.589951172569965,46.824395976802315],[27.58092827214139,46.82112058777313],[27.574668417800318,46.82260437763917],[27.562503921294304,46.81980281450046],[27.56214401701592,46.80185950824614],[27.563192052139858,46.80005367721955],[27.56355851770002,46.803106011357634],[27.565915465120426,46.80333505037571],[27.574484650806657,46.77753723801187],[27.557214591053093,46.770702537337236],[27.55235616994292,46.76604509753114],[27.549219091016877,46.76528399980866],[27.542402664761347,46.76769256691205],[27.53394257958882,46.76395224553283],[27.53036745549149,46.76639009730668],[27.515632489491995,46.762385376718576],[27.508999253892313,46.76959091872934],[27.503960833879603,46.770663624433766],[27.49725485295926,46.77608925625639],[27.491306641362925,46.7761215058029],[27.48775899887657,46.77858310499778],[27.479327859140316,46.793834997262465],[27.48508492686307,46.79916834121262],[27.49231504723588,46.80025367280952],[27.488407379072008,46.803045745620786],[27.492706172109347,46.805135567360246],[27.497048620736933,46.80307519392741],[27.496029916845217,46.80891413971723],[27.49341280947924,46.80974735388706],[27.492936682897987,46.81869782565867],[27.503418416902228,46.82188644157138],[27.503019911211673,46.824313285489104],[27.542959193097946,46.831469150508816],[27.547336305753838,46.831537659811616],[27.548398732430663,46.82561171356406],[27.5700119350917,46.82732416374773],[27.57830944320065,46.82430050326816],[27.582037169032745,46.82619857364362]]],[[[27.41361470187923,46.80624501572987],[27.410273438128225,46.799792529474],[27.41816458631027,46.78637865455811],[27.418765138900103,46.77989464933882],[27.416939892106083,46.7812865747219],[27.412293112479276,46.77858871088775],[27.411360515704807,46.782340151400106],[27.414403432948234,46.78370382881673],[27.41281354087814,46.787184697347826],[27.407992247936026,46.7852116132429],[27.40907598001589,46.77834541242305],[27.40174696795793,46.7757342508516],[27.395940541931754,46.78640894796599],[27.391348133549755,46.78381897423588],[27.39290315168714,46.7825098003092],[27.38923080271382,46.77870452367996],[27.390895356112836,46.77513196185567],[27.383769159633708,46.77321589461668],[27.376564359738015,46.764440529142306],[27.36790333963454,46.76044897742608],[27.361090506723436,46.761030966250985],[27.356064180191968,46.76379846281239],[27.35342464540497,46.77407450474327],[27.349169179394668,46.77646149815744],[27.352860633590165,46.779166771314024],[27.346262997145413,46.781523830006726],[27.333538180955852,46.77731935854038],[27.327697574638208,46.778018917205884],[27.311201225048887,46.78829191054186],[27.315553620486238,46.796337321884316],[27.32272686260833,46.79774114475048],[27.329988443450308,46.79666462083834],[27.337758045141715,46.80288266316181],[27.342385068220278,46.8021285934301],[27.34790974357002,46.806453415221306],[27.354191193013083,46.806814568863054],[27.35541284354713,46.813169564694505],[27.356842596345935,46.808320583199766],[27.360707968141586,46.81043937969521],[27.362085944690662,46.80784420739646],[27.369900163170186,46.80822101707624],[27.369551457510877,46.81071885558854],[27.373514720889087,46.81266924806172],[27.376478705305836,46.81168448052641],[27.381823206099085,46.8172161569077],[27.39207774673948,46.819964718601014],[27.389531326060112,46.81557849831945],[27.39758250663745,46.812433575457455],[27.397811650820067,46.80971112746808],[27.402957332173187,46.8069931855133],[27.41361470187923,46.80624501572987]]]]},"properties":{"alert_id":"442da79c3fcc1a16","source":"nowcasting","alert_type":"nowcasting","feature_id":"7987d24d07d63bae56","judet_cod":"VS","judet_nume":"Vaslui","county_code":"VS","county_name":"Vaslui","cod_judet":"VS","cod_culoare":1,"cod_culoare_nume":"Galben","culoare":"1","cod":"Galben","fenomen_principal":"Averse torențiale care vor acumula 15...25 l/mp, frecvente descărcări electrice, intensificări ale vântului cu viteze de 45...55 km/h, grindină de dimensiuni mici (1...2 cm).","fenomen_group":"ploi/vijelii","zona_text":"Județul Bacău: Filipești, Lipova, Dămienești, Roșiori;<br>Județul Neamţ: Ion Creangă, Icușești, Bahna, Secuieni, Oniceni, Valea Ursului, Bozieni, Pâncești, Poienari;<br>Județul Iaşi: Ipatele;<br>Județul Vaslui: Zăpodeni, Băcești, Dumești, Rebricea, Todirești, Ștefan cel Mare, Oșești, Negrești, Dănești, Gârceni, Cozmești, Vulturești, Rafaila;<br>","zona_nume":"Vaslui - localitati","zone_name":"Vaslui - localitati","display_name":"Vaslui - localitati","localities":["Zăpodeni","Băcești","Dumești","Rebricea","Todirești","Ștefan cel Mare","Oșești","Negrești","Dănești","Gârceni","Cozmești","Vulturești","Rafaila"],"geometry_source":"uat_match","match_confidence":"medium","interval_text":"","interval_start":"2026-09-02T23:05:00","valid_from":"2026-09-02T23:05:00","valid_to":"2026-09-03T00:40:00","interval_valabilitate_text":"","interval_end":"2026-09-03T00:40:00","data_expirare":"2026-09-03T00:40:00","mesaj_plain":"Averse torențiale care vor acumula 15...25 l/mp, frecvente descărcări electrice, intensificări ale vântului cu viteze de 45...55 km/h, grindină de dimensiuni mici (1...2 cm).","source_url":"","source_label":"","notes":"","durata_ore":1.6,"zi":"2026-09-03"}}]}