{"type":"FeatureCollection","metadata":{"date":"2026-09-14","active_alerts":[{"alert_id":"78fad105cf22c617","source":"nowcasting","alert_type":"nowcasting","interval_text":"","interval_start":"2026-09-14T03:40:00","interval_end":"2026-09-14T05:00:00","durata_ore":1.3,"valid_from":"2026-09-14T03:40:00","valid_to":"2026-09-14T05:00:00","cod_culoare_max":1,"fenomene_pe_cod":{"1":"Local vor fi averse, iar în timp scurt sau prin acumulare cantitățile de apă vor fi de 25…35 l/mp."},"judete_afectate":["BC","GL","VN","VS"],"judete_count":4,"judete_culori":{"BC":1,"GL":1,"VN":1,"VS":1},"color_counts":{"1":4},"text_alerta_html":"","message":"Local vor fi averse, iar în timp scurt sau prin acumulare cantitățile de apă vor fi de 25…35 l/mp.","feature_meta":{"BC":{"county_code":"BC","county_name":"Bacău","zone_name":"Bacău - localitati","display_name":"Bacău - localitati","localities":["Podu Turcului","Glăvănești","Dealu Morii"],"geometry_source":"coordGis","match_confidence":"high"},"GL":{"county_code":"GL","county_name":"Galați","zone_name":"Galați - localitati","display_name":"Galați - localitati","localities":["Corod","Brăhășești","Ghidigeni","Drăgușeni","Berești-Meria","Berești","Gohor","Cavadinești","Negrilești","Bălășești","Priponești","Cerțești","Vârlezi","Băneasa","Bălăbănești","Suceveni","Jorăști","Rădești"],"geometry_source":"uat_match","match_confidence":"medium"},"VN":{"county_code":"VN","county_name":"Vrancea","zone_name":"Vrancea - localitati","display_name":"Vrancea - localitati","localities":["Tănăsoaia","Corbița","Boghești"],"geometry_source":"uat_match","match_confidence":"high"},"VS":{"county_code":"VS","county_name":"Vaslui","zone_name":"Vaslui - localitati","display_name":"Vaslui - localitati","localities":["Bârlad","Zorleni","Murgeni","Fălciu","Vinderei","Tutova","Epureni","Grivița","Mălușteni","Ivești","Coroiești","Blăgești","Fruntișeni","Pochidia","Pogonești","Ciocani"],"geometry_source":"uat_match","match_confidence":"medium"}},"source_url":"","source_label":"","notes":""}],"alert_count":1,"general_alert_count":0,"nowcasting_alert_count":1,"manual_nowcasting_alert_count":0,"feature_count":4,"general_feature_count":0,"nowcasting_feature_count":4,"max_color":1,"general_max_color":0,"nowcasting_count":1,"has_nowcasting":true,"has_manual_nowcasting":false,"calendar_badge":"NC","sources":["nowcasting"],"alerts_by_county":{"BC":[{"alert_id":"78fad105cf22c617","cod":"Galben","culoare":"1","fenomen_group":"ploi/vijelii","source":"nowcasting"}],"GL":[{"alert_id":"78fad105cf22c617","cod":"Galben","culoare":"1","fenomen_group":"ploi/vijelii","source":"nowcasting"}],"VN":[{"alert_id":"78fad105cf22c617","cod":"Galben","culoare":"1","fenomen_group":"ploi/vijelii","source":"nowcasting"}],"VS":[{"alert_id":"78fad105cf22c617","cod":"Galben","culoare":"1","fenomen_group":"ploi/vijelii","source":"nowcasting"}]},"max_by_county":{"BC":{"max_color":1,"alert_count":1,"phenomena":["ploi/vijelii"]},"GL":{"max_color":1,"alert_count":1,"phenomena":["ploi/vijelii"]},"VN":{"max_color":1,"alert_count":1,"phenomena":["ploi/vijelii"]},"VS":{"max_color":1,"alert_count":1,"phenomena":["ploi/vijelii"]}}},"features":[{"type":"Feature","geometry":{"type":"MultiPolygon","coordinates":[[[[28.18931,46.303027],[28.188473,46.302861],[28.187682,46.302665],[28.187189,46.302428],[28.18678,46.302167],[28.186421,46.301943],[28.186124,46.301686],[28.185917,46.301578],[28.185766,46.301547],[28.185167,46.301141],[28.184539,46.300706],[28.184166,46.300496],[28.18349,46.30011],[28.183053,46.299997],[28.182746,46.299801],[28.182422,46.299685],[28.182022,46.299612],[28.181624,46.299576],[28.181188,46.299618],[28.180791,46.299742],[28.180457,46.29993],[28.180178,46.300152],[28.179883,46.30041],[28.179252,46.300654],[28.1789,46.300521],[28.178676,46.30036],[28.178493,46.300163],[28.178262,46.299901],[28.178222,46.29964],[28.178186,46.299028],[28.17821,46.298415],[28.178176,46.29782],[28.178202,46.297528],[28.17854,46.296982],[28.178836,46.296456],[28.179197,46.295965],[28.179502,46.295736],[28.180423,46.295162],[28.181117,46.294816],[28.181873,46.294497],[28.182245,46.294385],[28.182688,46.294319],[28.183084,46.294332],[28.183516,46.294356],[28.183926,46.294464],[28.18466,46.29467],[28.184703,46.294672],[28.182638,46.290927],[28.182058,46.291108],[28.181422,46.291111],[28.181315,46.291122],[28.18099,46.291126],[28.180923,46.291114],[28.180639,46.291059],[28.180599,46.291052],[28.180213,46.290981],[28.179821,46.290887],[28.179492,46.290751],[28.179238,46.290525],[28.179089,46.290284],[28.179033,46.289995],[28.179181,46.289447],[28.179511,46.288946],[28.179864,46.288443],[28.180164,46.287926],[28.180517,46.287141],[28.180532,46.287107],[28.179654,46.285515],[28.179449,46.285584],[28.178719,46.285938],[28.178137,46.286338],[28.177553,46.286716],[28.176782,46.287347],[28.176207,46.287743],[28.175073,46.28854],[28.174577,46.288969],[28.173769,46.289549],[28.173229,46.28997],[28.17296,46.290159],[28.172719,46.290628],[28.172874,46.2911],[28.173085,46.291402],[28.173398,46.291552],[28.173785,46.291687],[28.174192,46.291865],[28.174805,46.292245],[28.175075,46.292506],[28.175291,46.292739],[28.175578,46.292963],[28.176109,46.293423],[28.176525,46.293918],[28.1767,46.294206],[28.176979,46.294748],[28.176944,46.29506],[28.176846,46.29535],[28.176704,46.295634],[28.176182,46.296131],[28.175581,46.296556],[28.174655,46.297162],[28.173982,46.297559],[28.17325,46.29786],[28.172722,46.298027],[28.17246,46.298084],[28.171995,46.298115],[28.171588,46.298089],[28.171204,46.298008],[28.170656,46.297539],[28.169997,46.296819],[28.169805,46.296537],[28.169648,46.296267],[28.169569,46.295964],[28.169331,46.295362],[28.169156,46.29478],[28.169009,46.294217],[28.168983,46.293918],[28.168998,46.293602],[28.169025,46.293296],[28.169079,46.292715],[28.169202,46.291777],[28.169202,46.291482],[28.169195,46.291402],[28.169251,46.291195],[28.169228,46.29067],[28.169237,46.290134],[28.169226,46.289294],[28.169298,46.288459],[28.169283,46.287886],[28.16926,46.287319],[28.169257,46.286803],[28.169313,46.286504],[28.169738,46.285403],[28.16984,46.2851],[28.169829,46.284274],[28.169781,46.283441],[28.16961,46.282872],[28.169494,46.282614],[28.169128,46.282496],[28.168329,46.282454],[28.167522,46.282508],[28.167126,46.282487],[28.165985,46.282175],[28.16457,46.281723],[28.164003,46.281611],[28.163572,46.281649],[28.163181,46.281723],[28.162812,46.281861],[28.16253,46.282079],[28.162421,46.282426],[28.16249,46.282819],[28.162722,46.283183],[28.162989,46.283507],[28.163636,46.284208],[28.163888,46.284424],[28.164349,46.284927],[28.164772,46.2854],[28.164915,46.285645],[28.164986,46.285917],[28.164961,46.286134],[28.164806,46.286304],[28.164531,46.286484],[28.164184,46.286532],[28.163218,46.286618],[28.16253,46.286662],[28.161778,46.286696],[28.161372,46.286681],[28.159396,46.286392],[28.158214,46.286316],[28.156978,46.286261],[28.156583,46.286331],[28.156288,46.286486],[28.155789,46.287239],[28.155525,46.287775],[28.155474,46.288019],[28.155341,46.288577],[28.155261,46.289138],[28.155172,46.289663],[28.155103,46.289907],[28.154988,46.290146],[28.154838,46.290418],[28.154463,46.290938],[28.154364,46.291151],[28.154178,46.291403],[28.153968,46.291779],[28.153697,46.292],[28.153279,46.292148],[28.152509,46.292475],[28.152142,46.292677],[28.151685,46.292706],[28.150802,46.292571],[28.150371,46.29249],[28.149929,46.292355],[28.149564,46.292179],[28.149283,46.291952],[28.149122,46.291634],[28.148904,46.291403],[28.148977,46.291168],[28.148952,46.290895],[28.149062,46.290385],[28.149315,46.289824],[28.149484,46.289558],[28.149721,46.289035],[28.150049,46.288466],[28.150275,46.287918],[28.15054,46.287401],[28.150869,46.286883],[28.151134,46.286359],[28.151361,46.285813],[28.151619,46.285175],[28.151876,46.284677],[28.152121,46.284295],[28.152462,46.283833],[28.152686,46.283401],[28.153065,46.28262],[28.153123,46.282357],[28.153033,46.281263],[28.152982,46.280705],[28.153021,46.280424],[28.152909,46.279904],[28.152791,46.279608],[28.152708,46.279285],[28.152524,46.278972],[28.152275,46.278676],[28.151862,46.278534],[28.151378,46.278426],[28.150789,46.27843],[28.150331,46.278455],[28.149946,46.278491],[28.149115,46.278431],[28.147911,46.278292],[28.147054,46.278182],[28.146262,46.278166],[28.14545,46.278284],[28.144793,46.278378],[28.144447,46.278439],[28.144188,46.278567],[28.144071,46.278787],[28.143788,46.279304],[28.143949,46.279861],[28.144117,46.280396],[28.144196,46.280642],[28.144492,46.281163],[28.145366,46.282439],[28.146059,46.283439],[28.146266,46.283689],[28.146619,46.284227],[28.14711,46.284921],[28.147386,46.285404],[28.147529,46.285722],[28.147542,46.285944],[28.147264,46.286079],[28.146723,46.286266],[28.14554,46.286331],[28.145138,46.28638],[28.144509,46.286486],[28.14404,46.286486],[28.143245,46.286432],[28.142626,46.286379],[28.141705,46.286041],[28.141118,46.285659],[28.140471,46.285282],[28.139575,46.284733],[28.139341,46.284516],[28.13894,46.284088],[28.138529,46.283659],[28.138118,46.283231],[28.137927,46.282981],[28.137497,46.282547],[28.137156,46.281728],[28.136887,46.280882],[28.136721,46.280059],[28.136696,46.279785],[28.136716,46.279001],[28.136778,46.277674],[28.136773,46.276922],[28.1368,46.276105],[28.136841,46.275371],[28.136826,46.274786],[28.136871,46.273797],[28.136904,46.273261],[28.136958,46.272756],[28.136829,46.271931],[28.136708,46.271431],[28.136639,46.270879],[28.136611,46.270389],[28.136499,46.269883],[28.136421,46.269324],[28.136333,46.269071],[28.136029,46.26857],[28.135821,46.268322],[28.135347,46.267914],[28.134825,46.26747],[28.134531,46.267153],[28.134478,46.266695],[28.134641,46.266493],[28.134945,46.266186],[28.135233,46.265904],[28.135563,46.265571],[28.135918,46.265185],[28.136118,46.264651],[28.136039,46.264411],[28.135835,46.264206],[28.13528,46.263832],[28.134655,46.263518],[28.13403,46.263204],[28.133696,46.263076],[28.133324,46.263003],[28.132586,46.262813],[28.132177,46.262735],[28.131391,46.262648],[28.130588,46.262606],[28.129821,46.262538],[28.128994,46.262554],[28.128212,46.26255],[28.127428,46.262508],[28.127034,46.26256],[28.126768,46.262408],[28.12659,46.262196],[28.126393,46.261959],[28.126461,46.261703],[28.127028,46.260999],[28.127738,46.26038],[28.128403,46.259599],[28.1288,46.259142],[28.129027,46.258932],[28.129451,46.258475],[28.129631,46.258228],[28.129822,46.257713],[28.130022,46.256982],[28.130191,46.256398],[28.130505,46.256268],[28.130966,46.256121],[28.131431,46.256045],[28.131824,46.256015],[28.132213,46.256055],[28.133356,46.256273],[28.134462,46.256485],[28.135576,46.256703],[28.136694,46.256953],[28.137436,46.257066],[28.13857,46.257284],[28.139334,46.257454],[28.139703,46.257488],[28.140083,46.257535],[28.140862,46.257488],[28.141648,46.257409],[28.141989,46.25726],[28.142469,46.256807],[28.142966,46.256364],[28.143172,46.256116],[28.143719,46.255706],[28.143946,46.255496],[28.144397,46.255025],[28.144905,46.254584],[28.145375,46.254125],[28.145877,46.253723],[28.146066,46.253482],[28.146368,46.25297],[28.146521,46.25259],[28.146581,46.2522],[28.146482,46.251909],[28.146173,46.25165],[28.14552,46.251324],[28.144831,46.251018],[28.144169,46.250698],[28.143471,46.250407],[28.143133,46.25027],[28.142811,46.250106],[28.142506,46.249917],[28.142208,46.249735],[28.141775,46.249547],[28.141684,46.249512],[28.141004,46.249149],[28.140273,46.248838],[28.139648,46.24848],[28.139021,46.248096],[28.138722,46.24791],[28.138354,46.247795],[28.137963,46.247906],[28.137648,46.248071],[28.137363,46.248304],[28.136912,46.24878],[28.136682,46.249024],[28.136175,46.249469],[28.136082,46.249542],[28.135888,46.249734],[28.135438,46.250132],[28.134926,46.250568],[28.134672,46.250865],[28.134355,46.251112],[28.134036,46.251127],[28.133707,46.251016],[28.133319,46.250771],[28.13302,46.25061],[28.132511,46.250174],[28.132247,46.24996],[28.132036,46.249733],[28.131478,46.249403],[28.131247,46.249189],[28.130772,46.248834],[28.130272,46.248481],[28.129925,46.248161],[28.129315,46.247776],[28.12872,46.247388],[28.128188,46.246947],[28.12769,46.246537],[28.127153,46.24609],[28.126685,46.245641],[28.126204,46.245221],[28.125742,46.24474],[28.125032,46.244045],[28.124328,46.243324],[28.123863,46.242853],[28.123618,46.242641],[28.123418,46.242476],[28.123166,46.24208],[28.122965,46.241822],[28.122685,46.241615],[28.122261,46.241487],[28.12185,46.241358],[28.121465,46.24134],[28.120942,46.241397],[28.120608,46.241555],[28.12033,46.24177],[28.120038,46.242644],[28.119971,46.242947],[28.119594,46.243087],[28.11914,46.243153],[28.118793,46.242919],[28.118718,46.242655],[28.118782,46.242355],[28.118984,46.241926],[28.119167,46.24141],[28.119343,46.240882],[28.119534,46.240338],[28.119427,46.239811],[28.119278,46.239268],[28.119111,46.238708],[28.118662,46.238702],[28.118285,46.238763],[28.117676,46.239147],[28.117396,46.239319],[28.117183,46.239539],[28.116832,46.240027],[28.116661,46.240279],[28.116284,46.240763],[28.116092,46.240994],[28.115787,46.241516],[28.115613,46.242018],[28.115344,46.242814],[28.115149,46.243352],[28.114929,46.243874],[28.114719,46.2444],[28.114575,46.244673],[28.114475,46.244943],[28.114383,46.245492],[28.11429,46.245746],[28.11408,46.245981],[28.113694,46.246045],[28.11329,46.246102],[28.112944,46.245956],[28.112626,46.245801],[28.11236,46.245592],[28.11209,46.245416],[28.111747,46.245177],[28.111322,46.244836],[28.110843,46.244358],[28.110362,46.243615],[28.110238,46.243351],[28.109903,46.242855],[28.109727,46.24232],[28.109617,46.241753],[28.109504,46.241222],[28.109479,46.240686],[28.109567,46.240125],[28.109629,46.239564],[28.109686,46.239018],[28.109775,46.238475],[28.109918,46.237952],[28.110118,46.237438],[28.110348,46.236898],[28.110595,46.236387],[28.110919,46.235567],[28.111271,46.2348],[28.111507,46.234296],[28.111643,46.234026],[28.111742,46.233734],[28.111799,46.233192],[28.111825,46.232914],[28.111815,46.232636],[28.111754,46.232105],[28.111666,46.231559],[28.111503,46.230709],[28.111361,46.229858],[28.111258,46.229332],[28.11104,46.228602],[28.110852,46.228037],[28.110691,46.227497],[28.110407,46.226978],[28.110284,46.226722],[28.109902,46.226231],[28.109738,46.225998],[28.109629,46.225726],[28.109459,46.225479],[28.109149,46.224971],[28.108727,46.224505],[28.108275,46.224063],[28.107835,46.223635],[28.107336,46.223187],[28.106966,46.222707],[28.10661,46.222291],[28.106472,46.222071],[28.10633,46.221754],[28.106343,46.22152],[28.10657,46.221218],[28.106983,46.220968],[28.107344,46.220836],[28.107715,46.220761],[28.108501,46.220693],[28.109313,46.2207],[28.110091,46.220637],[28.110485,46.220608],[28.110857,46.220472],[28.11151,46.220158],[28.111763,46.219946],[28.111925,46.219682],[28.111952,46.219422],[28.111954,46.218878],[28.111829,46.218326],[28.111589,46.217749],[28.111239,46.216984],[28.110945,46.216487],[28.110765,46.216257],[28.110545,46.216043],[28.110299,46.215834],[28.109982,46.215651],[28.109543,46.215519],[28.108778,46.215511],[28.108374,46.21545],[28.108034,46.215304],[28.107745,46.215096],[28.107684,46.214838],[28.10781,46.214575],[28.108109,46.214344],[28.10851,46.214181],[28.108944,46.214133],[28.109432,46.214023],[28.109978,46.213846],[28.110756,46.213646],[28.111639,46.213261],[28.112268,46.212984],[28.112927,46.212692],[28.113583,46.212429],[28.113906,46.212254],[28.114167,46.21205],[28.114645,46.211593],[28.114766,46.211344],[28.114798,46.211077],[28.114684,46.210802],[28.114509,46.210563],[28.114283,46.210342],[28.113976,46.210144],[28.113358,46.209793],[28.112771,46.209431],[28.112462,46.209238],[28.112196,46.209025],[28.111975,46.208797],[28.111748,46.20855],[28.111562,46.208299],[28.111383,46.208066],[28.111051,46.207795],[28.110643,46.20741],[28.110279,46.206998],[28.109934,46.206577],[28.109657,46.206132],[28.109568,46.205901],[28.109488,46.205666],[28.109502,46.205411],[28.109544,46.205181],[28.109722,46.204762],[28.109851,46.204545],[28.110668,46.203799],[28.110871,46.203607],[28.111241,46.203211],[28.111636,46.202827],[28.112189,46.202332],[28.112785,46.202005],[28.113136,46.20187],[28.113347,46.201818],[28.113643,46.20183],[28.113808,46.201848],[28.114135,46.201924],[28.114689,46.20219],[28.115264,46.202435],[28.115793,46.202722],[28.116254,46.203054],[28.116505,46.203212],[28.11688,46.203609],[28.117065,46.2038],[28.11723,46.204028],[28.117469,46.204464],[28.117609,46.204932],[28.117765,46.205413],[28.117766,46.205894],[28.117732,46.206139],[28.117532,46.206596],[28.117344,46.206831],[28.117212,46.207044],[28.117168,46.207269],[28.117108,46.207517],[28.116848,46.208009],[28.116784,46.208065],[28.116738,46.208177],[28.116507,46.208681],[28.116393,46.208976],[28.116325,46.209241],[28.116264,46.209805],[28.116259,46.210367],[28.116285,46.210651],[28.116399,46.210912],[28.116786,46.211401],[28.117083,46.211592],[28.117415,46.211766],[28.118117,46.212043],[28.118882,46.212148],[28.119683,46.212199],[28.120073,46.212196],[28.120834,46.212049],[28.121548,46.211806],[28.122228,46.211509],[28.122826,46.211143],[28.123155,46.210974],[28.12342,46.210829],[28.124636,46.209495],[28.125637,46.208064],[28.125785,46.207757],[28.125872,46.207518],[28.125925,46.207265],[28.125952,46.207027],[28.125951,46.206535],[28.126026,46.206324],[28.126026,46.206087],[28.125947,46.205643],[28.125919,46.205142],[28.125818,46.204661],[28.125744,46.20419],[28.125657,46.203705],[28.125557,46.203475],[28.125336,46.203012],[28.125149,46.202562],[28.124935,46.202089],[28.124729,46.201649],[28.124508,46.201186],[28.124049,46.200539],[28.123747,46.200069],[28.123551,46.19992],[28.12342,46.199695],[28.123325,46.199667],[28.123266,46.19953],[28.123169,46.199405],[28.12299,46.19932],[28.122838,46.199123],[28.122337,46.198754],[28.121906,46.198383],[28.12167,46.198203],[28.12121,46.19785],[28.120706,46.197508],[28.120195,46.197199],[28.119431,46.196736],[28.118339,46.196109],[28.117812,46.195788],[28.117571,46.195607],[28.117464,46.195368],[28.117395,46.195154],[28.117362,46.194891],[28.11746,46.194397],[28.117517,46.193904],[28.117594,46.193399],[28.117727,46.192928],[28.117871,46.192444],[28.117971,46.192207],[28.118129,46.191997],[28.11837,46.19181],[28.118641,46.19159],[28.118873,46.191495],[28.119127,46.191407],[28.11958,46.191343],[28.120328,46.191423],[28.121353,46.191684],[28.121986,46.191884],[28.122707,46.192095],[28.123009,46.192204],[28.12342,46.192421],[28.123712,46.192535],[28.12427,46.192768],[28.124868,46.192971],[28.125448,46.193164],[28.12626,46.193478],[28.126852,46.19371],[28.127418,46.193946],[28.128352,46.194271],[28.128964,46.194483],[28.129654,46.194692],[28.129974,46.194754],[28.130553,46.194873],[28.131201,46.195005],[28.131523,46.195113],[28.132126,46.195297],[28.132774,46.195434],[28.133419,46.195519],[28.13377,46.195542],[28.134134,46.195551],[28.134439,46.195468],[28.13464,46.195333],[28.125956,46.175909],[28.119421,46.112525],[28.119174,46.112603],[28.118941,46.112637],[28.11843,46.112562],[28.117772,46.112249],[28.117441,46.112086],[28.117327,46.112001],[28.117141,46.111804],[28.116807,46.111443],[28.116539,46.110976],[28.11647,46.110882],[28.116254,46.110588],[28.116026,46.11006],[28.11592,46.109907],[28.115767,46.109308],[28.115631,46.108693],[28.115678,46.108295],[28.115708,46.108045],[28.115845,46.107796],[28.115868,46.107759],[28.115956,46.107665],[28.116018,46.107599],[28.116624,46.107242],[28.11722,46.10695],[28.117679,46.106818],[28.118394,46.106527],[28.118415,46.106521],[28.1176,46.102095],[28.117207,46.102051],[28.11678,46.102023],[28.116375,46.102012],[28.115578,46.102048],[28.114776,46.102104],[28.114397,46.102165],[28.114039,46.102238],[28.113308,46.1025],[28.112733,46.102923],[28.112263,46.103373],[28.111896,46.103501],[28.111513,46.103678],[28.111101,46.103713],[28.110729,46.103752],[28.110345,46.103672],[28.109919,46.103593],[28.109358,46.103183],[28.108994,46.102654],[28.108706,46.102073],[28.108437,46.101525],[28.108159,46.101007],[28.107862,46.100178],[28.107653,46.099569],[28.107468,46.099021],[28.107151,46.098467],[28.10682,46.098305],[28.106408,46.098173],[28.106061,46.098251],[28.104983,46.098532],[28.104225,46.098697],[28.103411,46.098833],[28.102619,46.098755],[28.102196,46.098395],[28.102492,46.097704],[28.103137,46.097361],[28.103855,46.097079],[28.104611,46.096817],[28.105303,46.096549],[28.105969,46.096247],[28.106663,46.095943],[28.106874,46.095705],[28.107018,46.095447],[28.107115,46.094838],[28.107128,46.094271],[28.106967,46.093726],[28.106884,46.093451],[28.106636,46.092882],[28.106324,46.092365],[28.105992,46.09187],[28.105665,46.091341],[28.10549,46.091098],[28.105245,46.09057],[28.105133,46.089981],[28.105354,46.089731],[28.105522,46.089488],[28.10617,46.089074],[28.106901,46.088829],[28.107283,46.088732],[28.107645,46.088627],[28.108425,46.088393],[28.109193,46.088192],[28.109941,46.087955],[28.110309,46.087803],[28.110657,46.087636],[28.111291,46.087261],[28.11149,46.086968],[28.11151,46.086665],[28.111389,46.086376],[28.111275,46.086074],[28.111053,46.085842],[28.110779,46.085613],[28.110167,46.085224],[28.109509,46.084866],[28.108827,46.084463],[28.108147,46.084084],[28.107807,46.083882],[28.107412,46.083679],[28.107094,46.08316],[28.107036,46.083065],[28.106982,46.082826],[28.107299,46.082311],[28.10755,46.081991],[28.107755,46.081709],[28.108011,46.081235],[28.108292,46.080802],[28.108726,46.079923],[28.108832,46.079649],[28.108899,46.079194],[28.108951,46.078698],[28.108913,46.07845],[28.108821,46.078237],[28.108646,46.078088],[28.108422,46.077968],[28.108112,46.077876],[28.107702,46.077815],[28.107218,46.077786],[28.106724,46.077805],[28.106192,46.077844],[28.105471,46.078047],[28.104919,46.078239],[28.104378,46.078421],[28.103969,46.078578],[28.103506,46.078856],[28.103131,46.079092],[28.102811,46.07933],[28.102474,46.07963],[28.10216,46.079915],[28.101728,46.080243],[28.101446,46.080449],[28.101152,46.080635],[28.100877,46.080749],[28.100558,46.080875],[28.100157,46.080959],[28.099755,46.08097],[28.099448,46.080869],[28.099118,46.080732],[28.098851,46.080549],[28.098593,46.080319],[28.098396,46.080065],[28.098306,46.079902],[28.098091,46.079354],[28.097977,46.079119],[28.097709,46.078795],[28.097376,46.078446],[28.097113,46.078285],[28.096843,46.078197],[28.096527,46.07815],[28.096227,46.078186],[28.095866,46.078271],[28.095453,46.078428],[28.094881,46.078704],[28.094238,46.079004],[28.093834,46.079177],[28.093585,46.079262],[28.093286,46.079301],[28.092949,46.07924],[28.092675,46.079097],[28.092434,46.078885],[28.092246,46.078631],[28.092217,46.078266],[28.092272,46.077954],[28.092402,46.077609],[28.09258,46.077126],[28.092819,46.076571],[28.092939,46.076207],[28.093103,46.075757],[28.093212,46.075346],[28.093277,46.074916],[28.09332,46.074616],[28.093331,46.074227],[28.093275,46.073949],[28.093169,46.073711],[28.093051,46.073538],[28.092536,46.073258],[28.091773,46.072988],[28.091378,46.072817],[28.090814,46.072544],[28.090427,46.07225],[28.090174,46.071966],[28.089662,46.071164],[28.089545,46.070877],[28.089338,46.070482],[28.089178,46.070124],[28.089059,46.069735],[28.088922,46.069429],[28.088836,46.069185],[28.088863,46.06886],[28.08907,46.068611],[28.08934,46.068403],[28.089744,46.068151],[28.090222,46.067937],[28.090851,46.067676],[28.091289,46.067539],[28.091702,46.067377],[28.092477,46.067077],[28.092737,46.066969],[28.093396,46.066682],[28.093986,46.066446],[28.094617,46.066161],[28.095356,46.065864],[28.095872,46.065671],[28.09662,46.065544],[28.097164,46.065482],[28.098018,46.0653],[28.09867,46.065164],[28.09932,46.065068],[28.099751,46.064948],[28.100133,46.064806],[28.100386,46.064626],[28.100479,46.064425],[28.100515,46.064125],[28.100401,46.063681],[28.100265,46.0632],[28.100129,46.062916],[28.09987,46.062389],[28.099704,46.062008],[28.099339,46.06148],[28.099189,46.061238],[28.098891,46.06093],[28.098516,46.060627],[28.09816,46.060371],[28.097891,46.060225],[28.097556,46.060106],[28.097022,46.060042],[28.096027,46.060089],[28.095098,46.060156],[28.094556,46.06023],[28.093916,46.060281],[28.093386,46.060298],[28.092922,46.060336],[28.092502,46.060358],[28.091877,46.060288],[28.091125,46.060228],[28.090632,46.060165],[28.090127,46.06005],[28.089502,46.059847],[28.089176,46.059705],[28.088763,46.059501],[28.088723,46.059286],[28.088679,46.059005],[28.088718,46.058629],[28.088837,46.058083],[28.088905,46.057791],[28.089178,46.057344],[28.089371,46.057059],[28.08965,46.056563],[28.08995,46.056113],[28.09021,46.055714],[28.090519,46.055284],[28.090847,46.054788],[28.091095,46.054473],[28.091326,46.054226],[28.091453,46.054122],[28.0917,46.053937],[28.091977,46.053725],[28.09245,46.053483],[28.092772,46.053308],[28.093205,46.053226],[28.093648,46.053175],[28.095841,46.053573],[28.096483,46.053693],[28.097455,46.05382],[28.098344,46.053897],[28.099681,46.054017],[28.100654,46.054097],[28.101431,46.054115],[28.102117,46.054091],[28.102745,46.054035],[28.103367,46.053947],[28.103879,46.053838],[28.104268,46.053676],[28.104583,46.05348],[28.104796,46.053335],[28.104977,46.053056],[28.105008,46.05275],[28.104918,46.052498],[28.104417,46.052039],[28.103912,46.051558],[28.103338,46.051067],[28.102718,46.05051],[28.102212,46.050012],[28.101719,46.049539],[28.101371,46.049134],[28.101093,46.048806],[28.100746,46.048273],[28.10058,46.047962],[28.100497,46.047628],[28.100424,46.047281],[28.100435,46.046706],[28.100529,46.046408],[28.100679,46.046116],[28.100967,46.045766],[28.101452,46.045401],[28.101954,46.045088],[28.102551,46.04475],[28.103013,46.04442],[28.10336,46.044136],[28.103641,46.04389],[28.103776,46.043632],[28.103788,46.043306],[28.103663,46.043044],[28.103298,46.04284],[28.102936,46.042752],[28.102394,46.042659],[28.101801,46.042624],[28.101267,46.042643],[28.100759,46.042704],[28.100248,46.042816],[28.099805,46.042948],[28.098616,46.043375],[28.098171,46.043534],[28.097749,46.043571],[28.097413,46.043516],[28.097166,46.043398],[28.096598,46.042827],[28.096408,46.04251],[28.096279,46.042189],[28.09623,46.041877],[28.096197,46.041604],[28.096187,46.041399],[28.096163,46.041149],[28.095975,46.040837],[28.09565,46.040306],[28.095446,46.039966],[28.095184,46.039619],[28.094836,46.039267],[28.094332,46.038776],[28.093942,46.038449],[28.093668,46.038221],[28.093286,46.03801],[28.092937,46.037683],[28.092724,46.037434],[28.092451,46.037223],[28.091765,46.036775],[28.091155,46.036264],[28.090887,46.036056],[28.090678,46.035814],[28.090517,46.035581],[28.090447,46.035338],[28.090192,46.034782],[28.090081,46.034323],[28.090003,46.033948],[28.089958,46.033482],[28.090036,46.032995],[28.090151,46.032343],[28.090276,46.031765],[28.090426,46.031209],[28.090544,46.030766],[28.090543,46.030326],[28.090426,46.029922],[28.0903,46.029549],[28.08998,46.029025],[28.089713,46.028586],[28.089437,46.028058],[28.089123,46.027474],[28.088972,46.027055],[28.088833,46.026702],[28.088792,46.02622],[28.088768,46.025615],[28.088744,46.025103],[28.088745,46.02452],[28.088674,46.023927],[28.088592,46.02339],[28.088437,46.022835],[28.088291,46.02235],[28.088096,46.021928],[28.087755,46.021369],[28.087459,46.020834],[28.08745,46.020322],[28.087625,46.020052],[28.087862,46.019831],[28.088206,46.019603],[28.088762,46.019274],[28.089237,46.018927],[28.089675,46.018684],[28.090145,46.018509],[28.090667,46.018343],[28.09126,46.018152],[28.091624,46.018033],[28.092407,46.017839],[28.092777,46.017747],[28.093287,46.017597],[28.093891,46.017425],[28.094331,46.017253],[28.09464,46.017096],[28.094846,46.016948],[28.095003,46.016791],[28.095161,46.016552],[28.095399,46.016126],[28.095559,46.015576],[28.095656,46.015355],[28.095715,46.015142],[28.095703,46.014917],[28.095532,46.014581],[28.095104,46.014163],[28.094771,46.013911],[28.094236,46.013598],[28.09361,46.013205],[28.093111,46.012904],[28.092618,46.012583],[28.092323,46.012409],[28.091702,46.012185],[28.091329,46.011966],[28.090732,46.011665],[28.090093,46.011328],[28.089534,46.011013],[28.088872,46.010653],[28.088197,46.010294],[28.087558,46.009995],[28.086969,46.00973],[28.086424,46.009427],[28.086077,46.009251],[28.085845,46.009088],[28.085513,46.008755],[28.08538,46.008602],[28.085212,46.008312],[28.08521,46.008117],[28.085293,46.007803],[28.085428,46.007585],[28.085743,46.007182],[28.086082,46.006839],[28.08656,46.00638],[28.086892,46.006209],[28.087281,46.006112],[28.087919,46.006052],[28.088462,46.005981],[28.088877,46.005942],[28.089252,46.005859],[28.089816,46.005662],[28.090165,46.005526],[28.090507,46.005358],[28.090762,46.00516],[28.091024,46.004914],[28.091275,46.004524],[28.091487,46.004162],[28.091705,46.003722],[28.091824,46.003471],[28.091972,46.0032],[28.092305,46.002777],[28.092723,46.002263],[28.092999,46.001933],[28.093138,46.001767],[28.093616,46.001218],[28.094158,46.000612],[28.094508,46.000238],[28.094896,45.999788],[28.094936,45.999731],[28.095133,45.999637],[28.095471,45.999145],[28.095785,45.99866],[28.095942,45.998307],[28.096176,45.997891],[28.096281,45.997477],[28.096372,45.997083],[28.09645,45.996524],[28.096549,45.996001],[28.096605,45.995378],[28.09666,45.994871],[28.096802,45.994419],[28.096994,45.993944],[28.097282,45.993465],[28.097686,45.992998],[28.098071,45.992521],[28.098365,45.992026],[28.098629,45.991572],[28.098704,45.991452],[28.094869,45.966405],[28.070444,45.957144],[28.017153,45.950969],[27.954981,45.935529],[27.866163,45.935529],[27.768463,45.935529],[27.695188,45.940161],[27.597488,45.947881],[27.528654,45.947881],[27.439836,45.958688],[27.386545,45.981837],[27.355458,46.011146],[27.302167,46.045062],[27.291065,46.100518],[27.26664,46.183596],[27.257758,46.238912],[27.275522,46.266549],[27.442056,46.268084],[27.51311,46.268084],[27.635235,46.258874],[27.735156,46.258874],[27.85506,46.265014],[27.997169,46.275759],[28.068224,46.286501],[28.190349,46.304911],[28.18931,46.303027]]]]},"properties":{"alert_id":"78fad105cf22c617","source":"nowcasting","alert_type":"nowcasting","feature_id":"354c3f4df4912b3935","judet_cod":"BC","judet_nume":"Bacău","county_code":"BC","county_name":"Bacău","cod_judet":"BC","cod_culoare":1,"cod_culoare_nume":"Galben","culoare":"1","cod":"Galben","fenomen_principal":"Local vor fi averse, iar în timp scurt sau prin acumulare cantitățile de apă vor fi de 25…35 l/mp.","fenomen_group":"ploi/vijelii","zona_text":"Județul Bacău: Podu Turcului, Glăvănești, Dealu Morii;<br>Județul Galaţi: Corod, Brăhășești, Ghidigeni, Drăgușeni, Berești-Meria, Berești, Gohor, Cavadinești, Negrilești, Bălășești, Priponești, Cerțești, Vârlezi, Băneasa, Bălăbănești, Suceveni, Jorăști, Rădești;<br>Județul Vrancea: Tănăsoaia, Corbița, Boghești;<br>Județul Vaslui: Bârlad, Zorleni, Murgeni, Fălciu, Vinderei, Tutova, Epureni, Grivița, Mălușteni, Ivești, Coroiești, Blăgești, Fruntișeni, Pochidia, Pogonești, Ciocani;<br>","zona_nume":"Bacău - localitati","zone_name":"Bacău - localitati","display_name":"Bacău - localitati","localities":["Podu Turcului","Glăvănești","Dealu Morii"],"geometry_source":"coordGis","match_confidence":"high","interval_text":"","interval_start":"2026-09-14T03:40:00","valid_from":"2026-09-14T03:40:00","valid_to":"2026-09-14T05:00:00","interval_valabilitate_text":"","interval_end":"2026-09-14T05:00:00","data_expirare":"2026-09-14T05:00:00","mesaj_plain":"Local vor fi averse, iar în timp scurt sau prin acumulare cantitățile de apă vor fi de 25…35 l/mp.","source_url":"","source_label":"","notes":"","durata_ore":1.3,"zi":"2026-09-14"}},{"type":"Feature","geometry":{"type":"MultiPolygon","coordinates":[[[[27.698866006202273,45.94489286791711],[27.69986864225662,45.934701425979135],[27.675494129286278,45.92994042816546],[27.689632726620033,45.91259658240297],[27.667643386243117,45.90394631948497],[27.67563532844814,45.89379157532519],[27.657218263061186,45.88637088896308],[27.672981256839652,45.86653175373943],[27.657514946157715,45.86062899838578],[27.649670082807788,45.870509781302445],[27.63307601183916,45.865515007625646],[27.600172799150698,45.872949341036914],[27.60637230467379,45.882202268515904],[27.57326834380604,45.88836995566013],[27.56831898312933,45.90070413013145],[27.5641346928936,45.900858054776734],[27.567074111318433,45.9064502733295],[27.56279792534249,45.92789575282086],[27.57992253700498,45.95030986282289],[27.56479587063065,45.949944206753365],[27.558969026094715,45.96300591303547],[27.578913496276655,45.96470052735713],[27.608665284582617,45.97491624581346],[27.609770529844486,45.97233913154608],[27.622035114424182,45.97422480993187],[27.622543111087783,45.97771235850898],[27.63218105574841,45.98192764651786],[27.643427423153458,45.98211397741541],[27.64384990366856,45.98868801110488],[27.65632788232943,45.99213848696586],[27.660093029737766,45.99533497157801],[27.660140771209747,46.01389822988885],[27.664969154591077,46.01500124272225],[27.665986012425055,46.02255393291795],[27.677346873291963,46.02210130737617],[27.67690361964638,46.01366623432726],[27.684407289901973,45.99713292352192],[27.665488949153822,45.9926117005428],[27.664934101891838,45.980435583981446],[27.670566296683457,45.98023405516896],[27.669828430017155,45.97345940626224],[27.67459687249069,45.97141716586541],[27.674442655314042,45.9684187022422],[27.6806307778755,45.968195036181456],[27.68180720108582,45.96588123121232],[27.69098022338312,45.96658146620538],[27.690838103075023,45.95847183368657],[27.701146007646546,45.948928618952294],[27.698866006202273,45.94489286791711]]],[[[27.3685402541152,46.08111832314219],[27.388986801898046,46.07663698029268],[27.385700467502904,46.074716733348524],[27.388756665264804,46.07320031374643],[27.38364591573307,46.07228984636518],[27.381935828171937,46.06837515325517],[27.387062892480547,46.0684337065703],[27.38933020043819,46.064646885084265],[27.383851990069893,46.06509526996809],[27.386212504453788,46.06125438634656],[27.380620246440387,46.06150134921457],[27.378694599162486,46.05705578135403],[27.37342432492925,46.05735055946636],[27.387238180799375,46.05109574261797],[27.386110321080412,46.043520432633585],[27.38973257487804,46.04109654255105],[27.39251043028899,46.0357861712832],[27.389959887786667,46.032775647585254],[27.392616231669496,46.03172954758502],[27.389392260241724,46.031316376763094],[27.391877656877046,46.02898274838994],[27.38658280777158,46.02031423920944],[27.39338366775261,46.013081230844435],[27.36388921586162,46.010846477011064],[27.360770056897454,46.008980987874565],[27.35576708570167,46.01054056373926],[27.355031487418028,46.01885594992745],[27.341431814557154,46.01897224020385],[27.353192856677914,46.01982972057432],[27.350805079863463,46.02156320678779],[27.350534718260796,46.019740998508546],[27.344382704329405,46.02280492452915],[27.339550722039423,46.02243105552807],[27.340829243937232,46.0202920068811],[27.326917893953798,46.01982009219614],[27.329784773910553,46.021746976354066],[27.32695282493219,46.022186974680935],[27.316746625563344,46.04103265865081],[27.318070593946654,46.044297919348345],[27.31010090804692,46.052404102929],[27.307806879544074,46.058611360714686],[27.30267767270844,46.0586141106956],[27.303059000809824,46.06244861523537],[27.289948875403233,46.061210238663406],[27.28749609405483,46.067427571765506],[27.28358519111515,46.06722068631275],[27.284678454600666,46.07173085506048],[27.281840612587455,46.07513639043621],[27.28513936117404,46.07934455381296],[27.29253422393071,46.080366582764086],[27.292248289364558,46.083368727897245],[27.319587355779287,46.08613858328255],[27.32315965760136,46.08262492702726],[27.3227036921227,46.079099261484664],[27.35103596409408,46.08051607060698],[27.368310772820468,46.078660520598284],[27.3685402541152,46.08111832314219]]],[[[27.531935685346077,46.06712693080805],[27.51551722852677,46.05626562216151],[27.515945115170215,46.05356050571338],[27.527292009535902,46.044141151970855],[27.541357259775047,46.020236289386375],[27.552410303253865,46.01201551788877],[27.548330926770497,46.00897785968645],[27.545108832048324,46.00999288978623],[27.54337953064454,46.00263688061604],[27.5489379322666,45.97411628343086],[27.499982660767728,45.977190795507674],[27.500768074268773,45.97413266199769],[27.49820727239662,45.9736480321762],[27.49353982698711,45.97637768676291],[27.472787850794795,45.97704173094696],[27.47199733987736,45.97936658509485],[27.457570356766446,45.979863584491845],[27.457933673437395,45.98294416510434],[27.455240235396047,45.98184043896511],[27.452148799668976,45.98397642197567],[27.45291540993631,45.98723192969616],[27.44629625173837,45.98661319464752],[27.44275217584975,45.98837691879689],[27.444477228988514,45.99149990618624],[27.454093162643186,45.99046112503818],[27.455687890704045,45.9918665124657],[27.452514751853894,45.99233185427328],[27.453495459128376,45.99574164499995],[27.442642145633155,46.00342298654533],[27.44308622061021,46.01642998742423],[27.46906005071748,46.031078214232956],[27.45285300520689,46.03488325527201],[27.471404989515563,46.06727385177389],[27.485774676434954,46.08219110015904],[27.50369897067508,46.07774166627668],[27.504078753362812,46.08037526985276],[27.515252793250646,46.08061061160039],[27.517191131231417,46.085360069916554],[27.531935685346077,46.06712693080805]]],[[[27.793019467086143,46.01019881531302],[27.799772927168206,45.98617334158118],[27.792153825763627,45.985028553958074],[27.79297821094849,45.97341010617417],[27.77674861485363,45.970856679677105],[27.78291945856024,45.954580884256146],[27.765447084367274,45.95164304440176],[27.764406573427063,45.954503497546575],[27.755214360697273,45.95277522211632],[27.75303781747384,45.95676880136387],[27.739804148898937,45.958146419523594],[27.722819479759163,45.951765333395876],[27.724667388155588,45.94707964677541],[27.698866006202273,45.94489286791711],[27.701146007646546,45.948928618952294],[27.690838103075023,45.95847183368657],[27.69098022338312,45.96658146620538],[27.68180720108582,45.96588123121232],[27.6806307778755,45.968195036181456],[27.674442655314042,45.9684187022422],[27.67459687249069,45.97141716586541],[27.669828430017155,45.97345940626224],[27.670566296683457,45.98023405516896],[27.664934101891838,45.980435583981446],[27.665488949153822,45.9926117005428],[27.684407289901973,45.99713292352192],[27.67690361964638,46.01366623432726],[27.677346873291963,46.02210130737617],[27.67236819420852,46.022682064916005],[27.674088459426983,46.03895914439832],[27.681386024535325,46.04061160287395],[27.673666627838614,46.056568230819636],[27.666639287331904,46.056066171394306],[27.668977956132924,46.06337857400076],[27.67778487892746,46.06634014637492],[27.67925688515489,46.06412909986241],[27.681511409930707,46.065375061915184],[27.69339838005445,46.06074304088954],[27.710565209485612,46.06859707656094],[27.720692855215336,46.0544859271508],[27.743498242805234,46.06114776442082],[27.754521728528935,46.052701290020515],[27.75735126468389,46.04715075969964],[27.75642401406215,46.026190624377826],[27.76740484789896,46.02861546047288],[27.778232244575104,46.00591492805961],[27.793019467086143,46.01019881531302]]],[[[27.964613525660315,46.14145477484144],[27.973086176148826,46.12152064313527],[27.979673802688836,46.12390977013545],[27.982938787530934,46.117843435486655],[27.95711925341796,46.10690705679753],[27.947837810108147,46.10082622039491],[27.95762488305004,46.090789375132545],[27.960804521503302,46.06448722895062],[27.968035666229458,46.06390017950536],[27.968146091617268,46.052728540993456],[27.980178999971507,46.01918758554633],[27.987012447048237,46.01971015474155],[27.990600418061085,45.9921355477985],[27.975121059396756,45.993357053005425],[27.973515066618624,45.98585131370233],[27.967158134807555,45.98506181375361],[27.964897211728182,45.98523602981084],[27.965728698250313,45.990163394254125],[27.92986386903824,45.9918492939612],[27.931131909725515,45.98113433110776],[27.919546261557297,45.9798417604161],[27.880268531742004,46.0524709473263],[27.888712588984706,46.05423349249687],[27.89257722577776,46.04894616022244],[27.89728594314441,46.04830569326438],[27.90756959232242,46.05228713573379],[27.911022549881626,46.04973234753197],[27.900803598330857,46.06353184555439],[27.891576495400663,46.087154768952495],[27.897940189059717,46.08896493266429],[27.895225693724445,46.100765152169444],[27.90788816021223,46.11315357950448],[27.912429922460387,46.11341629713181],[27.916846204169467,46.11440656094237],[27.91648192529645,46.116811143770036],[27.913124264008882,46.11365857779177],[27.912273980818526,46.11776465329293],[27.90904113929366,46.117963859756465],[27.910200398939647,46.12213304388463],[27.90474602073792,46.120355363486325],[27.88730008967776,46.12109657271026],[27.889197962603976,46.126679854885026],[27.882488473760564,46.126637419621005],[27.882958874246448,46.13013557494731],[27.876183498415504,46.12992937904555],[27.87792125895594,46.124101816606945],[27.86324344636337,46.12196852194507],[27.862682390060783,46.1295922492942],[27.859579704174603,46.13013448158924],[27.861196075449044,46.13344028332806],[27.856616619972332,46.136455310217414],[27.85111614281568,46.13365807929525],[27.855499241261885,46.131438803740245],[27.852869018691685,46.131583601778495],[27.852218195319868,46.127070202316865],[27.845993049790984,46.129355906398146],[27.84259779118158,46.13285048411186],[27.84589361954247,46.13350391547837],[27.846885918929402,46.15776708751162],[27.856233739079595,46.1576823981793],[27.857209306727736,46.16310493157651],[27.86913085998074,46.161310470267004],[27.872670682473323,46.15797584386297],[27.86950163570245,46.15923560520991],[27.868729155157887,46.157112172982565],[27.872962961319047,46.15266288976584],[27.871893109795305,46.145570365825044],[27.885337089909434,46.145386052786364],[27.91070045983086,46.15383556797849],[27.91710249964761,46.14864144040213],[27.926215402681947,46.15247614058457],[27.939561920834915,46.13512236936657],[27.964613525660315,46.14145477484144]]],[[[27.888712588984706,46.05423349249687],[27.848668738402154,46.048502029361195],[27.845890953278023,46.054908015131645],[27.84772031415064,46.058988233841],[27.839924852157242,46.05778042482488],[27.836865630882794,46.0613790992785],[27.829211078482267,46.07798055583909],[27.83280914369225,46.077676225478804],[27.83232170216806,46.08137365960468],[27.821717858822606,46.10080197903337],[27.808034804541002,46.1116079849296],[27.816633199749916,46.11358361748005],[27.821961427362844,46.12024495140672],[27.829325742230708,46.11135133551712],[27.838683549590225,46.115687974079854],[27.830168881345795,46.12717707837968],[27.84185049571285,46.12561304568568],[27.845317972406555,46.12634906727475],[27.845993049790984,46.129355906398146],[27.852218195319868,46.127070202316865],[27.852869018691685,46.131583601778495],[27.855499241261885,46.131438803740245],[27.851005600927845,46.133419940264496],[27.856434171843496,46.136457243281434],[27.861196075449044,46.13344028332806],[27.859579704174603,46.13013448158924],[27.862682390060783,46.1295922492942],[27.86324344636337,46.12196852194507],[27.87792125895594,46.124101816606945],[27.876183498415504,46.12992937904555],[27.882958874246448,46.13013557494731],[27.882488473760564,46.126637419621005],[27.889197962603976,46.126679854885026],[27.88730008967776,46.12109657271026],[27.90474602073792,46.120355363486325],[27.910200398939647,46.12213304388463],[27.90904113929366,46.117963859756465],[27.912273980818526,46.11776465329293],[27.913124264008882,46.11365857779177],[27.915070543210437,46.11742059833441],[27.916554029871154,46.11659166545272],[27.916846204169467,46.11440656094237],[27.912429922460387,46.11341629713181],[27.90788816021223,46.11315357950448],[27.895225693724445,46.100765152169444],[27.897940189059717,46.08896493266429],[27.891576495400663,46.087154768952495],[27.900803598330857,46.06353184555439],[27.911022549881626,46.04973234753197],[27.90756959232242,46.05228713573379],[27.89728594314441,46.04830569326438],[27.89257722577776,46.04894616022244],[27.888712588984706,46.05423349249687]]],[[[27.424304449385442,46.089300488311366],[27.420864844689053,46.077630720443686],[27.426411410549242,46.077169967468464],[27.427282728336117,46.06965078687354],[27.435419708112168,46.0563847605451],[27.444110809392154,46.0560910325943],[27.443312726278368,46.05183878541484],[27.44791352399966,46.04978919689482],[27.443381866204323,46.043016903294955],[27.454933594972704,46.038707049133016],[27.45285300520689,46.03488325527201],[27.46906005071748,46.031078214232956],[27.44308622061021,46.01642998742423],[27.442642145633155,46.00342298654533],[27.453495459128376,45.99574164499995],[27.452514751853894,45.99233185427328],[27.455687890704045,45.9918665124657],[27.454093162643186,45.99046112503818],[27.444477228988514,45.99149990618624],[27.44275217584975,45.98837691879689],[27.44629625173837,45.98661319464752],[27.45291540993631,45.98723192969616],[27.452148799668976,45.98397642197567],[27.457915868874426,45.982314664975036],[27.45694670814225,45.97959298497463],[27.44170390826189,45.980183698285416],[27.436717619948137,45.9696643288737],[27.432816209162226,45.970819140425185],[27.43385038351493,45.973681917912195],[27.417787611430594,45.98074610637133],[27.411748296419532,45.9872506227938],[27.405010705984058,45.98518837154015],[27.40691817322296,45.98433851191501],[27.40343959960548,45.9831380737532],[27.3991016213094,45.990314988075326],[27.40108470575871,45.996303280458974],[27.39033515353386,46.00398434679542],[27.389595159121466,46.010464760115276],[27.39335426394439,46.01344468352424],[27.38658176588887,46.020507081970244],[27.391877656877046,46.02898274838994],[27.38886582385825,46.03015565396703],[27.392485367521573,46.03122605035009],[27.389959887786667,46.032775647585254],[27.39246972499558,46.03594073520753],[27.386110321080412,46.043520432633585],[27.38714314929884,46.05121936407368],[27.37342432492925,46.05735055946636],[27.378694599162486,46.05705578135403],[27.380620246440387,46.06150134921457],[27.386212504453788,46.06125438634656],[27.383851990069893,46.06509526996809],[27.38933020043819,46.064646885084265],[27.387062892480547,46.0684337065703],[27.381935828171937,46.06837515325517],[27.38364591573307,46.07228984636518],[27.388756665264804,46.07320031374643],[27.385700467502904,46.074716733348524],[27.388986801898046,46.07663698029268],[27.3685402541152,46.08111832314219],[27.36788172249132,46.082751108286836],[27.371745989614308,46.08782270179659],[27.39392793100644,46.08936196251661],[27.394521491379734,46.08630081923663],[27.424304449385442,46.089300488311366]]],[[[28.11383696671796,46.1078191476181],[28.122199628085127,46.10418209900369],[28.116837914197752,46.102058940471366],[28.109976119450664,46.10362911347226],[28.107208639921136,46.09850253267223],[28.102253593115226,46.098430753399434],[28.10707594266275,46.09548265081792],[28.10557949461157,46.08952359061616],[28.11154738352023,46.08700427380138],[28.107093488793346,46.083100927362565],[28.10887818635382,46.078272870021934],[28.100214028431857,46.0809945851064],[28.09690027982789,46.07823313718244],[28.093006206390214,46.0792760867629],[28.09333187345783,46.07398460863768],[28.0888930112238,46.06922070336444],[28.10053670205991,46.06446089442957],[28.09794783775284,46.060260383861824],[28.08882015263968,46.059536512683174],[28.091383426288967,46.0542622182907],[28.105065502163832,46.052785780076874],[28.10048096833974,46.0473164254217],[28.10371980342033,46.04307948747364],[28.097223357010083,46.04343418477415],[28.090138135856037,46.03435851198153],[28.08750702174818,46.02035719727688],[28.09575972576603,46.01495287656904],[28.08526753779775,46.00815214652457],[28.093055928924095,46.00196834986014],[28.088175841288052,46.00258975494612],[28.067026293236342,45.996627597413905],[28.052875469889116,46.029207166777205],[28.00123949412877,46.018745384523925],[27.995392043802507,46.01436685757375],[27.98778199456841,46.01261871086055],[27.987012447048237,46.01971015474155],[27.980178999971507,46.01918758554633],[27.973581399738745,46.03577929674142],[27.967427361998087,46.05611393667462],[27.968035666229458,46.06390017950536],[27.960804521503302,46.06448722895062],[27.957776837675294,46.090398003458425],[27.947837810108147,46.10082622039491],[27.949710438855828,46.10263523411481],[27.980812157046174,46.117081559873945],[27.984256218997096,46.11049550274438],[28.002055796602672,46.11584809789567],[28.002551837207363,46.11393110325283],[28.00933333952992,46.115341379159595],[28.008895334752907,46.1049364007336],[28.01570184478581,46.10373136708166],[28.041287378095543,46.10644685721798],[28.075794091150744,46.11753503085842],[28.10429329214479,46.11681372372816],[28.11589649909862,46.112552466021704],[28.11383696671796,46.1078191476181]]],[[[27.5489379322666,45.97411628343086],[27.54952357946656,45.97118845778985],[27.556891923638826,45.969739602095785],[27.56479587063065,45.949944206753365],[27.57992253700498,45.95030986282289],[27.5688754688292,45.93803992152841],[27.568638078400614,45.93365577220843],[27.521788746314776,45.93283302569852],[27.52197716717204,45.92431339802283],[27.518807644417976,45.92327458890927],[27.512217503062526,45.92788615640803],[27.512064965855963,45.92590525394818],[27.508951414995764,45.932494077248386],[27.50139916658554,45.93766506240853],[27.501435126116014,45.9329364875937],[27.50426381753856,45.93150248298199],[27.493944231634554,45.93353889789512],[27.495926644006595,45.92576334943427],[27.490331659013204,45.93247129002142],[27.489286070756513,45.928492323689184],[27.48744670797106,45.93271003072425],[27.484402182973195,45.93297415029155],[27.482819804017137,45.928017159481],[27.471488924779802,45.931190988499075],[27.45686403079106,45.93218856300264],[27.466628348559095,45.93559599548844],[27.468262504408223,45.93851720910995],[27.46517713479945,45.94036506397755],[27.456909934321946,45.93359062520188],[27.444145704054492,45.93396701448458],[27.450925047715742,45.94284503661294],[27.454894035783035,45.942873849319284],[27.456206651138118,45.945873368394494],[27.451188800120544,45.94582297057603],[27.454529169401326,45.946431566280516],[27.449561060253394,45.95100028833243],[27.460090389144845,45.97183256403371],[27.455990248508154,45.969414511834856],[27.448457345143122,45.97086271555598],[27.43660175200345,45.96942002792204],[27.44170390826189,45.980183698285416],[27.47199733987736,45.97936658509485],[27.472787850794795,45.97704173094696],[27.49353982698711,45.97637768676291],[27.49820727239662,45.9736480321762],[27.500768074268773,45.97413266199769],[27.499982660767728,45.977190795507674],[27.5489379322666,45.97411628343086]]],[[[27.603581203814542,46.144481099144045],[27.5978019247808,46.13925613776648],[27.60290015827588,46.1351940076794],[27.60247085128566,46.132211230773116],[27.60742853429335,46.130534410500054],[27.610271701915764,46.13625929941705],[27.617022212487818,46.13397897465491],[27.61828219223685,46.13656216621987],[27.62669025511227,46.13430877295555],[27.627838823915784,46.137146416733955],[27.633064355635963,46.1358477154085],[27.63389509241662,46.13837970666984],[27.647220672043463,46.12989901897714],[27.650478344470077,46.14035337526262],[27.667374709388753,46.13384019860822],[27.662738220479977,46.11754055348954],[27.674262327613516,46.115258621204546],[27.678626629701785,46.11913962424701],[27.681236249383026,46.11779114636979],[27.687274127345717,46.12034827571099],[27.691873645534834,46.11689801692907],[27.692895170282,46.115279742404034],[27.682424011102075,46.111143628192764],[27.711350334185607,46.09103759578646],[27.70725590224811,46.07456330772238],[27.69900640172037,46.06193147645336],[27.691445121651025,46.060780509103466],[27.67654517539814,46.06624538557964],[27.668977956132924,46.06337857400076],[27.666639287331904,46.056066171394306],[27.650564222080565,46.05623205042002],[27.627711440830605,46.061393142543125],[27.62320284197973,46.06663263386145],[27.616997472652393,46.06484487732674],[27.619919102432522,46.07103008382364],[27.61441739414651,46.073354886705815],[27.588672974025066,46.07033943218334],[27.587198870078776,46.073630343329796],[27.61095770924283,46.07678872829939],[27.606361189673684,46.091338839585234],[27.588078416147006,46.11140166573385],[27.596548785329233,46.112941988086696],[27.589009391935917,46.120528576170194],[27.592202601866212,46.12072394980576],[27.591112407240335,46.12394808985002],[27.598899331412856,46.121518840251355],[27.601263216854953,46.12309191903853],[27.593767108628107,46.126179125137725],[27.590257271404237,46.13383471759085],[27.584143566249164,46.13552355317132],[27.5857341365648,46.14054391401088],[27.581106044602464,46.144551654968495],[27.58247969997978,46.14714155886404],[27.58944576289356,46.147331289098844],[27.591118453710397,46.15017635470363],[27.603581203814542,46.144481099144045]]],[[[27.504569044711133,46.13402673247151],[27.524583902228912,46.114524684870624],[27.535454322050857,46.094558857934324],[27.52403861465309,46.09195358905541],[27.52041232632374,46.088730472328656],[27.522808364655663,46.086037114477],[27.515304911980397,46.08449210682988],[27.51540022681838,46.08078016902097],[27.51234118749695,46.079745814459024],[27.504078753362812,46.08037526985276],[27.50369897067508,46.07774166627668],[27.485774676434954,46.08219110015904],[27.470586772703605,46.066266863524206],[27.45484064514129,46.03873849486248],[27.443381866204323,46.043016903294955],[27.44791352399966,46.04978919689482],[27.443312726278368,46.05183878541484],[27.444110809392154,46.0560910325943],[27.435419708112168,46.0563847605451],[27.427282728336117,46.06965078687354],[27.426411410549242,46.077169967468464],[27.420864844689053,46.077630720443686],[27.423827376569932,46.088711210806146],[27.429792496966833,46.09464716028103],[27.4263568860681,46.09900826112114],[27.422026147981867,46.09918055865712],[27.422719537617162,46.11116868953221],[27.424244454277158,46.114836937788326],[27.4281793156058,46.11615899977196],[27.418313093631923,46.130960336166105],[27.42677388408922,46.1395344676994],[27.448888914304305,46.12646087728615],[27.48098452924141,46.12586295378483],[27.484080253438705,46.139752941218845],[27.503081266295993,46.13963183128156],[27.504569044711133,46.13402673247151]]],[[[27.650109186555994,46.05628664578605],[27.674608576147936,46.055559528000906],[27.681461442448857,46.04013995436792],[27.674088459426983,46.03895914439832],[27.67236819420852,46.022682064916005],[27.665300940438154,46.022360293155636],[27.664969154591077,46.01500124272225],[27.660657365070414,46.01504723394608],[27.660093029737766,45.99533497157801],[27.657002647543703,45.99260337557569],[27.64384990366856,45.98868801110488],[27.643427423153458,45.98211397741541],[27.63218105574841,45.98192764651786],[27.622543111087783,45.97771235850898],[27.622035114424182,45.97422480993187],[27.609770529844486,45.97233913154608],[27.608665284582617,45.97491624581346],[27.578913496276655,45.96470052735713],[27.558969026094715,45.96300591303547],[27.556891923638826,45.969739602095785],[27.54952357946656,45.97118845778985],[27.543349976476776,46.00191455946219],[27.545108832048324,46.00999288978623],[27.548330926770497,46.00897785968645],[27.550944722652485,46.01093049436772],[27.562119880597564,46.006686879056595],[27.562583204007897,46.0028872010288],[27.571042214546356,46.00379191924674],[27.586916267025753,46.00762255809287],[27.604481181720722,46.01937492138545],[27.595908796235143,46.027697931301],[27.604862129485017,46.03594108464898],[27.59895062896521,46.04131334034778],[27.600139093288593,46.056033844057346],[27.627711440830605,46.061393142543125],[27.650109186555994,46.05628664578605]]],[[[27.965728698250313,45.990163394254125],[27.96415868783126,45.98102466957913],[27.969053011902854,45.980821244906274],[27.970772709946697,45.97378698433152],[27.968176084963268,45.96051325227835],[27.969764060899873,45.954072318043245],[27.978612177735545,45.95439793146249],[27.981409985545973,45.94324988837627],[28.023729529136343,45.94429715564526],[28.035611812450178,45.94655497606505],[28.038913043648844,45.90695819310967],[28.041958614834854,45.90251852465448],[28.039926472169732,45.88858172362093],[28.036683515756398,45.876400990309214],[28.030425757886277,45.87654189933163],[28.029695732604477,45.872407705239326],[28.01949570670888,45.87235586125483],[28.021379749672324,45.86957835661939],[27.988124757184366,45.86858942457946],[27.989815168139856,45.91781794331282],[27.911118839326654,45.919680054765806],[27.902335631359165,45.977549526499466],[27.931131909725515,45.98113433110776],[27.92986386903824,45.9918492939612],[27.965728698250313,45.990163394254125]]],[[[27.711036979578818,46.12920320618977],[27.741846924571085,46.129855703694375],[27.743246141549303,46.12728333401234],[27.762448100991044,46.12813039329993],[27.76361053562344,46.115342589862],[27.778502585133072,46.11246354462906],[27.77791600978238,46.10979470088937],[27.786050435923848,46.1124493794195],[27.78768191320144,46.105143286709605],[27.782892175772517,46.105487732971646],[27.789225524987692,46.09838210945162],[27.787832323102794,46.09574778126611],[27.782352733065448,46.09259275440374],[27.777977421567552,46.096346614542256],[27.78257121717941,46.09766013705186],[27.781256439205375,46.10393160517062],[27.778464162055155,46.10377048920494],[27.777981147200006,46.1060499760948],[27.772810850057404,46.10502722271312],[27.77205241720607,46.09932120159171],[27.766768160538597,46.09696619756841],[27.77139903741621,46.08391635885371],[27.768988615895232,46.08192885331793],[27.765775266775414,46.08282759098914],[27.766970703669003,46.07513039042177],[27.753957387584347,46.06654449235276],[27.757232994871654,46.06047183080796],[27.766854177362355,46.06177687181625],[27.76931308240087,46.05936495324357],[27.778083529241393,46.06243688255037],[27.78749264995901,46.045060197995745],[27.786426609696093,46.036286508140634],[27.794955911522184,46.02717341852497],[27.800064869583974,46.028180355126295],[27.804791359946872,46.02596928292167],[27.80345732380316,46.018467313623916],[27.80696999813158,46.01196711433384],[27.798355672313157,46.01164155384829],[27.778232244575104,46.00591492805961],[27.76740484789896,46.02861546047288],[27.75642401406215,46.026190624377826],[27.75735126468389,46.04715075969964],[27.754521728528935,46.052701290020515],[27.748282299060794,46.055655128699954],[27.744294166708727,46.06076671881768],[27.720692855215336,46.0544859271508],[27.710565209485612,46.06859707656094],[27.699533722562347,46.06370596806225],[27.70725590224811,46.07456330772238],[27.711350334185607,46.09103759578646],[27.682424011102075,46.111143628192764],[27.692895170282,46.115279742404034],[27.691873645534834,46.11689801692907],[27.687274127345717,46.12034827571099],[27.681236249383026,46.11779114636979],[27.678626629701785,46.11913962424701],[27.674262327613516,46.115258621204546],[27.662738220479977,46.11754055348954],[27.667571462379847,46.133047442112606],[27.671622003721545,46.132807178098346],[27.675926566571185,46.14139337207195],[27.69319990216189,46.13216660687525],[27.697317454321688,46.13538377457007],[27.710190346259125,46.13858696944059],[27.711036979578818,46.12920320618977]]],[[[28.093055928924095,46.00196834986014],[28.099133980694432,45.99089767069886],[28.10525390343309,45.98916831387483],[28.098337746936526,45.979389409028904],[28.099079543223322,45.977963697351576],[28.107083531825904,45.978168067818544],[28.101510257329647,45.97264194837738],[28.108510203862966,45.967799562309715],[28.103396937980005,45.96149313051691],[28.09076741115737,45.957153173682066],[28.023729529136343,45.94429715564526],[27.981409985545973,45.94324988837627],[27.978612177735545,45.95439793146249],[27.969764060899873,45.954072318043245],[27.968176084963268,45.96051325227835],[27.970772709946697,45.97378698433152],[27.969053011902854,45.980821244906274],[27.96415868783126,45.98102466957913],[27.964897211728182,45.98523602981084],[27.97341772710109,45.985759165611455],[27.975121059396756,45.993357053005425],[27.990600418061085,45.9921355477985],[27.98778199456841,46.01261871086055],[27.995392043802507,46.01436685757375],[28.00123949412877,46.018745384523925],[28.052875469889116,46.029207166777205],[28.067026293236342,45.996627597413905],[28.088175841288052,46.00258975494612],[28.093055928924095,46.00196834986014]]],[[[27.919546261557297,45.9798417604161],[27.902335631359165,45.977549526499466],[27.9102872322448,45.927830466874994],[27.87588104147256,45.923407698005455],[27.86501774701346,45.923791602397095],[27.859366603948526,45.93828346578787],[27.859272185336458,45.946219753617264],[27.862070857587195,45.94637456394789],[27.860250060441977,45.95668219774067],[27.827388550585535,45.997433679628465],[27.815360685910132,46.0178267678601],[27.814592096968067,46.03103862584586],[27.82683433338288,46.03378701911687],[27.824471610407386,46.03835904297843],[27.83878015987241,46.04237566177253],[27.837557001068163,46.045717013942735],[27.880268531742004,46.0524709473263],[27.919546261557297,45.9798417604161]]],[[[27.782352733065448,46.09259275440374],[27.791511973382363,46.09584707408124],[27.792111677355837,46.10106508701957],[27.795075195258036,46.09793849268164],[27.816217171912783,46.104688381253325],[27.821717858822606,46.10080197903337],[27.83213100514935,46.08179403773137],[27.83280914369225,46.077676225478804],[27.829211078482267,46.07798055583909],[27.836865630882794,46.0613790992785],[27.839924852157242,46.05778042482488],[27.84772031415064,46.058988233841],[27.845890953278023,46.054908015131645],[27.848668738402154,46.048502029361195],[27.837557001068163,46.045717013942735],[27.83878015987241,46.04237566177253],[27.824471610407386,46.03835904297843],[27.82683433338288,46.03378701911687],[27.814592096968067,46.03103862584586],[27.814618484094172,46.019820221170754],[27.820294676891095,46.01050299152238],[27.80860324679772,46.00700578018613],[27.80345732380316,46.018467313623916],[27.804791359946872,46.02596928292167],[27.800064869583974,46.028180355126295],[27.794955911522184,46.02717341852497],[27.786936718173656,46.03549700081565],[27.78749264995901,46.045060197995745],[27.778083529241393,46.06243688255037],[27.76931308240087,46.05936495324357],[27.766854177362355,46.06177687181625],[27.757232994871654,46.06047183080796],[27.753957387584347,46.06654449235276],[27.766970703669003,46.07513039042177],[27.765775266775414,46.08282759098914],[27.768988615895232,46.08192885331793],[27.77139903741621,46.08391635885371],[27.766768160538597,46.09696619756841],[27.77205241720607,46.09932120159171],[27.772810850057404,46.10502722271312],[27.777981147200006,46.1060499760948],[27.778464162055155,46.10377048920494],[27.781256439205375,46.10393160517062],[27.78257121717941,46.09766013705186],[27.777977421567552,46.096346614542256],[27.782352733065448,46.09259275440374]]]]},"properties":{"alert_id":"78fad105cf22c617","source":"nowcasting","alert_type":"nowcasting","feature_id":"4160df79e96a86363f","judet_cod":"GL","judet_nume":"Galați","county_code":"GL","county_name":"Galați","cod_judet":"GL","cod_culoare":1,"cod_culoare_nume":"Galben","culoare":"1","cod":"Galben","fenomen_principal":"Local vor fi averse, iar în timp scurt sau prin acumulare cantitățile de apă vor fi de 25…35 l/mp.","fenomen_group":"ploi/vijelii","zona_text":"Județul Bacău: Podu Turcului, Glăvănești, Dealu Morii;<br>Județul Galaţi: Corod, Brăhășești, Ghidigeni, Drăgușeni, Berești-Meria, Berești, Gohor, Cavadinești, Negrilești, Bălășești, Priponești, Cerțești, Vârlezi, Băneasa, Bălăbănești, Suceveni, Jorăști, Rădești;<br>Județul Vrancea: Tănăsoaia, Corbița, Boghești;<br>Județul Vaslui: Bârlad, Zorleni, Murgeni, Fălciu, Vinderei, Tutova, Epureni, Grivița, Mălușteni, Ivești, Coroiești, Blăgești, Fruntișeni, Pochidia, Pogonești, Ciocani;<br>","zona_nume":"Galați - localitati","zone_name":"Galați - localitati","display_name":"Galați - localitati","localities":["Corod","Brăhășești","Ghidigeni","Drăgușeni","Berești-Meria","Berești","Gohor","Cavadinești","Negrilești","Bălășești","Priponești","Cerțești","Vârlezi","Băneasa","Bălăbănești","Suceveni","Jorăști","Rădești"],"geometry_source":"uat_match","match_confidence":"medium","interval_text":"","interval_start":"2026-09-14T03:40:00","valid_from":"2026-09-14T03:40:00","valid_to":"2026-09-14T05:00:00","interval_valabilitate_text":"","interval_end":"2026-09-14T05:00:00","data_expirare":"2026-09-14T05:00:00","mesaj_plain":"Local vor fi averse, iar în timp scurt sau prin acumulare cantitățile de apă vor fi de 25…35 l/mp.","source_url":"","source_label":"","notes":"","durata_ore":1.3,"zi":"2026-09-14"}},{"type":"Feature","geometry":{"type":"MultiPolygon","coordinates":[[[[27.420711983867914,46.13346524549922],[27.418727389463516,46.12808608595768],[27.4281793156058,46.11615899977196],[27.424244454277158,46.114836937788326],[27.422677460399015,46.11099815961485],[27.422026147981867,46.09918055865712],[27.4263568860681,46.09900826112114],[27.429792496966833,46.09464716028103],[27.424304449385442,46.089300488311366],[27.394521491379734,46.08630081923663],[27.39392793100644,46.08936196251661],[27.371745989614308,46.08782270179659],[27.36908396662106,46.086517309724606],[27.368310772820468,46.078660520598284],[27.35103596409408,46.08051607060698],[27.3227036921227,46.079099261484664],[27.32315965760136,46.08262492702726],[27.319587355779287,46.08613858328255],[27.296313930838945,46.08447044859311],[27.295699036643057,46.087873454556764],[27.28927519934263,46.08726051711302],[27.285286571595098,46.09108775967036],[27.28454110870394,46.09909016672417],[27.323186850146772,46.10126988042391],[27.331455759187044,46.0991190896996],[27.319684088220303,46.10408339496025],[27.312776687672,46.115960733703695],[27.337196160534766,46.120232205882616],[27.335596390431462,46.126950923506556],[27.342328675349737,46.12821689111229],[27.34919509344804,46.13419858203594],[27.355255747949933,46.13429849414913],[27.354014038626488,46.13582446505418],[27.38670603977198,46.13636569040006],[27.38802519841922,46.12913493509995],[27.395996699897857,46.12951459316777],[27.395941071517292,46.13217749455138],[27.420711983867914,46.13346524549922]]],[[[27.30940762666927,46.20542240625476],[27.308906708043278,46.203061605510186],[27.317960326582266,46.202767216000225],[27.319292496958884,46.191914770428745],[27.315172436244378,46.18979848918542],[27.31418933590369,46.183794459295314],[27.32197454817647,46.184024013059656],[27.326918215132295,46.18124933495552],[27.323924700813958,46.1797330700399],[27.33036658986247,46.17943539852899],[27.333902082176852,46.168483441083005],[27.35040173320037,46.16889784569971],[27.35100047189758,46.162065006244795],[27.347405330660685,46.155229129154264],[27.351757747670966,46.15246699637583],[27.353763713219088,46.154979010656675],[27.36352644592173,46.15667813518005],[27.366852421150718,46.15003420566391],[27.36211504555503,46.147800662425354],[27.36700296072766,46.14424663846138],[27.35803083693225,46.145002780494714],[27.36390896939263,46.1371962758694],[27.34919509344804,46.13419858203594],[27.342328675349737,46.12821689111229],[27.335596390431462,46.126950923506556],[27.337196160534766,46.120232205882616],[27.312776687672,46.115960733703695],[27.319684088220303,46.10408339496025],[27.331328410096404,46.09904065792439],[27.323186850146772,46.10126988042391],[27.283903154878494,46.09831684234938],[27.28156469428638,46.109245737437796],[27.277339348126258,46.112710495017424],[27.27843600931731,46.12917368144266],[27.266632111558398,46.14929020465446],[27.26694720928411,46.15938570539987],[27.26344342080708,46.16361833139041],[27.26383182991912,46.175572461058266],[27.269264959618564,46.178587029438454],[27.270302772064124,46.1823555011625],[27.262730437611165,46.20042074145777],[27.30940762666927,46.20542240625476]]],[[[27.49284652655406,46.15922396080846],[27.486788250069747,46.153330484701016],[27.484691525187582,46.14533706983685],[27.50235788248869,46.143334447777804],[27.503081266295993,46.13963183128156],[27.484080253438705,46.139752941218845],[27.48098452924141,46.12586295378483],[27.448888914304305,46.12646087728615],[27.42677388408922,46.1395344676994],[27.420711983867914,46.13346524549922],[27.395941071517292,46.13217749455138],[27.395996699897857,46.12951459316777],[27.38802519841922,46.12913493509995],[27.38670603977198,46.13636569040006],[27.373339508387293,46.13538503617568],[27.372917933614016,46.137100119002554],[27.36405914974339,46.13699159057637],[27.358003140310483,46.14491464596598],[27.36695514948561,46.14411188164574],[27.36211504555503,46.147800662425354],[27.366852421150718,46.15003420566391],[27.36323395509582,46.15627379747324],[27.37463090010695,46.157429896270585],[27.37513698512918,46.16364523192046],[27.380962207352137,46.1650774435262],[27.375971247662733,46.177710308674],[27.376604093738568,46.18460773349396],[27.37897633354853,46.18991064406033],[27.385859384339724,46.18939529004226],[27.384957586741795,46.191917116700736],[27.387859867795402,46.193829873166386],[27.419981359303275,46.19380213440801],[27.415654590002333,46.18925702152924],[27.433995803374835,46.18890847621012],[27.437796486643666,46.185054381336585],[27.448034851822932,46.18421346194825],[27.453510644502153,46.17287144616804],[27.450316794362013,46.1721191808937],[27.45916915554976,46.1574315424494],[27.46623695635261,46.157157832593875],[27.464514285495742,46.16189988059577],[27.467352687279938,46.15792904898954],[27.473030709084735,46.16118470426718],[27.475881886135593,46.160636254712585],[27.478864973835844,46.16759528550885],[27.492940266529924,46.16246576772888],[27.49284652655406,46.15922396080846]]]]},"properties":{"alert_id":"78fad105cf22c617","source":"nowcasting","alert_type":"nowcasting","feature_id":"fb1acb0c593abacfb4","judet_cod":"VN","judet_nume":"Vrancea","county_code":"VN","county_name":"Vrancea","cod_judet":"VN","cod_culoare":1,"cod_culoare_nume":"Galben","culoare":"1","cod":"Galben","fenomen_principal":"Local vor fi averse, iar în timp scurt sau prin acumulare cantitățile de apă vor fi de 25…35 l/mp.","fenomen_group":"ploi/vijelii","zona_text":"Județul Bacău: Podu Turcului, Glăvănești, Dealu Morii;<br>Județul Galaţi: Corod, Brăhășești, Ghidigeni, Drăgușeni, Berești-Meria, Berești, Gohor, Cavadinești, Negrilești, Bălășești, Priponești, Cerțești, Vârlezi, Băneasa, Bălăbănești, Suceveni, Jorăști, Rădești;<br>Județul Vrancea: Tănăsoaia, Corbița, Boghești;<br>Județul Vaslui: Bârlad, Zorleni, Murgeni, Fălciu, Vinderei, Tutova, Epureni, Grivița, Mălușteni, Ivești, Coroiești, Blăgești, Fruntișeni, Pochidia, Pogonești, Ciocani;<br>","zona_nume":"Vrancea - localitati","zone_name":"Vrancea - localitati","display_name":"Vrancea - localitati","localities":["Tănăsoaia","Corbița","Boghești"],"geometry_source":"uat_match","match_confidence":"high","interval_text":"","interval_start":"2026-09-14T03:40:00","valid_from":"2026-09-14T03:40:00","valid_to":"2026-09-14T05:00:00","interval_valabilitate_text":"","interval_end":"2026-09-14T05:00:00","data_expirare":"2026-09-14T05:00:00","mesaj_plain":"Local vor fi averse, iar în timp scurt sau prin acumulare cantitățile de apă vor fi de 25…35 l/mp.","source_url":"","source_label":"","notes":"","durata_ore":1.3,"zi":"2026-09-14"}},{"type":"Feature","geometry":{"type":"MultiPolygon","coordinates":[[[[27.7331606709054,46.32966974880288],[27.73909184416769,46.33005922479473],[27.738197360843845,46.32623785510873],[27.75778998674728,46.326364099546666],[27.762624609275107,46.33167639451417],[27.764114193904774,46.32061871124442],[27.7622742328226,46.31737709705898],[27.753521552508182,46.315697831855076],[27.757538572598506,46.31527730909083],[27.75217494513795,46.30773404577612],[27.757777796200024,46.31065306340324],[27.76382284103146,46.30927358498985],[27.764557787137164,46.30670427434226],[27.75968399074658,46.30021231756724],[27.761861327510417,46.29926129052753],[27.764853451104145,46.30378653294082],[27.76545097372278,46.30178195995317],[27.773442922904753,46.29892543218378],[27.773039700162347,46.29717857151482],[27.785998725801406,46.2955843160025],[27.782021371503472,46.285981317261694],[27.799956304393596,46.28107674066659],[27.802452408269158,46.277470610113824],[27.81639465511025,46.271064081001796],[27.820156742121313,46.286403804047595],[27.831299804867346,46.28730095857574],[27.83622034518712,46.28582065010607],[27.853799435946726,46.29501342155894],[27.85703450800179,46.28727403530483],[27.863219180483476,46.283242023883545],[27.8555085859709,46.28246898818936],[27.854038584971914,46.27851471157791],[27.854550191054624,46.27497745381406],[27.863516090455136,46.26561209783283],[27.863703903334002,46.26017504297621],[27.859848793423364,46.25384786333541],[27.85473571733785,46.25241108321318],[27.855876447025075,46.243881081179914],[27.854601915205436,46.24503837238679],[27.843706020748158,46.240005478767344],[27.8447500170028,46.237935045530605],[27.833495082938345,46.23397711781167],[27.839649557144114,46.22789421208769],[27.83755531330614,46.22478300272796],[27.843331980369868,46.224288606440425],[27.846664486776085,46.22669086954332],[27.847934015940954,46.22851449802],[27.84396066981769,46.2310948972532],[27.848823175511967,46.23593383035171],[27.85449622732517,46.23044721758312],[27.851989483551783,46.21995326358009],[27.85364724442255,46.21480754738631],[27.84140470282387,46.205643533038916],[27.829099782579842,46.20672478743543],[27.81942891095424,46.204682375685486],[27.812641555776977,46.200860116304135],[27.795354156220522,46.21678316153048],[27.78061009725883,46.216816736770916],[27.77498854520894,46.226749903092845],[27.76582655192131,46.22393734492595],[27.75416796400922,46.23951333686813],[27.758359432239498,46.24232869076439],[27.751675274203624,46.23944995890592],[27.7464214901136,46.240958579257004],[27.749025681871476,46.2394250168124],[27.747199280137426,46.23755278358633],[27.75431175253279,46.234754590806794],[27.748510955380258,46.2306953201245],[27.735891062114295,46.23101862783759],[27.736143240071993,46.23660433728971],[27.744722820266613,46.23399946894946],[27.745874395267133,46.238339076517484],[27.73304345465207,46.24327855052668],[27.724349082018147,46.24193554807991],[27.730906008956847,46.23723378543303],[27.730607062257885,46.23096866033355],[27.72502907156804,46.2310386212307],[27.724120567182485,46.236388759747804],[27.723396811458745,46.22645340223503],[27.72776782339163,46.22622135289532],[27.725688469878534,46.214589397596434],[27.729150706628133,46.212876623571425],[27.72186088753304,46.20438320582481],[27.704676628497925,46.20504036074247],[27.703257291143785,46.202914363227684],[27.693954871694448,46.20620265430069],[27.694094635031842,46.209578406441594],[27.688271426514717,46.21551322998726],[27.694364176861104,46.21811376202302],[27.691709816327588,46.22082270798161],[27.703101706770344,46.22842424909159],[27.696050271960857,46.22839046429406],[27.69953673686839,46.232508432476855],[27.69301892366467,46.235245911364],[27.698870523873207,46.24014517895419],[27.701245647783647,46.246640087753455],[27.69680308023872,46.247194328821195],[27.691442563265454,46.252662821644],[27.683890958579063,46.25404824378651],[27.685304324278,46.25872581344198],[27.680972632543753,46.25960898055699],[27.678619556375153,46.268350218898725],[27.67303313639497,46.27228450321554],[27.674657331868683,46.254459387049074],[27.679172166299995,46.247654855846974],[27.675551513991145,46.24855506288113],[27.673154415936295,46.246065780471866],[27.668666896156022,46.246375691931],[27.665947560661774,46.240776756154006],[27.66255481476303,46.24385379333074],[27.65957693163645,46.25651536903127],[27.654001943433,46.25639741980326],[27.653000504409533,46.25377112687274],[27.650546252840254,46.25396848875904],[27.65528364874492,46.23938458227626],[27.64972949807732,46.23717064121446],[27.645401921911933,46.24140127776874],[27.647317641229854,46.258520663412796],[27.651034662548735,46.25882837570328],[27.648808206745656,46.26779544408092],[27.656349304253098,46.26996116233503],[27.654861287490704,46.27976799869798],[27.686604841592036,46.28155554154727],[27.68549054872228,46.29109359664531],[27.69014513201964,46.29425054053288],[27.689358200917344,46.29957569638349],[27.70139413935978,46.29783399055244],[27.701123173403683,46.3050283540158],[27.70664558262902,46.30494956200484],[27.706735756237908,46.312389239953646],[27.69974443284965,46.32301889639872],[27.725056159381,46.32767559009659],[27.718835676552157,46.337682396598716],[27.72381029891828,46.338298485492814],[27.72625995435831,46.33282531127421],[27.7331606709054,46.32966974880288]]],[[[28.123478187123204,46.19245733473553],[28.13419229042653,46.19558693511082],[28.13761741928584,46.191881580992124],[28.14117333857425,46.192054009256424],[28.140413859724337,46.18323266212619],[28.133752654376586,46.186020135381995],[28.13079171635752,46.18474659136182],[28.133444918876748,46.18126772015593],[28.143902277718315,46.1794733208941],[28.14307544313254,46.17704889942409],[28.1381817440495,46.17616657745706],[28.12968378263725,46.17904902128001],[28.128022788689062,46.177204021647476],[28.13848580748852,46.170278104386476],[28.142813691717883,46.16431471353644],[28.13641437120755,46.16224196719517],[28.132306757124606,46.15428919962838],[28.12681665528881,46.155473237626765],[28.124347008009913,46.1516948680704],[28.123642082962785,46.14749259444171],[28.129188758733214,46.144239371687895],[28.125164064535795,46.13718757442047],[28.128290097155844,46.131582418808954],[28.13431033753183,46.13017389086918],[28.129279547910304,46.125404477442046],[28.124521820919114,46.12602718104223],[28.12437480152328,46.11183559525447],[28.117498661000095,46.11212184864894],[28.116075747395506,46.1076349855569],[28.11383696671796,46.1078191476181],[28.11589649909862,46.112552466021704],[28.10429329214479,46.11681372372816],[28.075955955909958,46.11752478771706],[28.075096971665733,46.121858365574084],[28.06468696210736,46.131413681878755],[28.053608182351674,46.15873629713106],[28.05791051632804,46.15916127680642],[28.060192505149875,46.17616574619435],[28.054846354129584,46.17522098316231],[28.05232492775718,46.18109860212349],[28.023011155154148,46.17602871665261],[28.0190187032286,46.17926539660196],[27.994510653898278,46.16771853548629],[27.964478795565384,46.187934483654146],[27.950921588014367,46.187049173475586],[27.946728879029436,46.19131864031294],[27.934236207843334,46.19303364155214],[27.929263503956317,46.198702683205326],[27.921548933308483,46.201912584155764],[27.926128394983568,46.205410292136044],[27.926599767306072,46.209610430662316],[27.944136133831936,46.21624644422463],[27.940708590652005,46.21935822718862],[27.954460409684774,46.22579428466029],[27.95503843257681,46.22334989275603],[27.963421697706735,46.224519696259705],[27.96861358241235,46.23009832871861],[27.96140004246391,46.23320670346102],[27.98434929889721,46.246024524548716],[27.979328107224674,46.250484262572996],[27.98841748720809,46.254552170171365],[27.985968993504382,46.26730414850134],[27.990553646385273,46.268333362893635],[27.98728022681114,46.26929083023607],[27.98683700803629,46.273646056013924],[28.018707905718333,46.27795732667281],[28.017840183090645,46.288641763372006],[28.03552097669827,46.29036653480268],[28.04964849492926,46.265608535993856],[28.053049495809773,46.264707858795475],[28.06119072978563,46.252236471484686],[28.06627029185181,46.219130764492526],[28.064605599450314,46.217334271646116],[28.091911603412168,46.198947612049864],[28.094727970052162,46.181937096307266],[28.115178727076337,46.182670941987915],[28.11840215585831,46.18436533510128],[28.116707279945455,46.18683440778544],[28.12507728768994,46.18675096555709],[28.123478187123204,46.19245733473553]]],[[[28.184035342484822,46.353279474356306],[28.188276792959847,46.34486453891823],[28.19428536086189,46.34269944040492],[28.194272798103476,46.34731256473243],[28.199808358575133,46.34325385181769],[28.195235665948687,46.33907860189794],[28.197214823118728,46.33416836766633],[28.19289263789428,46.33428383488719],[28.188461171767557,46.33737824395825],[28.18447412000031,46.33377890469477],[28.192271449116365,46.33019716839346],[28.186546251075676,46.326548634745244],[28.193592262184165,46.322928170352945],[28.197946392557096,46.32811045753797],[28.20171020088118,46.32030330654633],[28.208092413009094,46.32094760514497],[28.20907447390836,46.31948692790673],[28.195697625937672,46.3033094341925],[28.178321127372104,46.29993768094275],[28.17956024925698,46.29577248233049],[28.187083913739336,46.29344735766243],[28.185540814105696,46.29049473692456],[28.179296383083585,46.290561414946104],[28.180593705410715,46.28554259492556],[28.17301828196111,46.29019526558104],[28.177002326365994,46.29509652868093],[28.171646404101036,46.298125871421924],[28.16906753017086,46.29425323615862],[28.169552391217717,46.28265022109367],[28.162870284979892,46.281897342843244],[28.16486412706796,46.28634055251758],[28.156641548407684,46.28636759841235],[28.151743885267102,46.29274204102995],[28.148962043482467,46.29143939954989],[28.153122983141984,46.28265635816789],[28.152333511879814,46.27871203400344],[28.14424611886459,46.27860323678011],[28.146781111365343,46.286302768675085],[28.14176341098302,46.286077264041914],[28.137555846455136,46.28258368181242],[28.136097796456106,46.264447203605584],[28.12651941080164,46.26173898730662],[28.130249197319664,46.25643395375248],[28.141706500210084,46.25744586282635],[28.14653995442829,46.25194559553149],[28.13841242636601,46.2478317787756],[28.13376489942487,46.25105281004102],[28.12274285706106,46.24165171336313],[28.118851522056243,46.24295571513223],[28.11916893238869,46.238744706730785],[28.114137983776605,46.246017856689605],[28.11180553405497,46.24521381063284],[28.109536689256483,46.240722372947204],[28.11131642462156,46.22936805648929],[28.106387616330185,46.221790090583966],[28.11198309853966,46.21971827892959],[28.107867721200403,46.214611537232564],[28.11482420276373,46.21138074020297],[28.109545791226115,46.20570182729369],[28.112246580287273,46.20236848898845],[28.117287834113075,46.204064437893024],[28.117473014986924,46.21180267291458],[28.122285986920037,46.2115457221359],[28.1256945510273,46.208100658760436],[28.124566269321328,46.20122187700695],[28.11741951644262,46.19492759751977],[28.118930829376026,46.19153096442292],[28.123478187123204,46.19245733473553],[28.12507728768994,46.18675096555709],[28.116707279945455,46.18683440778544],[28.11840215585831,46.18436533510128],[28.115178727076337,46.182670941987915],[28.094727970052162,46.181937096307266],[28.091911603412168,46.198947612049864],[28.064605599450314,46.217334271646116],[28.06627029185181,46.219130764492526],[28.06119072978563,46.252236471484686],[28.053049495809773,46.264707858795475],[28.04964849492926,46.265608535993856],[28.03205224523922,46.29662320874452],[28.034227631262752,46.31226975812924],[28.030149869739088,46.32347928074881],[28.03998906991722,46.35048627794573],[28.034620193908324,46.37313550434803],[28.070870779177092,46.37823317460566],[28.07326606677132,46.374457526436856],[28.07844008616502,46.37650653846679],[28.08992182867147,46.35159125876041],[28.116553947339014,46.35368959915821],[28.11884736084488,46.350138667375546],[28.132356228206547,46.350502431363594],[28.13244381962926,46.34367948461361],[28.14415404288069,46.34382073089339],[28.14706200113731,46.34223992079719],[28.151251573704954,46.35344815503909],[28.184035342484822,46.353279474356306]]],[[[27.85673601768342,46.167559528127164],[27.856233739079595,46.1576823981793],[27.846885918929402,46.15776708751162],[27.84589361954247,46.13350391547837],[27.84259779118158,46.13285048411186],[27.845180531685536,46.131628835794345],[27.845336855181515,46.12636633389442],[27.830168881345795,46.12717707837968],[27.838683549590225,46.115687974079854],[27.829325742230708,46.11135133551712],[27.821961427362844,46.12024495140672],[27.816633199749916,46.11358361748005],[27.808040237428514,46.11162324731631],[27.815488509084336,46.10479931484343],[27.795075195258036,46.09793849268164],[27.793651415453585,46.10132998810473],[27.79175272908584,46.10094327921809],[27.791511973382363,46.09584707408124],[27.788516113009273,46.09495549900763],[27.789225524987692,46.09838210945162],[27.782892175772517,46.105487732971646],[27.78768191320144,46.105143286709605],[27.786050435923848,46.1124493794195],[27.77791600978238,46.10979470088937],[27.778502585133072,46.11246354462906],[27.76361053562344,46.115342589862],[27.762448100991044,46.12813039329993],[27.743246141549303,46.12728333401234],[27.741846924571085,46.129855703694375],[27.7264666637326,46.12980464857417],[27.73153024923414,46.13117434401716],[27.73241741493918,46.14355131198722],[27.724041717229813,46.16234159827451],[27.73586577343031,46.16365902224154],[27.733130165570383,46.17353317307949],[27.727850815695,46.17904593765146],[27.73213933665435,46.18302331743687],[27.737542252167753,46.18410764953585],[27.740397643012777,46.17660519589739],[27.76532093013025,46.17972246261796],[27.781922804354412,46.176155688291544],[27.781808300035618,46.173882548024125],[27.786663593289127,46.17180609742622],[27.79013000817536,46.17235104821981],[27.793491947693262,46.173470634894244],[27.796326244390343,46.180450683779675],[27.81049629613821,46.18335580418925],[27.81233336510236,46.19561976419354],[27.8089616029433,46.19756714106311],[27.811069027478016,46.202090173009324],[27.81458071928248,46.200494226323215],[27.81942891095424,46.204682375685486],[27.829284323867128,46.2067482269357],[27.840422231017726,46.20536242206536],[27.844973959448648,46.207295635139864],[27.84656394271743,46.19902694723287],[27.855524271175202,46.19943215512446],[27.859280915397296,46.19027802785474],[27.86363942683331,46.19023127804863],[27.865244972160944,46.16780615335573],[27.85673601768342,46.167559528127164]]],[[[27.579168030658437,46.181721895689286],[27.600403304244043,46.171667333744296],[27.6023078189774,46.175788992784824],[27.60784561467744,46.17645573704384],[27.61035260337793,46.17378660353334],[27.61295098267476,46.17549415000286],[27.61586068612416,46.17401011162995],[27.612198374759494,46.17115243413362],[27.624123131972045,46.16599447225496],[27.624741380380073,46.15808111789865],[27.610949135354698,46.15285952001341],[27.60458186207582,46.14478728688528],[27.591118453710397,46.15017635470363],[27.58944576289356,46.147331289098844],[27.58247969997978,46.14714155886404],[27.581106044602464,46.144551654968495],[27.5857341365648,46.14054391401088],[27.584143566249164,46.13552355317132],[27.590257271404237,46.13383471759085],[27.593767108628107,46.126179125137725],[27.601263216854953,46.12309191903853],[27.598899331412856,46.121518840251355],[27.591112407240335,46.12394808985002],[27.592202601866212,46.12072394980576],[27.589009391935917,46.120528576170194],[27.596548785329233,46.112941988086696],[27.588078416147006,46.11140166573385],[27.606361189673684,46.091338839585234],[27.61095770924283,46.07678872829939],[27.587198870078776,46.073630343329796],[27.583360346997015,46.07160348412152],[27.56883922575871,46.086587343741236],[27.551224058975247,46.079496040732884],[27.553031344610044,46.07658883598204],[27.54176140544856,46.07002880450945],[27.531935685346077,46.06712693080805],[27.517191131231417,46.085360069916554],[27.5224781163583,46.08576770145192],[27.520768632231174,46.089472605727714],[27.524370335733696,46.092118190610314],[27.535344860649186,46.094505027800146],[27.53508156918939,46.09638070018091],[27.52349067190536,46.11599818439434],[27.512328110387518,46.12664652710847],[27.517631654514346,46.1268771310268],[27.521818599223852,46.12260294882644],[27.535688904582003,46.12347583092701],[27.537639765346754,46.12064256977644],[27.54065886219431,46.121272417444374],[27.538288586994437,46.12575770516678],[27.546347406695215,46.12903848280953],[27.54067262324508,46.13689115081079],[27.55398266903977,46.148644965710695],[27.55151851819211,46.14545436941436],[27.55617075186765,46.13726517014173],[27.56462989683738,46.14045894733734],[27.561665157056776,46.147097147902464],[27.56797015337129,46.155285916150326],[27.579168030658437,46.181721895689286]]],[[[27.96329232525883,46.26335860587129],[27.98434929889721,46.246024524548716],[27.96140004246391,46.23320670346102],[27.96861358241235,46.23009832871861],[27.963421697706735,46.224519696259705],[27.95503843257681,46.22334989275603],[27.954460409684774,46.22579428466029],[27.940708590652005,46.21935822718862],[27.944136133831936,46.21624644422463],[27.926599767306072,46.209610430662316],[27.926128394983568,46.205410292136044],[27.921524343963675,46.20129613303503],[27.901235205978587,46.20535402742053],[27.89901793833303,46.20749949247768],[27.908864362373546,46.20656367880549],[27.90954128163526,46.212035268563305],[27.898244556683952,46.20975835162852],[27.891985358401804,46.21624447749911],[27.889390319818354,46.216210188236275],[27.890147518805616,46.21798090333006],[27.885404386898735,46.212335247218014],[27.873149235802554,46.20692983561377],[27.866676472269667,46.20620065533693],[27.85998979329896,46.2096618724031],[27.8489942483517,46.209388796266545],[27.84535556820201,46.20752144249201],[27.848229831307766,46.212539989833104],[27.85364724442255,46.21480754738631],[27.851989483551783,46.21995326358009],[27.85449622732517,46.23044721758312],[27.848823175511967,46.23593383035171],[27.84396066981769,46.2310948972532],[27.847934015940954,46.22851449802],[27.846664486776085,46.22669086954332],[27.843331980369868,46.224288606440425],[27.83755531330614,46.22478300272796],[27.839649557144114,46.22789421208769],[27.833495082938345,46.23397711781167],[27.8447500170028,46.237935045530605],[27.843706020748158,46.240005478767344],[27.854601915205436,46.24503837238679],[27.855876447025075,46.243881081179914],[27.85473571733785,46.25241108321318],[27.859848793423364,46.25384786333541],[27.863615567059338,46.259565124386604],[27.863516090455136,46.26561209783283],[27.854222484265346,46.27555009235406],[27.8555085859709,46.28246898818936],[27.863219180483476,46.283242023883545],[27.867540672690595,46.2877567945816],[27.87390042532771,46.28931779493677],[27.879336027548586,46.28253175956065],[27.882003392981535,46.28288994444023],[27.88327134159703,46.284553698731],[27.88018144331378,46.28439196746585],[27.87652279663334,46.28919476206956],[27.887016369673447,46.29147031664725],[27.88788227527635,46.28352475464177],[27.90167664911738,46.28525093793861],[27.904680056376023,46.28210775849992],[27.907623211355297,46.28249379383335],[27.91934183843086,46.2667959219564],[27.92008113089802,46.268210743068515],[27.93436995689987,46.26906658510251],[27.94395761622348,46.259922084472365],[27.946819517437365,46.25837393493637],[27.949310112824943,46.260425472195514],[27.951853658619303,46.25775033825148],[27.96329232525883,46.26335860587129]]],[[[27.703257291143785,46.202914363227684],[27.71862300792134,46.20187341247551],[27.721060860061485,46.182385273004975],[27.727605512426916,46.1807084492274],[27.7286679979101,46.1762261359615],[27.733130165570383,46.17353317307949],[27.73586577343031,46.16365902224154],[27.724041717229813,46.16234159827451],[27.732220824570202,46.14526269032136],[27.73153024923414,46.13117434401716],[27.711036979578818,46.12920320618977],[27.710190346259125,46.13858696944059],[27.697317454321688,46.13538377457007],[27.69319990216189,46.13216660687525],[27.675926566571185,46.14139337207195],[27.671622003721545,46.132807178098346],[27.650478344470077,46.14035337526262],[27.647220672043463,46.12989901897714],[27.63389509241662,46.13837970666984],[27.633064355635963,46.1358477154085],[27.627838823915784,46.137146416733955],[27.62669025511227,46.13430877295555],[27.61828219223685,46.13656216621987],[27.617022212487818,46.13397897465491],[27.610271701915764,46.13625929941705],[27.60742853429335,46.130534410500054],[27.60247085128566,46.132211230773116],[27.60290015827588,46.1351940076794],[27.5978019247808,46.13925613776648],[27.59917388923287,46.14224997207228],[27.60256782418024,46.14206383549647],[27.610949135354698,46.15285952001341],[27.624874293300994,46.15836127565229],[27.624123131972045,46.16599447225496],[27.612198374759494,46.17115243413362],[27.61586068612416,46.17401011162995],[27.61295098267476,46.17549415000286],[27.641406600325908,46.19573231526911],[27.647812443227505,46.19931400598487],[27.646991762976214,46.196680365128024],[27.653005623265006,46.19420625111578],[27.65666697606207,46.201589610551224],[27.66282940568456,46.198507331082695],[27.674466951603925,46.20490269466547],[27.684866444707932,46.19969044556853],[27.689729755610646,46.21308172192795],[27.694094635031842,46.209578406441594],[27.693954871694448,46.20620265430069],[27.703257291143785,46.202914363227684]]],[[[27.901235205978587,46.20535402742053],[27.929263503956317,46.198702683205326],[27.934236207843334,46.19303364155214],[27.946728879029436,46.19131864031294],[27.950921588014367,46.187049173475586],[27.964478795565384,46.187934483654146],[27.994510653898278,46.16771853548629],[28.0190187032286,46.17926539660196],[28.022867946385407,46.17611846186199],[27.995836480293416,46.16325384759078],[27.985979084448356,46.16937526187644],[27.98352199255885,46.1683085104151],[27.986353952373772,46.16496561123127],[27.982763939416007,46.16361437522722],[27.98063219182267,46.16745446457618],[27.969712274762824,46.164196652292716],[27.97249682583253,46.16339104406716],[27.98041866119701,46.14935524539225],[27.964004038474982,46.147375787316825],[27.964613525660315,46.14145477484144],[27.939561920834915,46.13512236936657],[27.926215402681947,46.15247614058457],[27.91710249964761,46.14864144040213],[27.91070045983086,46.15383556797849],[27.885337089909434,46.145386052786364],[27.871893109795305,46.145570365825044],[27.872962961319047,46.15266288976584],[27.868729155157887,46.157112172982565],[27.86950163570245,46.15923560520991],[27.872645256771595,46.158017531690014],[27.86913085998074,46.161310470267004],[27.85685590604647,46.16320479884176],[27.85673601768342,46.167559528127164],[27.865244972160944,46.16780615335573],[27.86363942683331,46.19023127804863],[27.859280915397296,46.19027802785474],[27.855524271175202,46.19943215512446],[27.84656394271743,46.19902694723287],[27.844973959448648,46.207295635139864],[27.8489942483517,46.209388796266545],[27.85998979329896,46.2096618724031],[27.866676472269667,46.20620065533693],[27.873149235802554,46.20692983561377],[27.885404386898735,46.212335247218014],[27.890147518805616,46.21798090333006],[27.889390319818354,46.216210188236275],[27.891985358401804,46.21624447749911],[27.898244556683952,46.20975835162852],[27.90954128163526,46.212035268563305],[27.908864362373546,46.20656367880549],[27.89901793833303,46.20749949247768],[27.901235205978587,46.20535402742053]]],[[[27.58729139045989,46.22504201055366],[27.583830782878334,46.215445021453455],[27.58563607778404,46.20684511335296],[27.59358420332767,46.202143313060546],[27.58782282922562,46.196937495043755],[27.596693276867242,46.1837015579344],[27.58807071698101,46.17778336594846],[27.579168030658437,46.181721895689286],[27.579664246066244,46.18545825200672],[27.546266738574104,46.18111926845794],[27.54572363743262,46.17226403178659],[27.537355531516347,46.17110727066625],[27.516763701122116,46.17461888335765],[27.514428418014617,46.18048136582756],[27.504164494725472,46.18312234801054],[27.506993960762305,46.18869477967732],[27.50510750648021,46.1924524101327],[27.508696744767853,46.193168030998436],[27.50415207772699,46.20387476347696],[27.50698707836493,46.20514558668427],[27.508443255261323,46.20258358302936],[27.51719612259262,46.20477187599706],[27.51646223904674,46.21335726706617],[27.51321131688041,46.21332553855737],[27.51414808057297,46.22443592561173],[27.525667105802416,46.22469884354571],[27.53455294705104,46.22130711383657],[27.529350496536296,46.229993196471916],[27.532751305207036,46.23041573634347],[27.530455487245494,46.23695560049334],[27.534976282514336,46.23702630352843],[27.53870252092621,46.23156386282715],[27.5434685346788,46.23104201819751],[27.54434233812618,46.233575453769134],[27.565782722153212,46.23754551876192],[27.573929236120243,46.2252458997817],[27.580427414401058,46.2229840817311],[27.58729139045989,46.22504201055366]]],[[[27.480838570127027,46.37657684314263],[27.495266532263738,46.369144193740354],[27.501544101199723,46.370517072472474],[27.510123570358658,46.33454562357416],[27.523108002675098,46.31277201200809],[27.522461528591716,46.30827364105261],[27.527754513154974,46.29566944275108],[27.540615736034106,46.29779935189466],[27.5433989189591,46.29471301794106],[27.54949997424387,46.2955898415472],[27.55337578768346,46.287947372298184],[27.549098752199303,46.287350789420046],[27.549614189660552,46.282994329727394],[27.545699062990554,46.2830704221845],[27.54494445795044,46.27730957069605],[27.55018527837878,46.27069768725384],[27.54648027436897,46.26627907928915],[27.546931751343926,46.25633079851914],[27.539638031661312,46.25929862895899],[27.541249144298234,46.25736146110732],[27.535921726574006,46.25493018617221],[27.538331376893613,46.24309794450964],[27.53070654057793,46.24102543485055],[27.534976282514336,46.23702630352843],[27.530455487245494,46.23695560049334],[27.532751305207036,46.23041573634347],[27.529350496536296,46.229993196471916],[27.53455294705104,46.22130711383657],[27.525667105802416,46.22469884354571],[27.51414808057297,46.22443592561173],[27.51321131688041,46.21332553855737],[27.51646223904674,46.21335726706617],[27.51719612259262,46.20477187599706],[27.508443255261323,46.20258358302936],[27.50698707836493,46.20514558668427],[27.510149455102887,46.210011021849695],[27.50645898176519,46.219419276054616],[27.478917850111426,46.22067891653495],[27.47039241379348,46.25560561146418],[27.471112350577634,46.26984394614816],[27.46626610219084,46.278972160798354],[27.48280516655705,46.28198998461202],[27.463611572772084,46.29621094159158],[27.466847036434466,46.302205332642004],[27.46001134059945,46.30809787880781],[27.4570966086287,46.31988643523002],[27.473968353224205,46.323014443942185],[27.47583286788057,46.31793849671182],[27.48006567932086,46.31872909223359],[27.475872753698035,46.32651215744516],[27.482838025651116,46.32708546239921],[27.4815229828589,46.32939400657014],[27.476120040494756,46.32993902455253],[27.471119956465436,46.33617107229432],[27.458932338787662,46.360308278896525],[27.466253433181336,46.362490400077434],[27.464427620258665,46.37066760822873],[27.473193976120562,46.37125939629893],[27.47431205556975,46.36429895625696],[27.477725979711067,46.36468185907954],[27.478690388006534,46.35860686280765],[27.48113813774872,46.358614492340514],[27.480838570127027,46.37657684314263]]],[[[28.075955955909958,46.11752478771706],[28.041287378095543,46.10644685721798],[28.022634625547852,46.10395683302452],[28.008895334752907,46.1049364007336],[28.00933333952992,46.115341379159595],[28.002551837207363,46.11393110325283],[28.002055796602672,46.11584809789567],[27.984256218997096,46.11049550274438],[27.979673802688836,46.12390977013545],[27.973086176148826,46.12152064313527],[27.96440011582932,46.14067748111988],[27.964004038474982,46.147375787316825],[27.98041866119701,46.14935524539225],[27.97249682583253,46.16339104406716],[27.969712274762824,46.164196652292716],[27.98063219182267,46.16745446457618],[27.982763939416007,46.16361437522722],[27.986353952373772,46.16496561123127],[27.98352199255885,46.1683085104151],[27.985979084448356,46.16937526187644],[27.995836480293416,46.16325384759078],[28.028509549297517,46.17824498160393],[28.03391988360579,46.17749134294387],[28.05232492775718,46.18109860212349],[28.054846354129584,46.17522098316231],[28.060192505149875,46.17616574619435],[28.05791051632804,46.15916127680642],[28.053608182351674,46.15873629713106],[28.06468696210736,46.131413681878755],[28.075096971665733,46.121858365574084],[28.075955955909958,46.11752478771706]]],[[[27.811069027478016,46.202090173009324],[27.8089616029433,46.19756714106311],[27.81233336510236,46.19561976419354],[27.81049629613821,46.18335580418925],[27.796326244390343,46.180450683779675],[27.793491947693262,46.173470634894244],[27.786663593289127,46.17180609742622],[27.781808300035618,46.173882548024125],[27.781922804354412,46.176155688291544],[27.76532093013025,46.17972246261796],[27.740397643012777,46.17660519589739],[27.737542252167753,46.18410764953585],[27.7251613954599,46.18038992396184],[27.721060860061485,46.182385273004975],[27.71862300792134,46.20187341247551],[27.703213582789516,46.20281434353651],[27.704676628497925,46.20504036074247],[27.72186088753304,46.20438320582481],[27.728643733495236,46.211847881298304],[27.725688469878534,46.214589397596434],[27.7277214665618,46.22646161127113],[27.723396811458745,46.22645340223503],[27.723629419582164,46.23380427099323],[27.72486053063577,46.23651580345301],[27.72502907156804,46.2310386212307],[27.730607062257885,46.23096866033355],[27.730906008956847,46.23723378543303],[27.724349082018147,46.24193554807991],[27.73304345465207,46.24327855052668],[27.745874395267133,46.238339076517484],[27.744722820266613,46.23399946894946],[27.736143240071993,46.23660433728971],[27.735891062114295,46.23101862783759],[27.748510955380258,46.2306953201245],[27.75431175253279,46.234754590806794],[27.747199280137426,46.23755278358633],[27.749025681871476,46.2394250168124],[27.7464214901136,46.240958579257004],[27.751675274203624,46.23944995890592],[27.758359432239498,46.24232869076439],[27.75416796400922,46.23951333686813],[27.76582655192131,46.22393734492595],[27.77498854520894,46.226749903092845],[27.78061009725883,46.216816736770916],[27.795354156220522,46.21678316153048],[27.811069027478016,46.202090173009324]]],[[[27.587077630385444,46.07281994428149],[27.59009899927795,46.06936033903699],[27.61441739414651,46.073354886705815],[27.619919102432522,46.07103008382364],[27.616997472652393,46.06484487732674],[27.62320284197973,46.06663263386145],[27.627711440830605,46.061393142543125],[27.59988655918443,46.0559260491102],[27.59895062896521,46.04131334034778],[27.604862129485017,46.03594108464898],[27.595908796235143,46.027697931301],[27.604481181720722,46.01937492138545],[27.586916267025753,46.00762255809287],[27.562583204007897,46.0028872010288],[27.562119880597564,46.006686879056595],[27.550944722652485,46.01093049436772],[27.552410303253865,46.01201551788877],[27.541357259775047,46.020236289386375],[27.527292009535902,46.044141151970855],[27.515945115170215,46.05356050571338],[27.51551722852677,46.05626562216151],[27.5326485793278,46.06772957341831],[27.549393922826845,46.07413292318097],[27.553031344610044,46.07658883598204],[27.551224058975247,46.079496040732884],[27.56883922575871,46.086587343741236],[27.583360346997015,46.07160348412152],[27.587077630385444,46.07281994428149]]],[[[27.579664246066244,46.18545825200672],[27.56797015337129,46.155285916150326],[27.561665157056776,46.147097147902464],[27.564753859815713,46.14057327113112],[27.55617075186765,46.13726517014173],[27.55151851819211,46.14545436941436],[27.554032294790932,46.148620347623385],[27.547812435810915,46.14521303973737],[27.54067262324508,46.13689115081079],[27.546347406695215,46.12903848280953],[27.538288586994437,46.12575770516678],[27.54065886219431,46.121272417444374],[27.537639765346754,46.12064256977644],[27.535688904582003,46.12347583092701],[27.521443314560386,46.122700594129384],[27.517631654514346,46.1268771310268],[27.512328110387518,46.12664652710847],[27.50547320817468,46.13285999708331],[27.50242380466441,46.14330033177981],[27.484691525187582,46.14533706983685],[27.486788250069747,46.153330484701016],[27.49284652655406,46.15922396080846],[27.50616203116432,46.155441163767556],[27.506313812689474,46.164067639091016],[27.50046535126868,46.16490527514228],[27.505940560497432,46.18273133686654],[27.514428418014617,46.18048136582756],[27.516763701122116,46.17461888335765],[27.53748404126887,46.1711044212529],[27.54572363743262,46.17226403178659],[27.546266738574104,46.18111926845794],[27.579664246066244,46.18545825200672]]],[[[27.582024956044897,46.28174408627369],[27.587840056967824,46.281472335477424],[27.589927980862385,46.26686507047531],[27.596029864730514,46.265711117898],[27.598264212150433,46.26904345664185],[27.604415866257828,46.26875291794807],[27.60944228073897,46.25351501466906],[27.619332609066216,46.2530306703434],[27.622937616566343,46.25530612551113],[27.63024841473245,46.25125674680535],[27.632231256188813,46.25254408799893],[27.64100754533344,46.24456011840056],[27.63480799103977,46.2436963221941],[27.640674824858635,46.23548373476625],[27.643646876822523,46.236221672286845],[27.64316944689177,46.22357778139956],[27.630130008300085,46.22106141501242],[27.633650820984165,46.21027566526452],[27.619441097412746,46.21109729069706],[27.615039233700752,46.216173988265034],[27.598407728061005,46.213772976472704],[27.592365586620286,46.216217124542624],[27.585759444982518,46.21579088827945],[27.58729139045989,46.22504201055366],[27.580427414401058,46.2229840817311],[27.573929236120243,46.2252458997817],[27.565782722153212,46.23754551876192],[27.547259680721417,46.23435054614268],[27.5434685346788,46.23104201819751],[27.539682678906484,46.231014395052696],[27.530704600315584,46.240983164827725],[27.538331376893613,46.24309794450964],[27.535921726574006,46.25493018617221],[27.541249144298234,46.25736146110732],[27.539638031661312,46.25929862895899],[27.54697460027368,46.256432982118],[27.54648027436897,46.26627907928915],[27.55018527837878,46.27069768725384],[27.54494445795044,46.27730957069605],[27.545699062990554,46.2830704221845],[27.549614189660552,46.282994329727394],[27.549098752199303,46.287350789420046],[27.55337578768346,46.287947372298184],[27.557364264739626,46.282535992936495],[27.571365031783373,46.28173300888315],[27.571398102425192,46.27207416651705],[27.58122764830427,46.272184716984555],[27.582024956044897,46.28174408627369]]]]},"properties":{"alert_id":"78fad105cf22c617","source":"nowcasting","alert_type":"nowcasting","feature_id":"64421670420a617135","judet_cod":"VS","judet_nume":"Vaslui","county_code":"VS","county_name":"Vaslui","cod_judet":"VS","cod_culoare":1,"cod_culoare_nume":"Galben","culoare":"1","cod":"Galben","fenomen_principal":"Local vor fi averse, iar în timp scurt sau prin acumulare cantitățile de apă vor fi de 25…35 l/mp.","fenomen_group":"ploi/vijelii","zona_text":"Județul Bacău: Podu Turcului, Glăvănești, Dealu Morii;<br>Județul Galaţi: Corod, Brăhășești, Ghidigeni, Drăgușeni, Berești-Meria, Berești, Gohor, Cavadinești, Negrilești, Bălășești, Priponești, Cerțești, Vârlezi, Băneasa, Bălăbănești, Suceveni, Jorăști, Rădești;<br>Județul Vrancea: Tănăsoaia, Corbița, Boghești;<br>Județul Vaslui: Bârlad, Zorleni, Murgeni, Fălciu, Vinderei, Tutova, Epureni, Grivița, Mălușteni, Ivești, Coroiești, Blăgești, Fruntișeni, Pochidia, Pogonești, Ciocani;<br>","zona_nume":"Vaslui - localitati","zone_name":"Vaslui - localitati","display_name":"Vaslui - localitati","localities":["Bârlad","Zorleni","Murgeni","Fălciu","Vinderei","Tutova","Epureni","Grivița","Mălușteni","Ivești","Coroiești","Blăgești","Fruntișeni","Pochidia","Pogonești","Ciocani"],"geometry_source":"uat_match","match_confidence":"medium","interval_text":"","interval_start":"2026-09-14T03:40:00","valid_from":"2026-09-14T03:40:00","valid_to":"2026-09-14T05:00:00","interval_valabilitate_text":"","interval_end":"2026-09-14T05:00:00","data_expirare":"2026-09-14T05:00:00","mesaj_plain":"Local vor fi averse, iar în timp scurt sau prin acumulare cantitățile de apă vor fi de 25…35 l/mp.","source_url":"","source_label":"","notes":"","durata_ore":1.3,"zi":"2026-09-14"}}]}