{"type":"FeatureCollection","metadata":{"date":"2026-08-29","active_alerts":[{"alert_id":"e29d98cf048f29cb","source":"nowcasting","alert_type":"nowcasting","interval_text":"","interval_start":"2026-08-29T17:35:00","interval_end":"2026-08-29T18:30:00","durata_ore":0.9,"valid_from":"2026-08-29T17:35:00","valid_to":"2026-08-29T18:30:00","cod_culoare_max":1,"fenomene_pe_cod":{"1":"Averse torențiale care vor acumula 15...25 l/mp, descărcări electrice, intensificări ale vântului ( 50…70 km/h), grindină de mici dimensiuni (1...2 cm)."},"judete_afectate":["VL"],"judete_count":1,"judete_culori":{"VL":1},"color_counts":{"1":1},"text_alerta_html":"","message":"Averse torențiale care vor acumula 15...25 l/mp, descărcări electrice, intensificări ale vântului ( 50…70 km/h), grindină de mici dimensiuni (1...2 cm).","feature_meta":{"VL":{"county_code":"VL","county_name":"Vâlcea","zone_name":"Vâlcea - localitati","display_name":"Vâlcea - localitati","localities":["Brezoi","Perișani","Câineni","Boișoara","Voineasa","Racovița","Titești"],"geometry_source":"coordGis","match_confidence":"high"}},"source_url":"","source_label":"","notes":""}],"alert_count":1,"general_alert_count":0,"nowcasting_alert_count":1,"manual_nowcasting_alert_count":0,"feature_count":1,"general_feature_count":0,"nowcasting_feature_count":1,"max_color":1,"general_max_color":0,"nowcasting_count":1,"has_nowcasting":true,"has_manual_nowcasting":false,"calendar_badge":"NC","sources":["nowcasting"],"alerts_by_county":{"VL":[{"alert_id":"e29d98cf048f29cb","cod":"Galben","culoare":"1","fenomen_group":"ploi/vijelii","source":"nowcasting"}]},"max_by_county":{"VL":{"max_color":1,"alert_count":1,"phenomena":["ploi/vijelii"]}}},"features":[{"type":"Feature","geometry":{"type":"MultiPolygon","coordinates":[[[[23.864156,45.529961],[23.864296,45.529819],[23.86462,45.529476],[23.864829,45.529278],[23.86503,45.529073],[23.865054,45.529034],[23.865136,45.528844],[23.865185,45.528684],[23.865201,45.528638],[23.865226,45.5286],[23.865256,45.528493],[23.865289,45.528432],[23.865376,45.528173],[23.865474,45.527944],[23.865501,45.527906],[23.865523,45.527853],[23.865593,45.527754],[23.865901,45.527372],[23.865947,45.527319],[23.866104,45.527098],[23.866191,45.527007],[23.866401,45.526732],[23.866773,45.526222],[23.866871,45.526062],[23.866985,45.525917],[23.867203,45.525605],[23.867254,45.525551],[23.867347,45.525475],[23.867613,45.525297],[23.867868,45.525146],[23.868302,45.524918],[23.868867,45.524607],[23.86916,45.52447],[23.869616,45.524231],[23.869736,45.524177],[23.869909,45.524086],[23.870007,45.524044],[23.870083,45.523999],[23.870485,45.523801],[23.870984,45.523502],[23.871158,45.523396],[23.871419,45.523261],[23.871592,45.523182],[23.871864,45.523087],[23.872244,45.522984],[23.872645,45.522913],[23.872982,45.522873],[23.873112,45.522843],[23.873209,45.522805],[23.873253,45.522798],[23.873285,45.522784],[23.873318,45.522779],[23.873329,45.522782],[23.873405,45.522779],[23.873537,45.522774],[23.87547,45.52285],[23.875489,45.522867],[23.878793,45.524794],[23.87888,45.524861],[23.878984,45.524935],[23.879235,45.525136],[23.88009,45.526087],[23.880112,45.526102],[23.880203,45.526191],[23.880806,45.526866],[23.880838,45.526895],[23.880868,45.526908],[23.881384,45.526912],[23.881989,45.526903],[23.882217,45.526844],[23.882314,45.526829],[23.882475,45.526791],[23.882723,45.526748],[23.883831,45.526525],[23.883863,45.526524],[23.884005,45.526542],[23.885109,45.526693],[23.887206,45.526985],[23.888135,45.527121],[23.888943,45.527224],[23.889227,45.527315],[23.88995,45.527568],[23.890269,45.527674],[23.890563,45.527726],[23.891413,45.527878],[23.892729,45.528098],[23.893148,45.528174],[23.893172,45.528174],[23.895416,45.528573],[23.896018,45.528674],[23.896445,45.528744],[23.896608,45.528754],[23.897925,45.528881],[23.898919,45.528971],[23.899192,45.529003],[23.90037,45.529114],[23.901218,45.529203],[23.901371,45.529217],[23.901449,45.529204],[23.901665,45.529186],[23.901741,45.529172],[23.902497,45.529087],[23.903414,45.528962],[23.904072,45.528871],[23.904472,45.528828],[23.904569,45.528822],[23.90463,45.52884],[23.904652,45.528853],[23.90466,45.528851],[23.904754,45.528888],[23.904895,45.528944],[23.904922,45.528947],[23.905116,45.529014],[23.907541,45.52987],[23.909187,45.530442],[23.909208,45.530444],[23.909241,45.530458],[23.909425,45.530492],[23.910087,45.530592],[23.911419,45.530795],[23.911527,45.530841],[23.91294,45.531344],[23.912967,45.531341],[23.913054,45.53137],[23.913546,45.531549],[23.914402,45.531844],[23.915292,45.532599],[23.917378,45.534376],[23.917421,45.534397],[23.917659,45.534479],[23.92025,45.535307],[23.921084,45.535578],[23.921192,45.535607],[23.92156,45.535725],[23.921593,45.535727],[23.921623,45.535744],[23.922243,45.535938],[23.922525,45.535917],[23.92297,45.535899],[23.924891,45.535847],[23.925238,45.535806],[23.925639,45.535739],[23.925825,45.535708],[23.925998,45.53567],[23.926422,45.535561],[23.926922,45.535444],[23.927259,45.53535],[23.927422,45.535297],[23.928052,45.535127],[23.928204,45.535097],[23.928313,45.535086],[23.928562,45.535083],[23.928964,45.535103],[23.929115,45.535118],[23.929137,45.535114],[23.929419,45.535134],[23.929625,45.535163],[23.929745,45.535173],[23.930005,45.535215],[23.930197,45.535253],[23.930265,45.535259],[23.930557,45.535311],[23.930576,45.535319],[23.930731,45.535342],[23.930817,45.535365],[23.931045,45.535408],[23.931205,45.535444],[23.931403,45.535473],[23.931533,45.535481],[23.931685,45.535481],[23.932195,45.535455],[23.932369,45.535437],[23.932423,45.535425],[23.932499,45.535426],[23.932727,45.535392],[23.932792,45.535379],[23.932803,45.535371],[23.932836,45.535373],[23.933074,45.535332],[23.933672,45.535196],[23.933857,45.535162],[23.934063,45.535109],[23.934161,45.535091],[23.935052,45.534859],[23.935443,45.534743],[23.93572,45.534647],[23.935775,45.534624],[23.935805,45.534603],[23.935846,45.53455],[23.935889,45.534528],[23.935927,45.534518],[23.936013,45.534563],[23.936315,45.5344],[23.937137,45.534047],[23.937418,45.533913],[23.937591,45.533859],[23.937754,45.533828],[23.93796,45.53382],[23.938133,45.533842],[23.938416,45.533899],[23.938752,45.533943],[23.93897,45.533996],[23.939426,45.53409],[23.939589,45.53412],[23.939684,45.534131],[23.940056,45.53414],[23.940566,45.534134],[23.941021,45.534107],[23.941335,45.534072],[23.94152,45.534054],[23.94191,45.534001],[23.942083,45.53397],[23.942538,45.533908],[23.942744,45.533869],[23.943155,45.533771],[23.943339,45.53372],[23.943653,45.533582],[23.943772,45.533525],[23.944107,45.533341],[23.944301,45.533226],[23.944314,45.533207],[23.944363,45.53318],[23.944539,45.533118],[23.944885,45.533045],[23.945319,45.532967],[23.945589,45.532898],[23.945871,45.53284],[23.946726,45.532646],[23.946889,45.532604],[23.946932,45.5326],[23.947008,45.532581],[23.947225,45.532515],[23.947538,45.532431],[23.947766,45.532361],[23.948099,45.532237],[23.948242,45.532184],[23.948566,45.532088],[23.948923,45.531969],[23.949151,45.531907],[23.949616,45.531795],[23.949865,45.531722],[23.950384,45.531532],[23.950731,45.531479],[23.950926,45.531456],[23.951403,45.531378],[23.951587,45.531355],[23.951674,45.531351],[23.951761,45.531335],[23.952031,45.531304],[23.952118,45.531298],[23.952302,45.531284],[23.952498,45.53128],[23.95278,45.531252],[23.952855,45.531252],[23.952996,45.53124],[23.953221,45.531237],[23.953246,45.531232],[23.95356,45.531212],[23.953983,45.531218],[23.954569,45.531267],[23.954613,45.531266],[23.954667,45.531277],[23.954938,45.531299],[23.955088,45.531321],[23.955308,45.53134],[23.955489,45.531366],[23.955612,45.531377],[23.955644,45.531386],[23.95572,45.531392],[23.95584,45.531411],[23.955992,45.531418],[23.956173,45.531444],[23.956306,45.531455],[23.956839,45.531526],[23.957194,45.531586],[23.957574,45.531634],[23.957892,45.531654],[23.958152,45.531642],[23.958282,45.531624],[23.958466,45.531582],[23.958899,45.531443],[23.959083,45.531405],[23.959213,45.531389],[23.959462,45.531381],[23.959723,45.531353],[23.959896,45.531295],[23.959991,45.531251],[23.960166,45.531171],[23.960403,45.53104],[23.96076,45.530868],[23.960846,45.53082],[23.961019,45.530737],[23.961236,45.530651],[23.961495,45.530581],[23.961972,45.530492],[23.962243,45.530457],[23.962676,45.530417],[23.96285,45.530394],[23.963175,45.53037],[23.963283,45.530356],[23.963446,45.53035],[23.963793,45.530345],[23.964129,45.530352],[23.964281,45.530359],[23.964292,45.530365],[23.964531,45.530381],[23.964542,45.530387],[23.96455,45.530383],[23.964835,45.53039],[23.965085,45.530373],[23.96548,45.530336],[23.965566,45.530313],[23.966,45.530274],[23.96626,45.530269],[23.966277,45.530275],[23.966401,45.53028],[23.966499,45.530291],[23.96664,45.530316],[23.966749,45.530346],[23.966828,45.53038],[23.966847,45.530382],[23.966858,45.530393],[23.96692,45.53042],[23.96695,45.53044],[23.967027,45.530513],[23.967104,45.530612],[23.96712,45.530621],[23.967155,45.530623],[23.967226,45.530645],[23.967313,45.530669],[23.967542,45.530713],[23.967833,45.530805],[23.967967,45.530835],[23.968117,45.530879],[23.968435,45.530961],[23.96852,45.530995],[23.968923,45.53113],[23.969194,45.531239],[23.969412,45.531358],[23.969604,45.531486],[23.969653,45.531539],[23.969792,45.531737],[23.969836,45.531786],[23.970157,45.532074],[23.970297,45.532168],[23.970414,45.532227],[23.970788,45.532356],[23.971284,45.532553],[23.971323,45.532561],[23.971484,45.532628],[23.971863,45.532797],[23.972073,45.532903],[23.972289,45.533022],[23.972486,45.533131],[23.972992,45.533359],[23.973196,45.533459],[23.97336,45.533526],[23.973496,45.533573],[23.973562,45.533592],[23.973616,45.533599],[23.973679,45.533618],[23.973845,45.533651],[23.974052,45.533684],[23.974323,45.533709],[23.974617,45.533716],[23.974747,45.533708],[23.974758,45.533698],[23.974888,45.533682],[23.975159,45.533631],[23.975213,45.533615],[23.975516,45.533556],[23.975765,45.533495],[23.975873,45.533462],[23.975992,45.533437],[23.976273,45.533334],[23.976651,45.533175],[23.97704,45.533024],[23.977429,45.532914],[23.9777,45.532863],[23.977884,45.532835],[23.978967,45.532633],[23.979293,45.532601],[23.979738,45.532569],[23.979987,45.532573],[23.980017,45.532579],[23.980281,45.532579],[23.980487,45.532589],[23.980607,45.532603],[23.980868,45.532657],[23.980944,45.532666],[23.981064,45.5327],[23.981134,45.532713],[23.981347,45.532755],[23.981467,45.53277],[23.981532,45.532784],[23.981847,45.532811],[23.982672,45.532779],[23.982911,45.532779],[23.983106,45.532798],[23.98328,45.532819],[23.983595,45.532828],[23.983747,45.532816],[23.984094,45.532771],[23.984365,45.532754],[23.984691,45.532754],[23.984865,45.532746],[23.985158,45.532742],[23.985386,45.532759],[23.985744,45.532765],[23.986038,45.532759],[23.986113,45.532745],[23.986244,45.532733],[23.986406,45.532703],[23.986709,45.532594],[23.987022,45.532466],[23.987151,45.532404],[23.987346,45.532329],[23.987584,45.532264],[23.987682,45.532249],[23.98793,45.532208],[23.988223,45.532176],[23.988429,45.532144],[23.98857,45.532135],[23.988744,45.53214],[23.988972,45.532144],[23.98908,45.532124],[23.989199,45.532112],[23.989373,45.532081],[23.989481,45.532072],[23.989839,45.53202],[23.990012,45.532008],[23.99011,45.531992],[23.990848,45.531956],[23.991303,45.531915],[23.991509,45.531883],[23.991618,45.531873],[23.991737,45.531868],[23.992017,45.531895],[23.992139,45.531894],[23.992215,45.531886],[23.992312,45.531867],[23.992626,45.531769],[23.992745,45.531768],[23.992811,45.531775],[23.992919,45.531792],[23.992974,45.531816],[23.993039,45.531825],[23.993094,45.531823],[23.993277,45.531772],[23.993439,45.531693],[23.993568,45.531585],[23.993745,45.531416],[23.993877,45.531309],[23.993952,45.531257],[23.994052,45.53121],[23.994088,45.531202],[23.99416,45.531169],[23.994355,45.531128],[23.994409,45.531111],[23.994723,45.531049],[23.994993,45.530985],[23.99535,45.530854],[23.995587,45.530756],[23.995717,45.530686],[23.995835,45.530613],[23.99604,45.530508],[23.99631,45.530402],[23.996591,45.530281],[23.996892,45.530113],[23.997119,45.530028],[23.997378,45.529866],[23.997507,45.529793],[23.997623,45.529708],[23.997701,45.529662],[23.997927,45.529553],[23.998175,45.529424],[23.998256,45.529358],[23.998312,45.529291],[23.998384,45.529239],[23.998422,45.529233],[23.998456,45.529237],[23.998489,45.529223],[23.998505,45.529208],[23.998608,45.529149],[23.998734,45.529057],[23.999121,45.528736],[23.999597,45.528377],[23.999737,45.528263],[23.999942,45.52808],[24.00025,45.527852],[24.00031,45.527797],[24.000439,45.527629],[24.00056,45.5274],[24.000748,45.526973],[24.000934,45.526597],[24.000977,45.526613],[24.001173,45.526687],[24.001314,45.526747],[24.001412,45.526799],[24.001727,45.526969],[24.002108,45.527204],[24.002192,45.527263],[24.002269,45.527308],[24.002282,45.52731],[24.002589,45.527495],[24.002731,45.527578],[24.003179,45.527811],[24.003547,45.528055],[24.003876,45.528241],[24.004145,45.528377],[24.004366,45.528481],[24.004593,45.528589],[24.004879,45.528705],[24.004976,45.528758],[24.005191,45.528915],[24.005425,45.529075],[24.005686,45.529226],[24.00586,45.529319],[24.006209,45.529537],[24.006282,45.529566],[24.00641,45.52964],[24.006706,45.529772],[24.007103,45.529929],[24.007443,45.530117],[24.007714,45.530243],[24.007921,45.530363],[24.008019,45.530412],[24.008242,45.530509],[24.008293,45.530524],[24.008421,45.530586],[24.008674,45.53069],[24.008731,45.530705],[24.008871,45.530773],[24.009106,45.530887],[24.009511,45.531069],[24.009779,45.531199],[24.010174,45.531387],[24.010495,45.531567],[24.010868,45.53176],[24.011074,45.531841],[24.011275,45.531898],[24.011405,45.531879],[24.011513,45.53184],[24.011752,45.531735],[24.011871,45.531695],[24.012098,45.531601],[24.01264,45.531407],[24.01278,45.531344],[24.013095,45.531221],[24.013224,45.531181],[24.013516,45.531065],[24.013945,45.530897],[24.014076,45.530858],[24.014177,45.530824],[24.014253,45.530807],[24.014307,45.530786],[24.014394,45.530765],[24.014459,45.530755],[24.014643,45.530709],[24.014947,45.530661],[24.015001,45.530647],[24.015164,45.530633],[24.015272,45.530614],[24.015652,45.530571],[24.015944,45.530525],[24.0164,45.530474],[24.016844,45.530406],[24.017256,45.530377],[24.017441,45.530378],[24.017581,45.530392],[24.017604,45.530395],[24.017886,45.530438],[24.018266,45.530511],[24.018765,45.53058],[24.01895,45.530599],[24.019047,45.530602],[24.01908,45.53061],[24.019083,45.530606],[24.019254,45.530609],[24.019503,45.530631],[24.019623,45.530643],[24.019938,45.530703],[24.020448,45.530779],[24.020871,45.530862],[24.020915,45.530866],[24.020991,45.530886],[24.021121,45.530905],[24.021218,45.530908],[24.021544,45.530919],[24.021653,45.530911],[24.021718,45.5309],[24.021794,45.530877],[24.021956,45.530787],[24.022042,45.530726],[24.022261,45.530557],[24.022477,45.530374],[24.022844,45.530046],[24.023217,45.529649],[24.023756,45.529114],[24.024097,45.528809],[24.024244,45.528705],[24.024356,45.528631],[24.024499,45.528555],[24.024575,45.528524],[24.024694,45.528459],[24.025041,45.528298],[24.025311,45.528153],[24.025409,45.528109],[24.02596,45.527797],[24.026231,45.527678],[24.02648,45.527597],[24.026534,45.527567],[24.026545,45.527567],[24.026556,45.527553],[24.026653,45.527504],[24.026837,45.527393],[24.02701,45.527307],[24.027313,45.527192],[24.027736,45.52708],[24.027952,45.527003],[24.028006,45.526992],[24.028082,45.526957],[24.028277,45.526884],[24.028526,45.526802],[24.028797,45.526698],[24.028802,45.526689],[24.028905,45.526647],[24.029035,45.526608],[24.029219,45.526541],[24.029641,45.526327],[24.029708,45.526337],[24.03006,45.5262],[24.03027,45.526101],[24.03049,45.526032],[24.03073,45.525979],[24.030937,45.525945],[24.031286,45.525917],[24.031646,45.525863],[24.03169,45.525848],[24.03181,45.525824],[24.032019,45.525751],[24.032029,45.525687],[24.031993,45.525564],[24.031994,45.525526],[24.031973,45.525418],[24.031974,45.525334],[24.031994,45.525228],[24.032033,45.525099],[24.032105,45.524969],[24.032138,45.524918],[24.032179,45.524827],[24.032304,45.524661],[24.032408,45.524564],[24.03252,45.524474],[24.032789,45.524288],[24.032961,45.524181],[24.033069,45.52412],[24.033168,45.524074],[24.033322,45.524025],[24.033382,45.524017],[24.033382,45.524011],[24.033401,45.524006],[24.033797,45.523942],[24.033884,45.523925],[24.034005,45.523889],[24.034104,45.523843],[24.034138,45.523821],[24.034203,45.523753],[24.034323,45.523649],[24.034437,45.523576],[24.034753,45.523456],[24.034918,45.523387],[24.035183,45.523258],[24.035392,45.52317],[24.035768,45.522979],[24.036263,45.52278],[24.036308,45.522754],[24.036417,45.522727],[24.03658,45.522707],[24.036863,45.522692],[24.037048,45.522689],[24.037157,45.522668],[24.037242,45.522639],[24.037607,45.52252],[24.037695,45.522501],[24.037944,45.5225],[24.038161,45.522509],[24.0384,45.522504],[24.038497,45.522512],[24.038517,45.522501],[24.038595,45.522508],[24.038714,45.522533],[24.038853,45.522585],[24.038917,45.522598],[24.039167,45.522599],[24.039243,45.522592],[24.039428,45.522573],[24.039625,45.522536],[24.039669,45.522509],[24.039732,45.522424],[24.03982,45.522378],[24.039996,45.52233],[24.040181,45.522306],[24.040225,45.522294],[24.040317,45.522295],[24.040361,45.522289],[24.04073,45.522271],[24.040926,45.522244],[24.041024,45.522242],[24.041427,45.522205],[24.041634,45.522194],[24.041666,45.522187],[24.041981,45.522175],[24.042373,45.522146],[24.042549,45.522143],[24.042644,45.522142],[24.043372,45.522134],[24.043861,45.522101],[24.044254,45.522055],[24.04446,45.522051],[24.044514,45.52206],[24.044615,45.522107],[24.044822,45.52218],[24.044897,45.522196],[24.04503,45.522199],[24.045303,45.522147],[24.045358,45.522133],[24.045421,45.522104],[24.045484,45.522078],[24.045584,45.52202],[24.04586,45.521884],[24.046355,45.521712],[24.046498,45.521653],[24.046586,45.521603],[24.046676,45.521513],[24.046732,45.52148],[24.046841,45.521457],[24.047112,45.52146],[24.047166,45.521458],[24.047265,45.521437],[24.047331,45.521415],[24.047386,45.521387],[24.047514,45.521294],[24.047608,45.521248],[24.047706,45.521221],[24.047812,45.521218],[24.047891,45.521206],[24.048034,45.521162],[24.048133,45.521122],[24.04842,45.520916],[24.048467,45.520888],[24.048577,45.52084],[24.048774,45.520798],[24.048871,45.520796],[24.049111,45.520768],[24.049275,45.520725],[24.049419,45.520667],[24.049529,45.520608],[24.049683,45.52054],[24.049717,45.520506],[24.049717,45.520497],[24.049769,45.520472],[24.049823,45.520434],[24.049979,45.520231],[24.050055,45.520147],[24.050138,45.520071],[24.050257,45.52],[24.050387,45.519954],[24.050799,45.519892],[24.050929,45.519884],[24.051396,45.519921],[24.051516,45.519936],[24.051722,45.51994],[24.05183,45.519932],[24.052025,45.519897],[24.052405,45.519782],[24.052686,45.519724],[24.053044,45.519666],[24.053749,45.519584],[24.054053,45.51953],[24.054259,45.519473],[24.054453,45.51939],[24.054638,45.519333],[24.054713,45.519317],[24.054985,45.519299],[24.055202,45.519284],[24.055408,45.519283],[24.055592,45.519298],[24.055755,45.519321],[24.056211,45.519335],[24.056374,45.519315],[24.056786,45.519219],[24.057002,45.519184],[24.057143,45.519184],[24.057382,45.519195],[24.057578,45.519194],[24.057762,45.519182],[24.058055,45.519144],[24.05825,45.519101],[24.058304,45.519095],[24.058391,45.519069],[24.05864,45.519028],[24.058911,45.51897],[24.058955,45.518966],[24.059128,45.518928],[24.059486,45.518862],[24.059713,45.518801],[24.059919,45.518728],[24.060081,45.518645],[24.060238,45.518527],[24.060316,45.518422],[24.060386,45.518324],[24.060513,45.518171],[24.060637,45.518041],[24.06075,45.517942],[24.060842,45.517887],[24.060907,45.517858],[24.060964,45.517847],[24.061052,45.517798],[24.061085,45.517787],[24.061085,45.517775],[24.061118,45.517764],[24.061536,45.517469],[24.06169,45.517389],[24.061782,45.517356],[24.061941,45.517298],[24.062051,45.517244],[24.062545,45.516953],[24.062808,45.516808],[24.063006,45.516709],[24.063104,45.516673],[24.063235,45.516616],[24.06352,45.516519],[24.063672,45.516462],[24.064297,45.516198],[24.064723,45.516063],[24.06493,45.516004],[24.065225,45.515895],[24.065247,45.515895],[24.065291,45.515882],[24.065706,45.515749],[24.065837,45.515697],[24.066132,45.515601],[24.066307,45.515534],[24.066482,45.515479],[24.066604,45.515449],[24.066733,45.515416],[24.066896,45.515399],[24.06795,45.515342],[24.068145,45.515321],[24.068287,45.515295],[24.068352,45.515277],[24.069191,45.515147],[24.069199,45.515137],[24.069224,45.51513],[24.069565,45.515081],[24.069714,45.515051],[24.069732,45.515045],[24.069889,45.514992],[24.070009,45.51494],[24.070059,45.514908],[24.070328,45.514739],[24.070536,45.514632],[24.070678,45.514573],[24.070897,45.514499],[24.071126,45.514435],[24.07129,45.514396],[24.071507,45.51436],[24.07166,45.514328],[24.071955,45.514239],[24.072032,45.51421],[24.072163,45.514165],[24.072239,45.514147],[24.072424,45.514088],[24.072523,45.51407],[24.072599,45.514063],[24.072712,45.51407],[24.072826,45.514077],[24.073215,45.514112],[24.073303,45.51412],[24.073856,45.514126],[24.074052,45.514114],[24.074193,45.514099],[24.074498,45.514037],[24.07488,45.513934],[24.075033,45.513901],[24.075163,45.51388],[24.075196,45.51388],[24.075229,45.513869],[24.07562,45.513846],[24.075935,45.513808],[24.076404,45.513714],[24.076601,45.513653],[24.077082,45.51345],[24.077452,45.513337],[24.077573,45.513298],[24.077869,45.513164],[24.077957,45.513131],[24.078012,45.513099],[24.078077,45.513073],[24.078286,45.512957],[24.078318,45.512946],[24.078483,45.512858],[24.078746,45.512733],[24.078922,45.512634],[24.079064,45.512566],[24.079283,45.512489],[24.079588,45.512412],[24.079806,45.512366],[24.079915,45.512344],[24.080057,45.512306],[24.080166,45.512288],[24.080275,45.512259],[24.080471,45.51223],[24.080601,45.51222],[24.08072,45.512219],[24.080916,45.5122],[24.081188,45.512188],[24.081676,45.512178],[24.082089,45.512182],[24.082219,45.512187],[24.082511,45.512213],[24.082619,45.512229],[24.082749,45.512235],[24.083258,45.512291],[24.083605,45.512312],[24.083627,45.512318],[24.083659,45.512317],[24.083898,45.51234],[24.084263,45.512384],[24.084404,45.512408],[24.084736,45.512454],[24.085229,45.512521],[24.085532,45.512561],[24.085716,45.512578],[24.086963,45.512641],[24.087179,45.512666],[24.087482,45.512715],[24.087688,45.512736],[24.088133,45.512737],[24.088796,45.512681],[24.089002,45.512685],[24.089467,45.51275],[24.090081,45.512867],[24.090214,45.512888],[24.090517,45.512918],[24.090625,45.512922],[24.090842,45.512933],[24.09107,45.512935],[24.091124,45.512937],[24.091135,45.512943],[24.091287,45.512931],[24.091613,45.512927],[24.091721,45.512919],[24.091743,45.512925],[24.091776,45.512915],[24.092058,45.512892],[24.092163,45.512902],[24.092373,45.512953],[24.092601,45.513009],[24.092893,45.513109],[24.092991,45.513136],[24.093327,45.513201],[24.093749,45.513298],[24.094107,45.513353],[24.094311,45.513376],[24.094433,45.513382],[24.094922,45.513321],[24.095084,45.513283],[24.095269,45.513253],[24.095465,45.513208],[24.095584,45.513189],[24.095693,45.513157],[24.095899,45.513114],[24.096149,45.51305],[24.096529,45.512963],[24.096703,45.512933],[24.096986,45.512903],[24.097409,45.512874],[24.097583,45.51285],[24.098028,45.512796],[24.098202,45.512768],[24.098234,45.51277],[24.098365,45.512757],[24.098625,45.512719],[24.098951,45.512652],[24.099103,45.512614],[24.09919,45.512603],[24.099364,45.512565],[24.099712,45.512467],[24.100038,45.512349],[24.100342,45.512213],[24.100429,45.512183],[24.100459,45.51216],[24.100679,45.512077],[24.101321,45.511813],[24.101397,45.511789],[24.101669,45.511654],[24.101974,45.511483],[24.102191,45.511373],[24.102354,45.511301],[24.102702,45.511177],[24.102876,45.511131],[24.102996,45.511112],[24.103235,45.511069],[24.103452,45.511019],[24.103626,45.51099],[24.103724,45.510968],[24.104017,45.510934],[24.104538,45.510926],[24.104755,45.510927],[24.104907,45.510935],[24.105102,45.510924],[24.105341,45.510932],[24.105471,45.510954],[24.105587,45.510994],[24.105736,45.511084],[24.10602,45.511287],[24.106115,45.511341],[24.106223,45.511381],[24.106391,45.511397],[24.106565,45.511397],[24.106717,45.511386],[24.106836,45.511391],[24.106999,45.511406],[24.107227,45.511418],[24.107484,45.511446],[24.107747,45.511466],[24.107834,45.511479],[24.107856,45.511477],[24.107899,45.511485],[24.108059,45.511547],[24.108305,45.511667],[24.108408,45.511709],[24.10846,45.511735],[24.108579,45.511777],[24.108744,45.511812],[24.109211,45.511832],[24.109721,45.511898],[24.109978,45.511941],[24.110024,45.511939],[24.110263,45.511988],[24.110672,45.512084],[24.110848,45.512115],[24.111206,45.512137],[24.11164,45.512198],[24.112768,45.512323],[24.113474,45.512359],[24.113593,45.512378],[24.113699,45.512413],[24.11381,45.512425],[24.113908,45.512412],[24.113995,45.512372],[24.114079,45.512286],[24.114248,45.512073],[24.114346,45.51199],[24.114512,45.511879],[24.114605,45.5118],[24.114828,45.511556],[24.115009,45.511335],[24.115115,45.511236],[24.115191,45.511153],[24.115355,45.510947],[24.11551,45.51078],[24.115614,45.510681],[24.115813,45.510452],[24.115941,45.510323],[24.116053,45.510232],[24.116145,45.510164],[24.116156,45.510164],[24.116428,45.50992],[24.116643,45.509753],[24.117063,45.509468],[24.117226,45.509312],[24.117487,45.509147],[24.117737,45.509025],[24.11802,45.508927],[24.118109,45.508888],[24.11815,45.508866],[24.11852,45.508749],[24.118661,45.508719],[24.118802,45.508719],[24.118954,45.508743],[24.118984,45.508756],[24.118992,45.508771],[24.119011,45.508806],[24.119027,45.508852],[24.119037,45.509012],[24.119024,45.509576],[24.119007,45.509723],[24.119,45.509912],[24.119002,45.510179],[24.11899,45.510377],[24.11897,45.510509],[24.11894,45.510698],[24.118961,45.510843],[24.118985,45.510911],[24.11899,45.511049],[24.119006,45.51114],[24.119033,45.511201],[24.119097,45.511285],[24.11913,45.511354],[24.119132,45.511423],[24.119124,45.511469],[24.119129,45.511522],[24.119175,45.511568],[24.119224,45.511599],[24.119245,45.511622],[24.11927,45.511667],[24.119275,45.511744],[24.119261,45.511772],[24.119258,45.511816],[24.119247,45.511831],[24.119251,45.511891],[24.119344,45.511992],[24.119484,45.512202],[24.119628,45.512305],[24.119722,45.512355],[24.119874,45.512419],[24.119969,45.51247],[24.120025,45.512516],[24.120123,45.512631],[24.120206,45.5127],[24.120431,45.512807],[24.120461,45.512813],[24.120548,45.512808],[24.120668,45.512743],[24.120711,45.512726],[24.120744,45.512722],[24.120809,45.512726],[24.120917,45.512753],[24.120993,45.512788],[24.121055,45.51284],[24.12109,45.512939],[24.121106,45.512962],[24.121152,45.512987],[24.121209,45.512985],[24.121231,45.512975],[24.121263,45.512956],[24.121313,45.512901],[24.121345,45.51288],[24.121421,45.512858],[24.121497,45.512846],[24.121747,45.512855],[24.121975,45.51284],[24.122073,45.512816],[24.122225,45.512765],[24.122355,45.512734],[24.122464,45.512719],[24.122572,45.512723],[24.122659,45.512749],[24.122732,45.512777],[24.122821,45.512835],[24.122897,45.51286],[24.123027,45.512868],[24.123082,45.512862],[24.123169,45.512841],[24.123255,45.512832],[24.123299,45.512832],[24.123407,45.512861],[24.123568,45.512926],[24.123601,45.512932],[24.123655,45.512927],[24.123752,45.5129],[24.123828,45.512903],[24.123948,45.512922],[24.124068,45.512947],[24.12434,45.513026],[24.124492,45.513061],[24.124785,45.513108],[24.124905,45.513134],[24.124981,45.513137],[24.125036,45.513149],[24.125112,45.513173],[24.125254,45.513237],[24.125442,45.513277],[24.125449,45.513279],[24.125645,45.513312],[24.125688,45.513325],[24.125912,45.513455],[24.126081,45.513507],[24.126133,45.513531],[24.126177,45.513571],[24.126275,45.513614],[24.126319,45.51365],[24.126393,45.513695],[24.126523,45.513742],[24.126643,45.513798],[24.126847,45.513866],[24.126878,45.513886],[24.126947,45.513981],[24.126979,45.514004],[24.127045,45.514032],[24.127205,45.514063],[24.127477,45.514093],[24.127738,45.514164],[24.127934,45.514235],[24.128152,45.514276],[24.128217,45.514281],[24.128477,45.514279],[24.128737,45.514251],[24.128791,45.51424],[24.129008,45.514207],[24.129235,45.51419],[24.129344,45.514186],[24.129604,45.514192],[24.129826,45.514175],[24.130021,45.514136],[24.130259,45.514073],[24.130693,45.514063],[24.130823,45.51405],[24.131061,45.514011],[24.131234,45.513964],[24.131386,45.51394],[24.131484,45.513947],[24.131603,45.513939],[24.131831,45.513956],[24.132002,45.513959],[24.132091,45.513955],[24.132189,45.513939],[24.13234,45.5139],[24.132546,45.513862],[24.132741,45.51384],[24.132817,45.513839],[24.132882,45.51385],[24.133012,45.513853],[24.133284,45.513878],[24.133501,45.513911],[24.133621,45.513944],[24.13374,45.513963],[24.133816,45.513962],[24.133914,45.513946],[24.134043,45.513902],[24.13413,45.513884],[24.134195,45.513888],[24.134217,45.513883],[24.134249,45.513887],[24.134391,45.51392],[24.134598,45.513991],[24.134652,45.514017],[24.135068,45.514296],[24.13515,45.514379],[24.13517,45.51441],[24.135181,45.514471],[24.135203,45.514509],[24.13525,45.514554],[24.135302,45.514588],[24.135653,45.514724],[24.135839,45.514822],[24.136024,45.514882],[24.136098,45.514912],[24.136294,45.515023],[24.136504,45.515084],[24.13661,45.515106],[24.136678,45.515113],[24.136765,45.515113],[24.136873,45.515103],[24.137035,45.515082],[24.137122,45.515065],[24.137133,45.515068],[24.137146,45.515057],[24.137187,45.515062],[24.137328,45.515058],[24.137448,45.515064],[24.137507,45.515056],[24.137551,45.51506],[24.137561,45.515052],[24.137602,45.51505],[24.137766,45.514973],[24.138251,45.514663],[24.138477,45.514536],[24.138758,45.514416],[24.139135,45.514212],[24.139265,45.514164],[24.13934,45.514154],[24.139367,45.514144],[24.139492,45.514154],[24.139609,45.514176],[24.139764,45.514194],[24.139916,45.514205],[24.140014,45.514204],[24.1401,45.51419],[24.140241,45.514128],[24.140316,45.514086],[24.140359,45.514071],[24.140424,45.514061],[24.140533,45.514056],[24.140837,45.514069],[24.140934,45.514065],[24.141054,45.514068],[24.141162,45.514056],[24.141324,45.514024],[24.141443,45.514012],[24.141704,45.514014],[24.141769,45.514006],[24.141931,45.513974],[24.142039,45.513943],[24.142072,45.513943],[24.142156,45.513962],[24.142224,45.513961],[24.14243,45.513937],[24.142809,45.51387],[24.143078,45.513769],[24.143111,45.513763],[24.143176,45.513764],[24.143249,45.513779],[24.143296,45.513779],[24.14335,45.513769],[24.143468,45.513717],[24.143608,45.513626],[24.143705,45.51358],[24.143824,45.513537],[24.144019,45.513485],[24.144192,45.513457],[24.144799,45.513411],[24.144983,45.513394],[24.145091,45.513371],[24.145243,45.51332],[24.14534,45.513272],[24.145385,45.513228],[24.145449,45.513134],[24.145516,45.51302],[24.145721,45.512714],[24.145774,45.512615],[24.145894,45.512461],[24.145982,45.51237],[24.14613,45.512264],[24.146249,45.5122],[24.146347,45.512185],[24.14646,45.51217],[24.146579,45.51217],[24.146721,45.512186],[24.146827,45.512208],[24.146922,45.512241],[24.146977,45.512273],[24.147064,45.512339],[24.147203,45.512405],[24.14728,45.512427],[24.14753,45.512477],[24.147619,45.512505],[24.147663,45.512507],[24.147682,45.512523],[24.147737,45.512546],[24.147843,45.512606],[24.147996,45.512717],[24.148222,45.512952],[24.148357,45.513134],[24.148434,45.51327],[24.148504,45.513407],[24.148515,45.513445],[24.148668,45.513725],[24.148698,45.513763],[24.148923,45.513967],[24.149263,45.514239],[24.149842,45.514638],[24.14999,45.514759],[24.150471,45.515055],[24.150739,45.515237],[24.150929,45.515411],[24.151022,45.515532],[24.15111,45.515631],[24.151146,45.515691],[24.151207,45.515744],[24.15153,45.516008],[24.151639,45.516076],[24.151793,45.516155],[24.152169,45.516352],[24.152543,45.516512],[24.152845,45.51661],[24.15294,45.516636],[24.15316,45.51668],[24.153301,45.516691],[24.153432,45.516686],[24.153561,45.516655],[24.153691,45.516644],[24.153821,45.516598],[24.154059,45.516543],[24.154143,45.516541],[24.1542,45.516529],[24.154232,45.516529],[24.154403,45.516567],[24.154581,45.516648],[24.15463,45.516651],[24.154676,45.516645],[24.154832,45.516751],[24.15496,45.5168],[24.155079,45.516865],[24.155217,45.516949],[24.155347,45.517039],[24.155497,45.517123],[24.155749,45.51723],[24.15596,45.517284],[24.156199,45.517322],[24.156297,45.517334],[24.156438,45.517336],[24.156655,45.517302],[24.156769,45.517275],[24.156856,45.517239],[24.157008,45.517145],[24.157095,45.517102],[24.1572,45.517027],[24.157323,45.516919],[24.157352,45.516873],[24.157385,45.516796],[24.157385,45.516697],[24.157334,45.516499],[24.157258,45.516316],[24.157187,45.516201],[24.15706,45.516025],[24.156821,45.515737],[24.156723,45.51559],[24.156669,45.515478],[24.156658,45.515422],[24.156669,45.515369],[24.156743,45.515262],[24.156783,45.515171],[24.156797,45.515102],[24.156793,45.514964],[24.156781,45.514766],[24.156786,45.514697],[24.156811,45.514613],[24.156881,45.514491],[24.156935,45.514438],[24.157003,45.514398],[24.157028,45.514369],[24.157356,45.514226],[24.157486,45.514156],[24.157627,45.514063],[24.157823,45.513948],[24.158061,45.513834],[24.158246,45.513762],[24.15842,45.513724],[24.158463,45.513722],[24.158658,45.513686],[24.158843,45.513623],[24.158908,45.513609],[24.159027,45.513613],[24.159255,45.513652],[24.159624,45.513698],[24.160036,45.513732],[24.160145,45.513736],[24.160394,45.513763],[24.160459,45.513784],[24.160492,45.513788],[24.160695,45.513859],[24.160915,45.51392],[24.161021,45.513958],[24.161203,45.514038],[24.161591,45.514243],[24.161821,45.514371],[24.16216,45.514594],[24.162358,45.514747],[24.162537,45.514915],[24.162712,45.51504],[24.16286,45.515133],[24.162988,45.515177],[24.163009,45.515165],[24.163161,45.515181],[24.163498,45.515181],[24.163671,45.515189],[24.163823,45.515212],[24.164008,45.515258],[24.164116,45.515273],[24.164257,45.515273],[24.164355,45.515254],[24.165288,45.515159],[24.165397,45.515154],[24.165459,45.515159],[24.165538,45.515156],[24.165733,45.515125],[24.165939,45.515068],[24.166129,45.515045],[24.166295,45.515061],[24.166316,45.515057],[24.166479,45.515087],[24.16671,45.515103],[24.167068,45.515149],[24.167198,45.515141],[24.167415,45.515115],[24.167643,45.515117],[24.167806,45.515146],[24.168009,45.515199],[24.168131,45.515214],[24.168196,45.515211],[24.168207,45.515215],[24.16837,45.515192],[24.168771,45.515161],[24.169238,45.515078],[24.169444,45.515044],[24.169499,45.51504],[24.169629,45.515013],[24.169889,45.514981],[24.169943,45.514979],[24.170432,45.514893],[24.170746,45.514867],[24.170855,45.514846],[24.171007,45.51481],[24.171246,45.514722],[24.171322,45.514684],[24.171433,45.514596],[24.171539,45.514539],[24.171723,45.514454],[24.171853,45.514408],[24.171994,45.514374],[24.172125,45.514364],[24.172179,45.514366],[24.172276,45.514398],[24.172369,45.514446],[24.172597,45.514542],[24.172651,45.514572],[24.172691,45.514616],[24.172708,45.514723],[24.172683,45.51483],[24.172692,45.514899],[24.172713,45.514944],[24.172713,45.514967],[24.172686,45.515032],[24.172654,45.515074],[24.172627,45.515155],[24.172616,45.515227],[24.172653,45.515311],[24.172719,45.51541],[24.172765,45.515456],[24.172814,45.51549],[24.172871,45.515551],[24.172909,45.515666],[24.172947,45.51575],[24.172984,45.515818],[24.173025,45.515872],[24.17315,45.515967],[24.173237,45.516097],[24.173302,45.516158],[24.173408,45.516223],[24.173522,45.516279],[24.173869,45.516477],[24.174238,45.516741],[24.174433,45.516907],[24.174634,45.517113],[24.17468,45.517166],[24.174691,45.517189],[24.174851,45.517365],[24.174921,45.517457],[24.174976,45.517556],[24.175084,45.517838],[24.175111,45.517884],[24.175152,45.51793],[24.175215,45.517972],[24.175293,45.51801],[24.175456,45.518058],[24.175537,45.518092],[24.17567,45.518172],[24.17586,45.518316],[24.176034,45.518386],[24.176431,45.518607],[24.17652,45.518656],[24.176777,45.518764],[24.176899,45.518869],[24.177032,45.518933],[24.177252,45.519064],[24.177608,45.519358],[24.177871,45.519561],[24.177979,45.519683],[24.177993,45.519759],[24.178036,45.519805],[24.17811,45.519845],[24.178554,45.520002],[24.178736,45.520084],[24.178951,45.520164],[24.179065,45.52022],[24.179179,45.520302],[24.17926,45.520393],[24.179298,45.520424],[24.179336,45.520481],[24.179389,45.520521],[24.179408,45.520528],[24.1795,45.520605],[24.179592,45.520653],[24.179668,45.520676],[24.179763,45.520688],[24.17986,45.520689],[24.179958,45.520679],[24.18002,45.520661],[24.180148,45.520632],[24.180213,45.520604],[24.180246,45.520598],[24.180259,45.520585],[24.180376,45.520532],[24.180398,45.520517],[24.180443,45.52049],[24.180446,45.52047],[24.180475,45.520442],[24.180492,45.520402],[24.180505,45.520333],[24.180598,45.520104],[24.180657,45.51999],[24.180701,45.519936],[24.180923,45.519768],[24.181053,45.519654],[24.181097,45.519623],[24.181273,45.519528],[24.181357,45.519467],[24.18149,45.519353],[24.181596,45.519277],[24.181913,45.519101],[24.182109,45.519023],[24.182206,45.519],[24.182336,45.519004],[24.182458,45.519056],[24.182529,45.519159],[24.182605,45.519311],[24.182629,45.519388],[24.182657,45.519563],[24.182689,45.519708],[24.182706,45.519823],[24.182711,45.51996],[24.182676,45.520166],[24.18267,45.520311],[24.182649,45.520366],[24.182643,45.520414],[24.18263,45.520433],[24.1826,45.520452],[24.182597,45.520487],[24.18261,45.52059],[24.182655,45.520796],[24.182725,45.520934],[24.18279,45.521094],[24.18286,45.521224],[24.18293,45.521324],[24.183056,45.521462],[24.183078,45.521473],[24.183267,45.521642],[24.183332,45.521688],[24.183416,45.52173],[24.1835,45.521765],[24.183603,45.521792],[24.183689,45.521796],[24.183798,45.521779],[24.183836,45.521751],[24.183871,45.521705],[24.183896,45.521652],[24.183926,45.521621],[24.184048,45.521591],[24.184113,45.521597],[24.184178,45.52162],[24.184424,45.521745],[24.184619,45.521822],[24.184839,45.521896],[24.185001,45.521938],[24.185196,45.521973],[24.185348,45.521989],[24.185532,45.521994],[24.185684,45.521986],[24.185836,45.522014],[24.185877,45.522018],[24.185906,45.522014],[24.18638,45.522132],[24.18665,45.522212],[24.186962,45.522278],[24.187125,45.522299],[24.187244,45.522301],[24.18732,45.522311],[24.18745,45.522292],[24.187658,45.52224],[24.187712,45.522233],[24.187831,45.522227],[24.188103,45.522228],[24.188243,45.522255],[24.188426,45.5223],[24.188652,45.522368],[24.188975,45.522452],[24.189051,45.522465],[24.18921,45.522505],[24.189332,45.522518],[24.189419,45.522512],[24.189658,45.522477],[24.189898,45.522415],[24.190007,45.522398],[24.190149,45.522388],[24.190334,45.52236],[24.190737,45.522282],[24.190835,45.522257],[24.19114,45.522223],[24.191325,45.522182],[24.19138,45.522173],[24.191685,45.522089],[24.191936,45.522035],[24.192099,45.522018],[24.192143,45.522019],[24.192218,45.522035],[24.192283,45.522032],[24.192338,45.522022],[24.192447,45.521995],[24.192666,45.521908],[24.192918,45.521827],[24.192983,45.521813],[24.193071,45.521784],[24.193213,45.521751],[24.193343,45.521738],[24.193658,45.521727],[24.193745,45.521726],[24.193885,45.521738],[24.194015,45.521759],[24.194112,45.521783],[24.194171,45.52181],[24.194499,45.522034],[24.194536,45.522046],[24.194668,45.522115],[24.195302,45.52232],[24.19555,45.522407],[24.195823,45.522535],[24.196322,45.522736],[24.196481,45.522809],[24.196591,45.522851],[24.19673,45.522891],[24.196806,45.522915],[24.197151,45.522984],[24.197389,45.523012],[24.197551,45.523043],[24.197734,45.523088],[24.197785,45.523108],[24.197863,45.523149],[24.197986,45.523227],[24.198204,45.523382],[24.198355,45.523522],[24.198582,45.523769],[24.199089,45.524009],[24.19929,45.52409],[24.199465,45.524142],[24.199714,45.524179],[24.199765,45.524184],[24.199909,45.524182],[24.199952,45.524188],[24.200012,45.524184],[24.200186,45.524144],[24.200383,45.524078],[24.200602,45.523988],[24.200734,45.523919],[24.200955,45.523788],[24.201106,45.523684],[24.201253,45.523558],[24.201308,45.52352],[24.201407,45.52347],[24.201593,45.523412],[24.201691,45.523394],[24.201854,45.52339],[24.201951,45.523398],[24.202255,45.523421],[24.202387,45.523443],[24.202406,45.523442],[24.202719,45.523503],[24.20287,45.523517],[24.203175,45.523468],[24.203339,45.523428],[24.203524,45.523404],[24.203861,45.523374],[24.2041,45.52337],[24.204176,45.523374],[24.204303,45.523395],[24.204435,45.523405],[24.204586,45.523426],[24.20477,45.523466],[24.205007,45.523535],[24.205272,45.523653],[24.205797,45.523927],[24.205922,45.524005],[24.20604,45.524092],[24.206169,45.524224],[24.206358,45.524494],[24.206417,45.524616],[24.206445,45.524701],[24.206481,45.524861],[24.206538,45.525007],[24.206571,45.525092],[24.206652,45.525184],[24.206898,45.525352],[24.20705,45.52543],[24.207302,45.525546],[24.207436,45.525624],[24.207638,45.525782],[24.20785,45.525983],[24.20794,45.526083],[24.207992,45.52616],[24.207993,45.526328],[24.207995,45.526359],[24.208008,45.526382],[24.208011,45.526481],[24.208025,45.526565],[24.208046,45.526596],[24.208061,45.526642],[24.208158,45.526773],[24.208214,45.526814],[24.208284,45.526838],[24.208449,45.526861],[24.208525,45.526862],[24.208677,45.526847],[24.208797,45.526814],[24.209061,45.526684],[24.209423,45.526523],[24.209577,45.526436],[24.209983,45.526226],[24.210137,45.52617],[24.210235,45.526145],[24.210344,45.526131],[24.210485,45.526133],[24.210615,45.526141],[24.210669,45.526153],[24.210693,45.526167],[24.210724,45.526217],[24.210744,45.52627],[24.210745,45.526309],[24.210772,45.526469],[24.210769,45.526683],[24.210787,45.526752],[24.210815,45.526798],[24.210842,45.526821],[24.210974,45.526871],[24.211095,45.526876],[24.211171,45.526869],[24.211357,45.526826],[24.211456,45.52678],[24.211489,45.526757],[24.211548,45.526659],[24.211625,45.526393],[24.21166,45.526302],[24.211745,45.526181],[24.211781,45.526143],[24.211839,45.526098],[24.211888,45.526072],[24.211948,45.526077],[24.212015,45.52611],[24.212044,45.526132],[24.212102,45.526193],[24.212175,45.526309],[24.212252,45.526508],[24.212324,45.526654],[24.212374,45.526815],[24.212389,45.526991],[24.212411,45.527098],[24.212451,45.527205],[24.212509,45.52729],[24.212602,45.527383],[24.212673,45.52743],[24.21277,45.527473],[24.212886,45.527513],[24.212979,45.527564],[24.21313,45.527711],[24.213327,45.527866],[24.213431,45.527959],[24.21352,45.528059],[24.213546,45.528107],[24.213604,45.528198],[24.213624,45.528259],[24.213649,45.528427],[24.213647,45.528511],[24.213632,45.528572],[24.213592,45.528656],[24.213558,45.528705],[24.213484,45.528868],[24.21339,45.529134],[24.213363,45.529255],[24.213359,45.529431],[24.213333,45.529598],[24.213315,45.529674],[24.213298,45.529705],[24.213291,45.52975],[24.213265,45.529811],[24.213235,45.529956],[24.213167,45.530161],[24.213164,45.530191],[24.2131,45.530366],[24.213029,45.530491],[24.212926,45.530598],[24.212865,45.530639],[24.212824,45.53065],[24.212715,45.53066],[24.212585,45.530662],[24.212454,45.530687],[24.21235,45.530724],[24.212279,45.530759],[24.212205,45.530804],[24.212127,45.530862],[24.212066,45.53093],[24.211937,45.531102],[24.211923,45.531109],[24.211908,45.531151],[24.211912,45.531204],[24.211933,45.531243],[24.211986,45.531305],[24.212032,45.531342],[24.212079,45.53139],[24.212222,45.531499],[24.212568,45.531686],[24.212616,45.5317],[24.212656,45.531724],[24.212801,45.531794],[24.212855,45.53181],[24.213017,45.531847],[24.213092,45.531852],[24.213212,45.531836],[24.213343,45.531798],[24.21353,45.531707],[24.213662,45.531625],[24.213734,45.531571],[24.213816,45.531541],[24.21386,45.531532],[24.213947,45.531526],[24.214012,45.531536],[24.214094,45.531593],[24.21414,45.531609],[24.214183,45.531613],[24.214205,45.531611],[24.21426,45.531591],[24.214381,45.531516],[24.214435,45.5315],[24.214511,45.531507],[24.214649,45.531545],[24.214706,45.531546],[24.214804,45.531532],[24.214901,45.531544],[24.214972,45.531612],[24.214988,45.531658],[24.21499,45.531788],[24.214968,45.531887],[24.214857,45.532019],[24.214659,45.532108],[24.214557,45.532185],[24.21449,45.532249],[24.214428,45.532351],[24.214375,45.532495],[24.214348,45.532626],[24.214357,45.532687],[24.214404,45.532764],[24.214521,45.532873],[24.214668,45.532951],[24.214829,45.53302],[24.214976,45.53311],[24.215364,45.53331],[24.215492,45.533386],[24.215542,45.533423],[24.215599,45.53346],[24.215655,45.533506],[24.215694,45.533568],[24.215719,45.533667],[24.215764,45.533721],[24.216036,45.533904],[24.21615,45.534013],[24.216197,45.53409],[24.216287,45.534167],[24.216562,45.534331],[24.216665,45.534436],[24.216749,45.534551],[24.216757,45.534551],[24.216827,45.534682],[24.216852,45.534766],[24.216927,45.534928],[24.216942,45.534981],[24.216973,45.535157],[24.216971,45.535325],[24.216985,45.535447],[24.217025,45.535583],[24.217063,45.535681],[24.217076,45.535697],[24.217093,45.535767],[24.217142,45.535795],[24.217165,45.535801],[24.217197,45.53583],[24.217275,45.535906],[24.2174,45.536006],[24.217427,45.536036],[24.217621,45.536182],[24.217695,45.53622],[24.217776,45.536245],[24.217819,45.536266],[24.217979,45.536278],[24.218047,45.536275],[24.218123,45.536284],[24.218199,45.536304],[24.218283,45.536338],[24.218367,45.536382],[24.218475,45.536455],[24.218564,45.536499],[24.218675,45.536538],[24.218838,45.536565],[24.218998,45.536638],[24.219195,45.536766],[24.219322,45.536881],[24.219409,45.53698],[24.219579,45.537141],[24.220017,45.537493],[24.220212,45.537631],[24.220353,45.537719],[24.220483,45.53779],[24.220724,45.537894],[24.221108,45.538076],[24.221382,45.538178],[24.22149,45.538226],[24.221634,45.538305],[24.221728,45.538368],[24.221774,45.538414],[24.221839,45.538528],[24.221926,45.538628],[24.222039,45.538704],[24.222149,45.538751],[24.222467,45.538883],[24.222602,45.538956],[24.222881,45.539138],[24.223038,45.53926],[24.223274,45.539463],[24.22339,45.539593],[24.223565,45.539846],[24.223644,45.539914],[24.223719,45.539962],[24.22385,45.540005],[24.223936,45.540018],[24.224066,45.540051],[24.224381,45.540107],[24.224652,45.540146],[24.224966,45.540214],[24.22515,45.540287],[24.225223,45.540321],[24.225294,45.540365],[24.225353,45.540419],[24.225423,45.540533],[24.225439,45.540648],[24.225447,45.540654],[24.225453,45.540736],[24.225477,45.540774],[24.22549,45.540957],[24.225482,45.541041],[24.225443,45.541216],[24.22544,45.541295],[24.225456,45.541321],[24.225438,45.54136],[24.225448,45.541611],[24.225494,45.541749],[24.22556,45.541834],[24.225676,45.541943],[24.225737,45.54202],[24.225773,45.542104],[24.225843,45.542319],[24.225916,45.542465],[24.226144,45.542811],[24.226255,45.543018],[24.226451,45.543555],[24.226569,45.543809],[24.226695,45.544009],[24.226735,45.544124],[24.226772,45.54417],[24.226839,45.544224],[24.226932,45.544279],[24.227064,45.544343],[24.227149,45.544396],[24.22725,45.544487],[24.227278,45.544569],[24.227266,45.544638],[24.227269,45.544699],[24.2273,45.544783],[24.227339,45.544853],[24.22736,45.544883],[24.227445,45.544968],[24.227637,45.545098],[24.227754,45.545173],[24.227847,45.545248],[24.2279,45.545318],[24.227902,45.545356],[24.227887,45.545409],[24.227845,45.545473],[24.22769,45.545584],[24.227632,45.545641],[24.227579,45.54571],[24.227553,45.545765],[24.227545,45.545855],[24.227595,45.546046],[24.227613,45.546169],[24.227606,45.546253],[24.227583,45.546321],[24.227529,45.5464],[24.227496,45.546434],[24.227449,45.546472],[24.227352,45.546532],[24.22727,45.546571],[24.227139,45.546611],[24.227076,45.546637],[24.226958,45.546664],[24.226871,45.546693],[24.226777,45.546742],[24.226653,45.546824],[24.226595,45.546888],[24.226569,45.546957],[24.226567,45.547033],[24.226581,45.547102],[24.226597,45.54714],[24.226629,45.547175],[24.226666,45.547202],[24.226758,45.547228],[24.226901,45.547241],[24.227053,45.547238],[24.227069,45.547242],[24.227113,45.547233],[24.227439,45.547212],[24.227743,45.547208],[24.227895,45.547212],[24.228209,45.547241],[24.22835,45.547245],[24.228447,45.547238],[24.228621,45.547225],[24.228719,45.547211],[24.228959,45.547163],[24.229112,45.547144],[24.229331,45.547063],[24.229396,45.547045],[24.229571,45.54702],[24.229658,45.546998],[24.229713,45.546976],[24.22979,45.546941],[24.229922,45.546859],[24.230159,45.546692],[24.230264,45.546626],[24.230568,45.546394],[24.230744,45.546295],[24.230886,45.54624],[24.231083,45.546204],[24.231245,45.546202],[24.231397,45.546221],[24.231483,45.546247],[24.231699,45.546292],[24.231861,45.546306],[24.232058,45.54627],[24.232189,45.54622],[24.23231,45.546149],[24.232405,45.546051],[24.23245,45.545991],[24.23249,45.545907],[24.232563,45.545801],[24.232642,45.545657],[24.232715,45.545559],[24.232829,45.545438],[24.232968,45.545318],[24.233111,45.545221],[24.23324,45.545154],[24.233352,45.54511],[24.233416,45.545082],[24.233525,45.545047],[24.233689,45.545005],[24.234071,45.54493],[24.23431,45.544891],[24.234376,45.544874],[24.23466,45.544781],[24.234846,45.544734],[24.234911,45.544723],[24.235215,45.544731],[24.235734,45.544787],[24.235962,45.544817],[24.236253,45.544866],[24.236361,45.54489],[24.23648,45.544903],[24.236773,45.544896],[24.236979,45.544902],[24.23739,45.54498],[24.237638,45.545036],[24.237885,45.545101],[24.23821,45.54517],[24.238632,45.545217],[24.238848,45.545258],[24.238881,45.545258],[24.238956,45.545275],[24.239065,45.545287],[24.239332,45.545344],[24.239421,45.545357],[24.239649,45.545356],[24.239725,45.545346],[24.239867,45.545313],[24.240031,45.545254],[24.240117,45.545204],[24.240213,45.545132],[24.240255,45.545091],[24.240356,45.54497],[24.240403,45.544894],[24.240444,45.544803],[24.24046,45.544674],[24.240462,45.544491],[24.240432,45.544269],[24.240412,45.544192],[24.240409,45.544116],[24.240427,45.543926],[24.240451,45.543827],[24.240488,45.543751],[24.240524,45.543721],[24.240571,45.543695],[24.240677,45.54366],[24.240754,45.543624],[24.24082,45.543583],[24.241058,45.543396],[24.241105,45.543368],[24.24119,45.543334],[24.241266,45.543328],[24.241342,45.54334],[24.241493,45.54338],[24.241597,45.543424],[24.241898,45.543542],[24.242057,45.543613],[24.242313,45.543767],[24.242463,45.543847],[24.242563,45.543871],[24.242642,45.543879],[24.242946,45.54387],[24.243043,45.543888],[24.24332,45.543999],[24.243459,45.544071],[24.24373,45.544191],[24.24387,45.544231],[24.243913,45.544239],[24.244239,45.544241],[24.244695,45.544215],[24.244869,45.544215],[24.245009,45.544245],[24.245276,45.54434],[24.245375,45.544363],[24.24543,45.544365],[24.24556,45.544355],[24.245702,45.544327],[24.245855,45.544279],[24.245997,45.544216],[24.246074,45.544177],[24.246212,45.544076],[24.246339,45.543995],[24.246466,45.543892],[24.246701,45.543737],[24.246726,45.543712],[24.246869,45.543615],[24.246924,45.543591],[24.246989,45.543576],[24.247012,45.543578],[24.247098,45.543572],[24.247282,45.543607],[24.247358,45.543608],[24.24763,45.543558],[24.247728,45.543547],[24.247913,45.543514],[24.248109,45.543487],[24.248197,45.543464],[24.248316,45.543463],[24.248346,45.543469],[24.248405,45.54346],[24.248683,45.543419],[24.248781,45.543414],[24.248922,45.543417],[24.249268,45.543386],[24.249669,45.543327],[24.250721,45.543287],[24.251284,45.543231],[24.251642,45.543221],[24.252218,45.543239],[24.252359,45.543245],[24.252446,45.543256],[24.252642,45.543314],[24.252744,45.543391],[24.252823,45.543442],[24.252927,45.543474],[24.253044,45.543492],[24.253109,45.543499],[24.253459,45.543496],[24.253622,45.543491],[24.253839,45.543474],[24.253925,45.543468],[24.254272,45.543423],[24.254565,45.543423],[24.254956,45.543443],[24.255162,45.543437],[24.255303,45.5434],[24.255389,45.543365],[24.255496,45.543311],[24.255539,45.543282],[24.255723,45.543208],[24.255982,45.543147],[24.256188,45.543113],[24.256209,45.543097],[24.256523,45.543047],[24.256545,45.543051],[24.25661,45.543039],[24.25675,45.543028],[24.257054,45.543026],[24.257217,45.543044],[24.25728,45.543062],[24.257362,45.543117],[24.25742,45.54317],[24.257462,45.543238],[24.257485,45.543299],[24.257494,45.543368],[24.257489,45.543551],[24.257503,45.543696],[24.257535,45.543817],[24.257594,45.54397],[24.257618,45.544099],[24.25761,45.544237],[24.257579,45.544344],[24.257538,45.544413],[24.257532,45.544436],[24.257468,45.544524],[24.257453,45.54457],[24.25746,45.544661],[24.257488,45.544714],[24.25753,45.544775],[24.25759,45.544811],[24.257688,45.544833],[24.257944,45.544913],[24.25801,45.544941],[24.258086,45.544956],[24.258227,45.544955],[24.258422,45.544926],[24.258703,45.544871],[24.258844,45.544854],[24.25892,45.54485],[24.259061,45.544853],[24.259235,45.544882],[24.259366,45.544927],[24.259451,45.544968],[24.259833,45.545238],[24.260077,45.545385],[24.260418,45.545626],[24.260516,45.545684],[24.260634,45.545726],[24.260713,45.545744],[24.261489,45.545894],[24.261758,45.545955],[24.262195,45.54611],[24.262492,45.546178],[24.262708,45.546251],[24.262852,45.546284],[24.263342,45.546391],[24.263517,45.546441],[24.26361,45.54648],[24.263703,45.546537],[24.263846,45.546637],[24.263989,45.546758],[24.264066,45.546834],[24.264158,45.54694],[24.264247,45.547069],[24.264297,45.547122],[24.264459,45.547242],[24.264517,45.547295],[24.264611,45.547409],[24.264689,45.547538],[24.264732,45.547652],[24.264759,45.547828],[24.264796,45.547888],[24.264933,45.547964],[24.265107,45.548029],[24.265201,45.548091],[24.265237,45.548121],[24.265448,45.548402],[24.265506,45.548463],[24.265627,45.548546],[24.265763,45.548609],[24.265992,45.54864],[24.266123,45.548673],[24.266248,45.548722],[24.266333,45.548773],[24.266397,45.548833],[24.266466,45.548932],[24.266517,45.549015],[24.266562,45.549114],[24.266598,45.549167],[24.266626,45.549184],[24.266681,45.549243],[24.266736,45.549288],[24.266777,45.549334],[24.266785,45.549358],[24.2668,45.549379],[24.266834,45.549478],[24.266849,45.5497],[24.266883,45.549806],[24.266928,45.549882],[24.266992,45.549965],[24.267127,45.550062],[24.26716,45.550105],[24.267194,45.550189],[24.267193,45.550271],[24.267195,45.550291],[24.267095,45.550277],[24.266954,45.550258],[24.266916,45.550262],[24.26684,45.550255],[24.266655,45.55026],[24.266596,45.550266],[24.266461,45.550296],[24.266277,45.550351],[24.265878,45.550505],[24.26569,45.550605],[24.265618,45.550657],[24.265578,45.550705],[24.265488,45.55087],[24.26546,45.550939],[24.265433,45.55097],[24.265314,45.551301],[24.265171,45.551781],[24.26507,45.552262],[24.265031,45.552514],[24.265008,45.552903],[24.264999,45.55343],[24.265006,45.553693],[24.264999,45.553781],[24.265039,45.554345],[24.265066,45.554475],[24.265097,45.554551],[24.265106,45.554612],[24.265146,45.554718],[24.265225,45.554893],[24.265334,45.555091],[24.265474,45.555311],[24.265554,45.555417],[24.265601,45.555462],[24.265711,45.555542],[24.265747,45.555559],[24.265854,45.555632],[24.266005,45.555711],[24.266134,45.555756],[24.26616,45.555765],[24.266313,45.555802],[24.266345,45.555802],[24.266422,45.555815],[24.266444,45.55581],[24.266541,45.555819],[24.266628,45.555815],[24.266747,45.555799],[24.266855,45.555775],[24.266996,45.55573],[24.267276,45.555627],[24.267546,45.555567],[24.268043,45.555414],[24.268151,45.555387],[24.268313,45.555332],[24.268421,45.555305],[24.268486,45.555279],[24.268582,45.555229],[24.268855,45.555006],[24.269046,45.554884],[24.26921,45.554797],[24.269382,45.554721],[24.269501,45.554682],[24.269707,45.554656],[24.269836,45.554618],[24.269955,45.554594],[24.27015,45.55458],[24.270368,45.554597],[24.270596,45.554637],[24.270803,45.554685],[24.270967,45.55471],[24.2714,45.554797],[24.271511,45.554813],[24.271816,45.554882],[24.271914,45.554903],[24.272013,45.554935],[24.272067,45.554942],[24.272154,45.554964],[24.272165,45.554962],[24.272285,45.554992],[24.272383,45.555006],[24.272762,45.555095],[24.273004,45.555135],[24.2732,45.55515],[24.273297,45.555154],[24.273503,45.55514],[24.273753,45.555146],[24.274025,45.555144],[24.274144,45.555131],[24.274252,45.555131],[24.274989,45.555079],[24.275239,45.55505],[24.275358,45.55503],[24.275499,45.555018],[24.275705,45.55502],[24.276346,45.555076],[24.276466,45.555098],[24.276597,45.555131],[24.276703,45.55517],[24.276799,45.555217],[24.276874,45.555301],[24.276914,45.555407],[24.27693,45.555513],[24.276945,45.555643],[24.276974,45.555727],[24.277169,45.556046],[24.277253,45.556152],[24.277294,45.55619],[24.277401,45.556244],[24.277545,45.556285],[24.277698,45.556311],[24.278064,45.556474],[24.278419,45.556587],[24.27855,45.556619],[24.27858,45.556632],[24.278703,45.556646],[24.278811,45.556645],[24.278984,45.556613],[24.279172,45.55652],[24.279345,45.556463],[24.279473,45.556461],[24.279519,45.556468],[24.279649,45.556457],[24.27978,45.556459],[24.279835,45.556478],[24.279886,45.556513],[24.279963,45.556613],[24.279995,45.556674],[24.28004,45.556819],[24.280029,45.556848],[24.280037,45.556876],[24.280017,45.556983],[24.27986,45.557453],[24.279848,45.557524],[24.279853,45.557631],[24.279895,45.557753],[24.279894,45.557791],[24.279872,45.557833],[24.279872,45.557871],[24.279925,45.557948],[24.27999,45.557978],[24.280112,45.558013],[24.280394,45.558065],[24.280665,45.558129],[24.280881,45.558168],[24.282203,45.558483],[24.282286,45.558582],[24.282318,45.558644],[24.282332,45.558812],[24.282359,45.558911],[24.282368,45.559003],[24.282382,45.559024],[24.282379,45.559041],[24.2824,45.559094],[24.282459,45.559178],[24.28251,45.559232],[24.282693,45.559374],[24.282955,45.559555],[24.283054,45.559613],[24.283189,45.55972],[24.283261,45.559805],[24.283315,45.559889],[24.283373,45.560049],[24.283399,45.560133],[24.28345,45.560195],[24.283509,45.560249],[24.283566,45.560325],[24.283794,45.560853],[24.283823,45.560891],[24.283931,45.560983],[24.283966,45.561022],[24.284003,45.561106],[24.284049,45.561167],[24.284118,45.561217],[24.284232,45.561248],[24.28437,45.561304],[24.284546,45.561347],[24.284662,45.56139],[24.285127,45.561646],[24.285278,45.56171],[24.28543,45.561745],[24.285563,45.561751],[24.285693,45.561744],[24.285878,45.561709],[24.28603,45.561691],[24.286171,45.561688],[24.28628,45.5617],[24.286605,45.561767],[24.286692,45.561775],[24.286735,45.561769],[24.286779,45.561751],[24.287041,45.561603],[24.287139,45.561575],[24.287226,45.56156],[24.287432,45.561558],[24.287573,45.56157],[24.287595,45.561559],[24.287801,45.561594],[24.287895,45.561622],[24.288169,45.561697],[24.288431,45.561817],[24.288583,45.561873],[24.288956,45.562031],[24.289161,45.562124],[24.289174,45.562141],[24.289275,45.562176],[24.28931,45.562189],[24.289514,45.562305],[24.28965,45.562372],[24.289772,45.562404],[24.289989,45.562429],[24.290185,45.562475],[24.290356,45.562551],[24.290451,45.5626],[24.29053,45.562625],[24.290696,45.562669],[24.29087,45.562701],[24.291206,45.56273],[24.291347,45.562775],[24.291456,45.562802],[24.291662,45.562838],[24.291836,45.562838],[24.291977,45.562821],[24.292183,45.56276],[24.292292,45.562718],[24.292509,45.562649],[24.292682,45.562599],[24.292878,45.562569],[24.292943,45.562572],[24.29303,45.562569],[24.293225,45.56258],[24.293301,45.562597],[24.29341,45.562662],[24.29351,45.562742],[24.293614,45.562791],[24.29366,45.562799],[24.293736,45.562791],[24.29379,45.562778],[24.294039,45.562637],[24.294115,45.562612],[24.29417,45.562608],[24.294221,45.562623],[24.294235,45.562621],[24.294262,45.562633],[24.294403,45.562718],[24.294666,45.562836],[24.294884,45.56293],[24.295256,45.563063],[24.29555,45.563147],[24.295876,45.563231],[24.296169,45.563318],[24.296319,45.563353],[24.296441,45.563364],[24.296604,45.563337],[24.296723,45.563299],[24.296886,45.563268],[24.2972,45.563238],[24.29732,45.56323],[24.297396,45.563232],[24.297645,45.563264],[24.297732,45.563285],[24.297874,45.563306],[24.297982,45.563331],[24.298145,45.56338],[24.2982,45.56339],[24.298276,45.56342],[24.298471,45.563475],[24.298515,45.563475],[24.298678,45.563506],[24.298699,45.563502],[24.298743,45.563508],[24.298922,45.563529],[24.299052,45.563534],[24.299117,45.563546],[24.299204,45.563572],[24.299397,45.563664],[24.299471,45.563711],[24.299574,45.563759],[24.299887,45.563936],[24.300237,45.564169],[24.300425,45.564317],[24.300575,45.56442],[24.300659,45.564489],[24.300823,45.564664],[24.300983,45.564813],[24.301119,45.56492],[24.301185,45.564965],[24.30125,45.565],[24.301326,45.565015],[24.301521,45.564998],[24.301717,45.56499],[24.302259,45.564993],[24.303074,45.564974],[24.303182,45.564978],[24.303291,45.564991],[24.303389,45.565019],[24.303525,45.565086],[24.303603,45.565115],[24.303736,45.56516],[24.303845,45.565187],[24.303976,45.565229],[24.304486,45.565377],[24.305079,45.565594],[24.305233,45.565644],[24.305388,45.565686],[24.305725,45.565754],[24.30604,45.565838],[24.306201,45.565897],[24.306584,45.566013],[24.306975,45.566146],[24.30723,45.566261],[24.30747,45.566377],[24.307486,45.566377],[24.307513,45.566392],[24.307755,45.566483],[24.308268,45.566643],[24.308396,45.566695],[24.308929,45.566939],[24.309383,45.567186],[24.30947,45.567232],[24.309628,45.567287],[24.310256,45.56754],[24.310478,45.567609],[24.310497,45.567607],[24.310671,45.567643],[24.310747,45.567666],[24.31082,45.567677],[24.310905,45.567675],[24.311022,45.567689],[24.31116,45.567724],[24.311223,45.567749],[24.311289,45.567811],[24.311394,45.567941],[24.311482,45.568016],[24.31161,45.568107],[24.311892,45.568266],[24.312069,45.56834],[24.3122,45.568404],[24.312604,45.568632],[24.312662,45.568657],[24.312815,45.56874],[24.313186,45.568954],[24.313339,45.569031],[24.313446,45.569101],[24.313574,45.5692],[24.313717,45.569328],[24.313914,45.569484],[24.313983,45.569545],[24.313991,45.56956],[24.314014,45.569572],[24.314024,45.56959],[24.314073,45.569617],[24.3142,45.569715],[24.314358,45.569825],[24.31491,45.570154],[24.315214,45.570352],[24.315225,45.570373],[24.315354,45.570464],[24.315474,45.570563],[24.315606,45.570684],[24.315623,45.570715],[24.315905,45.570912],[24.31602,45.571025],[24.316097,45.571124],[24.316175,45.571276],[24.316184,45.571311],[24.316197,45.571326],[24.316248,45.571501],[24.31628,45.571669],[24.316304,45.571875],[24.316381,45.572134],[24.316426,45.572263],[24.31652,45.572461],[24.316563,45.572583],[24.316614,45.572819],[24.316633,45.57304],[24.316665,45.573216],[24.316687,45.573269],[24.316726,45.573322],[24.316792,45.573398],[24.316841,45.573436],[24.317011,45.573508],[24.31728,45.573562],[24.317519,45.573595],[24.317638,45.573623],[24.317748,45.573651],[24.317846,45.573665],[24.318172,45.573732],[24.318322,45.57377],[24.318629,45.573819],[24.318694,45.573825],[24.318716,45.573813],[24.31889,45.573831],[24.319194,45.573834],[24.319259,45.573824],[24.319281,45.573814],[24.319508,45.573786],[24.319736,45.573739],[24.319812,45.573731],[24.31992,45.573738],[24.319964,45.573749],[24.320203,45.573782],[24.320463,45.573766],[24.320594,45.573782],[24.320662,45.573822],[24.320668,45.573843],[24.320732,45.573942],[24.320817,45.57404],[24.320869,45.574086],[24.321033,45.574184],[24.321118,45.574218],[24.321251,45.574254],[24.321357,45.574295],[24.321456,45.574344],[24.321543,45.574403],[24.321721,45.574532],[24.321842,45.57463],[24.32199,45.574759],[24.322015,45.574782],[24.322018,45.574797],[24.322053,45.57482],[24.322312,45.575062],[24.32235,45.5751],[24.322462,45.575191],[24.32276,45.575403],[24.322829,45.57546],[24.322832,45.575456],[24.322875,45.575483],[24.323135,45.575657],[24.323269,45.575736],[24.323436,45.575854],[24.323491,45.57588],[24.323809,45.576123],[24.323926,45.5762],[24.324071,45.576293],[24.324181,45.57635],[24.324293,45.5764],[24.324377,45.576431],[24.324448,45.576438],[24.324709,45.576486],[24.324861,45.576508],[24.324926,45.576511],[24.325133,45.576545],[24.32525,45.576582],[24.325425,45.576677],[24.325526,45.57671],[24.325569,45.576718],[24.325597,45.576731],[24.325988,45.576788],[24.32613,45.576799],[24.326499,45.576808],[24.32664,45.576826],[24.326716,45.576845],[24.327084,45.576969],[24.327403,45.577059],[24.327648,45.577155],[24.327828,45.577215],[24.32791,45.577254],[24.327965,45.577273],[24.328162,45.577396],[24.328227,45.57743],[24.328361,45.577489],[24.328478,45.57753],[24.328895,45.577631],[24.329202,45.577694],[24.329289,45.577705],[24.329365,45.577725],[24.329485,45.57775],[24.329537,45.577768],[24.329586,45.577797],[24.329644,45.577857],[24.329658,45.577896],[24.329664,45.577956],[24.329675,45.577987],[24.329703,45.578025],[24.329838,45.578143],[24.329911,45.578192],[24.330021,45.578243],[24.330531,45.578452],[24.330754,45.578536],[24.330864,45.578589],[24.330938,45.578648],[24.330976,45.578686],[24.331018,45.578754],[24.331057,45.578853],[24.331227,45.579211],[24.331368,45.579447],[24.331695,45.579769],[24.332079,45.580072],[24.33223,45.580201],[24.332441,45.580398],[24.332596,45.580596],[24.332687,45.580763],[24.332894,45.580983],[24.332935,45.581075],[24.33295,45.581143],[24.332953,45.581181],[24.332978,45.581227],[24.333022,45.581273],[24.333077,45.581307],[24.333208,45.581354],[24.333417,45.581398],[24.333709,45.5815],[24.333826,45.581554],[24.333922,45.581613],[24.33404,45.581717],[24.334095,45.581753],[24.334168,45.58178],[24.334324,45.581813],[24.334411,45.581824],[24.334497,45.581823],[24.334617,45.581808],[24.334822,45.581749],[24.335038,45.581633],[24.335243,45.581562],[24.335585,45.58152],[24.335391,45.58124],[24.335331,45.581172],[24.334974,45.580886],[24.334887,45.580803],[24.334798,45.580704],[24.334713,45.58058],[24.334626,45.580398],[24.334591,45.580362],[24.334497,45.580231],[24.334314,45.579949],[24.334056,45.579462],[24.334026,45.579434],[24.33392,45.57928],[24.33381,45.579145],[24.333568,45.578879],[24.333423,45.578771],[24.333248,45.578696],[24.333171,45.57863],[24.333119,45.578569],[24.333064,45.578483],[24.332973,45.578209],[24.332807,45.577882],[24.332759,45.57776],[24.332655,45.577463],[24.332515,45.577166],[24.332471,45.577052],[24.33241,45.576938],[24.332379,45.576847],[24.332347,45.576694],[24.332337,45.576587],[24.332323,45.576534],[24.332335,45.576191],[24.332365,45.575992],[24.332439,45.575786],[24.332465,45.57574],[24.332543,45.57564],[24.332596,45.575586],[24.332656,45.57554],[24.33275,45.575484],[24.33312,45.575322],[24.3334,45.575181],[24.333465,45.575147],[24.333602,45.575045],[24.333685,45.57497],[24.333822,45.574817],[24.334093,45.57454],[24.334266,45.574333],[24.33433,45.574242],[24.334433,45.574119],[24.334531,45.573996],[24.334597,45.573874],[24.334683,45.573744],[24.334757,45.573598],[24.334831,45.573483],[24.334858,45.573422],[24.335034,45.573169],[24.335125,45.573062],[24.335243,45.572939],[24.335465,45.572747],[24.335624,45.572601],[24.335702,45.572517],[24.33575,45.572482],[24.335785,45.572499],[24.335857,45.572562],[24.335944,45.572586],[24.336044,45.572586],[24.336196,45.572547],[24.336347,45.572519],[24.336705,45.572464],[24.336814,45.572459],[24.3369,45.572448],[24.337009,45.572447],[24.337128,45.572458],[24.337248,45.572484],[24.337365,45.572525],[24.337458,45.572574],[24.337639,45.572709],[24.337943,45.572902],[24.338074,45.573],[24.338197,45.573081],[24.338206,45.573095],[24.338501,45.573265],[24.338703,45.573405],[24.338773,45.573436],[24.339184,45.573646],[24.339353,45.573714],[24.339498,45.573753],[24.339552,45.573787],[24.339591,45.573861],[24.339603,45.573907],[24.339598,45.573953],[24.339615,45.574029],[24.339619,45.574121],[24.339607,45.574243],[24.339588,45.574273],[24.339526,45.574327],[24.339481,45.574348],[24.339362,45.574383],[24.339167,45.574453],[24.339032,45.574488],[24.338956,45.574538],[24.338922,45.574575],[24.338896,45.574659],[24.338907,45.574697],[24.338973,45.574796],[24.339011,45.574815],[24.339058,45.574826],[24.339177,45.574835],[24.339426,45.574789],[24.339589,45.574741],[24.339794,45.574698],[24.339892,45.574688],[24.339957,45.574689],[24.340033,45.57471],[24.340093,45.574744],[24.340159,45.574804],[24.340184,45.574842],[24.340201,45.574888],[24.340273,45.574995],[24.340399,45.575116],[24.340438,45.575169],[24.340516,45.575298],[24.340555,45.575436],[24.340611,45.575512],[24.34083,45.575667],[24.340901,45.575705],[24.341032,45.575748],[24.341208,45.575767],[24.341295,45.575773],[24.341371,45.575788],[24.34151,45.57584],[24.341805,45.575976],[24.341874,45.576016],[24.34195,45.576076],[24.342008,45.576145],[24.342047,45.576175],[24.342068,45.576184],[24.342147,45.576178],[24.342212,45.576177],[24.342299,45.576168],[24.342494,45.576174],[24.342657,45.576198],[24.3427,45.576202],[24.342765,45.576199],[24.34283,45.576207],[24.34296,45.576231],[24.343163,45.576297],[24.343295,45.576325],[24.343393,45.576353],[24.343501,45.576371],[24.343534,45.576371],[24.343762,45.576341],[24.343958,45.576293],[24.344034,45.576282],[24.344165,45.576275],[24.344437,45.576224],[24.344731,45.576189],[24.344807,45.57617],[24.344928,45.57612],[24.345004,45.5761],[24.345276,45.576094],[24.345395,45.57608],[24.345494,45.576052],[24.345548,45.576018],[24.345694,45.575905],[24.345909,45.575709],[24.346022,45.575618],[24.34625,45.575474],[24.34634,45.575425],[24.346428,45.575387],[24.346548,45.575347],[24.347223,45.575217],[24.3473,45.575199],[24.347508,45.57513],[24.347583,45.575111],[24.347823,45.575077],[24.347987,45.575023],[24.348215,45.574865],[24.348305,45.574811],[24.348425,45.574758],[24.34848,45.57474],[24.348502,45.574744],[24.348739,45.574832],[24.348988,45.574902],[24.349463,45.575066],[24.349765,45.575156],[24.349892,45.575203],[24.350597,45.575424],[24.350748,45.575481],[24.350996,45.575597],[24.351018,45.575605],[24.351039,45.575602],[24.351188,45.575664],[24.351449,45.575759],[24.351471,45.575773],[24.351676,45.575836],[24.351822,45.575892],[24.352235,45.576025],[24.352658,45.576198],[24.352802,45.576249],[24.352897,45.576275],[24.353112,45.576335],[24.353372,45.576399],[24.353697,45.576449],[24.353935,45.576464],[24.354522,45.576473],[24.354652,45.576466],[24.355216,45.576534],[24.355563,45.576544],[24.355737,45.576559],[24.356117,45.576553],[24.356508,45.576512],[24.356922,45.576432],[24.357195,45.576366],[24.357348,45.576321],[24.357435,45.576314],[24.35756,45.576312],[24.357722,45.576336],[24.357777,45.576336],[24.357853,45.576329],[24.358016,45.576296],[24.358136,45.576293],[24.358168,45.576303],[24.358335,45.576383],[24.358504,45.576478],[24.359067,45.576747],[24.359423,45.576931],[24.359585,45.577003],[24.359959,45.577187],[24.360309,45.577337],[24.360771,45.577521],[24.361324,45.577711],[24.361702,45.577863],[24.362195,45.578046],[24.362371,45.578123],[24.362594,45.578234],[24.362812,45.578329],[24.362864,45.578354],[24.363061,45.578426],[24.363403,45.578566],[24.363705,45.578708],[24.363781,45.578737],[24.364046,45.578781],[24.364184,45.578817],[24.364403,45.578851],[24.364487,45.578871],[24.36475,45.578905],[24.365169,45.578989],[24.365757,45.579074],[24.366136,45.579138],[24.366494,45.579183],[24.366754,45.579227],[24.366873,45.579264],[24.366935,45.579293],[24.367074,45.579394],[24.367165,45.579461],[24.367606,45.579722],[24.367816,45.579862],[24.368042,45.579994],[24.368063,45.580013],[24.36823,45.580096],[24.368469,45.580241],[24.368505,45.580255],[24.368544,45.580307],[24.368641,45.580357],[24.368946,45.580495],[24.369116,45.580582],[24.369274,45.580656],[24.369482,45.580735],[24.36973,45.580844],[24.370691,45.581191],[24.370737,45.581214],[24.370886,45.581258],[24.371013,45.581304],[24.371199,45.581355],[24.371318,45.581398],[24.371631,45.581496],[24.371771,45.581558],[24.371962,45.581659],[24.371974,45.581666],[24.372404,45.581921],[24.372724,45.582102],[24.372864,45.582164],[24.372985,45.582208],[24.373104,45.58223],[24.373205,45.582233],[24.373401,45.58221],[24.373519,45.582139],[24.373627,45.582117],[24.373898,45.582085],[24.37405,45.582056],[24.374202,45.58204],[24.374527,45.581973],[24.374635,45.581957],[24.374765,45.581949],[24.37482,45.581954],[24.374863,45.58195],[24.374961,45.581955],[24.375214,45.581993],[24.375385,45.582019],[24.37557,45.582031],[24.37583,45.582037],[24.37607,45.582064],[24.3762,45.582086],[24.376287,45.58211],[24.376393,45.58213],[24.376883,45.582219],[24.376984,45.582235],[24.377136,45.582249],[24.37734,45.582285],[24.377604,45.58233],[24.377788,45.582346],[24.377908,45.582353],[24.378125,45.58235],[24.378461,45.582321],[24.378591,45.582305],[24.378721,45.582278],[24.37883,45.582235],[24.378833,45.582224],[24.378916,45.582185],[24.379229,45.581974],[24.379337,45.58193],[24.379434,45.58191],[24.37951,45.581902],[24.379708,45.581916],[24.379728,45.581918],[24.379847,45.581951],[24.380044,45.582051],[24.380183,45.582143],[24.380383,45.582309],[24.38064,45.582471],[24.380757,45.582518],[24.380904,45.582559],[24.38107,45.582594],[24.381375,45.582647],[24.381535,45.582684],[24.381788,45.582732],[24.381873,45.582754],[24.381884,45.582744],[24.381897,45.582746],[24.382049,45.582779],[24.382398,45.582876],[24.38254,45.582927],[24.382578,45.582947],[24.382578,45.582955],[24.38278,45.583049],[24.382799,45.583049],[24.382897,45.583078],[24.382937,45.583097],[24.383027,45.583122],[24.383266,45.583204],[24.383678,45.583316],[24.383852,45.583373],[24.383993,45.583408],[24.384601,45.583525],[24.384884,45.583592],[24.385231,45.583658],[24.385326,45.583683],[24.385399,45.583697],[24.385557,45.583729],[24.385937,45.583794],[24.386371,45.583848],[24.386632,45.583868],[24.386871,45.583874],[24.387045,45.583866],[24.387121,45.583855],[24.38718,45.583843],[24.387392,45.583798],[24.387512,45.583764],[24.387795,45.583654],[24.38811,45.583544],[24.388207,45.583512],[24.388327,45.58346],[24.388805,45.583232],[24.388838,45.583225],[24.388925,45.583187],[24.389185,45.583092],[24.38937,45.583018],[24.389474,45.582996],[24.389504,45.582968],[24.38969,45.582872],[24.390101,45.582685],[24.390533,45.58254],[24.39075,45.582485],[24.390826,45.582458],[24.391021,45.582406],[24.391151,45.582386],[24.391227,45.582383],[24.391335,45.582364],[24.391606,45.582297],[24.391638,45.582284],[24.391941,45.582202],[24.392072,45.582178],[24.39218,45.582149],[24.392299,45.582131],[24.392353,45.582112],[24.392787,45.582029],[24.392852,45.582038],[24.392939,45.58207],[24.39298,45.582091],[24.393051,45.582146],[24.393092,45.582199],[24.393154,45.582381],[24.393235,45.58254],[24.393397,45.582767],[24.39354,45.582925],[24.393597,45.582963],[24.393677,45.582999],[24.393791,45.583022],[24.393959,45.583078],[24.39404,45.583116],[24.394122,45.583141],[24.394263,45.58321],[24.394556,45.583329],[24.394621,45.583348],[24.394648,45.583365],[24.39473,45.583397],[24.394947,45.583463],[24.395056,45.583482],[24.395121,45.583478],[24.395251,45.583452],[24.395631,45.583345],[24.396218,45.583167],[24.396446,45.58311],[24.396558,45.583089],[24.396659,45.583066],[24.396702,45.583053],[24.396865,45.583027],[24.396886,45.583019],[24.397033,45.583021],[24.397051,45.583],[24.397075,45.582987],[24.397189,45.582948],[24.397362,45.582913],[24.397521,45.58289],[24.397574,45.582898],[24.397606,45.582877],[24.397964,45.582842],[24.398268,45.582833],[24.3988,45.582795],[24.398996,45.582788],[24.399256,45.582779],[24.399277,45.582771],[24.399299,45.582779],[24.399549,45.582786],[24.399821,45.582823],[24.399984,45.582862],[24.400137,45.582889],[24.400224,45.582913],[24.400332,45.582932],[24.400384,45.582939],[24.400496,45.58294],[24.400604,45.582949],[24.400822,45.58298],[24.400874,45.582998],[24.400895,45.58301],[24.400898,45.583019],[24.401003,45.583025],[24.401034,45.583038],[24.401114,45.583071],[24.401182,45.58309],[24.401269,45.583125],[24.401326,45.583136],[24.401404,45.583161],[24.401491,45.583177],[24.401622,45.583213],[24.401991,45.58329],[24.402118,45.583309],[24.402238,45.583317],[24.402425,45.583317],[24.402762,45.583302],[24.402914,45.583283],[24.403381,45.5832],[24.403566,45.583178],[24.403696,45.583132],[24.403794,45.583109],[24.403903,45.583107],[24.403989,45.583098],[24.404033,45.583087],[24.404109,45.583045],[24.404139,45.583022],[24.404172,45.583044],[24.404175,45.583025],[24.404202,45.583004],[24.404296,45.582946],[24.404358,45.582917],[24.404437,45.582894],[24.404654,45.582851],[24.404919,45.582785],[24.405158,45.582804],[24.405245,45.582817],[24.405372,45.58285],[24.405565,45.582964],[24.405568,45.583015],[24.405636,45.583065],[24.405704,45.583094],[24.406174,45.583096],[24.406424,45.583104],[24.406608,45.583096],[24.406975,45.583135],[24.407347,45.583162],[24.407453,45.583179],[24.407662,45.583194],[24.408347,45.583265],[24.408651,45.583285],[24.408977,45.583323],[24.409173,45.583363],[24.409542,45.583476],[24.40964,45.583514],[24.409803,45.583564],[24.410131,45.583688],[24.410351,45.58378],[24.410634,45.583879],[24.410748,45.583906],[24.410908,45.583956],[24.410978,45.583967],[24.411041,45.583984],[24.411128,45.583994],[24.411498,45.584],[24.411715,45.583994],[24.412171,45.583961],[24.412378,45.583953],[24.412726,45.583919],[24.412739,45.583904],[24.413193,45.583845],[24.413486,45.58379],[24.41366,45.583746],[24.41391,45.583662],[24.414583,45.5834],[24.41467,45.583358],[24.414855,45.583286],[24.415159,45.583145],[24.415398,45.583017],[24.415409,45.583009],[24.415433,45.582983],[24.415452,45.582951],[24.415487,45.582926],[24.415571,45.582919],[24.415636,45.582905],[24.416049,45.582743],[24.41619,45.582699],[24.41632,45.582665],[24.416494,45.582634],[24.416668,45.582619],[24.41682,45.582617],[24.416982,45.582624],[24.417012,45.582636],[24.417102,45.582651],[24.417262,45.582693],[24.417341,45.582704],[24.417406,45.582725],[24.41761,45.582772],[24.417925,45.582822],[24.418003,45.582827],[24.418188,45.58286],[24.418416,45.582863],[24.418568,45.582844],[24.418622,45.582825],[24.41872,45.582804],[24.418785,45.582771],[24.419005,45.582608],[24.419165,45.58252],[24.419284,45.582465],[24.41974,45.582278],[24.420185,45.582112],[24.420674,45.581965],[24.420858,45.581923],[24.420988,45.581898],[24.421227,45.581873],[24.421572,45.58189],[24.421596,45.581884],[24.421607,45.58189],[24.421694,45.581893],[24.4219,45.581893],[24.422205,45.581908],[24.422508,45.581912],[24.422736,45.581923],[24.423494,45.581928],[24.423996,45.581922],[24.424116,45.581929],[24.424865,45.58194],[24.425343,45.58197],[24.425538,45.581974],[24.425636,45.58197],[24.425896,45.581981],[24.426265,45.581979],[24.426504,45.581975],[24.426656,45.581983],[24.426928,45.581973],[24.427221,45.581946],[24.427568,45.581923],[24.427851,45.581877],[24.428187,45.581804],[24.428339,45.581783],[24.429023,45.58171],[24.429197,45.581699],[24.429316,45.581682],[24.429501,45.581658],[24.429609,45.581651],[24.429968,45.581601],[24.43012,45.581564],[24.430369,45.581517],[24.430597,45.581442],[24.43089,45.58137],[24.431129,45.581316],[24.431379,45.58127],[24.431487,45.581241],[24.431965,45.58115],[24.432095,45.581138],[24.432204,45.581136],[24.432226,45.581129],[24.432356,45.581149],[24.432454,45.581176],[24.432568,45.581218],[24.43272,45.581303],[24.43291,45.58144],[24.433214,45.581634],[24.43347,45.581851],[24.433532,45.581912],[24.433646,45.582072],[24.433782,45.582319],[24.43381,45.582403],[24.433842,45.582456],[24.43387,45.582525],[24.43397,45.582692],[24.434,45.582821],[24.434047,45.582936],[24.434079,45.582981],[24.43409,45.583012],[24.43454,45.583574],[24.434859,45.583977],[24.435184,45.584651],[24.435438,45.585001],[24.435693,45.585351],[24.435874,45.585637],[24.435935,45.585714],[24.435971,45.585729],[24.436032,45.585785],[24.436156,45.585952],[24.436281,45.586119],[24.436415,45.586348],[24.436438,45.586424],[24.436577,45.586698],[24.436827,45.587077],[24.436894,45.587199],[24.436939,45.587336],[24.437045,45.587488],[24.437144,45.58761],[24.437276,45.587731],[24.43755,45.587889],[24.43772,45.587972],[24.437873,45.588021],[24.438156,45.588091],[24.438363,45.588128],[24.439237,45.588111],[24.43952,45.588132],[24.439782,45.588199],[24.440159,45.588369],[24.440295,45.588417],[24.440492,45.588523],[24.440623,45.588568],[24.440656,45.588595],[24.440924,45.588715],[24.441979,45.589155],[24.442411,45.589369],[24.443308,45.589753],[24.443832,45.589959],[24.443991,45.590034],[24.444423,45.59028],[24.444861,45.590491],[24.445293,45.590642],[24.4455,45.590712],[24.445679,45.590756],[24.446077,45.590807],[24.446441,45.590816],[24.446837,45.590787],[24.447465,45.590668],[24.448417,45.590407],[24.448612,45.590337],[24.449216,45.590043],[24.449883,45.589608],[24.450076,45.589419],[24.45022,45.58922],[24.450336,45.589021],[24.450425,45.588776],[24.450462,45.588715],[24.450524,45.588516],[24.450698,45.588118],[24.450772,45.587996],[24.450975,45.587765],[24.451313,45.587489],[24.451534,45.587373],[24.451642,45.587334],[24.451793,45.587249],[24.451901,45.58721],[24.452052,45.587133],[24.45287,45.586586],[24.453025,45.586447],[24.453426,45.58604],[24.454002,45.585367],[24.454244,45.585104],[24.454537,45.584736],[24.454579,45.58466],[24.454836,45.584368],[24.455318,45.583937],[24.455919,45.583445],[24.456376,45.583129],[24.456543,45.583029],[24.456687,45.582982],[24.456702,45.58294],[24.456735,45.582909],[24.456989,45.582715],[24.457483,45.582425],[24.457982,45.582185],[24.458199,45.582117],[24.458264,45.582083],[24.458281,45.582087],[24.459371,45.581691],[24.459827,45.581493],[24.460131,45.58134],[24.460456,45.581203],[24.460738,45.581066],[24.461021,45.580956],[24.461325,45.580861],[24.461867,45.580781],[24.462671,45.580743],[24.463431,45.580687],[24.463757,45.580679],[24.464278,45.580638],[24.465081,45.580631],[24.46532,45.580631],[24.465842,45.580662],[24.466015,45.580681],[24.466037,45.580692],[24.466146,45.580688],[24.466835,45.580777],[24.467513,45.580846],[24.468101,45.580919],[24.468231,45.580919],[24.468557,45.58098],[24.468883,45.581117],[24.469187,45.581266],[24.469253,45.581282],[24.470165,45.581629],[24.470301,45.581698],[24.470687,45.581858],[24.471274,45.582064],[24.471904,45.582217],[24.472273,45.582263],[24.472664,45.582271],[24.472925,45.582321],[24.473251,45.582409],[24.473447,45.582478],[24.473599,45.582558],[24.473936,45.582791],[24.47411,45.582878],[24.474186,45.582898],[24.47436,45.582909],[24.47449,45.582886],[24.474533,45.58286],[24.474571,45.58286],[24.474642,45.582833],[24.474794,45.582738],[24.475395,45.582189],[24.47565,45.582033],[24.475921,45.581915],[24.476355,45.581762],[24.476594,45.581717],[24.476986,45.581683],[24.4773,45.581656],[24.477517,45.581607],[24.477626,45.581557],[24.477696,45.581458],[24.47775,45.581183],[24.477749,45.580985],[24.477727,45.580848],[24.477727,45.580589],[24.477748,45.58036],[24.47792,45.579734],[24.477963,45.579521],[24.477953,45.579445],[24.478146,45.578499],[24.478167,45.578163],[24.478189,45.578102],[24.478183,45.577935],[24.47823,45.576958],[24.478262,45.576791],[24.478305,45.576669],[24.478381,45.576516],[24.478462,45.576396],[24.47863,45.576142],[24.478814,45.575929],[24.478825,45.575883],[24.478944,45.575685],[24.479041,45.575456],[24.47916,45.575121],[24.47916,45.575075],[24.479268,45.574816],[24.479429,45.574206],[24.479505,45.574038],[24.479586,45.573916],[24.479976,45.573474],[24.48016,45.573321],[24.480214,45.57326],[24.480605,45.572955],[24.480713,45.572849],[24.480951,45.57267],[24.481098,45.572589],[24.481407,45.572475],[24.481559,45.572468],[24.481755,45.572483],[24.482471,45.572594],[24.482928,45.572735],[24.483688,45.573071],[24.483841,45.573125],[24.484036,45.573159],[24.484622,45.573313],[24.484764,45.573345],[24.485057,45.573392],[24.485188,45.573421],[24.485318,45.57345],[24.485731,45.573576],[24.485791,45.57361],[24.485812,45.573652],[24.485845,45.573744],[24.485878,45.573949],[24.485955,45.574117],[24.486102,45.5743],[24.486189,45.574377],[24.487004,45.575033],[24.48825,45.575888],[24.488538,45.576063],[24.488761,45.57617],[24.489222,45.576327],[24.489505,45.576373],[24.489635,45.57638],[24.489651,45.576392],[24.4897,45.576388],[24.490873,45.576587],[24.491308,45.576686],[24.491504,45.576747],[24.491677,45.576766],[24.492677,45.576969],[24.492785,45.577007],[24.493437,45.577168],[24.494459,45.577446],[24.494758,45.57758],[24.494997,45.577717],[24.495209,45.577866],[24.495633,45.578232],[24.495992,45.578492],[24.496297,45.578641],[24.496363,45.578655],[24.496471,45.578709],[24.49671,45.578763],[24.496807,45.578801],[24.496873,45.578835],[24.496922,45.578881],[24.496965,45.578957],[24.496993,45.579049],[24.497004,45.579141],[24.496993,45.579278],[24.49701,45.579354],[24.497086,45.579484],[24.497276,45.579644],[24.49738,45.579842],[24.497549,45.579938],[24.497777,45.580018],[24.497896,45.580083],[24.497989,45.580163],[24.498011,45.580163],[24.498076,45.580331],[24.498174,45.580422],[24.498321,45.580514],[24.498386,45.580522],[24.49894,45.580652],[24.499158,45.580728],[24.499616,45.580936],[24.499746,45.580974],[24.500443,45.581232],[24.500639,45.581288],[24.501074,45.581371],[24.501379,45.581401],[24.501618,45.581438],[24.502075,45.581571],[24.502233,45.581696],[24.502425,45.581924],[24.502799,45.58261],[24.502948,45.582854],[24.502932,45.58303],[24.503081,45.583282],[24.503194,45.583389],[24.503551,45.58359],[24.503859,45.583714],[24.504081,45.583838],[24.504269,45.583969],[24.504639,45.584316],[24.505119,45.584791],[24.505303,45.584945],[24.50548,45.58516],[24.505534,45.585198],[24.505674,45.585249],[24.5058,45.585272],[24.505913,45.585292],[24.506391,45.585337],[24.506494,45.585361],[24.506977,45.585425],[24.507281,45.585446],[24.507585,45.585497],[24.507802,45.585552],[24.508083,45.585672],[24.508207,45.585707],[24.508625,45.58579],[24.50882,45.585814],[24.509146,45.585889],[24.509297,45.585939],[24.509643,45.586155],[24.509902,45.586272],[24.510423,45.586427],[24.510791,45.586567],[24.511441,45.586758],[24.511723,45.586806],[24.512071,45.586816],[24.512244,45.586859],[24.512326,45.586867],[24.512505,45.58686],[24.512807,45.58679],[24.51293,45.586752],[24.513082,45.586738],[24.513257,45.586678],[24.513438,45.586549],[24.514066,45.586191],[24.514285,45.586036],[24.514395,45.585903],[24.514606,45.585507],[24.514843,45.585188],[24.515134,45.584915],[24.515533,45.584673],[24.515648,45.584552],[24.515715,45.584415],[24.515727,45.584355],[24.515749,45.584247],[24.515843,45.584064],[24.51591,45.583973],[24.516014,45.583882],[24.516287,45.583716],[24.516549,45.583595],[24.516789,45.583505],[24.517051,45.58345],[24.517131,45.583444],[24.51729,45.583432],[24.517508,45.583395],[24.517638,45.583354],[24.517791,45.583286],[24.517879,45.583241],[24.518021,45.58312],[24.518082,45.583048],[24.51811,45.582987],[24.518132,45.582931],[24.518245,45.582759],[24.518423,45.582606],[24.523045,45.579035],[24.524116,45.577138],[24.524891,45.5745],[24.525209,45.572599],[24.525379,45.570275],[24.524942,45.568478],[24.524857,45.568319],[24.52346,45.565724],[24.522267,45.56424],[24.51987,45.563131],[24.519837,45.563009],[24.519693,45.562734],[24.519605,45.562475],[24.519571,45.562338],[24.51957,45.562246],[24.519613,45.56217],[24.519672,45.562128],[24.519732,45.562109],[24.519878,45.562082],[24.519965,45.562051],[24.520008,45.562051],[24.520203,45.561978],[24.520507,45.561908],[24.521308,45.561589],[24.521453,45.561417],[24.52156,45.561188],[24.521602,45.561005],[24.521663,45.560739],[24.521795,45.560668],[24.521897,45.560531],[24.521977,45.560454],[24.522215,45.56029],[24.522523,45.560128],[24.522583,45.560083],[24.522712,45.559926],[24.522835,45.559681],[24.522897,45.55961],[24.522904,45.559574],[24.522969,45.559498],[24.523152,45.559329],[24.523244,45.559207],[24.52335,45.558947],[24.523412,45.558596],[24.523472,45.558504],[24.523639,45.558351],[24.523746,45.558275],[24.524125,45.558064],[24.52473,45.557765],[24.525748,45.557373],[24.525829,45.557311],[24.526006,45.557109],[24.526152,45.557001],[24.526465,45.556711],[24.5266,45.556603],[24.526686,45.556542],[24.527205,45.556258],[24.527529,45.556032],[24.528091,45.555794],[24.528265,45.555736],[24.528481,45.555694],[24.528568,45.555655],[24.528665,45.555567],[24.528772,45.555414],[24.528868,45.555201],[24.529006,45.554758],[24.529151,45.554574],[24.529221,45.554513],[24.529318,45.554462],[24.529405,45.554386],[24.529783,45.554179],[24.530064,45.55398],[24.530576,45.553548],[24.530764,45.553349],[24.531236,45.552615],[24.531338,45.552492],[24.531425,45.552416],[24.531517,45.552366],[24.531647,45.552324],[24.531907,45.552289],[24.53221,45.552269],[24.532384,45.552234],[24.532557,45.552165],[24.532719,45.552038],[24.532794,45.551947],[24.532848,45.55184],[24.53289,45.551687],[24.532909,45.551412],[24.533,45.551198],[24.533436,45.550709],[24.533899,45.55028],[24.533964,45.550204],[24.533951,45.55002],[24.53374,45.549411],[24.533736,45.549304],[24.533738,45.549151],[24.533839,45.548876],[24.533941,45.548739],[24.534146,45.548555],[24.534307,45.548295],[24.534575,45.547913],[24.53474,45.547516],[24.53476,45.547287],[24.534818,45.547073],[24.534882,45.546951],[24.535054,45.546736],[24.535113,45.546599],[24.535155,45.546431],[24.535159,45.546309],[24.535065,45.54605],[24.535014,45.545821],[24.534953,45.545653],[24.535022,45.545409],[24.535279,45.545042],[24.535624,45.544675],[24.535752,45.544476],[24.53588,45.544186],[24.53588,45.544098],[24.535937,45.543789],[24.53593,45.543606],[24.535972,45.543407],[24.536047,45.543254],[24.536111,45.543178],[24.536246,45.543055],[24.536339,45.542995],[24.536391,45.542933],[24.536737,45.542756],[24.53704,45.542553],[24.537213,45.542503],[24.537451,45.542461],[24.537927,45.542272],[24.5381,45.542192],[24.538138,45.542161],[24.538289,45.542004],[24.538438,45.541698],[24.538443,45.541622],[24.538344,45.541424],[24.538333,45.541378],[24.538319,45.541315],[24.538304,45.541273],[24.538322,45.541197],[24.5384,45.541076],[24.538603,45.540926],[24.53873,45.540805],[24.538892,45.540556],[24.538941,45.540503],[24.538986,45.540412],[24.53911,45.540125],[24.539122,45.540034],[24.539189,45.539928],[24.539201,45.539852],[24.539343,45.539458],[24.53943,45.539155],[24.539427,45.538988],[24.539376,45.53882],[24.539334,45.538714],[24.539217,45.538561],[24.539201,45.538515],[24.539148,45.53833],[24.539147,45.538111],[24.539177,45.537954],[24.539341,45.537666],[24.539358,45.537582],[24.539507,45.537401],[24.539703,45.537068],[24.53985,45.536705],[24.539945,45.536523],[24.540133,45.536282],[24.540321,45.536086],[24.540388,45.535984],[24.540472,45.535813],[24.540495,45.535722],[24.540491,45.535662],[24.54046,45.535585],[24.540326,45.535451],[24.54017,45.535359],[24.539817,45.53506],[24.539759,45.534965],[24.539687,45.534698],[24.539495,45.534488],[24.539383,45.534415],[24.53922,45.534387],[24.538982,45.534385],[24.538873,45.534407],[24.538525,45.534416],[24.538416,45.534441],[24.538351,45.534441],[24.538307,45.534463],[24.538253,45.534448],[24.538166,45.534462],[24.53815,45.534447],[24.538112,45.534458],[24.53795,45.534441],[24.537928,45.534449],[24.537895,45.534437],[24.537874,45.534448],[24.53756,45.534362],[24.537429,45.534269],[24.537381,45.534042],[24.537349,45.533981],[24.537081,45.533789],[24.536766,45.533521],[24.5366,45.533345],[24.536505,45.533184],[24.536393,45.53305],[24.536142,45.532855],[24.535965,45.532679],[24.535697,45.532483],[24.535542,45.532345],[24.535463,45.532238],[24.535384,45.532051],[24.535375,45.53199],[24.535264,45.531807],[24.534722,45.531081],[24.534525,45.530878],[24.53438,45.530752],[24.534251,45.530683],[24.533836,45.530546],[24.533403,45.530429],[24.533274,45.530371],[24.533205,45.530317],[24.53312,45.530206],[24.533057,45.530065],[24.532948,45.529738],[24.532859,45.52954],[24.532712,45.52928],[24.532547,45.529085],[24.532311,45.528913],[24.532171,45.528847],[24.532041,45.528812],[24.531787,45.528779],[24.531597,45.528774],[24.531281,45.528813],[24.531074,45.528872],[24.530725,45.529018],[24.530681,45.529013],[24.530637,45.529074],[24.530237,45.529321],[24.529974,45.52946],[24.529827,45.529507],[24.529729,45.529538],[24.529565,45.529567],[24.529305,45.529561],[24.529175,45.529545],[24.528938,45.529436],[24.528809,45.529344],[24.528756,45.529298],[24.528549,45.529042],[24.52834,45.528854],[24.528211,45.528785],[24.528125,45.528754],[24.527995,45.528741],[24.527864,45.528736],[24.527647,45.52875],[24.527258,45.528679],[24.527084,45.528658],[24.526804,45.528576],[24.526653,45.528499],[24.526514,45.528369],[24.526456,45.528277],[24.526399,45.528132],[24.526282,45.527964],[24.526267,45.527884],[24.526241,45.527854],[24.526192,45.527846],[24.526128,45.527747],[24.526045,45.527529],[24.525999,45.527343],[24.525997,45.527145],[24.525948,45.526841],[24.525863,45.526727],[24.525579,45.52655],[24.525212,45.526437],[24.524834,45.526297],[24.524122,45.526063],[24.523754,45.525973],[24.523463,45.525872],[24.523152,45.525687],[24.523104,45.525637],[24.523014,45.525492],[24.522972,45.525374],[24.522979,45.525268],[24.522954,45.525195],[24.52294,45.525024],[24.522953,45.524949],[24.522961,45.524721],[24.522946,45.524645],[24.522857,45.524492],[24.522701,45.524419],[24.522522,45.524417],[24.522424,45.524432],[24.522097,45.524524],[24.521743,45.524586],[24.521477,45.524595],[24.520922,45.524659],[24.520466,45.524685],[24.520315,45.52468],[24.520075,45.524705],[24.519946,45.524685],[24.519924,45.524693],[24.519762,45.524642],[24.519633,45.524557],[24.519526,45.524458],[24.519346,45.524205],[24.519229,45.524087],[24.51908,45.523869],[24.518873,45.523609],[24.518697,45.523429],[24.518574,45.523337],[24.51852,45.52331],[24.518201,45.523216],[24.518028,45.523188],[24.517963,45.523192],[24.517909,45.523157],[24.517871,45.523161],[24.517704,45.523133],[24.517423,45.523062],[24.517056,45.522934],[24.516604,45.522713],[24.516368,45.522571],[24.516185,45.52244],[24.516112,45.522339],[24.516069,45.522288],[24.515953,45.522044],[24.51586,45.521785],[24.515825,45.521617],[24.515806,45.521465],[24.515827,45.520873],[24.515809,45.52066],[24.515757,45.520508],[24.515677,45.520435],[24.515601,45.520404],[24.515288,45.520341],[24.515266,45.520356],[24.515222,45.520348],[24.514942,45.520239],[24.514792,45.52015],[24.514642,45.520028],[24.51445,45.519813],[24.513799,45.518855],[24.513719,45.518797],[24.513568,45.518728],[24.513438,45.518692],[24.513243,45.518668],[24.512984,45.518613],[24.512811,45.518551],[24.512467,45.518358],[24.512403,45.5183],[24.512175,45.518029],[24.512016,45.517796],[24.511864,45.517483],[24.511854,45.517438],[24.511866,45.517331],[24.511938,45.517241],[24.512054,45.517135],[24.512548,45.516775],[24.512791,45.516534],[24.512929,45.516383],[24.512985,45.516277],[24.513014,45.516171],[24.512999,45.516095],[24.512904,45.515965],[24.512518,45.515685],[24.512229,45.515504],[24.511815,45.515246],[24.511548,45.515004],[24.511405,45.514787],[24.511387,45.514555],[24.511439,45.514373],[24.511489,45.514282],[24.511612,45.514101],[24.511694,45.514026],[24.511789,45.513905],[24.511844,45.513814],[24.511884,45.513708],[24.512073,45.513452],[24.512268,45.513134],[24.512573,45.512757],[24.512601,45.512681],[24.51269,45.512545],[24.512729,45.5125],[24.512943,45.512335],[24.513049,45.512199],[24.513078,45.512062],[24.51305,45.511773],[24.513064,45.511591],[24.513138,45.511394],[24.513183,45.511319],[24.513599,45.51076],[24.513698,45.510654],[24.513781,45.510594],[24.513923,45.510519],[24.514032,45.510494],[24.514119,45.510513],[24.514177,45.510559],[24.514199,45.510909],[24.514325,45.511138],[24.514388,45.51123],[24.514469,45.511306],[24.514581,45.511391],[24.514743,45.511457],[24.515078,45.511509],[24.515187,45.511502],[24.515362,45.511424],[24.515433,45.511356],[24.515478,45.511269],[24.515501,45.511178],[24.515455,45.51101],[24.515473,45.51095],[24.515594,45.510814],[24.515886,45.510543],[24.516012,45.510359],[24.516176,45.510105],[24.516373,45.509651],[24.516483,45.509257],[24.516589,45.508771],[24.516651,45.508624],[24.516981,45.508],[24.517159,45.507743],[24.517275,45.507622],[24.517379,45.507581],[24.517455,45.507574],[24.517542,45.507575],[24.517693,45.507614],[24.517866,45.507612],[24.517888,45.507623],[24.51791,45.507612],[24.517996,45.507613],[24.518301,45.507566],[24.519152,45.507277],[24.519501,45.507143],[24.519895,45.506933],[24.519979,45.506849],[24.520043,45.506832],[24.520099,45.506771],[24.520093,45.50676],[24.520198,45.506681],[24.520381,45.506424],[24.520551,45.506],[24.520632,45.505667],[24.520828,45.505304],[24.520903,45.505061],[24.520899,45.50497],[24.520917,45.504894],[24.520887,45.504681],[24.520861,45.504636],[24.520829,45.504616],[24.520819,45.504575],[24.520712,45.50446],[24.520649,45.504334],[24.520641,45.504208],[24.520686,45.504057],[24.520764,45.503936],[24.520913,45.503801],[24.521275,45.503572],[24.521462,45.503425],[24.521589,45.503259],[24.521636,45.503077],[24.521692,45.502956],[24.521764,45.502865],[24.521896,45.50276],[24.522087,45.502655],[24.522144,45.5026],[24.522208,45.502592],[24.52223,45.502573],[24.522247,45.502528],[24.522357,45.502437],[24.522578,45.502181],[24.522962,45.501895],[24.523117,45.501745],[24.523211,45.501624],[24.523286,45.501381],[24.523325,45.500956],[24.523354,45.500865],[24.523453,45.50076],[24.523876,45.500452],[24.523909,45.500399],[24.524067,45.500348],[24.524215,45.500272],[24.52464,45.500146],[24.524814,45.50011],[24.524847,45.50008],[24.524956,45.500039],[24.525028,45.499982],[24.525095,45.499862],[24.525124,45.499755],[24.525141,45.499725],[24.525204,45.499632],[24.525287,45.499475],[24.525387,45.499339],[24.52546,45.499156],[24.525549,45.498989],[24.525654,45.498837],[24.526181,45.498353],[24.526291,45.498282],[24.526602,45.498151],[24.526689,45.498098],[24.527051,45.497842],[24.527248,45.497672],[24.527474,45.497403],[24.527674,45.497099],[24.527786,45.496871],[24.527831,45.49675],[24.527854,45.496612],[24.527837,45.496292],[24.527806,45.49617],[24.527691,45.495848],[24.527438,45.495331],[24.527365,45.495132],[24.527252,45.494639],[24.52725,45.494456],[24.527196,45.494379],[24.527161,45.494242],[24.527152,45.494074],[24.527172,45.493815],[24.527154,45.493555],[24.527124,45.493387],[24.527133,45.493067],[24.527108,45.49296],[24.527082,45.492899],[24.526911,45.492687],[24.52645,45.492317],[24.52617,45.492132],[24.526102,45.492048],[24.525978,45.491909],[24.525787,45.491599],[24.525661,45.491354],[24.525498,45.490971],[24.525258,45.489885],[24.525178,45.489412],[24.525147,45.488923],[24.525236,45.488741],[24.525485,45.488407],[24.525557,45.488271],[24.525597,45.488164],[24.525593,45.488042],[24.525578,45.487966],[24.52552,45.487843],[24.525397,45.487674],[24.525066,45.487305],[24.524987,45.487183],[24.524955,45.487091],[24.524935,45.486984],[24.524938,45.486755],[24.524899,45.48648],[24.524905,45.486022],[24.524876,45.485763],[24.524835,45.485644],[24.52481,45.485472],[24.524758,45.485304],[24.524679,45.485124],[24.524633,45.484922],[24.524625,45.484754],[24.524638,45.484601],[24.524679,45.484385],[24.524827,45.484237],[24.524926,45.484161],[24.525221,45.484003],[24.525446,45.483784],[24.52554,45.483663],[24.525613,45.483511],[24.525632,45.483328],[24.525622,45.483236],[24.525441,45.483017],[24.525124,45.482771],[24.524844,45.482623],[24.524326,45.482478],[24.524197,45.482416],[24.52411,45.482392],[24.523987,45.482315],[24.523933,45.482261],[24.523918,45.482154],[24.524068,45.481881],[24.524108,45.481744],[24.524415,45.481106],[24.524576,45.480847],[24.524667,45.480574],[24.524907,45.480042],[24.524976,45.479813],[24.525088,45.479555],[24.525246,45.479098],[24.525286,45.478916],[24.525282,45.478839],[24.525204,45.47861],[24.525109,45.478441],[24.525035,45.478318],[24.524869,45.478153],[24.524392,45.477772],[24.52409,45.477594],[24.523843,45.47742],[24.523579,45.477265],[24.52351,45.477234],[24.523354,45.477126],[24.52316,45.476929],[24.523141,45.476861],[24.523158,45.476835],[24.523127,45.476739],[24.523195,45.476604],[24.523306,45.476336],[24.523306,45.47629],[24.52339,45.476154],[24.523477,45.476086],[24.523952,45.475872],[24.524257,45.475779],[24.524409,45.47572],[24.524802,45.475555],[24.5249,45.475491],[24.524951,45.475381],[24.524942,45.475243],[24.524911,45.475152],[24.524815,45.474983],[24.524576,45.47463],[24.524134,45.474073],[24.523975,45.473847],[24.523772,45.473635],[24.523428,45.473381],[24.523241,45.473177],[24.523045,45.472912],[24.522881,45.472602],[24.522694,45.472372],[24.522506,45.472263],[24.522301,45.472189],[24.522019,45.472179],[24.521846,45.472159],[24.521522,45.472072],[24.521371,45.472006],[24.521269,45.471925],[24.521176,45.471665],[24.521143,45.471314],[24.521112,45.471176],[24.520925,45.47058],[24.52076,45.470353],[24.5206,45.470203],[24.520374,45.470053],[24.520186,45.469963],[24.520097,45.469936],[24.519798,45.469815],[24.519538,45.469744],[24.519235,45.469715],[24.518997,45.469732],[24.518937,45.469751],[24.518877,45.469743],[24.518682,45.469753],[24.518422,45.469735],[24.518249,45.469696],[24.518044,45.469595],[24.5179,45.469452],[24.517731,45.469119],[24.517556,45.468828],[24.517383,45.46846],[24.517123,45.468046],[24.517081,45.467924],[24.517077,45.467832],[24.517015,45.467648],[24.516919,45.467495],[24.516824,45.467372],[24.516738,45.467295],[24.516229,45.466894],[24.516132,45.466802],[24.516031,45.466656],[24.515985,45.466511],[24.515987,45.466313],[24.515937,45.466022],[24.515841,45.465907],[24.515707,45.465849],[24.515452,45.465816],[24.515409,45.465842],[24.51518,45.46589],[24.514881,45.465994],[24.514277,45.466169],[24.514082,45.466163],[24.513801,45.466088],[24.51364,45.465999],[24.513447,45.465826],[24.513351,45.465703],[24.513229,45.465485],[24.513136,45.465221],[24.513041,45.465021],[24.512691,45.464828],[24.512367,45.464749],[24.51228,45.464748],[24.512063,45.4648],[24.511693,45.464927],[24.511584,45.464945],[24.51147,45.464982],[24.511231,45.465007],[24.51115,45.464998],[24.511107,45.464975],[24.511074,45.464944],[24.511064,45.464906],[24.511099,45.464754],[24.511223,45.464419],[24.51129,45.464298],[24.511307,45.464206],[24.511296,45.463871],[24.511254,45.463733],[24.511159,45.463549],[24.511058,45.463434],[24.51044,45.463059],[24.510332,45.463004],[24.510267,45.462988],[24.510159,45.462988],[24.510116,45.462999],[24.510034,45.463048],[24.50999,45.463093],[24.509872,45.46334],[24.509809,45.463576],[24.509653,45.463868],[24.509381,45.463988],[24.509266,45.464014],[24.509049,45.464092],[24.50894,45.464118],[24.508901,45.46414],[24.50882,45.464155],[24.508597,45.464241],[24.508444,45.464327],[24.508241,45.464467],[24.508077,45.464553],[24.507869,45.4647],[24.50782,45.464749],[24.507771,45.464772],[24.507688,45.464855],[24.507626,45.464888],[24.507524,45.464953],[24.507344,45.465028],[24.507214,45.465053],[24.506921,45.465078],[24.506899,45.465089],[24.506682,45.465068],[24.506445,45.46499],[24.506402,45.464963],[24.506146,45.46469],[24.505917,45.464398],[24.505875,45.464314],[24.505763,45.464168],[24.505716,45.464053],[24.505675,45.463885],[24.505657,45.46364],[24.505635,45.46361],[24.50561,45.463487],[24.505578,45.463441],[24.505381,45.463222],[24.505235,45.463156],[24.505041,45.463105],[24.504911,45.463089],[24.504716,45.463091],[24.504422,45.463161],[24.503953,45.463401],[24.503356,45.4638],[24.503083,45.463935],[24.502751,45.464017],[24.502578,45.464004],[24.502384,45.463911],[24.502023,45.463438],[24.50191,45.463323],[24.501803,45.463242],[24.501636,45.463176],[24.501442,45.463144],[24.501226,45.463085],[24.501139,45.463076],[24.500923,45.463025],[24.500793,45.463035],[24.500706,45.463027],[24.500478,45.463074],[24.500237,45.463229],[24.500133,45.463316],[24.500034,45.463372],[24.499844,45.46345],[24.499506,45.463539],[24.499256,45.46356],[24.498899,45.463587],[24.498616,45.463646],[24.498573,45.463642],[24.49841,45.463732],[24.498383,45.463731],[24.498241,45.463762],[24.498102,45.463814],[24.498039,45.463848],[24.497942,45.463913],[24.497876,45.463973],[24.497706,45.464166],[24.497629,45.464213],[24.497509,45.464255],[24.497018,45.464385],[24.497007,45.464383],[24.496909,45.464414],[24.496593,45.464466],[24.496277,45.464543],[24.495994,45.464585],[24.495915,45.464592],[24.495755,45.464592],[24.495517,45.464582],[24.495322,45.46455],[24.495164,45.4645],[24.495035,45.464446],[24.494933,45.464383],[24.494726,45.464206],[24.494459,45.464017],[24.494257,45.463862],[24.494204,45.463808],[24.4941,45.463731],[24.494025,45.463692],[24.493971,45.463672],[24.493755,45.463621],[24.493669,45.463598],[24.493572,45.463582],[24.493269,45.463554],[24.49315,45.463538],[24.493064,45.463539],[24.493009,45.463546],[24.492912,45.463545],[24.492706,45.463523],[24.492587,45.463499],[24.492458,45.463463],[24.492326,45.46342],[24.492168,45.463357],[24.49206,45.463326],[24.491606,45.463254],[24.491401,45.463233],[24.491119,45.463224],[24.491054,45.463229],[24.490967,45.463243],[24.490782,45.463257],[24.490554,45.463283],[24.490391,45.463313],[24.490326,45.463315],[24.490173,45.463334],[24.489924,45.463339],[24.489805,45.463335],[24.489729,45.463327],[24.489589,45.463301],[24.489432,45.463259],[24.489295,45.463216],[24.489201,45.463175],[24.488963,45.463039],[24.488862,45.462965],[24.4887,45.462828],[24.48862,45.462772],[24.488448,45.462683],[24.488347,45.462656],[24.488157,45.462619],[24.487984,45.462605],[24.487832,45.462613],[24.487701,45.462635],[24.487637,45.462652],[24.487592,45.46266],[24.487363,45.462728],[24.487243,45.462755],[24.487145,45.462787],[24.487047,45.462808],[24.48672,45.46286],[24.486448,45.462891],[24.486329,45.462896],[24.486153,45.46288],[24.486005,45.462831],[24.485943,45.462804],[24.485786,45.462711],[24.485556,45.462556],[24.485516,45.462517],[24.485469,45.462441],[24.485439,45.462364],[24.485435,45.462303],[24.485438,45.462265],[24.485462,45.462197],[24.485556,45.462007],[24.485581,45.461939],[24.485585,45.461895],[24.485596,45.46189],[24.485611,45.461844],[24.485627,45.461722],[24.485617,45.461574],[24.485576,45.461474],[24.485458,45.461313],[24.485421,45.461275],[24.485382,45.461206],[24.485295,45.461098],[24.485232,45.461006],[24.48509,45.460837],[24.485022,45.460714],[24.484992,45.460615],[24.484972,45.460424],[24.484977,45.460416],[24.484965,45.460355],[24.484945,45.460287],[24.484916,45.460234],[24.484901,45.460195],[24.484828,45.460064],[24.484776,45.459988],[24.484709,45.45985],[24.484676,45.459758],[24.484662,45.459743],[24.48465,45.459681],[24.484614,45.459605],[24.484517,45.459472],[24.484456,45.459434],[24.484404,45.459418],[24.484361,45.459408],[24.484242,45.459395],[24.484123,45.459396],[24.484069,45.459412],[24.483981,45.459463],[24.483842,45.459497],[24.483809,45.459516],[24.48375,45.459569],[24.483648,45.459682],[24.483598,45.459725],[24.483523,45.459776],[24.483446,45.459821],[24.483337,45.459873],[24.48326,45.459897],[24.483173,45.459915],[24.483108,45.459926],[24.483056,45.459923],[24.482973,45.459901],[24.482892,45.459864],[24.482828,45.459825],[24.482759,45.459775],[24.482693,45.459706],[24.482587,45.459491],[24.48258,45.459432],[24.482595,45.459366],[24.482615,45.459324],[24.482732,45.459177],[24.482766,45.459112],[24.482814,45.459052],[24.482854,45.458953],[24.482862,45.458862],[24.482892,45.458718],[24.482893,45.458664],[24.482929,45.458535],[24.482963,45.458341],[24.483091,45.457977],[24.483133,45.457884],[24.483201,45.457794],[24.483326,45.457659],[24.483386,45.457561],[24.483407,45.457485],[24.483405,45.457447],[24.483414,45.457417],[24.483397,45.457341],[24.483371,45.457295],[24.48329,45.457214],[24.48301,45.457019],[24.482818,45.456919],[24.482517,45.456798],[24.48225,45.456671],[24.482068,45.456572],[24.481977,45.456512],[24.48167,45.456238],[24.48152,45.456084],[24.481316,45.455899],[24.481192,45.455776],[24.48105,45.455604],[24.481004,45.455516],[24.481006,45.455335],[24.481019,45.455259],[24.48106,45.455161],[24.481141,45.455056],[24.481172,45.455026],[24.481291,45.454938],[24.481508,45.454816],[24.481561,45.454778],[24.481766,45.4546],[24.481855,45.454544],[24.482033,45.454377],[24.482077,45.454331],[24.482288,45.454166],[24.482394,45.454046],[24.482428,45.453986],[24.482446,45.453933],[24.482451,45.453842],[24.482445,45.453796],[24.482422,45.453735],[24.482304,45.453578],[24.482171,45.45347],[24.481749,45.453162],[24.481676,45.453095],[24.481624,45.453058],[24.481582,45.453014],[24.481535,45.452939],[24.481515,45.452876],[24.481514,45.452816],[24.481553,45.452694],[24.481737,45.452378],[24.481781,45.452272],[24.481789,45.452173],[24.481768,45.452067],[24.481652,45.451723],[24.481535,45.451448],[24.481475,45.451273],[24.481347,45.450975],[24.481247,45.450791],[24.481087,45.450569],[24.48097,45.450377],[24.480953,45.450326],[24.48095,45.450248],[24.480977,45.450142],[24.481034,45.450044],[24.481046,45.449991],[24.48104,45.44993],[24.48102,45.449871],[24.480973,45.4498],[24.480807,45.449602],[24.480773,45.449572],[24.480731,45.44951],[24.480688,45.449417],[24.480667,45.449264],[24.480659,45.449167],[24.480665,45.449067],[24.480673,45.449059],[24.480675,45.448999],[24.480728,45.448817],[24.480778,45.448688],[24.480812,45.448628],[24.480838,45.448552],[24.480855,45.44853],[24.480879,45.448462],[24.481,45.448205],[24.481057,45.448008],[24.481068,45.447909],[24.481074,45.447454],[24.481053,45.447341],[24.481038,45.447096],[24.481022,45.447005],[24.481011,45.446784],[24.481002,45.446746],[24.480991,45.44655],[24.480991,45.446435],[24.481001,45.446351],[24.480995,45.446298],[24.480953,45.446221],[24.480821,45.446098],[24.480786,45.446001],[24.48077,45.445892],[24.480714,45.445755],[24.480626,45.445609],[24.480525,45.445483],[24.480387,45.445322],[24.480329,45.445264],[24.480239,45.445192],[24.480173,45.445121],[24.480118,45.445033],[24.480098,45.444972],[24.480087,45.444906],[24.480102,45.444828],[24.480134,45.44476],[24.480208,45.444647],[24.48022,45.444579],[24.480224,45.44445],[24.480202,45.444366],[24.480176,45.44432],[24.480158,45.444266],[24.480099,45.444159],[24.479984,45.44401],[24.479891,45.443934],[24.479672,45.443803],[24.479542,45.443691],[24.479511,45.443645],[24.479485,45.443587],[24.479474,45.443494],[24.479479,45.443418],[24.47952,45.443312],[24.479706,45.443057],[24.479709,45.443041],[24.479734,45.443011],[24.479805,45.442891],[24.479887,45.442778],[24.480057,45.442613],[24.480178,45.442462],[24.480467,45.4422],[24.480595,45.442065],[24.480742,45.441854],[24.480793,45.441756],[24.480804,45.441717],[24.480828,45.441673],[24.480846,45.441597],[24.480853,45.441477],[24.480858,45.44135],[24.480797,45.441122],[24.480753,45.44103],[24.480626,45.440815],[24.480569,45.440731],[24.48048,45.440631],[24.480366,45.44052],[24.480114,45.440302],[24.480102,45.440279],[24.480035,45.440225],[24.479925,45.440111],[24.479825,45.439996],[24.479744,45.439874],[24.479639,45.439656],[24.479584,45.439564],[24.479519,45.439358],[24.479431,45.439121],[24.479365,45.43887],[24.479285,45.438694],[24.479228,45.438519],[24.479167,45.438375],[24.479123,45.438183],[24.4791,45.438129],[24.479103,45.438114],[24.479076,45.438023],[24.479052,45.437893],[24.479002,45.437748],[24.478996,45.437657],[24.478987,45.437613],[24.478992,45.43752],[24.479012,45.437376],[24.479037,45.437285],[24.479092,45.437135],[24.479126,45.437109],[24.479181,45.437088],[24.47925,45.437049],[24.479272,45.437023],[24.479304,45.437017],[24.479348,45.436997],[24.479472,45.436899],[24.479597,45.436767],[24.479745,45.436556],[24.479827,45.436389],[24.479857,45.436253],[24.479861,45.436093],[24.479898,45.435987],[24.480123,45.435708],[24.48029,45.435534],[24.480437,45.435361],[24.480542,45.435255],[24.480615,45.43515],[24.480672,45.435006],[24.480682,45.43493],[24.480672,45.434877],[24.480635,45.4348],[24.480569,45.434722],[24.480476,45.434647],[24.480423,45.434618],[24.480356,45.43456],[24.480322,45.434478],[24.480328,45.434463],[24.480324,45.434425],[24.480339,45.434334],[24.480424,45.434144],[24.480525,45.433993],[24.4806,45.43391],[24.480678,45.433797],[24.480734,45.433699],[24.480751,45.433661],[24.480753,45.433638],[24.480766,45.433596],[24.480771,45.433513],[24.480757,45.43336],[24.480742,45.433068],[24.480776,45.432741],[24.480828,45.432574],[24.480871,45.432483],[24.480896,45.432453],[24.480955,45.432347],[24.48099,45.432249],[24.481018,45.432204],[24.481063,45.43209],[24.481123,45.431976],[24.481218,45.431833],[24.48131,45.431712],[24.481357,45.431667],[24.481485,45.431508],[24.481592,45.431304],[24.481615,45.431221],[24.481644,45.43116],[24.481683,45.431107],[24.481689,45.431085],[24.48175,45.430986],[24.481901,45.43079],[24.481995,45.430684],[24.482441,45.430247],[24.482971,45.429872],[24.483314,45.429596],[24.483523,45.429429],[24.483606,45.429338],[24.483808,45.429142],[24.483886,45.429044],[24.483917,45.428991],[24.483979,45.42884],[24.484062,45.428529],[24.484125,45.42837],[24.484134,45.428319],[24.484154,45.428271],[24.484232,45.428158],[24.484332,45.428045],[24.484514,45.427896],[24.484685,45.427736],[24.48473,45.427668],[24.484747,45.427623],[24.48476,45.427524],[24.484725,45.427387],[24.484516,45.42702],[24.484464,45.426906],[24.48439,45.4267],[24.484296,45.42626],[24.48426,45.4259],[24.484237,45.425817],[24.484235,45.425794],[24.484194,45.425687],[24.484079,45.425488],[24.484045,45.425419],[24.484025,45.425351],[24.484025,45.425229],[24.484058,45.425077],[24.484065,45.424994],[24.484052,45.42494],[24.484031,45.424912],[24.483943,45.424842],[24.483772,45.424753],[24.483654,45.424684],[24.48321,45.424389],[24.482888,45.42424],[24.482847,45.424215],[24.482759,45.42417],[24.482556,45.424049],[24.482465,45.423987],[24.482412,45.423941],[24.482085,45.423744],[24.48185,45.423577],[24.481795,45.423504],[24.481775,45.423433],[24.481777,45.423335],[24.481808,45.423266],[24.481844,45.423229],[24.481905,45.423184],[24.482028,45.423137],[24.482538,45.423077],[24.482604,45.423055],[24.482691,45.423041],[24.48274,45.423018],[24.482855,45.422987],[24.483051,45.422915],[24.483139,45.422868],[24.483293,45.422765],[24.48338,45.422718],[24.483632,45.422623],[24.483818,45.422543],[24.483992,45.422484],[24.484297,45.42242],[24.484439,45.42237],[24.484581,45.422341],[24.484701,45.422299],[24.484777,45.422261],[24.484865,45.422213],[24.484939,45.422162],[24.484994,45.422113],[24.485014,45.422106],[24.485163,45.421968],[24.48518,45.421936],[24.485193,45.421837],[24.485173,45.421754],[24.485136,45.421687],[24.485104,45.421658],[24.485094,45.421631],[24.485004,45.421532],[24.484885,45.421403],[24.484294,45.420989],[24.484215,45.420905],[24.484056,45.420674],[24.483909,45.420482],[24.4838,45.420282],[24.483647,45.420075],[24.483618,45.419999],[24.483596,45.419892],[24.483589,45.419846],[24.483596,45.419763],[24.483704,45.41952],[24.483768,45.419194],[24.483834,45.41902],[24.483881,45.418952],[24.48394,45.418892],[24.484119,45.418756],[24.484234,45.418659],[24.484386,45.418516],[24.484464,45.418433],[24.484539,45.418319],[24.484591,45.418183],[24.484604,45.418069],[24.484601,45.417985],[24.484527,45.417764],[24.484485,45.41768],[24.484363,45.417535],[24.484177,45.417252],[24.484103,45.417171],[24.483972,45.41706],[24.483804,45.416942],[24.483707,45.416893],[24.483472,45.416762],[24.483301,45.416626],[24.48324,45.416549],[24.483202,45.416448],[24.483178,45.416412],[24.483147,45.416306],[24.483146,45.416258],[24.483157,45.416235],[24.483169,45.416128],[24.483201,45.416029],[24.483275,45.415883],[24.48339,45.415715],[24.483519,45.415585],[24.483715,45.415439],[24.483846,45.415324],[24.483901,45.41529],[24.483943,45.415253],[24.484118,45.415155],[24.484269,45.415059],[24.484376,45.415003],[24.48456,45.414934],[24.484722,45.414897],[24.484981,45.414827],[24.485207,45.41474],[24.485261,45.414709],[24.485326,45.41466],[24.485481,45.414489],[24.485595,45.414283],[24.485746,45.413924],[24.485783,45.413794],[24.485782,45.413702],[24.485771,45.413633],[24.48574,45.413557],[24.485672,45.413436],[24.485608,45.413285],[24.485572,45.413161],[24.485563,45.413085],[24.485552,45.413064],[24.485548,45.412994],[24.485533,45.412809],[24.48552,45.412574],[24.485527,45.412407],[24.485565,45.412193],[24.485615,45.412048],[24.485738,45.411849],[24.486017,45.411573],[24.486156,45.41142],[24.486341,45.411251],[24.486489,45.411159],[24.486705,45.411044],[24.486823,45.41099],[24.48692,45.410953],[24.487017,45.410926],[24.487233,45.410881],[24.487471,45.4108],[24.487848,45.410613],[24.487977,45.410542],[24.488106,45.410484],[24.488203,45.410434],[24.488246,45.410404],[24.488354,45.410354],[24.488462,45.410315],[24.488613,45.410248],[24.488688,45.410224],[24.488753,45.410218],[24.488915,45.410189],[24.489044,45.410148],[24.489088,45.410131],[24.489174,45.410079],[24.489411,45.409958],[24.489421,45.409946],[24.489553,45.409901],[24.489659,45.409865],[24.489798,45.409777],[24.489959,45.409626],[24.490096,45.409522],[24.490172,45.409453],[24.49026,45.409353],[24.490444,45.40907],[24.490484,45.408994],[24.490531,45.408872],[24.490599,45.408604],[24.490601,45.408498],[24.490619,45.408376],[24.490609,45.408208],[24.490493,45.40769],[24.490404,45.407431],[24.490376,45.407332],[24.490362,45.40724],[24.49037,45.407179],[24.490404,45.407072],[24.490468,45.406965],[24.490649,45.40672],[24.490686,45.406628],[24.490707,45.406529],[24.490701,45.406453],[24.490705,45.406346],[24.490683,45.406285],[24.490672,45.406201],[24.490668,45.406148],[24.49068,45.406126],[24.490673,45.406102],[24.490689,45.406049],[24.490776,45.40582],[24.490811,45.405751],[24.49087,45.405682],[24.490875,45.405667],[24.490896,45.405655],[24.491001,45.405559],[24.491073,45.405483],[24.491119,45.405406],[24.491148,45.405345],[24.491201,45.405192],[24.49125,45.405002],[24.4913,45.404825],[24.491328,45.404688],[24.491333,45.404604],[24.491349,45.404551],[24.491346,45.404528],[24.491354,45.404513],[24.491382,45.404306],[24.491446,45.404001],[24.491466,45.403772],[24.49152,45.403444],[24.491562,45.403322],[24.491636,45.403153],[24.491897,45.402718],[24.491993,45.402526],[24.49204,45.402374],[24.492109,45.402206],[24.492166,45.401984],[24.492197,45.401786],[24.492199,45.401458],[24.492183,45.401427],[24.49215,45.401399],[24.491843,45.401203],[24.491785,45.401168],[24.49163,45.401037],[24.491336,45.400851],[24.490959,45.40067],[24.490855,45.400594],[24.490809,45.400543],[24.490759,45.400463],[24.490723,45.400347],[24.490717,45.400293],[24.490722,45.400209],[24.490763,45.400049],[24.490811,45.39998],[24.490846,45.399896],[24.490905,45.399614],[24.490936,45.399362],[24.490962,45.399262],[24.491047,45.39911],[24.491135,45.399033],[24.491226,45.398918],[24.491234,45.398872],[24.491217,45.398819],[24.491228,45.398796],[24.491284,45.398727],[24.491383,45.398635],[24.491461,45.398576],[24.491542,45.398537],[24.491679,45.398491],[24.491755,45.398477],[24.491896,45.398471],[24.492123,45.398485],[24.492545,45.398479],[24.49301,45.398435],[24.493193,45.398419],[24.493269,45.398419],[24.493475,45.398435],[24.493496,45.398443],[24.493659,45.39844],[24.493778,45.398449],[24.494027,45.39849],[24.494401,45.398582],[24.494667,45.398636],[24.494851,45.398665],[24.495013,45.398668],[24.495089,45.398678],[24.495359,45.398673],[24.4955,45.398661],[24.495597,45.398645],[24.495683,45.398618],[24.495737,45.398593],[24.495802,45.398551],[24.495882,45.398485],[24.495952,45.398409],[24.496002,45.398317],[24.496029,45.398233],[24.496028,45.398134],[24.495992,45.398019],[24.49592,45.39789],[24.495903,45.397844],[24.495788,45.397677],[24.495643,45.397521],[24.495493,45.397387],[24.495395,45.397328],[24.495254,45.39727],[24.49507,45.397206],[24.49494,45.397172],[24.494529,45.3971],[24.494463,45.397092],[24.494354,45.397056],[24.494286,45.396997],[24.494245,45.396927],[24.49426,45.396826],[24.494294,45.396727],[24.494356,45.396619],[24.494449,45.396489],[24.494503,45.396428],[24.494629,45.396328],[24.494761,45.396255],[24.494866,45.396222],[24.49492,45.396213],[24.49505,45.396212],[24.49518,45.396221],[24.495396,45.396258],[24.495461,45.396264],[24.49558,45.396259],[24.495731,45.396222],[24.49586,45.396155],[24.496,45.396055],[24.496043,45.396032],[24.496216,45.395955],[24.496593,45.39577],[24.496743,45.395712],[24.496819,45.39567],[24.496856,45.395641],[24.49687,45.39562],[24.49688,45.395586],[24.496874,45.395517],[24.496865,45.395487],[24.496871,45.395427],[24.49686,45.395405],[24.496845,45.395321],[24.496745,45.395062],[24.496717,45.395009],[24.496622,45.39492],[24.496338,45.394725],[24.496152,45.394541],[24.496108,45.39448],[24.496066,45.394386],[24.496071,45.39431],[24.496108,45.394218],[24.496252,45.394035],[24.496459,45.393875],[24.496548,45.393829],[24.496623,45.39381],[24.496957,45.393697],[24.49714,45.393595],[24.497409,45.393422],[24.497643,45.393289],[24.497657,45.393289],[24.497721,45.393249],[24.497818,45.393201],[24.498023,45.39308],[24.498227,45.39297],[24.49834,45.392906],[24.498407,45.392883],[24.498725,45.392881],[24.498921,45.392795],[24.499095,45.392697],[24.499265,45.392577],[24.499374,45.392471],[24.49955,45.39224],[24.499684,45.391997],[24.499888,45.391694],[24.499959,45.391634],[24.499998,45.391573],[24.500085,45.391498],[24.500129,45.391437],[24.500173,45.391407],[24.500184,45.391376],[24.500261,45.391286],[24.500305,45.391255],[24.500371,45.391165],[24.500667,45.390893],[24.500695,45.390847],[24.500832,45.390711],[24.501193,45.390379],[24.501773,45.389896],[24.502014,45.389684],[24.502097,45.389594],[24.502129,45.389579],[24.502415,45.389276],[24.502542,45.389079],[24.502582,45.388927],[24.502585,45.388652],[24.502526,45.388275],[24.5025,45.387737],[24.502514,45.387554],[24.502559,45.387402],[24.50272,45.387068],[24.503047,45.386522],[24.503203,45.386188],[24.503625,45.385749],[24.503901,45.385525],[24.504413,45.3851],[24.504556,45.384964],[24.504578,45.384919],[24.504627,45.384873],[24.50501,45.384556],[24.505225,45.384238],[24.505248,45.384181],[24.505237,45.384162],[24.505325,45.384033],[24.505326,45.38398],[24.505305,45.383949],[24.505328,45.383858],[24.505319,45.383679],[24.505343,45.383507],[24.505501,45.383036],[24.50553,45.382868],[24.505533,45.382701],[24.505487,45.382456],[24.505325,45.382028],[24.505231,45.381829],[24.504892,45.3813],[24.504765,45.381067],[24.504556,45.380497],[24.504537,45.380344],[24.504583,45.379689],[24.504559,45.379521],[24.504532,45.379491],[24.504532,45.37946],[24.50449,45.379414],[24.504307,45.379309],[24.50421,45.379293],[24.504123,45.379297],[24.503917,45.379348],[24.503564,45.379501],[24.503167,45.379612],[24.502929,45.379656],[24.502696,45.379681],[24.502225,45.379683],[24.501257,45.379676],[24.501089,45.379663],[24.500548,45.379666],[24.500289,45.37968],[24.499812,45.379744],[24.499476,45.379772],[24.498956,45.37984],[24.498918,45.379855],[24.49888,45.379847],[24.49875,45.379861],[24.498549,45.379905],[24.498409,45.3798],[24.498358,45.379798],[24.498175,45.379813],[24.497677,45.379806],[24.497439,45.379811],[24.497001,45.379851],[24.496692,45.379864],[24.49653,45.379863],[24.496238,45.379872],[24.495859,45.37987],[24.495534,45.379859],[24.495318,45.379843],[24.495155,45.379822],[24.495046,45.3798],[24.494764,45.379697],[24.494688,45.379661],[24.494612,45.379612],[24.494494,45.379498],[24.494439,45.37942],[24.494389,45.379298],[24.494359,45.379245],[24.494213,45.379059],[24.494041,45.378878],[24.493977,45.378776],[24.493936,45.378675],[24.493921,45.378576],[24.493926,45.37853],[24.493971,45.378447],[24.493995,45.378392],[24.494141,45.378155],[24.49417,45.378094],[24.494204,45.377987],[24.494235,45.377804],[24.494217,45.377682],[24.494181,45.37759],[24.494148,45.377537],[24.494089,45.377385],[24.494078,45.377316],[24.494077,45.37728],[24.494088,45.377247],[24.494139,45.377186],[24.494235,45.377128],[24.494308,45.377098],[24.4944,45.377068],[24.494497,45.377047],[24.494594,45.377035],[24.494681,45.377014],[24.494707,45.376994],[24.494756,45.376937],[24.494776,45.376878],[24.494784,45.376573],[24.494815,45.37642],[24.494862,45.376259],[24.494976,45.376038],[24.495032,45.375953],[24.495098,45.375823],[24.495135,45.37577],[24.495154,45.375754],[24.495175,45.375716],[24.495259,45.375634],[24.495287,45.375599],[24.495392,45.375509],[24.495542,45.375407],[24.49568,45.375342],[24.495723,45.37533],[24.495841,45.375282],[24.495982,45.375245],[24.496262,45.375192],[24.496338,45.375191],[24.496479,45.375177],[24.496738,45.375174],[24.49689,45.375166],[24.497171,45.37512],[24.497289,45.37508],[24.497365,45.375039],[24.497418,45.374999],[24.497488,45.374911],[24.49753,45.374812],[24.497535,45.374743],[24.497529,45.374657],[24.497493,45.37456],[24.497439,45.374476],[24.49741,45.374407],[24.497381,45.374285],[24.497376,45.374193],[24.49736,45.374125],[24.497361,45.373995],[24.49738,45.373881],[24.497471,45.373698],[24.497503,45.373677],[24.497515,45.373644],[24.497536,45.373618],[24.497623,45.373542],[24.497703,45.37345],[24.497923,45.37326],[24.497983,45.373222],[24.4981,45.373101],[24.498151,45.373063],[24.498206,45.373],[24.498252,45.372964],[24.498323,45.372872],[24.498372,45.372836],[24.498402,45.372805],[24.498616,45.372229],[24.49865,45.372153],[24.498705,45.372139],[24.498799,45.372052],[24.499049,45.371782],[24.499152,45.371555],[24.49918,45.371525],[24.499172,45.371321],[24.499164,45.371107],[24.499074,45.371026],[24.498913,45.370956],[24.498784,45.370924],[24.498411,45.370711],[24.498261,45.37072],[24.4974,45.370709],[24.49726,45.370689],[24.497205,45.37067],[24.497119,45.370616],[24.497057,45.370557],[24.497036,45.370517],[24.497023,45.370463],[24.497026,45.37041],[24.497045,45.370349],[24.497168,45.37022],[24.497279,45.370121],[24.497345,45.370052],[24.497375,45.370007],[24.497419,45.369915],[24.497453,45.369679],[24.497464,45.369625],[24.497477,45.369601],[24.497508,45.369492],[24.49759,45.369347],[24.497721,45.369126],[24.497765,45.369065],[24.497849,45.368974],[24.497939,45.36889],[24.498037,45.36883],[24.498216,45.36875],[24.498251,45.368744],[24.4983,45.36872],[24.498392,45.368686],[24.498406,45.368686],[24.498892,45.368395],[24.499023,45.368347],[24.499167,45.368223],[24.499208,45.368098],[24.499161,45.367718],[24.499114,45.367337],[24.498982,45.367001],[24.498968,45.36691],[24.498926,45.366868],[24.498855,45.366654],[24.498848,45.366513],[24.498893,45.366465],[24.498916,45.366408],[24.49928,45.366352],[24.499626,45.366344],[24.499972,45.366364],[24.500297,45.366338],[24.500951,45.366129],[24.501082,45.366101],[24.501277,45.366084],[24.501666,45.3661],[24.501819,45.366068],[24.50195,45.36599],[24.502028,45.365899],[24.502053,45.365565],[24.502071,45.365505],[24.502105,45.365429],[24.502133,45.365414],[24.502128,45.365388],[24.50215,45.365354],[24.502346,45.365098],[24.502519,45.364903],[24.502613,45.3646],[24.502615,45.364524],[24.502557,45.364234],[24.502503,45.364051],[24.502419,45.363929],[24.502244,45.36379],[24.502148,45.363743],[24.501997,45.363722],[24.501758,45.363768],[24.501605,45.363843],[24.501257,45.364097],[24.50111,45.364144],[24.501045,45.364147],[24.500981,45.364131],[24.500673,45.363937],[24.500596,45.363727],[24.500518,45.363388],[24.500516,45.363251],[24.50058,45.363085],[24.500619,45.363025],[24.500813,45.362845],[24.500869,45.36277],[24.500872,45.362758],[24.501266,45.362121],[24.501836,45.361323],[24.502379,45.360991],[24.502943,45.360765],[24.5037,45.360662],[24.504575,45.360316],[24.504687,45.359643],[24.504622,45.359045],[24.50406,45.358469],[24.503605,45.357869],[24.503505,45.357195],[24.503403,45.356696],[24.503762,45.356199],[24.504686,45.35573],[24.50569,45.355589],[24.506286,45.355192],[24.506413,45.354723],[24.506788,45.354186],[24.507113,45.353649],[24.507341,45.353042],[24.507396,45.352399],[24.507208,45.351234],[24.50501,45.351605],[24.502862,45.352268],[24.501714,45.352483],[24.501019,45.35259],[24.500099,45.352562],[24.498815,45.352507],[24.497778,45.353482],[24.497052,45.354288],[24.496955,45.355338],[24.496068,45.355955],[24.494763,45.356057],[24.492722,45.356382],[24.491172,45.356996],[24.489854,45.357849],[24.489757,45.357846],[24.489551,45.35788],[24.489351,45.357929],[24.489134,45.357943],[24.489034,45.357979],[24.488895,45.358089],[24.488808,45.358122],[24.488749,45.358129],[24.488694,45.358123],[24.488651,45.358102],[24.488611,45.358064],[24.488552,45.357968],[24.488479,45.357924],[24.488177,45.357858],[24.488004,45.357844],[24.487744,45.357828],[24.48769,45.357835],[24.487614,45.357858],[24.487568,45.357888],[24.487535,45.357932],[24.487534,45.357991],[24.487545,45.358014],[24.48755,45.358067],[24.487539,45.358102],[24.487517,45.358123],[24.487463,45.358151],[24.487382,45.358179],[24.487113,45.358234],[24.487048,45.358253],[24.486986,45.35829],[24.486896,45.358376],[24.486795,45.358456],[24.486741,45.358479],[24.482169,45.358762],[24.479973,45.359074],[24.478775,45.360162],[24.478763,45.361448],[24.477093,45.361939],[24.474173,45.361315],[24.470289,45.36133],[24.467351,45.362653],[24.466781,45.363509],[24.466283,45.363585],[24.466093,45.362965],[24.466294,45.362346],[24.467155,45.360436],[24.467776,45.360356],[24.468236,45.360051],[24.469529,45.359193],[24.470908,45.358403],[24.471411,45.358115],[24.471637,45.358311],[24.472232,45.358132],[24.472751,45.357639],[24.472496,45.357052],[24.471796,45.355934],[24.471791,45.355241],[24.472047,45.354087],[24.472555,45.353577],[24.472783,45.352975],[24.472636,45.352447],[24.471927,45.351948],[24.47107,45.35097],[24.47083,45.350375],[24.470359,45.349852],[24.470126,45.349381],[24.469787,45.348133],[24.469438,45.347842],[24.473143,45.340071],[24.473766,45.33603],[24.473332,45.334856],[24.472905,45.332972],[24.472652,45.33117],[24.472594,45.331112],[24.472554,45.331042],[24.472518,45.330913],[24.472498,45.330776],[24.472479,45.330494],[24.472483,45.33035],[24.472495,45.330228],[24.472543,45.330014],[24.472552,45.329937],[24.472586,45.329792],[24.472584,45.329754],[24.472592,45.329746],[24.472589,45.329731],[24.472609,45.329655],[24.4726,45.329556],[24.472549,45.329472],[24.472548,45.329442],[24.472559,45.329427],[24.472602,45.329409],[24.472769,45.329409],[24.472845,45.329423],[24.472954,45.329465],[24.47302,45.329506],[24.473073,45.329565],[24.473083,45.329618],[24.473119,45.329655],[24.473126,45.329808],[24.473135,45.32983],[24.473177,45.329876],[24.473237,45.329915],[24.473308,45.329931],[24.473435,45.329916],[24.473533,45.329846],[24.473608,45.329759],[24.473677,45.329697],[24.473796,45.329606],[24.473878,45.329571],[24.473946,45.329553],[24.473978,45.329547],[24.474075,45.329551],[24.474173,45.329569],[24.474445,45.32964],[24.474576,45.329685],[24.474631,45.329715],[24.474794,45.329846],[24.474917,45.329982],[24.474939,45.329997],[24.475057,45.330166],[24.475085,45.330189],[24.475137,45.330213],[24.475248,45.330229],[24.475456,45.330232],[24.475586,45.330222],[24.475601,45.330207],[24.475671,45.330198],[24.475855,45.330196],[24.476136,45.330211],[24.476288,45.330226],[24.476451,45.330253],[24.476625,45.330292],[24.476896,45.330338],[24.477114,45.330396],[24.477207,45.330448],[24.477272,45.3305],[24.477329,45.33054],[24.477415,45.330615],[24.477471,45.330675],[24.477512,45.330701],[24.477587,45.330769],[24.477708,45.330839],[24.477781,45.330863],[24.477836,45.33087],[24.478074,45.330876],[24.478284,45.330876],[24.478328,45.330881],[24.478813,45.330863],[24.478943,45.33087],[24.47929,45.330921],[24.479628,45.330998],[24.47978,45.331023],[24.480083,45.331053],[24.480398,45.331097],[24.480417,45.331106],[24.480539,45.331129],[24.480615,45.331151],[24.480669,45.331158],[24.480854,45.331199],[24.480963,45.331234],[24.481072,45.331259],[24.481222,45.331308],[24.481518,45.331369],[24.481562,45.33137],[24.481768,45.331423],[24.482107,45.331533],[24.482477,45.331634],[24.482911,45.331787],[24.483009,45.331814],[24.483139,45.331833],[24.483261,45.331839],[24.483423,45.331835],[24.483508,45.331822],[24.483746,45.331789],[24.483831,45.331763],[24.483914,45.331723],[24.483949,45.331713],[24.484013,45.331678],[24.484079,45.331624],[24.48415,45.331581],[24.484364,45.331411],[24.484469,45.331308],[24.484602,45.331219],[24.484685,45.331189],[24.484824,45.331164],[24.484997,45.33116],[24.485279,45.331177],[24.485571,45.331206],[24.485828,45.331206],[24.485959,45.331157],[24.486054,45.331098],[24.486107,45.331058],[24.486199,45.330969],[24.486332,45.330803],[24.486352,45.330765],[24.486365,45.330719],[24.486346,45.330635],[24.486248,45.3305],[24.486211,45.33047],[24.486061,45.330386],[24.486,45.330341],[24.485758,45.33019],[24.485645,45.33011],[24.4856,45.330047],[24.485591,45.330015],[24.48559,45.329983],[24.485605,45.329937],[24.485638,45.329883],[24.485717,45.329813],[24.485784,45.32979],[24.485918,45.329761],[24.486166,45.329743],[24.486469,45.329771],[24.486707,45.32976],[24.48716,45.329737],[24.487549,45.329735],[24.487624,45.329725],[24.487688,45.329707],[24.487752,45.329668],[24.487776,45.329637],[24.487805,45.329534],[24.487809,45.329488],[24.487802,45.329412],[24.487749,45.329276],[24.487555,45.329004],[24.487435,45.328868],[24.487335,45.328771],[24.487238,45.3287],[24.487019,45.32859],[24.486942,45.328572],[24.486893,45.328552],[24.486839,45.328543],[24.486664,45.328484],[24.486414,45.328431],[24.486154,45.328389],[24.485947,45.328325],[24.485838,45.328311],[24.485567,45.328261],[24.485242,45.328248],[24.485188,45.32824],[24.485144,45.328225],[24.485089,45.328195],[24.48502,45.328139],[24.484985,45.32806],[24.484979,45.328029],[24.484984,45.328006],[24.485028,45.327945],[24.485095,45.327913],[24.485297,45.327909],[24.485544,45.327876],[24.48591,45.327815],[24.485985,45.327787],[24.486017,45.327768],[24.486059,45.327727],[24.486274,45.327421],[24.486343,45.327291],[24.486422,45.327099],[24.4866,45.326937],[24.486822,45.326759],[24.487093,45.326504],[24.487249,45.3264],[24.487385,45.326341],[24.487567,45.326274],[24.487685,45.326238],[24.488005,45.326112],[24.48824,45.326004],[24.488475,45.325912],[24.48888,45.325729],[24.489104,45.325638],[24.489532,45.325478],[24.489767,45.32538],[24.489895,45.325315],[24.490065,45.325249],[24.490236,45.325183],[24.490685,45.325009],[24.491027,45.324864],[24.491186,45.324778],[24.491324,45.324681],[24.491476,45.324543],[24.491602,45.324416],[24.491651,45.324331],[24.491715,45.324169],[24.491734,45.32412],[24.49169,45.324133],[24.491594,45.32416],[24.491521,45.324155],[24.491441,45.324136],[24.491394,45.324117],[24.491335,45.32407],[24.491302,45.323999],[24.491299,45.323989],[24.491276,45.323923],[24.49125,45.323834],[24.491176,45.323723],[24.491101,45.323613],[24.490996,45.323581],[24.490891,45.32355],[24.490776,45.323355],[24.490869,45.323301],[24.490784,45.323202],[24.490718,45.323171],[24.490609,45.323155],[24.490274,45.323148],[24.49022,45.323141],[24.490144,45.323114],[24.4901,45.323086],[24.490069,45.323056],[24.490025,45.322948],[24.489977,45.322865],[24.489916,45.322705],[24.489854,45.322632],[24.48981,45.322606],[24.489734,45.322575],[24.489441,45.322529],[24.489375,45.322515],[24.489288,45.322483],[24.489162,45.322411],[24.489126,45.322379],[24.489069,45.3223],[24.488995,45.321977],[24.488976,45.3218],[24.488932,45.32158],[24.488964,45.321381],[24.488958,45.321267],[24.489008,45.321106],[24.489051,45.321014],[24.489221,45.320753],[24.489303,45.320599],[24.489499,45.320095],[24.489527,45.320025],[24.489642,45.319802],[24.489644,45.319772],[24.489714,45.319664],[24.489793,45.319511],[24.489808,45.319465],[24.489809,45.319412],[24.48978,45.319359],[24.489744,45.319317],[24.489497,45.319088],[24.489327,45.318904],[24.489293,45.318842],[24.489289,45.318817],[24.489291,45.318786],[24.489322,45.318733],[24.489359,45.318694],[24.489422,45.318653],[24.489495,45.318627],[24.489559,45.318615],[24.489656,45.318618],[24.48982,45.318659],[24.489939,45.318671],[24.489971,45.318661],[24.490003,45.318661],[24.4901,45.318642],[24.490164,45.31862],[24.490259,45.318552],[24.490323,45.318525],[24.49041,45.318516],[24.490539,45.318526],[24.490615,45.318511],[24.490676,45.318476],[24.490823,45.318324],[24.490867,45.318285],[24.490912,45.318258],[24.491097,45.318192],[24.49131,45.318106],[24.491395,45.318063],[24.49143,45.318028],[24.491456,45.317908],[24.491501,45.317777],[24.491597,45.317578],[24.491669,45.317356],[24.491737,45.317096],[24.491757,45.317012],[24.491779,45.316958],[24.491793,45.316882],[24.491786,45.316806],[24.491743,45.316654],[24.491721,45.316456],[24.491737,45.316144],[24.491767,45.315999],[24.491828,45.315845],[24.491918,45.315707],[24.491991,45.315622],[24.492192,45.315456],[24.492119,45.315379],[24.492096,45.315316],[24.492068,45.31492],[24.49204,45.314791],[24.492011,45.314715],[24.491974,45.314647],[24.491918,45.314576],[24.491838,45.314512],[24.491756,45.314488],[24.491669,45.31448],[24.491604,45.314481],[24.491524,45.314491],[24.491449,45.314521],[24.491356,45.314593],[24.491168,45.3147],[24.491045,45.314757],[24.490954,45.314783],[24.490879,45.31478],[24.490824,45.314758],[24.490777,45.314715],[24.490714,45.314619],[24.490634,45.314441],[24.490614,45.31441],[24.490558,45.314354],[24.490494,45.314286],[24.490442,45.314251],[24.490382,45.314227],[24.490208,45.314199],[24.490154,45.314203],[24.490133,45.314211],[24.490072,45.314243],[24.490014,45.314299],[24.489973,45.314375],[24.48992,45.314519],[24.489853,45.314634],[24.489801,45.314679],[24.489761,45.314696],[24.48972,45.314701],[24.489666,45.314692],[24.489611,45.314662],[24.489473,45.314536],[24.489325,45.314375],[24.489267,45.314332],[24.489234,45.314317],[24.489169,45.314306],[24.489131,45.314309],[24.489083,45.314324],[24.489049,45.314354],[24.489028,45.314392],[24.489028,45.314649],[24.489024,45.314702],[24.489011,45.314733],[24.488977,45.314777],[24.488932,45.314799],[24.48887,45.314815],[24.488795,45.314812],[24.488729,45.314788],[24.488671,45.314738],[24.488598,45.314638],[24.488544,45.314538],[24.488442,45.314402],[24.488378,45.314328],[24.488347,45.314302],[24.357665,45.332527],[24.081948,45.371279],[24.018188,45.380963],[23.966491,45.410004],[23.85965,45.458374],[23.864156,45.529961]]]]},"properties":{"alert_id":"e29d98cf048f29cb","source":"nowcasting","alert_type":"nowcasting","feature_id":"6bac93a2e99e532653","judet_cod":"VL","judet_nume":"Vâlcea","county_code":"VL","county_name":"Vâlcea","cod_judet":"VL","cod_culoare":1,"cod_culoare_nume":"Galben","culoare":"1","cod":"Galben","fenomen_principal":"Averse torențiale care vor acumula 15...25 l/mp, descărcări electrice, intensificări ale vântului ( 50…70 km/h), grindină de mici dimensiuni (1...2 cm).","fenomen_group":"ploi/vijelii","zona_text":"Județul Vâlcea: Brezoi, Perișani, Câineni, Boișoara, Voineasa, Racovița, Titești;<br>","zona_nume":"Vâlcea - localitati","zone_name":"Vâlcea - localitati","display_name":"Vâlcea - localitati","localities":["Brezoi","Perișani","Câineni","Boișoara","Voineasa","Racovița","Titești"],"geometry_source":"coordGis","match_confidence":"high","interval_text":"","interval_start":"2026-08-29T17:35:00","valid_from":"2026-08-29T17:35:00","valid_to":"2026-08-29T18:30:00","interval_valabilitate_text":"","interval_end":"2026-08-29T18:30:00","data_expirare":"2026-08-29T18:30:00","mesaj_plain":"Averse torențiale care vor acumula 15...25 l/mp, descărcări electrice, intensificări ale vântului ( 50…70 km/h), grindină de mici dimensiuni (1...2 cm).","source_url":"","source_label":"","notes":"","durata_ore":0.9,"zi":"2026-08-29"}}]}