{"type":"FeatureCollection","metadata":{"date":"2026-08-12","active_alerts":[{"alert_id":"72a481cfd22f7894","source":"nowcasting","alert_type":"nowcasting","interval_text":"","interval_start":"2026-08-12T23:01:00","interval_end":"2026-08-12T23:40:00","durata_ore":0.7,"valid_from":"2026-08-12T23:01:00","valid_to":"2026-08-12T23:40:00","cod_culoare_max":1,"fenomene_pe_cod":{"1":"Local averse torențiale care vor acumula 15...20 l/mp, descărcări electrice, intensificări ale vântului (rafale de 50...70 km, grindină de mici dimensiuni (1...2 cm)."},"judete_afectate":["CL","IF","IL","PH"],"judete_count":4,"judete_culori":{"IL":1,"PH":1,"CL":1,"IF":1},"color_counts":{"1":4},"text_alerta_html":"","message":"Local averse torențiale care vor acumula 15...20 l/mp, descărcări electrice, intensificări ale vântului (rafale de 50...70 km, grindină de mici dimensiuni (1...2 cm).","feature_meta":{"IL":{"county_code":"IL","county_name":"Ialomița","zone_name":"Ialomița - localitati","display_name":"Ialomița - localitati","localities":["Fierbinți-Târg","Coșereni","Bărcănești","Dridu","Jilavele","Adâncata","Movilița","Sinești","Roșiori","Maia","Rădulești","Moldoveni","Drăgoești","Borănești"],"geometry_source":"coordGis","match_confidence":"high"},"PH":{"county_code":"PH","county_name":"Prahova","zone_name":"Prahova - localitati","display_name":"Prahova - localitati","localities":["Ciorani","Râfov","Drăgănești","Dumbrava","Balta Doamnei","Gherghița","Olari"],"geometry_source":"uat_match","match_confidence":"medium"},"CL":{"county_code":"CL","county_name":"Călărași","zone_name":"Călărași - localitati","display_name":"Călărași - localitati","localities":["Ileana","Belciugatele"],"geometry_source":"uat_match","match_confidence":"high"},"IF":{"county_code":"IF","county_name":"Ilfov","zone_name":"Ilfov - localitati","display_name":"Ilfov - localitati","localities":["Gruiu","Nuci","Grădiștea"],"geometry_source":"uat_match","match_confidence":"high"}},"source_url":"","source_label":"","notes":""},{"alert_id":"f8ef9ac21effe0cb","source":"nowcasting","alert_type":"nowcasting","interval_text":"","interval_start":"2026-08-12T22:30:00","interval_end":"2026-08-12T23:30:00","durata_ore":1.0,"valid_from":"2026-08-12T22:30:00","valid_to":"2026-08-12T23:30:00","cod_culoare_max":1,"fenomene_pe_cod":{"1":"Averse torențiale care vor acumula 15...25 l/mp, descărcări electrice, intensificări ale vântului (50...70 km/h)."},"judete_afectate":["DJ"],"judete_count":1,"judete_culori":{"DJ":1},"color_counts":{"1":1},"text_alerta_html":"","message":"Averse torențiale care vor acumula 15...25 l/mp, descărcări electrice, intensificări ale vântului (50...70 km/h).","feature_meta":{"DJ":{"county_code":"DJ","county_name":"Dolj","zone_name":"Dolj - localitati","display_name":"Dolj - localitati","localities":["Filiași","Argetoaia","Brădești","Braloștița","Breasta","Goiești","Coțofenii din Dos","Cernătești","Scăești","Sopot","Almăj","Terpezița","Brabova","Predești","Coțofenii din Față","Pleșoi","Gogoșu"],"geometry_source":"uat_match","match_confidence":"high"}},"source_url":"","source_label":"","notes":""},{"alert_id":"f97a0173a0c3aef3","source":"nowcasting","alert_type":"nowcasting","interval_text":"","interval_start":"2026-08-12T21:40:00","interval_end":"2026-08-12T22:40:00","durata_ore":1.0,"valid_from":"2026-08-12T21:40:00","valid_to":"2026-08-12T22:40:00","cod_culoare_max":1,"fenomene_pe_cod":{"1":"Averse torențiale care vor acumula 15...25 l/mp, descărcări electrice, intensificări ale vântului (50...70 km/h)."},"judete_afectate":["DJ","GJ","MH","OT","VL"],"judete_count":5,"judete_culori":{"GJ":1,"OT":1,"VL":1,"DJ":1,"MH":1},"color_counts":{"1":5},"text_alerta_html":"","message":"Averse torențiale care vor acumula 15...25 l/mp, descărcări electrice, intensificări ale vântului (50...70 km/h).","feature_meta":{"GJ":{"county_code":"GJ","county_name":"Gorj","zone_name":"Gorj - localitati","display_name":"Gorj - localitati","localities":["Turceni","Plopșoru","Țânțăreni","Turburea","Aninoasa","Crușet","Negomir","Vladimir","Borăscu","Urdari","Stoina","Logrești","Stejari","Dănciulești","Brănești","Săulești","Licurici","Căpreni","Ionești","Berlești","Jupânești","Hurezani","Bărbătești"],"geometry_source":"coordGis","match_confidence":"high"},"OT":{"county_code":"OT","county_name":"Olt","zone_name":"Olt - localitati","display_name":"Olt - localitati","localities":["Iancu Jianu","Morunglav","Cârlogani","Vulpeni","Găvănești","Călui","Dobrețu"],"geometry_source":"uat_match","match_confidence":"medium"},"VL":{"county_code":"VL","county_name":"Vâlcea","zone_name":"Vâlcea - localitati","display_name":"Vâlcea - localitati","localities":["Bălcești","Fârtățești","Șușani","Valea Mare","Zătreni","Tetoiu","Laloșu","Livezi","Ghioroiu","Măciuca","Diculești","Făurești","Lăcusteni"],"geometry_source":"uat_match","match_confidence":"medium"},"DJ":{"county_code":"DJ","county_name":"Dolj","zone_name":"Dolj - localitati","display_name":"Dolj - localitati","localities":["Filiași","Brădești","Melinești","Șimnicu de Sus","Braloștița","Goiești","Murgași","Bulzești","Fărcaș","Mischii","Tălpaș"],"geometry_source":"uat_match","match_confidence":"high"},"MH":{"county_code":"MH","county_name":"Mehedinți","zone_name":"Mehedinți - localitati","display_name":"Mehedinți - localitati","localities":["Grozești"],"geometry_source":"uat_match","match_confidence":"high"}},"source_url":"","source_label":"","notes":""},{"alert_id":"4b03cd6004e757d2","source":"nowcasting","alert_type":"nowcasting","interval_text":"","interval_start":"2026-08-12T20:46:00","interval_end":"2026-08-12T21:45:00","durata_ore":1.0,"valid_from":"2026-08-12T20:46:00","valid_to":"2026-08-12T21:45:00","cod_culoare_max":2,"fenomene_pe_cod":{"2":"Averse torențiale care vor acumula 20...30 l/mp, frecvente descărcări electrice, intensificări ale vântului (70...90 km/h), grindină de mici şi posibil medii dimensiuni (1...3 cm). În zona avertizată în ultimele ore s-au acumulat cantități de 15...25 l/mp."},"judete_afectate":["VL"],"judete_count":1,"judete_culori":{"VL":2},"color_counts":{"2":1},"text_alerta_html":"","message":"Averse torențiale care vor acumula 20...30 l/mp, frecvente descărcări electrice, intensificări ale vântului (70...90 km/h), grindină de mici şi posibil medii dimensiuni (1...3 cm). În zona avertizată în ultimele ore s-au acumulat cantități de 15...25 l/mp.","feature_meta":{"VL":{"county_code":"VL","county_name":"Vâlcea","zone_name":"Vâlcea - localitati","display_name":"Vâlcea - localitati","localities":["Băbeni","Mihăești","Frâncești","Stoilești","Ionești","Galicea","Nicolae Bălcescu","Olanu","Popești","Șirineasa","Scundu","Roești","Pesceana"],"geometry_source":"coordGis","match_confidence":"high"}},"source_url":"","source_label":"","notes":""},{"alert_id":"e827ad7e0e1179e5","source":"nowcasting","alert_type":"nowcasting","interval_text":"","interval_start":"2026-08-12T20:20:00","interval_end":"2026-08-12T21:20:00","durata_ore":1.0,"valid_from":"2026-08-12T20:20:00","valid_to":"2026-08-12T21:20:00","cod_culoare_max":1,"fenomene_pe_cod":{"1":"Averse torențiale care vor acumula 15...25 l/mp, descărcări electrice, intensificări ale vântului (50...70 km/h), grindină de mici dimensiuni (1...2 cm)."},"judete_afectate":["OT"],"judete_count":1,"judete_culori":{"OT":1},"color_counts":{"1":1},"text_alerta_html":"","message":"Averse torențiale care vor acumula 15...25 l/mp, descărcări electrice, intensificări ale vântului (50...70 km/h), grindină de mici dimensiuni (1...2 cm).","feature_meta":{"OT":{"county_code":"OT","county_name":"Olt","zone_name":"Olt - localitati","display_name":"Olt - localitati","localities":["Vitomirești","Vulturești","Cungrea","Spineni","Poboru","Bărăști","Dobroteasa","Făgețelu","Leleasca","Sâmburești","Topana"],"geometry_source":"uat_match","match_confidence":"medium"}},"source_url":"","source_label":"","notes":""},{"alert_id":"608899c7bc021b09","source":"nowcasting","alert_type":"nowcasting","interval_text":"","interval_start":"2026-08-12T18:40:00","interval_end":"2026-08-12T19:30:00","durata_ore":0.8,"valid_from":"2026-08-12T18:40:00","valid_to":"2026-08-12T19:30:00","cod_culoare_max":2,"fenomene_pe_cod":{"2":"Averse torențiale care vor acumula 20...30 l/mp, frecvente descărcări electrice, intensificări ale vântului, vijelie (rafale de 70...90 km/h), grindină de mici și posibil medii dimensiuni (2...3 cm). În zona avertizată în ultimele ore s-au acumulat cantități de peste 25...30 l/mp."},"judete_afectate":["AG"],"judete_count":1,"judete_culori":{"AG":2},"color_counts":{"2":1},"text_alerta_html":"","message":"Averse torențiale care vor acumula 20...30 l/mp, frecvente descărcări electrice, intensificări ale vântului, vijelie (rafale de 70...90 km/h), grindină de mici și posibil medii dimensiuni (2...3 cm). În zona avertizată în ultimele ore s-au acumulat cantități de peste 25...30 l/mp.","feature_meta":{"AG":{"county_code":"AG","county_name":"Argeș","zone_name":"Argeș - localitati","display_name":"Argeș - localitati","localities":["Rucăr","Lerești","Dragoslavele","Dâmbovicioara"],"geometry_source":"coordGis","match_confidence":"high"}},"source_url":"","source_label":"","notes":""},{"alert_id":"3af9385b030d700f","source":"nowcasting","alert_type":"nowcasting","interval_text":"","interval_start":"2026-08-12T18:05:00","interval_end":"2026-08-12T19:00:00","durata_ore":0.9,"valid_from":"2026-08-12T18:05:00","valid_to":"2026-08-12T19:00:00","cod_culoare_max":2,"fenomene_pe_cod":{"2":"Averse torențiale care vor acumula 20...30 l/mp, frecvente descărcări electrice, intensificări ale vântului, vijelie (rafale de 70...90 km/h), grindină de mici și posibil medii dimensiuni (2...3 cm). În zona avertizată în ultimele ore s-au acumulat cantități de 25...30 l/mp."},"judete_afectate":["BV"],"judete_count":1,"judete_culori":{"BV":2},"color_counts":{"2":1},"text_alerta_html":"","message":"Averse torențiale care vor acumula 20...30 l/mp, frecvente descărcări electrice, intensificări ale vântului, vijelie (rafale de 70...90 km/h), grindină de mici și posibil medii dimensiuni (2...3 cm). În zona avertizată în ultimele ore s-au acumulat cantități de 25...30 l/mp.","feature_meta":{"BV":{"county_code":"BV","county_name":"Brașov","zone_name":"Brașov - localitati","display_name":"Brașov - localitati","localities":["Moieciu","Fundata"],"geometry_source":"coordGis","match_confidence":"high"}},"source_url":"","source_label":"","notes":""},{"alert_id":"3c6599d5fc51dff8","source":"nowcasting","alert_type":"nowcasting","interval_text":"","interval_start":"2026-08-12T17:55:00","interval_end":"2026-08-12T19:00:00","durata_ore":1.1,"valid_from":"2026-08-12T17:55:00","valid_to":"2026-08-12T19:00:00","cod_culoare_max":2,"fenomene_pe_cod":{"2":"Averse torențiale care vor acumula 20...30 l/mp, frecvente descărcări electrice, intensificări ale vântului, vijelie (rafale de 70...90 km/h), grindină mici şi posibil medii dimensiuni (1...3 cm). În zona avertizată în ultimele ore s-au acumulat cantități de peste 25 l/mp."},"judete_afectate":["VL"],"judete_count":1,"judete_culori":{"VL":2},"color_counts":{"2":1},"text_alerta_html":"","message":"Averse torențiale care vor acumula 20...30 l/mp, frecvente descărcări electrice, intensificări ale vântului, vijelie (rafale de 70...90 km/h), grindină mici şi posibil medii dimensiuni (1...3 cm). În zona avertizată în ultimele ore s-au acumulat cantități de peste 25 l/mp.","feature_meta":{"VL":{"county_code":"VL","county_name":"Vâlcea","zone_name":"Vâlcea - localitati","display_name":"Vâlcea - localitati","localities":["Călimănești","Brezoi","Perișani","Berislăvești","Câineni","Băile Olănești","Muereasca","Sălătrucel","Boișoara","Voineasa","Malaia","Racovița","Titești"],"geometry_source":"uat_match","match_confidence":"medium"}},"source_url":"","source_label":"","notes":""},{"alert_id":"f3e3dec0f03d88ed","source":"nowcasting","alert_type":"nowcasting","interval_text":"","interval_start":"2026-08-12T17:33:00","interval_end":"2026-08-12T18:15:00","durata_ore":0.7,"valid_from":"2026-08-12T17:33:00","valid_to":"2026-08-12T18:15:00","cod_culoare_max":2,"fenomene_pe_cod":{"2":"Averse torențiale care vor acumula 20...30 l/mp, frecvente descărcări electrice, intensificări ale vântului, vijelie (rafale de 70...90 km/h), grindină de mici și posibil medii dimensiuni (2...3 cm). În zona avertizată în ultimele ore s-au acumulat cantități de 15...25 l/mp."},"judete_afectate":["AG"],"judete_count":1,"judete_culori":{"AG":2},"color_counts":{"2":1},"text_alerta_html":"","message":"Averse torențiale care vor acumula 20...30 l/mp, frecvente descărcări electrice, intensificări ale vântului, vijelie (rafale de 70...90 km/h), grindină de mici și posibil medii dimensiuni (2...3 cm). În zona avertizată în ultimele ore s-au acumulat cantități de 15...25 l/mp.","feature_meta":{"AG":{"county_code":"AG","county_name":"Argeș","zone_name":"Argeș - localitati","display_name":"Argeș - localitati","localities":["Dâmbovicioara"],"geometry_source":"county_fallback","match_confidence":"low"}},"source_url":"","source_label":"","notes":""},{"alert_id":"1a6f395c7f52d60e","source":"nowcasting","alert_type":"nowcasting","interval_text":"","interval_start":"2026-08-12T16:41:00","interval_end":"2026-08-12T17:30:00","durata_ore":0.8,"valid_from":"2026-08-12T16:41:00","valid_to":"2026-08-12T17:30:00","cod_culoare_max":1,"fenomene_pe_cod":{"1":"Averse torențiale care vor acumula 15...25 l/mp, descărcări electrice, intensificări ale vântului (rafale de 50...70 km/h), grindină de mici dimensiuni (1...2 cm)."},"judete_afectate":["BV"],"judete_count":1,"judete_culori":{"BV":1},"color_counts":{"1":1},"text_alerta_html":"","message":"Averse torențiale care vor acumula 15...25 l/mp, descărcări electrice, intensificări ale vântului (rafale de 50...70 km/h), grindină de mici dimensiuni (1...2 cm).","feature_meta":{"BV":{"county_code":"BV","county_name":"Brașov","zone_name":"Brașov - localitati","display_name":"Brașov - localitati","localities":["Hoghiz","Racoș","Homorod"],"geometry_source":"coordGis","match_confidence":"high"}},"source_url":"","source_label":"","notes":""}],"alert_count":10,"general_alert_count":0,"nowcasting_alert_count":10,"manual_nowcasting_alert_count":0,"feature_count":17,"general_feature_count":0,"nowcasting_feature_count":17,"max_color":2,"general_max_color":0,"nowcasting_count":10,"has_nowcasting":true,"has_manual_nowcasting":false,"calendar_badge":"NC","sources":["nowcasting"],"alerts_by_county":{"AG":[{"alert_id":"608899c7bc021b09","cod":"Portocaliu","culoare":"2","fenomen_group":"ploi/vijelii","source":"nowcasting"},{"alert_id":"f3e3dec0f03d88ed","cod":"Portocaliu","culoare":"2","fenomen_group":"ploi/vijelii","source":"nowcasting"}],"BV":[{"alert_id":"3af9385b030d700f","cod":"Portocaliu","culoare":"2","fenomen_group":"ploi/vijelii","source":"nowcasting"},{"alert_id":"1a6f395c7f52d60e","cod":"Galben","culoare":"1","fenomen_group":"ploi/vijelii","source":"nowcasting"}],"CL":[{"alert_id":"72a481cfd22f7894","cod":"Galben","culoare":"1","fenomen_group":"ploi/vijelii","source":"nowcasting"}],"DJ":[{"alert_id":"f8ef9ac21effe0cb","cod":"Galben","culoare":"1","fenomen_group":"ploi/vijelii","source":"nowcasting"},{"alert_id":"f97a0173a0c3aef3","cod":"Galben","culoare":"1","fenomen_group":"ploi/vijelii","source":"nowcasting"}],"GJ":[{"alert_id":"f97a0173a0c3aef3","cod":"Galben","culoare":"1","fenomen_group":"ploi/vijelii","source":"nowcasting"}],"IF":[{"alert_id":"72a481cfd22f7894","cod":"Galben","culoare":"1","fenomen_group":"ploi/vijelii","source":"nowcasting"}],"IL":[{"alert_id":"72a481cfd22f7894","cod":"Galben","culoare":"1","fenomen_group":"ploi/vijelii","source":"nowcasting"}],"MH":[{"alert_id":"f97a0173a0c3aef3","cod":"Galben","culoare":"1","fenomen_group":"ploi/vijelii","source":"nowcasting"}],"OT":[{"alert_id":"f97a0173a0c3aef3","cod":"Galben","culoare":"1","fenomen_group":"ploi/vijelii","source":"nowcasting"},{"alert_id":"e827ad7e0e1179e5","cod":"Galben","culoare":"1","fenomen_group":"ploi/vijelii","source":"nowcasting"}],"PH":[{"alert_id":"72a481cfd22f7894","cod":"Galben","culoare":"1","fenomen_group":"ploi/vijelii","source":"nowcasting"}],"VL":[{"alert_id":"f97a0173a0c3aef3","cod":"Galben","culoare":"1","fenomen_group":"ploi/vijelii","source":"nowcasting"},{"alert_id":"4b03cd6004e757d2","cod":"Portocaliu","culoare":"2","fenomen_group":"ploi/vijelii","source":"nowcasting"},{"alert_id":"3c6599d5fc51dff8","cod":"Portocaliu","culoare":"2","fenomen_group":"ploi/vijelii","source":"nowcasting"}]},"max_by_county":{"AG":{"max_color":2,"alert_count":2,"phenomena":["ploi/vijelii"]},"BV":{"max_color":2,"alert_count":2,"phenomena":["ploi/vijelii"]},"CL":{"max_color":1,"alert_count":1,"phenomena":["ploi/vijelii"]},"DJ":{"max_color":1,"alert_count":2,"phenomena":["ploi/vijelii"]},"GJ":{"max_color":1,"alert_count":1,"phenomena":["ploi/vijelii"]},"IF":{"max_color":1,"alert_count":1,"phenomena":["ploi/vijelii"]},"IL":{"max_color":1,"alert_count":1,"phenomena":["ploi/vijelii"]},"MH":{"max_color":1,"alert_count":1,"phenomena":["ploi/vijelii"]},"OT":{"max_color":1,"alert_count":2,"phenomena":["ploi/vijelii"]},"PH":{"max_color":1,"alert_count":1,"phenomena":["ploi/vijelii"]},"VL":{"max_color":2,"alert_count":3,"phenomena":["ploi/vijelii"]}}},"features":[{"type":"Feature","geometry":{"type":"MultiPolygon","coordinates":[[[[26.697851067677203,44.560004196748544],[26.725983686181632,44.559014113927745],[26.722719418078153,44.537683854001614],[26.754127561556974,44.528060152213634],[26.76034014830115,44.54997056625498],[26.76660226950733,44.549024784714476],[26.766159098156493,44.546741298708234],[26.78696127834393,44.54180133605995],[26.77928940632827,44.52140862968761],[26.773105884954372,44.52289886261112],[26.770139175477535,44.517795048542894],[26.79630776313478,44.51102162424318],[26.789730556062526,44.507230901719154],[26.78134030208896,44.49719413853462],[26.78491178005276,44.49516419251895],[26.78399889133824,44.47994339257107],[26.76189850112947,44.481230196429145],[26.76007473104518,44.46291141294465],[26.744140992325608,44.46373379431792],[26.744128738418325,44.48115017530901],[26.73541593199544,44.472780325888884],[26.714539859865223,44.466196288764536],[26.711745322447907,44.45981235774075],[26.712992169472386,44.455607858757176],[26.706656182056893,44.44686314053465],[26.68574800542424,44.44496758732299],[26.679455119760757,44.44828792311432],[26.667800740175426,44.448844376319315],[26.6611674168956,44.455564837615974],[26.64558159454939,44.45349271163014],[26.642977031379626,44.45580854914396],[26.63140687683433,44.457216955178914],[26.633889135296695,44.46797756313202],[26.622854488206,44.4745450404528],[26.60890902517728,44.472019737894],[26.615774728600016,44.4828815052492],[26.622095413529653,44.48310571111523],[26.60045067501565,44.50334072984122],[26.6085364417072,44.50757879494546],[26.59756923079305,44.51513312156709],[26.610785532295857,44.52235274455553],[26.601832405778957,44.52661763018172],[26.603735073505824,44.53244483058883],[26.608369468063852,44.532096420529676],[26.616823109760958,44.526582356217425],[26.61864370860997,44.5277458826884],[26.61991999798189,44.530491487659646],[26.614510051682437,44.53538752371436],[26.62108249806816,44.54312730676784],[26.641296493460697,44.53165794189281],[26.644689549688476,44.5361280425285],[26.63556893042637,44.54086443198938],[26.664999423503794,44.595539756697555],[26.683834633517048,44.591052942347254],[26.67331651493155,44.57252513227326],[26.682668067095282,44.565235353708914],[26.68017148883973,44.56281072811905],[26.697851067677203,44.560004196748544]]],[[[26.553252928609737,44.534006915134725],[26.541193299059213,44.52878351450352],[26.53178848533432,44.53621745256233],[26.510700949411746,44.52485022426874],[26.506418800509717,44.52651078351605],[26.486016498442385,44.51612249900405],[26.484187713876604,44.51787850705537],[26.468042679721393,44.50750399609257],[26.463458866389217,44.49388033511389],[26.4729298719862,44.491825191797076],[26.4818318442909,44.493995917172114],[26.47759690486471,44.481723666221185],[26.46439573526024,44.484561981062576],[26.454209275862393,44.478878831202124],[26.45580097447205,44.46916534531402],[26.462035379501074,44.46920954067876],[26.46149632031966,44.45577542207081],[26.451963182053664,44.45596369096968],[26.458466256199028,44.45907593363003],[26.451604509337024,44.4628636425268],[26.450076753517695,44.456217399880586],[26.44352539905603,44.456343065743],[26.437709993147553,44.46189004359945],[26.426336018096208,44.456640117849496],[26.395384261838444,44.45719459906792],[26.394724564113677,44.46573041455116],[26.381620994963757,44.46470630271248],[26.381728723711323,44.47033029703994],[26.376231729181143,44.469061710748655],[26.376764844704432,44.47723949407825],[26.360566622749012,44.486101072912525],[26.39801150479215,44.51118607701123],[26.406598802183442,44.50734032133462],[26.419153254901627,44.5247455719816],[26.428488658747646,44.52157492424478],[26.45674869493255,44.54011329876522],[26.456147405194837,44.5415911331694],[26.462591025343652,44.54338076912924],[26.467386999516858,44.54720308740986],[26.464704185862214,44.549394199402755],[26.461721977375426,44.54735028673963],[26.4531810644113,44.547832169332096],[26.45191945136301,44.55008882176608],[26.439021857191392,44.548656136595916],[26.446798279933887,44.561601645234376],[26.44530067067754,44.562916583712415],[26.449511197566068,44.565937064722625],[26.45617423267332,44.56673403614637],[26.46657375424791,44.563570282873435],[26.47415531955165,44.57077862094781],[26.47612612921895,44.57015819145432],[26.479860133329755,44.57650513009389],[26.49635502322514,44.571477645626544],[26.49159271828028,44.562322528753135],[26.50430125257679,44.55861497237245],[26.507772278097118,44.55543197599624],[26.512685821502505,44.56158017915732],[26.522163992661504,44.55816875427353],[26.553252928609737,44.534006915134725]]]]},"properties":{"alert_id":"72a481cfd22f7894","source":"nowcasting","alert_type":"nowcasting","feature_id":"8155b3fa4e05b4e6fa","judet_cod":"CL","judet_nume":"Călărași","county_code":"CL","county_name":"Călărași","cod_judet":"CL","cod_culoare":1,"cod_culoare_nume":"Galben","culoare":"1","cod":"Galben","fenomen_principal":"Local averse torențiale care vor acumula 15...20 l/mp, descărcări electrice, intensificări ale vântului (rafale de 50...70 km, grindină de mici dimensiuni (1...2 cm).","fenomen_group":"ploi/vijelii","zona_text":"Județul Ialomiţa: Fierbinți-Târg, Coșereni, Bărcănești, Dridu, Jilavele, Adâncata, Movilița, Sinești, Roșiori, Maia, Rădulești, Moldoveni, Drăgoești, Borănești;<br>Județul Prahova: Ciorani, Râfov, Drăgănești, Dumbrava, Balta Doamnei, Gherghița, Olari;<br>Județul Călăraşi: Ileana, Belciugatele;<br>Județul Ilfov: Gruiu, Nuci, Grădiștea;<br>","zona_nume":"Călărași - localitati","zone_name":"Călărași - localitati","display_name":"Călărași - localitati","localities":["Ileana","Belciugatele"],"geometry_source":"uat_match","match_confidence":"high","interval_text":"","interval_start":"2026-08-12T23:01:00","valid_from":"2026-08-12T23:01:00","valid_to":"2026-08-12T23:40:00","interval_valabilitate_text":"","interval_end":"2026-08-12T23:40:00","data_expirare":"2026-08-12T23:40:00","mesaj_plain":"Local averse torențiale care vor acumula 15...20 l/mp, descărcări electrice, intensificări ale vântului (rafale de 50...70 km, grindină de mici dimensiuni (1...2 cm).","source_url":"","source_label":"","notes":"","durata_ore":0.7,"zi":"2026-08-12"}},{"type":"Feature","geometry":{"type":"MultiPolygon","coordinates":[[[[26.256292319477506,44.742296019868526],[26.25691931461104,44.7318172683243],[26.264220408343718,44.72905580139399],[26.26999552158379,44.729836338813485],[26.280832962527516,44.72753847463638],[26.28194125136262,44.7242899173051],[26.28749539550854,44.72218699753668],[26.282267907377562,44.72189935982774],[26.27654839435386,44.71705694310954],[26.280491060503795,44.7146106100388],[26.287112893110063,44.71549925693049],[26.290548944708707,44.70923798638651],[26.2970445407504,44.70738318775603],[26.294671323545312,44.70323436642139],[26.298891798702975,44.69597142382977],[26.29749301348984,44.6936253974854],[26.300992907282836,44.693274604889375],[26.298339248149034,44.69142854975271],[26.30874019581551,44.682465469663974],[26.303511730867747,44.68023979132872],[26.29207819345546,44.683453944757346],[26.28559800901159,44.67152579030504],[26.29294404286346,44.67063184396166],[26.294877485393435,44.668274056104856],[26.28058735582395,44.66996716001189],[26.275389508319368,44.6674483635721],[26.27864917289466,44.663800050147394],[26.273591936350105,44.66240394495529],[26.270637644312714,44.65871443903238],[26.26028701083442,44.65623468722001],[26.258117503059648,44.65284916185088],[26.250710290146298,44.65669334964476],[26.24074619286942,44.65280262628906],[26.236221727735494,44.65876217975844],[26.237961297638176,44.66260781497353],[26.225438886582296,44.66292897113373],[26.217734384084004,44.67391350106482],[26.239059183802944,44.69243448672625],[26.23392313014816,44.69496113897521],[26.23010582360248,44.692161195016965],[26.18570022319828,44.71924112401452],[26.188474046710983,44.719684352665226],[26.188268361339595,44.71792512974967],[26.19366441989921,44.721620671223846],[26.187276815762495,44.726916607890594],[26.1909795542277,44.73189180120359],[26.197255459060507,44.7363147087912],[26.198585276398244,44.73466261081575],[26.20558687565422,44.734609792748245],[26.20884398332853,44.73865121603872],[26.192651364034624,44.74137055238299],[26.186532274061165,44.74577598139462],[26.183583092863994,44.74348887749232],[26.188639624402317,44.73581802713341],[26.185955536439657,44.73272283286675],[26.177269962689007,44.732526848663625],[26.1774152933824,44.73511280295991],[26.174218062370876,44.73627290917748],[26.176285803171584,44.73449635321897],[26.169517895238933,44.728000654766085],[26.16640608013428,44.73130927212054],[26.163182077539254,44.73203105063501],[26.16363251180504,44.734200579189455],[26.161457033512548,44.73546111748926],[26.162152296212188,44.73222135296759],[26.16562974033883,44.73084539685941],[26.165244053580118,44.72896942166882],[26.15571370152869,44.72612402595304],[26.15651095107428,44.73195863868591],[26.139817877730867,44.743737013694556],[26.151135323964308,44.743976742753574],[26.142828223816334,44.75389821734251],[26.137952452124345,44.75513236278084],[26.13793596673446,44.75848615482061],[26.140653432126143,44.759167717692804],[26.14449019448861,44.75575021962811],[26.152967832435465,44.7586398898876],[26.15561016611208,44.75542425533841],[26.16076527559935,44.75617939478128],[26.16300655206758,44.75268003444667],[26.168849688190274,44.75285335875332],[26.173474347045328,44.749006841768],[26.180369708180564,44.75088463963237],[26.180750788130407,44.7537446921855],[26.177517636784916,44.75596976643959],[26.183888128443005,44.75784476918703],[26.19432146040229,44.75117706950367],[26.21935449087821,44.74956185869304],[26.221556949671548,44.74733866273269],[26.235571784865254,44.74514192624472],[26.23971464119609,44.74312522808989],[26.24037999692502,44.738938141950726],[26.24834476309924,44.73802382832254],[26.256292319477506,44.742296019868526]]],[[[26.301841520355385,44.76887731833151],[26.347328864429283,44.73097445793972],[26.374189743849264,44.72047846458526],[26.36087215768723,44.70506571647265],[26.363153889103966,44.70393454482846],[26.361548840522687,44.70197126879947],[26.370187313236386,44.69840812306014],[26.359899235968488,44.68780299626241],[26.352504734571582,44.688334571339105],[26.347390794860825,44.68453828903997],[26.341485129495375,44.68764090749474],[26.334371198376267,44.679515927434124],[26.332934277418804,44.68159935985776],[26.329681720336204,44.678753078188464],[26.332474043613608,44.676454029282084],[26.32187129009732,44.67761368017962],[26.32102277569793,44.67484440877313],[26.314325002902706,44.67663851884709],[26.31507214062075,44.67874479179777],[26.30776175038974,44.678196720856384],[26.311911188739366,44.67953530875514],[26.298339248149034,44.69142854975271],[26.300992907282836,44.693274604889375],[26.29749301348984,44.6936253974854],[26.298891798702975,44.69597142382977],[26.294671323545312,44.70323436642139],[26.2970445407504,44.70738318775603],[26.290548944708707,44.70923798638651],[26.287112893110063,44.71549925693049],[26.280491060503795,44.7146106100388],[26.27654839435386,44.71705694310954],[26.282267907377562,44.72189935982774],[26.287772124203862,44.72113563103079],[26.286425452133138,44.72340561046082],[26.28194125136262,44.7242899173051],[26.280832962527516,44.72753847463638],[26.26999552158379,44.729836338813485],[26.264220408343718,44.72905580139399],[26.25691931461104,44.7318172683243],[26.25802851268625,44.75705353558372],[26.271958782332838,44.75601596687854],[26.27383764571221,44.76890222566466],[26.30115760957554,44.766670737999156],[26.301841520355385,44.76887731833151]]],[[[26.30874019581551,44.682465469663974],[26.311911188739366,44.67953530875514],[26.30776175038974,44.678196720856384],[26.31507214062075,44.67874479179777],[26.314325002902706,44.67663851884709],[26.32102277569793,44.67484440877313],[26.32187129009732,44.67761368017962],[26.332474043613608,44.676454029282084],[26.34348858779288,44.6721231464135],[26.36003764233961,44.652388687473184],[26.359496633141475,44.64302072376462],[26.35168726554841,44.6401774966685],[26.355512691843995,44.634650827949365],[26.326796721719063,44.624670977401586],[26.32182614322593,44.63070330551152],[26.308680081782242,44.62427200600472],[26.308834786971595,44.62905153930355],[26.30119987380522,44.62946127422197],[26.27404475033771,44.66187327434189],[26.27864917289466,44.663800050147394],[26.275389508319368,44.6674483635721],[26.27833231979048,44.669236680981115],[26.295809609451602,44.66905990124366],[26.28559800901159,44.67152579030504],[26.29207819345546,44.683453944757346],[26.303511730867747,44.68023979132872],[26.30874019581551,44.682465469663974]]]]},"properties":{"alert_id":"72a481cfd22f7894","source":"nowcasting","alert_type":"nowcasting","feature_id":"ce7e0beb48a6b15411","judet_cod":"IF","judet_nume":"Ilfov","county_code":"IF","county_name":"Ilfov","cod_judet":"IF","cod_culoare":1,"cod_culoare_nume":"Galben","culoare":"1","cod":"Galben","fenomen_principal":"Local averse torențiale care vor acumula 15...20 l/mp, descărcări electrice, intensificări ale vântului (rafale de 50...70 km, grindină de mici dimensiuni (1...2 cm).","fenomen_group":"ploi/vijelii","zona_text":"Județul Ialomiţa: Fierbinți-Târg, Coșereni, Bărcănești, Dridu, Jilavele, Adâncata, Movilița, Sinești, Roșiori, Maia, Rădulești, Moldoveni, Drăgoești, Borănești;<br>Județul Prahova: Ciorani, Râfov, Drăgănești, Dumbrava, Balta Doamnei, Gherghița, Olari;<br>Județul Călăraşi: Ileana, Belciugatele;<br>Județul Ilfov: Gruiu, Nuci, Grădiștea;<br>","zona_nume":"Ilfov - localitati","zone_name":"Ilfov - localitati","display_name":"Ilfov - localitati","localities":["Gruiu","Nuci","Grădiștea"],"geometry_source":"uat_match","match_confidence":"high","interval_text":"","interval_start":"2026-08-12T23:01:00","valid_from":"2026-08-12T23:01:00","valid_to":"2026-08-12T23:40:00","interval_valabilitate_text":"","interval_end":"2026-08-12T23:40:00","data_expirare":"2026-08-12T23:40:00","mesaj_plain":"Local averse torențiale care vor acumula 15...20 l/mp, descărcări electrice, intensificări ale vântului (rafale de 50...70 km, grindină de mici dimensiuni (1...2 cm).","source_url":"","source_label":"","notes":"","durata_ore":0.7,"zi":"2026-08-12"}},{"type":"Feature","geometry":{"type":"MultiPolygon","coordinates":[[[[26.181826,44.74989],[26.524918,44.495815],[26.749019,44.526928],[26.741087,44.584867],[26.50707,44.793535],[26.290901,44.870888],[26.161994,44.818862],[26.181826,44.74989]]]]},"properties":{"alert_id":"72a481cfd22f7894","source":"nowcasting","alert_type":"nowcasting","feature_id":"3eff59b004d0942d63","judet_cod":"IL","judet_nume":"Ialomița","county_code":"IL","county_name":"Ialomița","cod_judet":"IL","cod_culoare":1,"cod_culoare_nume":"Galben","culoare":"1","cod":"Galben","fenomen_principal":"Local averse torențiale care vor acumula 15...20 l/mp, descărcări electrice, intensificări ale vântului (rafale de 50...70 km, grindină de mici dimensiuni (1...2 cm).","fenomen_group":"ploi/vijelii","zona_text":"Județul Ialomiţa: Fierbinți-Târg, Coșereni, Bărcănești, Dridu, Jilavele, Adâncata, Movilița, Sinești, Roșiori, Maia, Rădulești, Moldoveni, Drăgoești, Borănești;<br>Județul Prahova: Ciorani, Râfov, Drăgănești, Dumbrava, Balta Doamnei, Gherghița, Olari;<br>Județul Călăraşi: Ileana, Belciugatele;<br>Județul Ilfov: Gruiu, Nuci, Grădiștea;<br>","zona_nume":"Ialomița - localitati","zone_name":"Ialomița - localitati","display_name":"Ialomița - localitati","localities":["Fierbinți-Târg","Coșereni","Bărcănești","Dridu","Jilavele","Adâncata","Movilița","Sinești","Roșiori","Maia","Rădulești","Moldoveni","Drăgoești","Borănești"],"geometry_source":"coordGis","match_confidence":"high","interval_text":"","interval_start":"2026-08-12T23:01:00","valid_from":"2026-08-12T23:01:00","valid_to":"2026-08-12T23:40:00","interval_valabilitate_text":"","interval_end":"2026-08-12T23:40:00","data_expirare":"2026-08-12T23:40:00","mesaj_plain":"Local averse torențiale care vor acumula 15...20 l/mp, descărcări electrice, intensificări ale vântului (rafale de 50...70 km, grindină de mici dimensiuni (1...2 cm).","source_url":"","source_label":"","notes":"","durata_ore":0.7,"zi":"2026-08-12"}},{"type":"Feature","geometry":{"type":"MultiPolygon","coordinates":[[[[26.509311144191212,44.87301979087223],[26.47494504751224,44.84297478954803],[26.47895565002739,44.83316526186421],[26.453159121415986,44.81091144859056],[26.39418349690733,44.766426573426756],[26.391135469575232,44.76652415976403],[26.384514871734336,44.76152103523047],[26.37389900946154,44.76105869955908],[26.367085831767156,44.766028033999106],[26.370711508548123,44.7708594636302],[26.356838660259953,44.76833664168926],[26.35618144330584,44.77172271779824],[26.363070375017415,44.779348487797115],[26.360912373198357,44.781599974009666],[26.354657675033415,44.78243169075389],[26.365618639450464,44.79667417841151],[26.344750729275386,44.805407898161654],[26.38061761298321,44.84427021111175],[26.380607944413484,44.849544508672665],[26.37570912424159,44.85051745542493],[26.38505355365499,44.853633960723094],[26.380748333866748,44.85919865946242],[26.392946984289416,44.86235954846446],[26.386463835735398,44.87230406663014],[26.404600537534236,44.87900748454088],[26.421535556062597,44.85693241923889],[26.460800669005785,44.87297401169337],[26.46713748050288,44.862510813218904],[26.49837052323464,44.88155623707132],[26.498883654521894,44.87873848126181],[26.506836330379443,44.87847194685136],[26.505261999455175,44.87702986297732],[26.509311144191212,44.87301979087223]]],[[[26.338882623582617,44.89465426658106],[26.38462711701163,44.87159219125772],[26.386463835735398,44.87230406663014],[26.392946984289416,44.86235954846446],[26.380748333866748,44.85919865946242],[26.38505355365499,44.853633960723094],[26.37570912424159,44.85051745542493],[26.380607944413484,44.849544508672665],[26.38061761298321,44.84427021111175],[26.344750729275386,44.805407898161654],[26.365618639450464,44.79667417841151],[26.354990062825866,44.781880527830516],[26.344176611561615,44.77764524309256],[26.348495041204863,44.78397216637817],[26.342591027309943,44.78261052696268],[26.340691513396752,44.79163732213706],[26.337549108278267,44.7932933635621],[26.33458083021945,44.79143741495802],[26.335023253791448,44.784720986663785],[26.322758572433578,44.784286351457496],[26.322049440516565,44.78675525334657],[26.32854703733932,44.79025482986577],[26.31782582880558,44.79614583468154],[26.321787087825296,44.80064554062322],[26.309554745611916,44.79983065519602],[26.30164538058543,44.802047323205635],[26.306842076462548,44.80570833406681],[26.31316130268482,44.80619207390378],[26.315231998362197,44.80950095249272],[26.308736924485753,44.812039486932264],[26.298597894741754,44.808691951751825],[26.28542070655673,44.81098696857445],[26.29228731436666,44.819602512509476],[26.289863128019906,44.821437584582114],[26.283880118394087,44.81666929329512],[26.273651473644822,44.818119349410644],[26.269317248364302,44.816665790292966],[26.270087875148487,44.81463350948215],[26.280590118590958,44.8114238848713],[26.278797054420103,44.80737685565143],[26.26105365053785,44.81380245244597],[26.257373860839394,44.81333656056139],[26.25095542832701,44.80761553174791],[26.260701611140416,44.80465808047425],[26.258447212816076,44.80179311823688],[26.233464342737502,44.80753803577934],[26.23959976548172,44.81014000287303],[26.23344555087934,44.810608285762115],[26.230334932318442,44.8144072578126],[26.218225783997966,44.81131982942712],[26.215558328106948,44.814362328989034],[26.2180794257049,44.81903509735884],[26.241066788994893,44.82631677215141],[26.249028672112477,44.83146342341908],[26.26472405784347,44.8342201978502],[26.254389197890355,44.83900759296885],[26.261454919080887,44.84008487622727],[26.255570244181325,44.84253082170627],[26.263554851350357,44.8456599665004],[26.258940039565775,44.84799132319602],[26.271839746410752,44.8611980799395],[26.266297615567872,44.86403267362579],[26.267897838890864,44.86765947882277],[26.290765535594993,44.884646115842635],[26.292591384171562,44.879606157316005],[26.296695857256132,44.877333505768384],[26.306776121215293,44.887244925390924],[26.326689795935643,44.893253982702056],[26.319530144008237,44.896879869663685],[26.33718119004152,44.898806915071575],[26.338882623582617,44.89465426658106]]],[[[26.311285174636616,44.9010366679212],[26.326689795935643,44.893253982702056],[26.306776121215293,44.887244925390924],[26.296695857256132,44.877333505768384],[26.292591384171562,44.879606157316005],[26.290765535594993,44.884646115842635],[26.267897838890864,44.86765947882277],[26.266297615567872,44.86403267362579],[26.271839746410752,44.8611980799395],[26.258940039565775,44.84799132319602],[26.263554851350357,44.8456599665004],[26.255570244181325,44.84253082170627],[26.261454919080887,44.84008487622727],[26.254389197890355,44.83900759296885],[26.26472405784347,44.8342201978502],[26.249028672112477,44.83146342341908],[26.241066788994893,44.82631677215141],[26.2180794257049,44.81903509735884],[26.215558328106948,44.814362328989034],[26.212292974656282,44.81602859395503],[26.206272437055837,44.81372422260619],[26.20394606481862,44.81469349114411],[26.20859156302629,44.816768269527515],[26.209730097358314,44.81892737439306],[26.206480744219434,44.81963153908858],[26.210862828774253,44.82179056766518],[26.213047956214528,44.826557416332314],[26.207081437192883,44.83039524453941],[26.22338429372731,44.8426882951872],[26.22110176487909,44.84406985769422],[26.2247886787052,44.84679129170492],[26.21887441368958,44.85193962708051],[26.225290506077886,44.85484230174026],[26.211240749178682,44.86008730347913],[26.18788744691526,44.84843775257916],[26.17985710629599,44.84657003740251],[26.166170734165906,44.84763678114187],[26.162916656748497,44.84314563023203],[26.157470943119023,44.84325093643464],[26.15903534241011,44.84710249001797],[26.15531415843006,44.847419112092155],[26.156829045598734,44.84933303064295],[26.153719944991714,44.851579058698775],[26.163071775573677,44.85831407395274],[26.16332115583477,44.86182133864828],[26.161781894919436,44.86288574569892],[26.15730950165615,44.86087588413131],[26.152775825739678,44.863459605745504],[26.147763008127857,44.87040880701913],[26.153746676715578,44.873651281361525],[26.146765654202145,44.87480971169177],[26.152417552439054,44.87683837515118],[26.15359957386869,44.88263955266439],[26.16531189739131,44.8918892953923],[26.160645071549066,44.89693193075542],[26.16710749559458,44.900533013722836],[26.183010957661075,44.90514139759202],[26.190087042609434,44.90462552537948],[26.19382822091987,44.89325528981654],[26.20593106734224,44.89949249864676],[26.218115000276665,44.89009193289994],[26.22848871237106,44.8943314213182],[26.22631123233075,44.898258012048124],[26.232446251974636,44.90303749162692],[26.236811680684085,44.89636446700206],[26.25231697996535,44.90783180817306],[26.257723859328124,44.905865203215505],[26.26060547791025,44.89230603360606],[26.285899648284893,44.89515159937832],[26.2863843970406,44.891097484084426],[26.29879778797015,44.89346934243421],[26.311285174636616,44.9010366679212]]],[[[26.157796334708802,44.8003483378424],[26.16709327801785,44.80281445274977],[26.169741152096748,44.79894081869254],[26.16585075476877,44.77732105818809],[26.22355961770337,44.771973178881744],[26.22992616750793,44.774787513183654],[26.23283491552299,44.770802092063214],[26.22884996760764,44.76934131463332],[26.232392908302142,44.76482502878951],[26.244061904557842,44.76361997846412],[26.257526903986054,44.753198091301726],[26.256292319477506,44.742296019868526],[26.24834476309924,44.73802382832254],[26.24037999692502,44.738938141950726],[26.23971464119609,44.74312522808989],[26.235571784865254,44.74514192624472],[26.221556949671548,44.74733866273269],[26.21935449087821,44.74956185869304],[26.19432146040229,44.75117706950367],[26.183888128443005,44.75784476918703],[26.177517636784916,44.75596976643959],[26.180750788130407,44.7537446921855],[26.180369708180564,44.75088463963237],[26.173474347045328,44.749006841768],[26.168849688190274,44.75285335875332],[26.16300655206758,44.75268003444667],[26.16076527559935,44.75617939478128],[26.15561016611208,44.75542425533841],[26.15239960470208,44.758778623265464],[26.143921183047855,44.75576310216306],[26.138799706156686,44.75928072493663],[26.137952452124345,44.75513236278084],[26.14281834661037,44.75330993617797],[26.132532417441393,44.74984882435514],[26.112770744626747,44.75439136880653],[26.10193383719938,44.766932849831086],[26.135803788577213,44.78085809526938],[26.141010898207284,44.798804605301974],[26.145520339391354,44.79368067933109],[26.158106097593272,44.79686186784993],[26.152469450903148,44.79930870937098],[26.15338556834185,44.805664549055244],[26.158458118714208,44.8042261355651],[26.16067476462222,44.80563041232907],[26.161381970167373,44.803332422214744],[26.157796334708802,44.8003483378424]]],[[[26.32633786892869,44.79071017476743],[26.322029597554412,44.79091291408485],[26.31464395368602,44.77707439845486],[26.31051182744949,44.773472331986476],[26.30682115397596,44.774959555196034],[26.30130636807065,44.766715422251885],[26.27383764571221,44.76890222566466],[26.271958782332838,44.75601596687854],[26.25802851268625,44.75705353558372],[26.25728451594127,44.75321038384007],[26.244061904557842,44.76361997846412],[26.232392908302142,44.76482502878951],[26.22884996760764,44.76934131463332],[26.23283491552299,44.770802092063214],[26.22992616750793,44.774787513183654],[26.252668239250138,44.78347478115455],[26.24332716047485,44.796058362114294],[26.23874417211987,44.79807359674909],[26.235244837104883,44.795581121788324],[26.22286938485727,44.79698336736206],[26.21744529912987,44.79514501837983],[26.20914166199685,44.80233538623543],[26.198265538050315,44.807519084284024],[26.205644421085008,44.81007830253069],[26.209465795193903,44.80727114680888],[26.21163758005792,44.80893209060637],[26.208036410047907,44.8098816359141],[26.209162950094917,44.811839639401555],[26.219349131586558,44.81124423568043],[26.229590707540485,44.81455334243318],[26.23344555087934,44.810608285762115],[26.23959976548172,44.81014000287303],[26.233464342737502,44.80753803577934],[26.258447212816076,44.80179311823688],[26.260701611140416,44.80465808047425],[26.25095542832701,44.80761553174791],[26.257373860839394,44.81333656056139],[26.26105365053785,44.81380245244597],[26.278797054420103,44.80737685565143],[26.280590118590958,44.8114238848713],[26.270087875148487,44.81463350948215],[26.269317248364302,44.816665790292966],[26.273651473644822,44.818119349410644],[26.283880118394087,44.81666929329512],[26.289863128019906,44.821437584582114],[26.29228731436666,44.819602512509476],[26.28542070655673,44.81098696857445],[26.298597894741754,44.808691951751825],[26.308736924485753,44.812039486932264],[26.314614779971635,44.810172732314555],[26.31316130268482,44.80619207390378],[26.306842076462548,44.80570833406681],[26.30164538058543,44.802047323205635],[26.309554745611916,44.79983065519602],[26.32125080373947,44.80093342044511],[26.31782582880558,44.79614583468154],[26.32633786892869,44.79071017476743]]],[[[26.19554832092107,44.8073456388819],[26.20914166199685,44.80233538623543],[26.21744529912987,44.79514501837983],[26.22286938485727,44.79698336736206],[26.235244837104883,44.795581121788324],[26.23874417211987,44.79807359674909],[26.243163158313855,44.79617805888967],[26.252668239250138,44.78347478115455],[26.22355961770337,44.771973178881744],[26.16585075476877,44.77732105818809],[26.169966936995564,44.800989732013846],[26.179236374775943,44.80381961990596],[26.17920546138221,44.805976232288046],[26.187559633708236,44.80706410396265],[26.194821792970714,44.80433059472814],[26.19554832092107,44.8073456388819]]]]},"properties":{"alert_id":"72a481cfd22f7894","source":"nowcasting","alert_type":"nowcasting","feature_id":"8cc9528a1f0b517e49","judet_cod":"PH","judet_nume":"Prahova","county_code":"PH","county_name":"Prahova","cod_judet":"PH","cod_culoare":1,"cod_culoare_nume":"Galben","culoare":"1","cod":"Galben","fenomen_principal":"Local averse torențiale care vor acumula 15...20 l/mp, descărcări electrice, intensificări ale vântului (rafale de 50...70 km, grindină de mici dimensiuni (1...2 cm).","fenomen_group":"ploi/vijelii","zona_text":"Județul Ialomiţa: Fierbinți-Târg, Coșereni, Bărcănești, Dridu, Jilavele, Adâncata, Movilița, Sinești, Roșiori, Maia, Rădulești, Moldoveni, Drăgoești, Borănești;<br>Județul Prahova: Ciorani, Râfov, Drăgănești, Dumbrava, Balta Doamnei, Gherghița, Olari;<br>Județul Călăraşi: Ileana, Belciugatele;<br>Județul Ilfov: Gruiu, Nuci, Grădiștea;<br>","zona_nume":"Prahova - localitati","zone_name":"Prahova - localitati","display_name":"Prahova - localitati","localities":["Ciorani","Râfov","Drăgănești","Dumbrava","Balta Doamnei","Gherghița","Olari"],"geometry_source":"uat_match","match_confidence":"medium","interval_text":"","interval_start":"2026-08-12T23:01:00","valid_from":"2026-08-12T23:01:00","valid_to":"2026-08-12T23:40:00","interval_valabilitate_text":"","interval_end":"2026-08-12T23:40:00","data_expirare":"2026-08-12T23:40:00","mesaj_plain":"Local averse torențiale care vor acumula 15...20 l/mp, descărcări electrice, intensificări ale vântului (rafale de 50...70 km, grindină de mici dimensiuni (1...2 cm).","source_url":"","source_label":"","notes":"","durata_ore":0.7,"zi":"2026-08-12"}},{"type":"Feature","geometry":{"type":"MultiPolygon","coordinates":[[[[23.588836340598355,44.61509412070759],[23.600971128906348,44.60535464165056],[23.598577035063894,44.59980567934406],[23.604775458658253,44.59420843369315],[23.613113018115243,44.592656020386016],[23.614890692036898,44.589974421051565],[23.59061405680675,44.58258141405186],[23.592931320597554,44.57217802788897],[23.598004819472816,44.56851213382985],[23.599849426143567,44.56337779930787],[23.597352438108526,44.557826525379],[23.607162783548006,44.558575657149525],[23.607395365179087,44.55521172558754],[23.59985217970784,44.550889582748816],[23.60158149026057,44.542454318132854],[23.593955700844,44.54211828959322],[23.582428719878475,44.55884816790989],[23.578172867812423,44.55856727768034],[23.58074940091259,44.549745236468034],[23.579295408979913,44.53998465979728],[23.582301321798898,44.536058345408904],[23.56639237838092,44.52792811277535],[23.570957202226225,44.52438749614444],[23.559496986883754,44.51685751937709],[23.554470188532104,44.51886005931083],[23.548843109732996,44.51429263630011],[23.54617647749858,44.50929074166276],[23.547740785881135,44.50371320404271],[23.541835883589137,44.51164615709533],[23.53193745085605,44.514733576310675],[23.529017470676095,44.522525866950524],[23.52592147582164,44.524247896756336],[23.51706201170319,44.525131774751316],[23.514291164670226,44.51423074158392],[23.50861005196196,44.512701041894026],[23.503643197586783,44.51795384208748],[23.49290844802426,44.51955111553584],[23.473402413970636,44.51564829350196],[23.445657154365158,44.51819200149033],[23.446063775231547,44.522340283784516],[23.423093678844193,44.52934857713924],[23.421555012124806,44.53180777293064],[23.428107454761737,44.53304079948352],[23.43534393830779,44.53993097501541],[23.428324410061347,44.5425519063959],[23.43964332884647,44.54574777670083],[23.44375982588829,44.550873600216946],[23.452166733543226,44.55261134388745],[23.455043372419496,44.56956097161334],[23.46654632042233,44.569108010486076],[23.46532761158501,44.57397649432528],[23.46123537416719,44.57309699129098],[23.458501237476597,44.57439831482712],[23.462859864342843,44.57505676504612],[23.465660493226096,44.57859204305712],[23.48942907731198,44.578723289380655],[23.492848321177533,44.57091285733391],[23.496936446711686,44.57120458792291],[23.494190961303886,44.57930202974682],[23.50773106506565,44.58332432853352],[23.505262150876966,44.58597094825207],[23.507328678520032,44.592500964653965],[23.50988171403919,44.59791535475258],[23.515639022517465,44.598514034270266],[23.5145060922014,44.60146718865017],[23.547055783148114,44.60580400006547],[23.548032453357223,44.608065848144456],[23.564052011678857,44.60747659455414],[23.565356564112296,44.610133698612],[23.588836340598355,44.61509412070759]]],[[[23.40483730241356,44.53108387092653],[23.41820921145492,44.525960219107006],[23.414062785878777,44.52068312221604],[23.42354922988169,44.517393043103276],[23.425933836830197,44.51512786662324],[23.424284333020875,44.514160240420075],[23.42881226864685,44.51271061389572],[23.432387975880832,44.51535780161397],[23.434668737962262,44.5144661026046],[23.42808645087607,44.50901246749316],[23.433408684912035,44.50775480214671],[23.432455294015544,44.506379991838436],[23.44011167385549,44.500413689327594],[23.496170635539915,44.490731481282246],[23.49187884213237,44.48618078597741],[23.479944702766847,44.4904356919035],[23.475009122157363,44.47615157396883],[23.480872983548576,44.47886867038027],[23.48420784771511,44.47815349396533],[23.48136678838153,44.47298879799886],[23.483476499902938,44.471507517750766],[23.473801354990293,44.46139156533601],[23.427132893967848,44.46902931947204],[23.401675943471368,44.469496640512894],[23.36331629892784,44.477682288888346],[23.367725767325314,44.483146721547016],[23.36265549123513,44.49270885422141],[23.3565015283346,44.49058777917031],[23.339712443072397,44.49124124741216],[23.338740589059206,44.49422802322622],[23.310482079471303,44.49071885943991],[23.291386868462222,44.49061469513119],[23.28822981461945,44.502526169264094],[23.279474436005906,44.50152734193326],[23.279121148831326,44.50810874046259],[23.283808668783937,44.516025645919335],[23.27302521606215,44.52030754311075],[23.25700663825949,44.52020452553048],[23.253865919657542,44.52987806357834],[23.26709846633319,44.53015571926923],[23.287418324242328,44.53834654343426],[23.30019227749817,44.53689650585213],[23.3166448800291,44.53996811224279],[23.326168268695145,44.53323006502076],[23.323215090723444,44.53085180940914],[23.326708675887144,44.53089418167291],[23.328398969787067,44.527185901778815],[23.336802951279036,44.52366210156273],[23.34714558367224,44.53189588106717],[23.350021313029,44.53030856110683],[23.354539600146154,44.533851740251514],[23.356837633039962,44.53646596675122],[23.353061915581662,44.537865393680434],[23.3563953429095,44.54078500667924],[23.362181483312614,44.54069962822138],[23.370416721063634,44.54441679519435],[23.399229463483817,44.53599798525595],[23.40483730241356,44.53108387092653]]],[[[23.605095906300512,44.55284423475551],[23.610213056123385,44.55136183518766],[23.609397939971153,44.543226350453786],[23.628606715456442,44.548457623224444],[23.645247930305203,44.5500998279284],[23.649180924565083,44.548669660727434],[23.647939193507735,44.53743071808575],[23.658096630155914,44.53126197179529],[23.653620247830474,44.52840599412573],[23.655308846815284,44.526475106484256],[23.663610461612894,44.525949294811376],[23.6699568530413,44.51867942366083],[23.670089996228548,44.51513947468615],[23.667653582013536,44.5141169951277],[23.671239080856033,44.51414045185091],[23.669653471046175,44.501918836150864],[23.67436299660257,44.499905708851706],[23.671393647866914,44.4984144001266],[23.688683275387778,44.48822507174471],[23.679925030473655,44.4818979850467],[23.668863568926746,44.48129564647817],[23.66623472892208,44.4760529268523],[23.652471144665874,44.468721537154515],[23.648511585116143,44.47117435225384],[23.628827849590603,44.456880182218825],[23.618148442432386,44.46814666153709],[23.599125645489906,44.47415724852292],[23.598323242900257,44.47741172379359],[23.60333758343493,44.483653025555434],[23.590067653840617,44.498162653820124],[23.57986714283914,44.497784128614185],[23.57158043094944,44.502902273654634],[23.555875595240284,44.49985905764402],[23.547740785881135,44.50371320404271],[23.546157788754098,44.50905199710348],[23.554470188532104,44.51886005931083],[23.559496986883754,44.51685751937709],[23.570957202226225,44.52438749614444],[23.566837609459746,44.52828519586999],[23.582301321798898,44.536058345408904],[23.579295408979913,44.53998465979728],[23.58074940091259,44.549745236468034],[23.578172867812423,44.55856727768034],[23.582428719878475,44.55884816790989],[23.593955700844,44.54211828959322],[23.60158149026057,44.542454318132854],[23.59984409702178,44.55086654450022],[23.605095906300512,44.55284423475551]]],[[[23.421555012124806,44.53180777293064],[23.423093678844193,44.52934857713924],[23.446063775231547,44.522340283784516],[23.445657154365158,44.51819200149033],[23.46080524377798,44.516040790205686],[23.473539140916255,44.5156545979586],[23.49290844802426,44.51955111553584],[23.503643197586783,44.51795384208748],[23.510962185468166,44.512686685326074],[23.514291164670226,44.51423074158392],[23.51593792645314,44.52434418626613],[23.52592147582164,44.524247896756336],[23.529017470676095,44.522525866950524],[23.53193745085605,44.514733576310675],[23.541200832821893,44.512055043103594],[23.547740785881135,44.50371320404271],[23.55566543040021,44.4999178543066],[23.57158043094944,44.502902273654634],[23.580706188559553,44.49756904842574],[23.589857488239986,44.49828461034328],[23.60187693219899,44.486099956074064],[23.603524819282132,44.48131813632456],[23.598036870004464,44.476093332113145],[23.58533333201703,44.479415493566975],[23.573447537752553,44.47402247876528],[23.568593511914578,44.47478468014792],[23.560453707748792,44.47200930120237],[23.55995395709323,44.47381204587517],[23.545065116752223,44.476068418007245],[23.530736299400377,44.48318585975496],[23.516679581877394,44.486707882846886],[23.44047768946054,44.50030327726696],[23.432455294015544,44.506379991838436],[23.433408684912035,44.50775480214671],[23.42808645087607,44.50901246749316],[23.434668737962262,44.5144661026046],[23.432387975880832,44.51535780161397],[23.42881226864685,44.51271061389572],[23.424284333020875,44.514160240420075],[23.425933836830197,44.51512786662324],[23.42354922988169,44.517393043103276],[23.414062785878777,44.52068312221604],[23.41820921145492,44.525960219107006],[23.415573150464752,44.52691454964864],[23.417057389694584,44.531962875964254],[23.421555012124806,44.53180777293064]]],[[[23.67448679609288,44.38157988385981],[23.681158416941543,44.3750702118492],[23.682780468193446,44.377792214664936],[23.695467071917474,44.36932914788237],[23.697556584595116,44.36722069090628],[23.6951763058125,44.36637318270227],[23.697935897184806,44.364940671432365],[23.706368292049298,44.36155300372018],[23.709359252458775,44.36375418282848],[23.7170563180335,44.35612153704399],[23.71200670598041,44.331942501488356],[23.708038627533636,44.32742317245932],[23.701829025570962,44.32670317384869],[23.705518191355655,44.32366938895825],[23.689409514194995,44.32015495059029],[23.68522510738618,44.31343770934716],[23.67604154798304,44.31183646335252],[23.678563966766937,44.31371321509812],[23.67597858144383,44.3143937074435],[23.67764936284276,44.317200949262286],[23.67106395425649,44.31826321883709],[23.668445718675503,44.31055696752156],[23.666063929004643,44.310793652067154],[23.665467389228045,44.31910632922702],[23.66179186316118,44.31969206360468],[23.65000148215177,44.31799262677907],[23.640754916965058,44.31289797934058],[23.609174068051253,44.31301312744198],[23.60945108688544,44.32082025451925],[23.60352947528606,44.321754444782286],[23.605456750223528,44.32210828637824],[23.603413032494696,44.32349489031684],[23.60434052800281,44.33094376874463],[23.61587238860117,44.32989894334549],[23.61586469824915,44.33258348295349],[23.62012237701331,44.33309052880224],[23.61933557681522,44.3350729651373],[23.63040709994513,44.33939791048617],[23.632430289585532,44.3439888992499],[23.6305245704378,44.343514793686126],[23.63048467818553,44.349579044176856],[23.63978959873488,44.3550944872636],[23.64605860398041,44.366497558920294],[23.638439196597975,44.367555544623784],[23.640081019234582,44.37093512779727],[23.62911650533159,44.379164034322365],[23.6492473496099,44.380988445331575],[23.666116681316797,44.3795784186725],[23.67448679609288,44.38157988385981]]],[[[23.8506430080086,44.47042062351667],[23.845614651899865,44.46306580529032],[23.829976421105638,44.45803539891601],[23.81994326845802,44.467194520830915],[23.819067692496816,44.47264201675075],[23.788939361292055,44.465934401788886],[23.786466736630164,44.46902200427874],[23.773092108626038,44.46512534244535],[23.76675734933025,44.462132426689166],[23.771206001054892,44.46157682913365],[23.77665353323983,44.45281440409099],[23.758183570116543,44.44827008546186],[23.75669381105778,44.44524002964898],[23.751793561223085,44.44454224625072],[23.752384029887214,44.44690037696118],[23.74822045472078,44.44590077452248],[23.750152657508814,44.44111420241425],[23.753837774278747,44.442073737318125],[23.758163717370127,44.438919023076515],[23.757639145453975,44.44271408786853],[23.759423494097334,44.44248475151685],[23.75977719200884,44.43802408711718],[23.75023097857639,44.43992526027698],[23.73414164342929,44.43291062773208],[23.725869011300208,44.438455273009325],[23.73322424165972,44.43795648066942],[23.732043422792632,44.441413255564505],[23.73831409730921,44.44577437978291],[23.73409263392807,44.44940628161879],[23.721543352813168,44.44724838401802],[23.711435479453115,44.46089067627432],[23.711788231669676,44.46761938731284],[23.70049615507234,44.475953885695056],[23.693936096233013,44.48540215497558],[23.67216753693026,44.49743343537193],[23.67436299660257,44.499905708851706],[23.669653471046175,44.501918836150864],[23.671239080856033,44.51414045185091],[23.735811057736406,44.51283789041156],[23.761917771364153,44.52160953417331],[23.77197722244909,44.53040432878841],[23.77757373959921,44.526243301571434],[23.796684017890158,44.5323957034236],[23.805627879682174,44.524721488909826],[23.8166865084183,44.50658532874078],[23.811194568118076,44.50250016547816],[23.813796046402327,44.49353094622105],[23.827206915447388,44.49956397197143],[23.835785526800777,44.49029904283271],[23.844919036989854,44.48751433346796],[23.83276944325579,44.481973101294095],[23.832354695018246,44.47938763377075],[23.838031331179067,44.482045353212136],[23.84251297847071,44.4733602521426],[23.8506430080086,44.47042062351667]]],[[[23.6288883854791,44.456890428010084],[23.625909734520455,44.454792942234],[23.611543369617245,44.453737369342406],[23.614991340064726,44.444010559114865],[23.632871210163884,44.43901807507272],[23.639056161497386,44.433154966314525],[23.64361044404803,44.43372638583196],[23.648356533284705,44.42943962616926],[23.645455934658955,44.42408273949241],[23.64876783588893,44.421052540618625],[23.655819409926877,44.42321724352876],[23.65995401619811,44.42722517689531],[23.664589085893365,44.42667431237152],[23.667429602055712,44.41715466701245],[23.671505096237357,44.41516289760058],[23.68105387894962,44.41533573252484],[23.68087908147241,44.405699624617625],[23.693601271329825,44.403894393967704],[23.698945926938354,44.393316337869095],[23.687324117758997,44.38886184628668],[23.682902506486606,44.389717297262855],[23.681742472231672,44.38347840251768],[23.676931363702284,44.3792551447946],[23.67448679609288,44.38157988385981],[23.666116681316797,44.3795784186725],[23.6492473496099,44.380988445331575],[23.627897144627347,44.37889802805957],[23.622067803910298,44.38238862196336],[23.607880894024927,44.39841914614606],[23.578327879003517,44.41858506546441],[23.575971543936063,44.41681316781026],[23.56217821797177,44.431755511800475],[23.626050177221398,44.46088344133488],[23.6288883854791,44.456890428010084]]],[[[23.47282772625343,44.461424092260664],[23.46985388879997,44.459198300612194],[23.48708568570888,44.458425658778104],[23.48742139119931,44.461981761735856],[23.493437470910955,44.46082691185322],[23.495124948531906,44.45633572878351],[23.510646197462304,44.45712488502771],[23.54248931335674,44.44688820240582],[23.549551942662685,44.44272194756774],[23.546657698645063,44.43985036336969],[23.56217821797177,44.431755511800475],[23.575971543936063,44.41681316781026],[23.573836944206576,44.415102205895835],[23.56240249224588,44.42587439582156],[23.551531859956064,44.412705687641356],[23.54548150305356,44.4117921202077],[23.543933933905237,44.412522967939104],[23.550070117311044,44.42029801063127],[23.541586522364284,44.422083501419],[23.53667776224312,44.42008669538998],[23.52164076603364,44.41936861653883],[23.521756420868815,44.42164007496993],[23.510091005189334,44.42247213028735],[23.50795141892625,44.431280611786434],[23.490973883969303,44.43038629299536],[23.48022205029976,44.4321557140775],[23.475962547809043,44.43168572503903],[23.476859482468484,44.43001102874284],[23.455056523975433,44.43289602219861],[23.446422535196433,44.427967034947066],[23.435054955539034,44.432097830628024],[23.41562546095079,44.43339851135808],[23.413634547876256,44.43683205206886],[23.40880978908916,44.43844601970778],[23.382173534781177,44.43962976571118],[23.347933223997174,44.43627753375363],[23.350879542829045,44.451932090257365],[23.360051654618253,44.45827441421424],[23.36331629892784,44.477682288888346],[23.401675943471368,44.469496640512894],[23.427132893967848,44.46902931947204],[23.47282772625343,44.461424092260664]]],[[[23.598036870004464,44.476093332113145],[23.601795254989167,44.472498636814585],[23.618148442432386,44.46814666153709],[23.626050177221398,44.46088344133488],[23.56217821797177,44.431755511800475],[23.546657698645063,44.43985036336969],[23.549551942662685,44.44272194756774],[23.54286899843605,44.446717252108],[23.524716992607924,44.451271445386475],[23.512764549775945,44.45662453030917],[23.495124948531906,44.45633572878351],[23.493437470910955,44.46082691185322],[23.48742139119931,44.461981761735856],[23.48708568570888,44.458425658778104],[23.46985388879997,44.459198300612194],[23.483476499902938,44.471507517750766],[23.48136678838153,44.47298879799886],[23.48420784771511,44.47815349396533],[23.480872983548576,44.47886867038027],[23.475009122157363,44.47615157396883],[23.479944702766847,44.4904356919035],[23.49187884213237,44.48618078597741],[23.496287482270887,44.49087356540452],[23.516679581877394,44.486707882846886],[23.530736299400377,44.48318585975496],[23.545065116752223,44.476068418007245],[23.55995395709323,44.47381204587517],[23.560453707748792,44.47200930120237],[23.568593511914578,44.47478468014792],[23.573447537752553,44.47402247876528],[23.58533333201703,44.479415493566975],[23.598036870004464,44.476093332113145]]],[[[23.543933933905237,44.412522967939104],[23.563970049034715,44.41072774859334],[23.554597999884837,44.39553900568289],[23.559303239123462,44.39050874870901],[23.568521541234045,44.38895219424401],[23.568482707924908,44.38345964564177],[23.56532576738075,44.380273825019245],[23.570338197928205,44.377376038571],[23.5699871672469,44.37586555813036],[23.56322805559176,44.376447268951104],[23.561220172752304,44.36801065318242],[23.55560876227209,44.36855719230633],[23.54529813959352,44.36157837679362],[23.539386939222627,44.363516902137434],[23.54144222485594,44.36666129857113],[23.530499910837378,44.372014073478866],[23.52060975796816,44.370359134699825],[23.520445283186397,44.373502359094466],[23.488198339324985,44.37522804975499],[23.48621236066622,44.38250492964498],[23.48844641836151,44.39908186313034],[23.44346350116536,44.401636236051196],[23.409867665072145,44.3972686115002],[23.408128620974388,44.40034719397627],[23.3988900929302,44.401548960966295],[23.39795191758824,44.40732090873139],[23.394552240882973,44.408513525755566],[23.38966489286426,44.40667751253721],[23.387687402900617,44.4144765550062],[23.415290835771025,44.417365801415585],[23.42148773894863,44.41556360614613],[23.421630959977186,44.41872854956569],[23.427301857252946,44.419069944295416],[23.425748285964875,44.421948715925886],[23.43283132568008,44.42324952374658],[23.432867315782936,44.42698425949047],[23.446422535196433,44.427967034947066],[23.455056523975433,44.43289602219861],[23.476859482468484,44.43001102874284],[23.475962547809043,44.43168572503903],[23.48022205029976,44.4321557140775],[23.490973883969303,44.43038629299536],[23.509155363807434,44.431046990757395],[23.510091005189334,44.42247213028735],[23.521756420868815,44.42164007496993],[23.52164076603364,44.41936861653883],[23.52427881874201,44.419269069036595],[23.544502573996624,44.421965598650665],[23.550070117311044,44.42029801063127],[23.543933933905237,44.412522967939104]]],[[[23.737579015075372,44.43420758170843],[23.73916315460938,44.432150013077674],[23.744364959719338,44.43442291615406],[23.75002794598196,44.42585627789241],[23.744340285189132,44.425276999325426],[23.747961095901825,44.420720936137705],[23.711326796621854,44.41042363498422],[23.70961463578746,44.411748344918045],[23.696476703835824,44.40188351970068],[23.692402956616412,44.40443033120824],[23.68016063387849,44.40631731685218],[23.68105387894962,44.41533573252484],[23.671505096237357,44.41516289760058],[23.667429602055712,44.41715466701245],[23.665616037459507,44.426141159439844],[23.66343577030747,44.42683715558478],[23.690973512142666,44.439421035315874],[23.688585869898343,44.44245797216892],[23.694154646214372,44.448384103035785],[23.690417118180886,44.44867487178825],[23.69530566714531,44.45369010193913],[23.694962088557613,44.465856272262066],[23.69401174664409,44.467171521349215],[23.68959456091281,44.46499038034863],[23.683850770746226,44.4698786414258],[23.68929513275171,44.472249264156005],[23.687137142924175,44.474403773080844],[23.68432571451897,44.473082500260496],[23.6813840060065,44.47475478288508],[23.685817723432297,44.47912093863215],[23.680843547039238,44.482357560131284],[23.688650364029773,44.4882101665659],[23.711788231669676,44.46761938731284],[23.711435479453115,44.46089067627432],[23.721543352813168,44.44724838401802],[23.73409263392807,44.44940628161879],[23.738139811952276,44.44598940994402],[23.732043422792632,44.441413255564505],[23.73351060660171,44.43813212706024],[23.725869011300208,44.438455273009325],[23.73414164342929,44.43291062773208],[23.737579015075372,44.43420758170843]]],[[[23.39000499470704,44.32658844445931],[23.503432231790622,44.316867037276324],[23.50262598446716,44.31141739293202],[23.508636076400997,44.312787217192216],[23.523024909303697,44.311216356997036],[23.529794837999088,44.31615122080148],[23.53289046274581,44.32527389717064],[23.54288534166736,44.32181269959204],[23.588024133974407,44.32291114951406],[23.584990004602243,44.29457024577788],[23.586480958936203,44.285793730859105],[23.56162186162683,44.287479797720444],[23.56041317583683,44.278609790443035],[23.557817912578226,44.27847516567862],[23.55660069220945,44.27326616056318],[23.538095178489893,44.27389882811373],[23.54258620544059,44.25576181483295],[23.54098440587996,44.25215862471033],[23.515731812266246,44.2614241042938],[23.498079705930223,44.26549216605175],[23.49313429464223,44.26912688300182],[23.493460328198925,44.26715347517931],[23.489554385394467,44.26733139515948],[23.478987249538527,44.270320688414266],[23.491091536697795,44.28116621955824],[23.464172008354367,44.28897447910355],[23.464445664109004,44.292448526601454],[23.44957840989361,44.295963079123524],[23.426189933876035,44.297191245155055],[23.383995165840524,44.310141221589284],[23.39000499470704,44.32658844445931]]],[[[23.498616834081204,44.37410604235526],[23.498186850022318,44.37210763698266],[23.485213180098757,44.37002648764701],[23.485055601387643,44.35271203008357],[23.49701886277548,44.35507576578212],[23.496963767836125,44.35333310781554],[23.49410185881296,44.333562748906644],[23.48282372369682,44.33217187509112],[23.481076973490282,44.318752927180626],[23.38932371189486,44.326622484308714],[23.373462643267764,44.33030464459475],[23.35325103848632,44.33077015029161],[23.342057273269788,44.33352702424066],[23.344299193419953,44.33889152469295],[23.349620731652234,44.33816753931538],[23.35563184769488,44.356258040582226],[23.380009861331448,44.35446421645166],[23.378845092670783,44.365309136915705],[23.38537907712062,44.386991009040116],[23.37975838769572,44.38750455268962],[23.38146655121976,44.39357311036966],[23.37942423284864,44.39961191534002],[23.398644574345592,44.39831553463658],[23.3988900929302,44.401548960966295],[23.408128620974388,44.40034719397627],[23.409867665072145,44.3972686115002],[23.44346350116536,44.401636236051196],[23.48844641836151,44.39908186313034],[23.48621236066622,44.38250492964498],[23.48795312132308,44.37571843312597],[23.498616834081204,44.37410604235526]]],[[[23.573836944206576,44.415102205895835],[23.578327879003517,44.41858506546441],[23.607880894024927,44.39841914614606],[23.622067803910298,44.38238862196336],[23.640081019234582,44.37093512779727],[23.638439196597975,44.367555544623784],[23.64605860398041,44.366497558920294],[23.63978959873488,44.3550944872636],[23.63048467818553,44.349579044176856],[23.6305245704378,44.343514793686126],[23.632430289585532,44.3439888992499],[23.63040709994513,44.33939791048617],[23.61933557681522,44.3350729651373],[23.62012237701331,44.33309052880224],[23.61586469824915,44.33258348295349],[23.61587238860117,44.32989894334549],[23.60434052800281,44.33094376874463],[23.603413032494696,44.32349489031684],[23.568787455292746,44.323106708188405],[23.569945838135055,44.333593638004864],[23.562489735141927,44.33543986441595],[23.557775443784053,44.33407798059563],[23.55958192046328,44.33734884699585],[23.570694796121604,44.33620492891589],[23.577952880844347,44.346294953541204],[23.578314509613186,44.3505694039934],[23.571252650256387,44.349912784143186],[23.570824387233642,44.35264295534303],[23.578523427922526,44.35284299754307],[23.58316995212949,44.36068012451022],[23.584908035987002,44.372158706037965],[23.5772100171794,44.370274244313016],[23.579506946486397,44.3749592146194],[23.569579723329248,44.37573069296978],[23.570320157087075,44.377482627058335],[23.56532576738075,44.380273825019245],[23.568482707924908,44.38345964564177],[23.568521541234045,44.38895219424401],[23.559303239123462,44.39050874870901],[23.554593451529712,44.39561814088978],[23.563970049034715,44.41072774859334],[23.551531859956064,44.412705687641356],[23.56240249224588,44.42587439582156],[23.573836944206576,44.415102205895835]]],[[[23.66343577030747,44.42683715558478],[23.65995401619811,44.42722517689531],[23.651108176761927,44.420999804080644],[23.647230845462,44.421700599183296],[23.64544911779622,44.425577258870824],[23.648356533284705,44.42943962616926],[23.64361044404803,44.43372638583196],[23.639056161497386,44.433154966314525],[23.632871210163884,44.43901807507272],[23.614991340064726,44.444010559114865],[23.61108378955703,44.45281332025685],[23.613601028573168,44.45477571564599],[23.627756246935004,44.45557241812866],[23.648511585116143,44.47117435225384],[23.652471144665874,44.468721537154515],[23.66623472892208,44.4760529268523],[23.668863568926746,44.48129564647817],[23.680843547039238,44.482357560131284],[23.685817723432297,44.47912093863215],[23.6813840060065,44.47475478288508],[23.68432571451897,44.473082500260496],[23.687137142924175,44.474403773080844],[23.68929513275171,44.472249264156005],[23.683850770746226,44.4698786414258],[23.68959456091281,44.46499038034863],[23.69401174664409,44.467171521349215],[23.694962088557613,44.465856272262066],[23.69530566714531,44.45369010193913],[23.690417118180886,44.44867487178825],[23.694154646214372,44.448384103035785],[23.688585869898343,44.44245797216892],[23.690973512142666,44.439421035315874],[23.66343577030747,44.42683715558478]]],[[[23.56322805559176,44.376447268951104],[23.579506946486397,44.3749592146194],[23.5772100171794,44.370274244313016],[23.584908035987002,44.372158706037965],[23.58316995212949,44.36068012451022],[23.578523427922526,44.35284299754307],[23.570824387233642,44.35264295534303],[23.571252650256387,44.349912784143186],[23.578314509613186,44.3505694039934],[23.577952880844347,44.346294953541204],[23.570694796121604,44.33620492891589],[23.55958192046328,44.33734884699585],[23.557775443784053,44.33407798059563],[23.562489735141927,44.33543986441595],[23.569945838135055,44.333593638004864],[23.568787455292746,44.323106708188405],[23.54288534166736,44.32181269959204],[23.532697136610185,44.32523650854516],[23.529794837999088,44.31615122080148],[23.523024909303697,44.311216356997036],[23.508636076400997,44.312787217192216],[23.50262598446716,44.31141739293202],[23.503432231790622,44.316867037276324],[23.481076973490282,44.318752927180626],[23.48282372369682,44.33217187509112],[23.49410185881296,44.333562748906644],[23.496963767836125,44.35333310781554],[23.49701886277548,44.35507576578212],[23.485055601387643,44.35271203008357],[23.485213180098757,44.37002648764701],[23.498186850022318,44.37210763698266],[23.499504686055833,44.3745148474727],[23.520445283186397,44.373502359094466],[23.52060975796816,44.370359134699825],[23.530499910837378,44.372014073478866],[23.54144222485594,44.36666129857113],[23.539386939222627,44.363516902137434],[23.54529813959352,44.36157837679362],[23.55560876227209,44.36855719230633],[23.561220172752304,44.36801065318242],[23.56322805559176,44.376447268951104]]],[[[23.442304960428547,44.42833500474785],[23.432867315782936,44.42698425949047],[23.43283132568008,44.42324952374658],[23.425748285964875,44.421948715925886],[23.427301857252946,44.419069944295416],[23.421630959977186,44.41872854956569],[23.42148773894863,44.41556360614613],[23.415290835771025,44.417365801415585],[23.387687402900617,44.4144765550062],[23.38966489286426,44.40667751253721],[23.394552240882973,44.408513525755566],[23.3988234880545,44.40653505771075],[23.398644574345592,44.39831553463658],[23.37942423284864,44.39961191534002],[23.38146655121976,44.39357311036966],[23.37975838769572,44.38750455268962],[23.35134862866331,44.390632746730915],[23.314306409196213,44.39036737610595],[23.314276959613448,44.41442509026567],[23.29006368702025,44.41215843351312],[23.288662747994085,44.420117930419735],[23.283985687876708,44.41965049761434],[23.282962873373222,44.424856984314104],[23.287588369366418,44.42523535926414],[23.285812246246103,44.43209173260162],[23.29144630658547,44.433359648911974],[23.34689301311106,44.43279458296474],[23.347933223997174,44.43627753375363],[23.382173534781177,44.43962976571118],[23.410570177994053,44.43815092759567],[23.41562546095079,44.43339851135808],[23.435054955539034,44.432097830628024],[23.442331395543594,44.43012403754341],[23.442304960428547,44.42833500474785]]]]},"properties":{"alert_id":"f8ef9ac21effe0cb","source":"nowcasting","alert_type":"nowcasting","feature_id":"3794071a6914da7048","judet_cod":"DJ","judet_nume":"Dolj","county_code":"DJ","county_name":"Dolj","cod_judet":"DJ","cod_culoare":1,"cod_culoare_nume":"Galben","culoare":"1","cod":"Galben","fenomen_principal":"Averse torențiale care vor acumula 15...25 l/mp, descărcări electrice, intensificări ale vântului (50...70 km/h).","fenomen_group":"ploi/vijelii","zona_text":"Județul Dolj: Filiași, Argetoaia, Brădești, Braloștița, Breasta, Goiești, Coțofenii din Dos, Cernătești, Scăești, Sopot, Almăj, Terpezița, Brabova, Predești, Coțofenii din Față, Pleșoi, Gogoșu;<br>","zona_nume":"Dolj - localitati","zone_name":"Dolj - localitati","display_name":"Dolj - localitati","localities":["Filiași","Argetoaia","Brădești","Braloștița","Breasta","Goiești","Coțofenii din Dos","Cernătești","Scăești","Sopot","Almăj","Terpezița","Brabova","Predești","Coțofenii din Față","Pleșoi","Gogoșu"],"geometry_source":"uat_match","match_confidence":"high","interval_text":"","interval_start":"2026-08-12T22:30:00","valid_from":"2026-08-12T22:30:00","valid_to":"2026-08-12T23:30:00","interval_valabilitate_text":"","interval_end":"2026-08-12T23:30:00","data_expirare":"2026-08-12T23:30:00","mesaj_plain":"Averse torențiale care vor acumula 15...25 l/mp, descărcări electrice, intensificări ale vântului (50...70 km/h).","source_url":"","source_label":"","notes":"","durata_ore":1.0,"zi":"2026-08-12"}},{"type":"Feature","geometry":{"type":"MultiPolygon","coordinates":[[[[23.588836340598355,44.61509412070759],[23.600971128906348,44.60535464165056],[23.598577035063894,44.59980567934406],[23.604775458658253,44.59420843369315],[23.613113018115243,44.592656020386016],[23.614890692036898,44.589974421051565],[23.59061405680675,44.58258141405186],[23.592931320597554,44.57217802788897],[23.598004819472816,44.56851213382985],[23.599849426143567,44.56337779930787],[23.597352438108526,44.557826525379],[23.607162783548006,44.558575657149525],[23.607395365179087,44.55521172558754],[23.59985217970784,44.550889582748816],[23.60158149026057,44.542454318132854],[23.593955700844,44.54211828959322],[23.582428719878475,44.55884816790989],[23.578172867812423,44.55856727768034],[23.58074940091259,44.549745236468034],[23.579295408979913,44.53998465979728],[23.582301321798898,44.536058345408904],[23.56639237838092,44.52792811277535],[23.570957202226225,44.52438749614444],[23.559496986883754,44.51685751937709],[23.554470188532104,44.51886005931083],[23.548843109732996,44.51429263630011],[23.54617647749858,44.50929074166276],[23.547740785881135,44.50371320404271],[23.541835883589137,44.51164615709533],[23.53193745085605,44.514733576310675],[23.529017470676095,44.522525866950524],[23.52592147582164,44.524247896756336],[23.51706201170319,44.525131774751316],[23.514291164670226,44.51423074158392],[23.50861005196196,44.512701041894026],[23.503643197586783,44.51795384208748],[23.49290844802426,44.51955111553584],[23.473402413970636,44.51564829350196],[23.445657154365158,44.51819200149033],[23.446063775231547,44.522340283784516],[23.423093678844193,44.52934857713924],[23.421555012124806,44.53180777293064],[23.428107454761737,44.53304079948352],[23.43534393830779,44.53993097501541],[23.428324410061347,44.5425519063959],[23.43964332884647,44.54574777670083],[23.44375982588829,44.550873600216946],[23.452166733543226,44.55261134388745],[23.455043372419496,44.56956097161334],[23.46654632042233,44.569108010486076],[23.46532761158501,44.57397649432528],[23.46123537416719,44.57309699129098],[23.458501237476597,44.57439831482712],[23.462859864342843,44.57505676504612],[23.465660493226096,44.57859204305712],[23.48942907731198,44.578723289380655],[23.492848321177533,44.57091285733391],[23.496936446711686,44.57120458792291],[23.494190961303886,44.57930202974682],[23.50773106506565,44.58332432853352],[23.505262150876966,44.58597094825207],[23.507328678520032,44.592500964653965],[23.50988171403919,44.59791535475258],[23.515639022517465,44.598514034270266],[23.5145060922014,44.60146718865017],[23.547055783148114,44.60580400006547],[23.548032453357223,44.608065848144456],[23.564052011678857,44.60747659455414],[23.565356564112296,44.610133698612],[23.588836340598355,44.61509412070759]]],[[[23.605095906300512,44.55284423475551],[23.610213056123385,44.55136183518766],[23.609397939971153,44.543226350453786],[23.628606715456442,44.548457623224444],[23.645247930305203,44.5500998279284],[23.649180924565083,44.548669660727434],[23.647939193507735,44.53743071808575],[23.658096630155914,44.53126197179529],[23.653620247830474,44.52840599412573],[23.655308846815284,44.526475106484256],[23.663610461612894,44.525949294811376],[23.6699568530413,44.51867942366083],[23.670089996228548,44.51513947468615],[23.667653582013536,44.5141169951277],[23.671239080856033,44.51414045185091],[23.669653471046175,44.501918836150864],[23.67436299660257,44.499905708851706],[23.671393647866914,44.4984144001266],[23.688683275387778,44.48822507174471],[23.679925030473655,44.4818979850467],[23.668863568926746,44.48129564647817],[23.66623472892208,44.4760529268523],[23.652471144665874,44.468721537154515],[23.648511585116143,44.47117435225384],[23.628827849590603,44.456880182218825],[23.618148442432386,44.46814666153709],[23.599125645489906,44.47415724852292],[23.598323242900257,44.47741172379359],[23.60333758343493,44.483653025555434],[23.590067653840617,44.498162653820124],[23.57986714283914,44.497784128614185],[23.57158043094944,44.502902273654634],[23.555875595240284,44.49985905764402],[23.547740785881135,44.50371320404271],[23.546157788754098,44.50905199710348],[23.554470188532104,44.51886005931083],[23.559496986883754,44.51685751937709],[23.570957202226225,44.52438749614444],[23.566837609459746,44.52828519586999],[23.582301321798898,44.536058345408904],[23.579295408979913,44.53998465979728],[23.58074940091259,44.549745236468034],[23.578172867812423,44.55856727768034],[23.582428719878475,44.55884816790989],[23.593955700844,44.54211828959322],[23.60158149026057,44.542454318132854],[23.59984409702178,44.55086654450022],[23.605095906300512,44.55284423475551]]],[[[23.706167891453703,44.59142765111007],[23.716671708802025,44.567320376260916],[23.727785612179737,44.56994461201672],[23.728795643572948,44.56783934023335],[23.736031319893183,44.56599540461102],[23.742923190912116,44.56841958309661],[23.743389216449696,44.56512748120489],[23.7492268278883,44.56467933856945],[23.750121301354106,44.56262244809271],[23.747906115001907,44.562058395024025],[23.754858156937857,44.558315806477324],[23.760348348309847,44.5509335610403],[23.785826854871253,44.54185076262418],[23.796684017890158,44.5323957034236],[23.77757373959921,44.526243301571434],[23.77197722244909,44.53040432878841],[23.761917771364153,44.52160953417331],[23.735811057736406,44.51283789041156],[23.667699636984732,44.51407613743317],[23.670165667333418,44.515420668687916],[23.66756873941227,44.52235090150554],[23.661658031954346,44.52663720447322],[23.655235053515646,44.52650774842792],[23.65312124740334,44.52946446808778],[23.65808968166399,44.53127512967694],[23.64797106397335,44.537370053623086],[23.648951732140226,44.548812888021565],[23.645247930305203,44.5500998279284],[23.628606715456442,44.548457623224444],[23.609397939971153,44.543226350453786],[23.610213056123385,44.55136183518766],[23.605095906300512,44.55284423475551],[23.607162783548006,44.558575657149525],[23.597352438108526,44.557826525379],[23.599849426143567,44.56337779930787],[23.598004819472816,44.56851213382985],[23.592931320597554,44.57217802788897],[23.590416172348622,44.58144841378048],[23.5916374553077,44.5835993526712],[23.612855353148852,44.58955196970069],[23.623817931055495,44.58853634205314],[23.629915701094088,44.59289604737388],[23.658685273547402,44.59797603478241],[23.66266269946034,44.600395963757016],[23.674604557543947,44.598520813367],[23.69712584333472,44.602044478668596],[23.700134808746792,44.59940978965131],[23.696308399037438,44.59609639593019],[23.706167891453703,44.59142765111007]]],[[[23.849104106526344,44.46705099770516],[23.85567156185542,44.44939837446766],[23.85056235418013,44.44848291896855],[23.851344976116323,44.44339567663287],[23.83655711983163,44.44075625993331],[23.82639439369905,44.43610842479283],[23.834161072595354,44.40805606257101],[23.833884202220847,44.39982484444085],[23.836132094574012,44.39940471355629],[23.83452982453943,44.39571748833846],[23.83753593366812,44.39453202828635],[23.829092323917404,44.38548077255225],[23.848087022514047,44.37244836360924],[23.845505307036625,44.37066499348028],[23.84928662343267,44.368078759738545],[23.852588170568023,44.37171023646402],[23.868831820918665,44.36039904776666],[23.837676550908537,44.34056068118697],[23.83622387988698,44.344944133562976],[23.831040916099195,44.34438944617453],[23.82633822553458,44.351379696970675],[23.82035447594585,44.35073822457105],[23.821632143148932,44.35709864906764],[23.82839949177692,44.35963556020907],[23.827568775257316,44.36366724803437],[23.82147086170152,44.36273194997765],[23.821741646978573,44.36483747169995],[23.81911436681763,44.36365125646231],[23.820941960337183,44.362547055454726],[23.81252970290846,44.36104370218686],[23.815395276651852,44.35764516752612],[23.81875899984399,44.35848520184619],[23.817944950074274,44.35413191349947],[23.821008508846017,44.35459253609943],[23.82073441095772,44.35321187279962],[23.81332641316532,44.35282593738247],[23.810676462196586,44.35726353795111],[23.805842408503167,44.35610763235644],[23.806337664360612,44.35838456933802],[23.801011787886246,44.357938976031576],[23.801593943296787,44.35495775369521],[23.796160012317497,44.35451078211617],[23.794064441082984,44.345707550945804],[23.784798644028847,44.347060099681286],[23.752513696653956,44.36674766271357],[23.757676005425854,44.37130146788606],[23.750606370268393,44.376312996779816],[23.75547936225854,44.379771704098005],[23.761444280664723,44.379966591122034],[23.765611576254322,44.39401330631261],[23.76957767589918,44.39775771528577],[23.773259340292192,44.41828482914621],[23.76664315155278,44.424420447518685],[23.750029349438723,44.42569196535882],[23.744364959719338,44.43442291615406],[23.73916315460938,44.432150013077674],[23.737579015075372,44.43420758170843],[23.75023097857639,44.43992526027698],[23.75977719200884,44.43802408711718],[23.759423494097334,44.44248475151685],[23.757639145453975,44.44271408786853],[23.758163717370127,44.438919023076515],[23.753837774278747,44.442073737318125],[23.750152657508814,44.44111420241425],[23.74822045472078,44.44590077452248],[23.752384029887214,44.44690037696118],[23.751793561223085,44.44454224625072],[23.75669381105778,44.44524002964898],[23.758183570116543,44.44827008546186],[23.77665353323983,44.45281440409099],[23.771206001054892,44.46157682913365],[23.76675734933025,44.462132426689166],[23.774110676352834,44.465427007714226],[23.786466736630164,44.46902200427874],[23.788939361292055,44.465934401788886],[23.819067692496816,44.47264201675075],[23.81994326845802,44.467194520830915],[23.829976421105638,44.45803539891601],[23.845614651899865,44.46306580529032],[23.849104106526344,44.46705099770516]]],[[[23.421555012124806,44.53180777293064],[23.423093678844193,44.52934857713924],[23.446063775231547,44.522340283784516],[23.445657154365158,44.51819200149033],[23.46080524377798,44.516040790205686],[23.473539140916255,44.5156545979586],[23.49290844802426,44.51955111553584],[23.503643197586783,44.51795384208748],[23.510962185468166,44.512686685326074],[23.514291164670226,44.51423074158392],[23.51593792645314,44.52434418626613],[23.52592147582164,44.524247896756336],[23.529017470676095,44.522525866950524],[23.53193745085605,44.514733576310675],[23.541200832821893,44.512055043103594],[23.547740785881135,44.50371320404271],[23.55566543040021,44.4999178543066],[23.57158043094944,44.502902273654634],[23.580706188559553,44.49756904842574],[23.589857488239986,44.49828461034328],[23.60187693219899,44.486099956074064],[23.603524819282132,44.48131813632456],[23.598036870004464,44.476093332113145],[23.58533333201703,44.479415493566975],[23.573447537752553,44.47402247876528],[23.568593511914578,44.47478468014792],[23.560453707748792,44.47200930120237],[23.55995395709323,44.47381204587517],[23.545065116752223,44.476068418007245],[23.530736299400377,44.48318585975496],[23.516679581877394,44.486707882846886],[23.44047768946054,44.50030327726696],[23.432455294015544,44.506379991838436],[23.433408684912035,44.50775480214671],[23.42808645087607,44.50901246749316],[23.434668737962262,44.5144661026046],[23.432387975880832,44.51535780161397],[23.42881226864685,44.51271061389572],[23.424284333020875,44.514160240420075],[23.425933836830197,44.51512786662324],[23.42354922988169,44.517393043103276],[23.414062785878777,44.52068312221604],[23.41820921145492,44.525960219107006],[23.415573150464752,44.52691454964864],[23.417057389694584,44.531962875964254],[23.421555012124806,44.53180777293064]]],[[[23.8506430080086,44.47042062351667],[23.845614651899865,44.46306580529032],[23.829976421105638,44.45803539891601],[23.81994326845802,44.467194520830915],[23.819067692496816,44.47264201675075],[23.788939361292055,44.465934401788886],[23.786466736630164,44.46902200427874],[23.773092108626038,44.46512534244535],[23.76675734933025,44.462132426689166],[23.771206001054892,44.46157682913365],[23.77665353323983,44.45281440409099],[23.758183570116543,44.44827008546186],[23.75669381105778,44.44524002964898],[23.751793561223085,44.44454224625072],[23.752384029887214,44.44690037696118],[23.74822045472078,44.44590077452248],[23.750152657508814,44.44111420241425],[23.753837774278747,44.442073737318125],[23.758163717370127,44.438919023076515],[23.757639145453975,44.44271408786853],[23.759423494097334,44.44248475151685],[23.75977719200884,44.43802408711718],[23.75023097857639,44.43992526027698],[23.73414164342929,44.43291062773208],[23.725869011300208,44.438455273009325],[23.73322424165972,44.43795648066942],[23.732043422792632,44.441413255564505],[23.73831409730921,44.44577437978291],[23.73409263392807,44.44940628161879],[23.721543352813168,44.44724838401802],[23.711435479453115,44.46089067627432],[23.711788231669676,44.46761938731284],[23.70049615507234,44.475953885695056],[23.693936096233013,44.48540215497558],[23.67216753693026,44.49743343537193],[23.67436299660257,44.499905708851706],[23.669653471046175,44.501918836150864],[23.671239080856033,44.51414045185091],[23.735811057736406,44.51283789041156],[23.761917771364153,44.52160953417331],[23.77197722244909,44.53040432878841],[23.77757373959921,44.526243301571434],[23.796684017890158,44.5323957034236],[23.805627879682174,44.524721488909826],[23.8166865084183,44.50658532874078],[23.811194568118076,44.50250016547816],[23.813796046402327,44.49353094622105],[23.827206915447388,44.49956397197143],[23.835785526800777,44.49029904283271],[23.844919036989854,44.48751433346796],[23.83276944325579,44.481973101294095],[23.832354695018246,44.47938763377075],[23.838031331179067,44.482045353212136],[23.84251297847071,44.4733602521426],[23.8506430080086,44.47042062351667]]],[[[23.88529816912309,44.51205115982135],[23.890329201996927,44.508007663101196],[23.89853692241832,44.507366172920314],[23.904110989862236,44.49900052368999],[23.888310071758156,44.48429816531259],[23.863836996604668,44.46882464304188],[23.849169241049385,44.466991875115426],[23.8506430080086,44.47042062351667],[23.84251297847071,44.4733602521426],[23.838031331179067,44.482045353212136],[23.832354695018246,44.47938763377075],[23.83276944325579,44.481973101294095],[23.844919036989854,44.48751433346796],[23.835785526800777,44.49029904283271],[23.827206915447388,44.49956397197143],[23.813838015743094,44.49348245325986],[23.810975929378156,44.497184053899],[23.81346593343339,44.49855854217706],[23.811194568118076,44.50250016547816],[23.8166865084183,44.50658532874078],[23.805499577512094,44.52486894009942],[23.785826854871253,44.54185076262418],[23.760545522464643,44.5508129823692],[23.754858156937857,44.558315806477324],[23.747906115001907,44.562058395024025],[23.750121301354106,44.56262244809271],[23.7492268278883,44.56467933856945],[23.743389216449696,44.56512748120489],[23.742923190912116,44.56841958309661],[23.74534580069521,44.56892182951752],[23.76361949730944,44.56769395517005],[23.762478003705528,44.57595212199061],[23.77426199512794,44.58243762012092],[23.77650834184575,44.59112572535646],[23.773279740716415,44.59225834660477],[23.773845342145783,44.59639414625187],[23.768924402912365,44.604326433779015],[23.77101450039715,44.626307576616156],[23.786078149192075,44.62983873811078],[23.787485406287345,44.63709186857806],[23.806222255481163,44.64242134582546],[23.805320298406528,44.639794199494496],[23.808545234593243,44.63694112376631],[23.8063738715243,44.632273796265665],[23.814518052709943,44.63559779130494],[23.82419480821972,44.62729938149448],[23.825525401265576,44.60940468224307],[23.830876189437976,44.60945646555491],[23.83191518386586,44.600024768448854],[23.8382910545846,44.593528830585086],[23.838454825094853,44.58178380770509],[23.845369663060765,44.5785663450822],[23.83752924483372,44.575808309498676],[23.840977770625543,44.57423138502131],[23.844999803105743,44.575442558648376],[23.840973321261387,44.57091843196529],[23.846796164055437,44.5709054246694],[23.849019871218495,44.57434872962971],[23.85222509506054,44.57217381655856],[23.85104629420432,44.569027901482706],[23.845916090798806,44.567848858149226],[23.846998692354585,44.564577113482635],[23.851259109778052,44.56404269995834],[23.854182355990098,44.56651622525287],[23.856638023742693,44.56456636578318],[23.854248362737525,44.555240763097785],[23.856104347744957,44.55413929388616],[23.849463117805005,44.5510941533728],[23.85085708675518,44.547863626046606],[23.858872603271404,44.552803390984714],[23.861432917690436,44.5502351082183],[23.862960162374122,44.54584717098834],[23.859478206863933,44.53560290604492],[23.861975782428708,44.53688636812741],[23.865329011811166,44.535482473392484],[23.875180315396406,44.525612273725585],[23.876158608622468,44.52125889570944],[23.872595629995693,44.51874700945507],[23.872904679413434,44.51547429308818],[23.88529816912309,44.51205115982135]]],[[[23.89874133993992,44.62580699502687],[23.88133573315133,44.614499057571855],[23.880904041432824,44.61092156174624],[23.886197630744448,44.60514958277924],[23.885297034487355,44.59868467740645],[23.89090407662745,44.59526144682299],[23.889732547820625,44.58939918403363],[23.897820281949926,44.57470856421661],[23.911084288170418,44.578930745096685],[23.915995286070174,44.56693965315333],[23.921752414511662,44.56310826510491],[23.923930700073303,44.540587569948],[23.92820754203204,44.53022501517964],[23.905936237296828,44.517779086907616],[23.90943832679317,44.51351333275007],[23.903501606798677,44.51147783897149],[23.90022257005992,44.5134218969271],[23.896825070999732,44.51265535468865],[23.901871384807684,44.51634181601897],[23.89413690844139,44.51533611105139],[23.886888242413566,44.51117377957536],[23.883040761778712,44.512262669250276],[23.88521372944811,44.51334676667102],[23.87756809114522,44.51325259186868],[23.872904679413434,44.51547429308818],[23.872595629995693,44.51874700945507],[23.876158608622468,44.52125889570944],[23.875245417633945,44.52548599683947],[23.865329011811166,44.535482473392484],[23.861975782428708,44.53688636812741],[23.859478206863933,44.53560290604492],[23.862960162374122,44.54584717098834],[23.858872603271404,44.552803390984714],[23.85085708675518,44.547863626046606],[23.849463117805005,44.5510941533728],[23.856104347744957,44.55413929388616],[23.854248362737525,44.555240763097785],[23.856638023742693,44.56456636578318],[23.854182355990098,44.56651622525287],[23.851259109778052,44.56404269995834],[23.84584551690852,44.56582315650676],[23.852143597694372,44.57145365978542],[23.84956971031241,44.57421804818445],[23.844327121981355,44.57035631415526],[23.84064233492047,44.571429821507266],[23.844973348732363,44.575468674866904],[23.837780147133337,44.575396377936876],[23.845369663060765,44.5785663450822],[23.838454825094853,44.58178380770509],[23.8382910545846,44.593528830585086],[23.83191518386586,44.600024768448854],[23.830876189437976,44.60945646555491],[23.825525401265576,44.60940468224307],[23.82461925215559,44.626641647349544],[23.814518052709943,44.63559779130494],[23.8063738715243,44.632273796265665],[23.808545234593243,44.63694112376631],[23.805196624780944,44.640404858480345],[23.816574923636757,44.64756105567016],[23.827054035561506,44.63642491396184],[23.841979841758977,44.638635192317295],[23.84485648273122,44.63455500799948],[23.85543927297111,44.630828350992765],[23.85910624674521,44.624426438935494],[23.876217004442044,44.63038453119175],[23.89874133993992,44.62580699502687]]],[[[23.789519372269506,44.658834997842675],[23.789523285962183,44.652911425648824],[23.78632924724649,44.64925651858371],[23.78850004981425,44.63970013534111],[23.78682137488195,44.63075070676806],[23.77101450039715,44.626307576616156],[23.768924402912365,44.604326433779015],[23.776677534628465,44.587288411545224],[23.77426199512794,44.58243762012092],[23.762478003705528,44.57595212199061],[23.76361949730944,44.56769395517005],[23.746439563880514,44.56900804274449],[23.736031319893183,44.56599540461102],[23.728795643572948,44.56783934023335],[23.727785612179737,44.56994461201672],[23.716671708802025,44.567320376260916],[23.707704450106647,44.585086828103385],[23.71642073785849,44.59803138534281],[23.710448515816775,44.609504158123364],[23.719924716026924,44.62754549478929],[23.71832723116735,44.63669701966589],[23.708471206072783,44.64196598908113],[23.71443475927647,44.65046887995602],[23.708130429758235,44.658333531092644],[23.714096839096563,44.66924706086829],[23.71957961060125,44.6715817848441],[23.726777527073274,44.669576536321166],[23.73193247457319,44.66301858081259],[23.732058164141232,44.65040156640082],[23.743589372175325,44.649613279386145],[23.743772682036298,44.64483986739906],[23.762125705958944,44.646472627256394],[23.76786887636108,44.64907286300783],[23.768045408358187,44.652061723236805],[23.789519372269506,44.658834997842675]]],[[[23.8820551458042,44.42346739872928],[23.9088688565941,44.389558013550115],[23.895558853949044,44.37641140607947],[23.868831820918665,44.36039904776666],[23.852588170568023,44.37171023646402],[23.84928662343267,44.368078759738545],[23.845505307036625,44.37066499348028],[23.848087022514047,44.37244836360924],[23.829092323917404,44.38548077255225],[23.83753593366812,44.39453202828635],[23.83452982453943,44.39571748833846],[23.836132094574012,44.39940471355629],[23.833884202220847,44.39982484444085],[23.834161072595354,44.40805606257101],[23.82639439369905,44.43610842479283],[23.83655711983163,44.44075625993331],[23.851344976116323,44.44339567663287],[23.85056235418013,44.44848291896855],[23.85567156185542,44.44939837446766],[23.849169241049385,44.466991875115426],[23.863836996604668,44.46882464304188],[23.884088290491952,44.48160473918541],[23.899495022914877,44.47428369418933],[23.90122680721201,44.4751743377128],[23.904822150938163,44.46972174727905],[23.90892831491103,44.468816173511776],[23.903221942259776,44.46663004582999],[23.89122323111597,44.46674688774318],[23.89175659812632,44.465012298068565],[23.8858794147758,44.461319042730956],[23.890209350767464,44.45808318818924],[23.89767254243616,44.45754713060097],[23.894240272840072,44.44558244455624],[23.882298095664744,44.43328634849855],[23.88431021889597,44.4276823817683],[23.8820551458042,44.42346739872928]]],[[[23.780509064163063,44.71398703114859],[23.785272624245945,44.70217135042118],[23.785600028985666,44.693330973686116],[23.78072930889918,44.68873308383185],[23.78634875245322,44.680104188664885],[23.790982822739373,44.68082670144453],[23.79119443990909,44.66928054900962],[23.7870567330065,44.66305269680855],[23.789519372269506,44.658834997842675],[23.768045408358187,44.652061723236805],[23.76786887636108,44.64907286300783],[23.762125705958944,44.646472627256394],[23.743772682036298,44.64483986739906],[23.743589372175325,44.649613279386145],[23.732058164141232,44.65040156640082],[23.73193247457319,44.66301858081259],[23.726777527073274,44.669576536321166],[23.717340564967635,44.67090590955726],[23.721134478742343,44.68122437778747],[23.72601990218615,44.68549150613463],[23.719073652919437,44.693449923119225],[23.72165603527784,44.6946338126423],[23.722337678618814,44.701342363038826],[23.715134134071953,44.70425956683794],[23.713004188078255,44.711374212481275],[23.71600349454989,44.72501395365529],[23.721698417777223,44.72967252767987],[23.732887450215035,44.72170646390317],[23.74760264630409,44.71614353487494],[23.780509064163063,44.71398703114859]]]]},"properties":{"alert_id":"f97a0173a0c3aef3","source":"nowcasting","alert_type":"nowcasting","feature_id":"47f051687e8ba6961d","judet_cod":"DJ","judet_nume":"Dolj","county_code":"DJ","county_name":"Dolj","cod_judet":"DJ","cod_culoare":1,"cod_culoare_nume":"Galben","culoare":"1","cod":"Galben","fenomen_principal":"Averse torențiale care vor acumula 15...25 l/mp, descărcări electrice, intensificări ale vântului (50...70 km/h).","fenomen_group":"ploi/vijelii","zona_text":"Județul Gorj: Turceni, Plopșoru, Țânțăreni, Turburea, Aninoasa, Crușet, Negomir, Vladimir, Borăscu, Urdari, Stoina, Logrești, Stejari, Dănciulești, Brănești, Săulești, Licurici, Căpreni, Ionești, Berlești, Jupânești, Hurezani, Bărbătești;<br>Județul Olt: Iancu Jianu, Morunglav, Cârlogani, Vulpeni, Găvănești, Călui, Dobrețu;<br>Județul Vâlcea: Bălcești, Fârtățești, Șușani, Valea Mare, Zătreni, Tetoiu, Laloșu, Livezi, Ghioroiu, Măciuca, Diculești, Făurești, Lăcusteni;<br>Județul Dolj: Filiași, Brădești, Melinești, Șimnicu de Sus, Braloștița, Goiești, Murgași, Bulzești, Fărcaș, Mischii, Tălpaș;<br>Județul Mehedinţi: Grozești;<br>","zona_nume":"Dolj - localitati","zone_name":"Dolj - localitati","display_name":"Dolj - localitati","localities":["Filiași","Brădești","Melinești","Șimnicu de Sus","Braloștița","Goiești","Murgași","Bulzești","Fărcaș","Mischii","Tălpaș"],"geometry_source":"uat_match","match_confidence":"high","interval_text":"","interval_start":"2026-08-12T21:40:00","valid_from":"2026-08-12T21:40:00","valid_to":"2026-08-12T22:40:00","interval_valabilitate_text":"","interval_end":"2026-08-12T22:40:00","data_expirare":"2026-08-12T22:40:00","mesaj_plain":"Averse torențiale care vor acumula 15...25 l/mp, descărcări electrice, intensificări ale vântului (50...70 km/h).","source_url":"","source_label":"","notes":"","durata_ore":1.0,"zi":"2026-08-12"}},{"type":"Feature","geometry":{"type":"MultiPolygon","coordinates":[[[[23.24102,44.740008],[23.487208,44.922537],[23.627088,44.93046],[23.940419,44.81944],[24.141846,44.596756],[24.158631,44.425185],[23.890062,44.425185],[23.498399,44.509039],[23.24102,44.740008]]]]},"properties":{"alert_id":"f97a0173a0c3aef3","source":"nowcasting","alert_type":"nowcasting","feature_id":"eecc4bfeb892842de8","judet_cod":"GJ","judet_nume":"Gorj","county_code":"GJ","county_name":"Gorj","cod_judet":"GJ","cod_culoare":1,"cod_culoare_nume":"Galben","culoare":"1","cod":"Galben","fenomen_principal":"Averse torențiale care vor acumula 15...25 l/mp, descărcări electrice, intensificări ale vântului (50...70 km/h).","fenomen_group":"ploi/vijelii","zona_text":"Județul Gorj: Turceni, Plopșoru, Țânțăreni, Turburea, Aninoasa, Crușet, Negomir, Vladimir, Borăscu, Urdari, Stoina, Logrești, Stejari, Dănciulești, Brănești, Săulești, Licurici, Căpreni, Ionești, Berlești, Jupânești, Hurezani, Bărbătești;<br>Județul Olt: Iancu Jianu, Morunglav, Cârlogani, Vulpeni, Găvănești, Călui, Dobrețu;<br>Județul Vâlcea: Bălcești, Fârtățești, Șușani, Valea Mare, Zătreni, Tetoiu, Laloșu, Livezi, Ghioroiu, Măciuca, Diculești, Făurești, Lăcusteni;<br>Județul Dolj: Filiași, Brădești, Melinești, Șimnicu de Sus, Braloștița, Goiești, Murgași, Bulzești, Fărcaș, Mischii, Tălpaș;<br>Județul Mehedinţi: Grozești;<br>","zona_nume":"Gorj - localitati","zone_name":"Gorj - localitati","display_name":"Gorj - localitati","localities":["Turceni","Plopșoru","Țânțăreni","Turburea","Aninoasa","Crușet","Negomir","Vladimir","Borăscu","Urdari","Stoina","Logrești","Stejari","Dănciulești","Brănești","Săulești","Licurici","Căpreni","Ionești","Berlești","Jupânești","Hurezani","Bărbătești"],"geometry_source":"coordGis","match_confidence":"high","interval_text":"","interval_start":"2026-08-12T21:40:00","valid_from":"2026-08-12T21:40:00","valid_to":"2026-08-12T22:40:00","interval_valabilitate_text":"","interval_end":"2026-08-12T22:40:00","data_expirare":"2026-08-12T22:40:00","mesaj_plain":"Averse torențiale care vor acumula 15...25 l/mp, descărcări electrice, intensificări ale vântului (50...70 km/h).","source_url":"","source_label":"","notes":"","durata_ore":1.0,"zi":"2026-08-12"}},{"type":"Feature","geometry":{"type":"MultiPolygon","coordinates":[[[[23.315623295891083,44.66182396112159],[23.3213079514762,44.653700142239224],[23.319658889542772,44.64778686427756],[23.348195586071785,44.636156174772395],[23.35674560550803,44.63002615264575],[23.37219769457977,44.62677267029404],[23.393426542269776,44.62949618400875],[23.384885186340213,44.62026430367957],[23.40449521404029,44.611531909960156],[23.412741184902945,44.610524111781956],[23.41229317111343,44.603046006646764],[23.403321415042143,44.59134914259352],[23.389083857259596,44.59031569703456],[23.373146690182395,44.59706352739177],[23.358216643177347,44.596366027733644],[23.368335845239393,44.6037770522057],[23.345438765125333,44.60383297921997],[23.32878709473927,44.60894413761069],[23.330303925074276,44.61056572562463],[23.325973226213293,44.6100408750204],[23.325632999820545,44.62336290545918],[23.314782703944562,44.63031061823517],[23.30911494156003,44.62906588645402],[23.308351982643917,44.63207532457045],[23.29183184430202,44.638259157128644],[23.293232572363852,44.64096370399756],[23.28799375419618,44.64383092992308],[23.28271260404799,44.64168025145235],[23.280524223530712,44.642258908957714],[23.282291735141865,44.64544384795443],[23.27264880277096,44.64380155145431],[23.278336974315128,44.64594445023191],[23.27873245885359,44.6492784285838],[23.265265747967863,44.648693758698776],[23.26053318206165,44.64459908876881],[23.2454400618582,44.65047478245279],[23.235022052369523,44.6581611738637],[23.226620345500717,44.660557747094984],[23.235344067859717,44.66479768795111],[23.227088933318672,44.66807102498876],[23.229255210347883,44.67040808987426],[23.23221919626106,44.66915053945061],[23.236353395670513,44.67159693005219],[23.24791867880651,44.66983284609209],[23.261244078249845,44.670842929356695],[23.27447315812717,44.668788491140795],[23.28817130903238,44.67649832985617],[23.29348734022033,44.67081944325464],[23.315623295891083,44.66182396112159]]]]},"properties":{"alert_id":"f97a0173a0c3aef3","source":"nowcasting","alert_type":"nowcasting","feature_id":"335c48ba19aa736d3c","judet_cod":"MH","judet_nume":"Mehedinți","county_code":"MH","county_name":"Mehedinți","cod_judet":"MH","cod_culoare":1,"cod_culoare_nume":"Galben","culoare":"1","cod":"Galben","fenomen_principal":"Averse torențiale care vor acumula 15...25 l/mp, descărcări electrice, intensificări ale vântului (50...70 km/h).","fenomen_group":"ploi/vijelii","zona_text":"Județul Gorj: Turceni, Plopșoru, Țânțăreni, Turburea, Aninoasa, Crușet, Negomir, Vladimir, Borăscu, Urdari, Stoina, Logrești, Stejari, Dănciulești, Brănești, Săulești, Licurici, Căpreni, Ionești, Berlești, Jupânești, Hurezani, Bărbătești;<br>Județul Olt: Iancu Jianu, Morunglav, Cârlogani, Vulpeni, Găvănești, Călui, Dobrețu;<br>Județul Vâlcea: Bălcești, Fârtățești, Șușani, Valea Mare, Zătreni, Tetoiu, Laloșu, Livezi, Ghioroiu, Măciuca, Diculești, Făurești, Lăcusteni;<br>Județul Dolj: Filiași, Brădești, Melinești, Șimnicu de Sus, Braloștița, Goiești, Murgași, Bulzești, Fărcaș, Mischii, Tălpaș;<br>Județul Mehedinţi: Grozești;<br>","zona_nume":"Mehedinți - localitati","zone_name":"Mehedinți - localitati","display_name":"Mehedinți - localitati","localities":["Grozești"],"geometry_source":"uat_match","match_confidence":"high","interval_text":"","interval_start":"2026-08-12T21:40:00","valid_from":"2026-08-12T21:40:00","valid_to":"2026-08-12T22:40:00","interval_valabilitate_text":"","interval_end":"2026-08-12T22:40:00","data_expirare":"2026-08-12T22:40:00","mesaj_plain":"Averse torențiale care vor acumula 15...25 l/mp, descărcări electrice, intensificări ale vântului (50...70 km/h).","source_url":"","source_label":"","notes":"","durata_ore":1.0,"zi":"2026-08-12"}},{"type":"Feature","geometry":{"type":"MultiPolygon","coordinates":[[[[23.994799485012937,44.534513928612256],[24.001009679855382,44.53556316306576],[24.01262003075377,44.530852510520674],[24.027835950125674,44.529435646699184],[24.030823906834947,44.52685042566352],[24.025249000731872,44.52042627536843],[24.028164705354236,44.517359803761984],[24.04088299840012,44.52311904221106],[24.04380047894432,44.51376233480334],[24.036038265553977,44.50885827188263],[24.036191130512858,44.50560161246864],[24.041372566416968,44.50465506599462],[24.051462696503858,44.51025693605368],[24.06261705262407,44.49560381676429],[24.054862673189017,44.497263693093124],[24.05593618526827,44.49486425403455],[24.071498541546617,44.49504601839363],[24.076116927475553,44.49246196877075],[24.081272696857617,44.482879252183736],[24.059336815698288,44.4777274343402],[24.05387389188036,44.47008592721602],[24.046646123120976,44.46705237493519],[24.031019501811798,44.46644585494437],[24.018080248291998,44.47026880623305],[23.993210748434755,44.46295504668649],[23.986391347509628,44.474395506124345],[23.992017245258005,44.47308419221741],[23.99885600456962,44.47531791896456],[23.99219874891812,44.48371674340666],[23.985961345682703,44.481648185467286],[23.98555357322674,44.485029697037454],[23.983998656278967,44.48433924891396],[23.96184301102624,44.50806845778144],[23.960852515369144,44.5098163869703],[23.96829493303416,44.511502390404104],[23.96449246484245,44.514866030863736],[23.962532093536236,44.52202780092916],[23.94175950579211,44.52987684765992],[23.940363349133033,44.532451651369065],[23.93063703622352,44.526787116901346],[23.929047867158033,44.528078433369636],[23.939734596980287,44.53435941317407],[23.956610427624845,44.530983344335546],[23.990145325419764,44.53830439962672],[23.994799485012937,44.534513928612256]]],[[[24.11608968401195,44.524310136820404],[24.132219940289378,44.5106160914472],[24.137428465746247,44.50148756149741],[24.14915225573442,44.49268978645671],[24.148489364216065,44.48714453564334],[24.15704827993406,44.47736634758298],[24.156663705706606,44.46397306111004],[24.159834926676172,44.46307755227015],[24.164772486070216,44.465748139600606],[24.16801280770782,44.4720338844319],[24.176362658954133,44.46764129517043],[24.189678939199382,44.464810212465984],[24.18586215113734,44.463552318757294],[24.19079602775439,44.458512384585305],[24.186953632575715,44.457864827227375],[24.18596329253296,44.453670422687786],[24.191745182036858,44.42394894128033],[24.175167031100166,44.42231059650642],[24.160783409028827,44.41651979083895],[24.152582241662124,44.42374959337578],[24.153970926823327,44.43122138545518],[24.107531285210918,44.42558341168325],[24.112098931047157,44.43391125700805],[24.109570208025975,44.436414131840465],[24.108459591066538,44.43391317899132],[24.104101452388843,44.43448130141236],[24.10530526135205,44.444367120185866],[24.09823150360763,44.445303170732046],[24.099482424182433,44.442071276909154],[24.095483163437976,44.44082506528675],[24.096794505748896,44.44293061991266],[24.09217966057407,44.44630163620244],[24.094252068607535,44.45020996219323],[24.08985567920837,44.450951061618],[24.092488664094766,44.45632841503394],[24.09534700045496,44.45684928469525],[24.094205070672515,44.458896954528136],[24.089387614794454,44.45909880838729],[24.096806227218732,44.46645606348372],[24.088261494678886,44.46748176852937],[24.089497260909894,44.474077565140064],[24.08518695728609,44.473134448398085],[24.08446224013574,44.47452657672918],[24.07562844597523,44.46910749096069],[24.067403819617333,44.47248552506381],[24.06819862118355,44.47374322800876],[24.072461143174902,44.47120637545594],[24.076176690830195,44.472711982030326],[24.07632371292265,44.4790090816816],[24.081272696857617,44.482879252183736],[24.07783147155749,44.49002603312304],[24.08315775223006,44.491888563809134],[24.081174538694565,44.49914855853987],[24.091995750331886,44.51093812792643],[24.086725204207077,44.5143223429107],[24.094956503261972,44.515792845072745],[24.108073331701,44.52479725810219],[24.109257422339155,44.52338802158938],[24.11608968401195,44.524310136820404]]],[[[23.998894115128653,44.4581681474258],[24.012063930254556,44.45005640671548],[23.990884075200434,44.441205768259316],[23.990182178805938,44.439037672693914],[23.986498034490666,44.44211259007873],[23.9848788520584,44.44080577441111],[23.9684787351661,44.41039162873294],[23.96152054385036,44.410893785899006],[23.95102347674291,44.41612689791919],[23.901414047455038,44.425087893434586],[23.89048900400668,44.412789997233],[23.8820551458042,44.42346739872928],[23.88431021889597,44.4276823817683],[23.88237040189486,44.43354826616248],[23.894240272840072,44.44558244455624],[23.89767254243616,44.45754713060097],[23.890209350767464,44.45808318818924],[23.8858794147758,44.461319042730956],[23.89175659812632,44.465012298068565],[23.89122323111597,44.46674688774318],[23.903221942259776,44.46663004582999],[23.90892831491103,44.468816173511776],[23.904822150938163,44.46972174727905],[23.901046067840216,44.47526590841864],[23.8997078269006,44.474211161401385],[23.893372467257922,44.47842735510831],[23.883075517703862,44.48058186021846],[23.904110989862236,44.49900052368999],[23.91918549565787,44.49082206442502],[23.92616752949178,44.484150519560295],[23.932846393534508,44.469439518849235],[23.940781639178216,44.46651420905136],[23.951526882818122,44.45766112863716],[23.961406292730505,44.462024675942075],[23.964485408534024,44.45718614874336],[23.977208795050334,44.449723833155666],[23.987500922257777,44.453779397234705],[23.989563204563336,44.45115104893332],[23.992160403052324,44.451445635269366],[23.998894115128653,44.4581681474258]]],[[[24.019263401421732,44.445091004971374],[24.02026705437796,44.44121006510774],[24.031737704260447,44.43522016193096],[24.049807295250307,44.431084457038686],[24.046943988192044,44.424403285261896],[24.049003031416774,44.41922155692571],[24.045705259652983,44.41890053805112],[24.038832605785807,44.403788167354726],[24.036643395501134,44.404513475471354],[24.035754291592248,44.40102100890046],[24.02706038765271,44.39364037066299],[24.003295546646836,44.38734833721145],[24.002630813963926,44.38401899826192],[23.987670025829075,44.38367869956896],[23.977789689675213,44.38013770165515],[23.95795874890581,44.381749950583796],[23.97226350131705,44.419871205876575],[23.979225420197793,44.42871337966541],[23.98278441266841,44.4387884730586],[23.986498034490666,44.44211259007873],[23.990182178805938,44.439037672693914],[23.990884075200434,44.441205768259316],[24.012063930254556,44.45005640671548],[24.019263401421732,44.445091004971374]]],[[[24.10380930614767,44.439791417199075],[24.084888394404107,44.439160584589175],[24.084776695195913,44.436479041176064],[24.080737861610537,44.43579690960134],[24.074792179871377,44.43869659373398],[24.075418146508515,44.43509471186985],[24.059450608857155,44.431199954939586],[24.019263401421732,44.445091004971374],[24.000942532472855,44.455465155162884],[23.993210748434755,44.46295504668649],[24.018080248291998,44.47026880623305],[24.031019501811798,44.46644585494437],[24.046646123120976,44.46705237493519],[24.05387389188036,44.47008592721602],[24.059336815698288,44.4777274343402],[24.077737099218695,44.4818268059568],[24.076176690830195,44.472711982030326],[24.072461143174902,44.47120637545594],[24.06819862118355,44.47374322800876],[24.067403819617333,44.47248552506381],[24.07562844597523,44.46910749096069],[24.08446224013574,44.47452657672918],[24.08518695728609,44.473134448398085],[24.089497260909894,44.474077565140064],[24.088261494678886,44.46748176852937],[24.097121704636333,44.46569910993334],[24.089387614794454,44.45909880838729],[24.094205070672515,44.458896954528136],[24.09534700045496,44.45684928469525],[24.092488664094766,44.45632841503394],[24.08985567920837,44.450951061618],[24.094252068607535,44.45020996219323],[24.09217966057407,44.44630163620244],[24.096794505748896,44.44293061991266],[24.095483163437976,44.44082506528675],[24.099482424182433,44.442071276909154],[24.09823150360763,44.445303170732046],[24.10530526135205,44.444367120185866],[24.10380930614767,44.439791417199075]]],[[[23.986391347509628,44.474395506124345],[23.998894115128653,44.4581681474258],[23.990281446596335,44.45105516073778],[23.987500922257777,44.453779397234705],[23.977208795050334,44.449723833155666],[23.964485408534024,44.45718614874336],[23.961319548426566,44.4620458870996],[23.951526882818122,44.45766112863716],[23.940781639178216,44.46651420905136],[23.932846393534508,44.469439518849235],[23.92616752949178,44.484150519560295],[23.91918549565787,44.49082206442502],[23.904110989862236,44.49900052368999],[23.89809933232646,44.507657557599494],[23.890329201996927,44.508007663101196],[23.88531130500818,44.51208746991437],[23.901871384807684,44.51634181601897],[23.89679029056668,44.512691553522906],[23.904769190102684,44.51173119026204],[23.90952067768066,44.51355534976372],[23.905936237296828,44.517779086907616],[23.92820754203204,44.53022501517964],[23.93063703622352,44.526787116901346],[23.940363349133033,44.532451651369065],[23.94175950579211,44.52987684765992],[23.962532093536236,44.52202780092916],[23.96449246484245,44.514866030863736],[23.96829493303416,44.511502390404104],[23.96070164373527,44.5097094306019],[23.963720795480437,44.5056550210583],[23.983998656278967,44.48433924891396],[23.98555357322674,44.485029697037454],[23.985961345682703,44.481648185467286],[23.99219874891812,44.48371674340666],[23.998548508109227,44.475766377345316],[23.992017245258005,44.47308419221741],[23.986391347509628,44.474395506124345]]]]},"properties":{"alert_id":"f97a0173a0c3aef3","source":"nowcasting","alert_type":"nowcasting","feature_id":"5a4bb736525cc05135","judet_cod":"OT","judet_nume":"Olt","county_code":"OT","county_name":"Olt","cod_judet":"OT","cod_culoare":1,"cod_culoare_nume":"Galben","culoare":"1","cod":"Galben","fenomen_principal":"Averse torențiale care vor acumula 15...25 l/mp, descărcări electrice, intensificări ale vântului (50...70 km/h).","fenomen_group":"ploi/vijelii","zona_text":"Județul Gorj: Turceni, Plopșoru, Țânțăreni, Turburea, Aninoasa, Crușet, Negomir, Vladimir, Borăscu, Urdari, Stoina, Logrești, Stejari, Dănciulești, Brănești, Săulești, Licurici, Căpreni, Ionești, Berlești, Jupânești, Hurezani, Bărbătești;<br>Județul Olt: Iancu Jianu, Morunglav, Cârlogani, Vulpeni, Găvănești, Călui, Dobrețu;<br>Județul Vâlcea: Bălcești, Fârtățești, Șușani, Valea Mare, Zătreni, Tetoiu, Laloșu, Livezi, Ghioroiu, Măciuca, Diculești, Făurești, Lăcusteni;<br>Județul Dolj: Filiași, Brădești, Melinești, Șimnicu de Sus, Braloștița, Goiești, Murgași, Bulzești, Fărcaș, Mischii, Tălpaș;<br>Județul Mehedinţi: Grozești;<br>","zona_nume":"Olt - localitati","zone_name":"Olt - localitati","display_name":"Olt - localitati","localities":["Iancu Jianu","Morunglav","Cârlogani","Vulpeni","Găvănești","Călui","Dobrețu"],"geometry_source":"uat_match","match_confidence":"medium","interval_text":"","interval_start":"2026-08-12T21:40:00","valid_from":"2026-08-12T21:40:00","valid_to":"2026-08-12T22:40:00","interval_valabilitate_text":"","interval_end":"2026-08-12T22:40:00","data_expirare":"2026-08-12T22:40:00","mesaj_plain":"Averse torențiale care vor acumula 15...25 l/mp, descărcări electrice, intensificări ale vântului (50...70 km/h).","source_url":"","source_label":"","notes":"","durata_ore":1.0,"zi":"2026-08-12"}},{"type":"Feature","geometry":{"type":"MultiPolygon","coordinates":[[[[23.95589905453914,44.69032596551864],[23.95977947400621,44.6737032037592],[23.9647574628353,44.66814936882563],[23.962448193170754,44.660429198301166],[23.965097636761286,44.65522534398885],[23.986490764590563,44.65272297960402],[23.981723049443193,44.64466568123799],[23.990004833717652,44.64270920120112],[23.985779765132296,44.63870003343647],[23.978778155894208,44.63644492510358],[23.98416568743742,44.62985028672558],[23.968843116318038,44.63114926949464],[23.96925947582848,44.62679795397149],[23.9634216498496,44.62302361635618],[23.964635953872232,44.61710318752309],[23.9570110137552,44.60499255536886],[23.965037280215494,44.59122987683691],[23.960647845034103,44.5787288605649],[23.96326936258033,44.575040776209924],[23.969287334499764,44.5732798235377],[23.96426030886123,44.5699662436695],[23.983238167934026,44.5628601844418],[23.98828696833298,44.54353811196442],[23.997000673201708,44.537262068054346],[23.994799485012937,44.534513928612256],[23.990145325419764,44.53830439962672],[23.95650373153115,44.53097632659367],[23.939734596980287,44.53435941317407],[23.92868846915531,44.528136309124136],[23.923930700073303,44.540587569948],[23.921752414511662,44.56310826510491],[23.915995286070174,44.56693965315333],[23.911084288170418,44.578930745096685],[23.897820281949926,44.57470856421661],[23.889732547820625,44.58939918403363],[23.89090407662745,44.59526144682299],[23.884990748789146,44.599188187309075],[23.886197630744448,44.60514958277924],[23.88046581565571,44.613098529441785],[23.89093014977129,44.62169971720557],[23.899089333963083,44.624496715125105],[23.902965878538257,44.632403605151204],[23.91259594650362,44.64166050204029],[23.93272239401677,44.64794520226938],[23.936161189747686,44.65606692223465],[23.9326947759189,44.65775754270417],[23.912750878488453,44.64938613303075],[23.898335613847813,44.64786072727012],[23.895619875289366,44.649300329221624],[23.89789134554275,44.65127310168695],[23.889826166268975,44.65260350928388],[23.88565722886054,44.67691244498535],[23.907852064933998,44.67597289275702],[23.90347496726803,44.680909349493696],[23.911430879913265,44.68502083597293],[23.907941600794395,44.69002585177076],[23.913915315899114,44.69330794071218],[23.91079790900682,44.697402878134476],[23.914348643161755,44.69779759418124],[23.91568665800005,44.700337522374774],[23.92131288381596,44.70018466355005],[23.922626862677504,44.702977837510296],[23.931014391933786,44.70271040857097],[23.93172473089848,44.70576655929499],[23.941152892660636,44.707368527786734],[23.944246826207742,44.70487647482842],[23.94294971480602,44.69638840910475],[23.946433080848557,44.69622395007162],[23.94545417985709,44.69328630081635],[23.949030472721578,44.69399340981568],[23.948793452116938,44.691485914741556],[23.95589905453914,44.69032596551864]]],[[[24.12303639165943,44.636406418312696],[24.120260342412873,44.633980976014755],[24.133785059746543,44.61197847955037],[24.138563754815518,44.613606342681614],[24.140780732222474,44.60862021260891],[24.149074681917334,44.603675292788765],[24.154904425008876,44.59302361989303],[24.138022294581894,44.59265933543299],[24.130476771424643,44.587083256832095],[24.130829808115475,44.58436300078687],[24.138625185091577,44.57914592514467],[24.1397163090086,44.57047126442026],[24.155545758688227,44.55872781763616],[24.143095483377323,44.55543594932255],[24.129234800598077,44.54058626871797],[24.117473168592294,44.538052000357766],[24.10908238962234,44.551221797034245],[24.1027796303511,44.54843782956705],[24.09883724859147,44.55449635846263],[24.087794952987586,44.55102190237309],[24.084967341393877,44.55735514115197],[24.079660084365656,44.556803793417224],[24.078948629730938,44.56020166928176],[24.07655646482392,44.55907547762744],[24.071441124923417,44.56435519895256],[24.070539572003852,44.570298444929556],[24.06435957901886,44.57361583936772],[24.060723824788553,44.5793262384149],[24.061268316601925,44.594871203867534],[24.0728263592035,44.59412179174351],[24.07184255637482,44.59705889882039],[24.070379539659594,44.599768861631496],[24.055567064311326,44.599774005434895],[24.045085255617764,44.61847827984188],[24.048173711886932,44.625540797366085],[24.057041222610007,44.634723196677406],[24.050837998539933,44.637713349702565],[24.052684923593787,44.640688843483765],[24.06220983289451,44.63925769941422],[24.066748046485696,44.6478115199683],[24.07264783870479,44.650123238219486],[24.075187554456235,44.65440101469672],[24.075578782094382,44.65278666989542],[24.087980640694024,44.65524834271194],[24.087037385935663,44.652654495929404],[24.089921405726525,44.65133233738684],[24.087189085004496,44.64679954308881],[24.09238499437336,44.64606451352589],[24.09583586789846,44.63996655720046],[24.11435558895981,44.645970322437975],[24.12303639165943,44.636406418312696]]],[[[24.080911427684466,44.71703280756605],[24.07660266081963,44.705495656296705],[24.07045081525121,44.704976468033976],[24.073113678916574,44.70174003376007],[24.061517904010284,44.70131775862436],[24.056932542963956,44.69307234981479],[24.05936642194492,44.6847415358692],[24.05311151041307,44.684289291205275],[24.05779906630652,44.679777900424604],[24.065315850073965,44.679757141376626],[24.07545336046938,44.66845108458674],[24.08193980984073,44.665358926324366],[24.074289950564346,44.66313555179402],[24.080180950925058,44.65415885862525],[24.075578782094382,44.65278666989542],[24.07627625690785,44.6544664595612],[24.075187554456235,44.65440101469672],[24.07264783870479,44.650123238219486],[24.066748046485696,44.6478115199683],[24.06220983289451,44.63925769941422],[24.0528069045381,44.64081466600647],[24.050837998539933,44.637713349702565],[24.057041222610007,44.634723196677406],[24.053520775822754,44.632240557059575],[24.045818347742802,44.637334894664406],[24.041251555303923,44.64394234949172],[24.026825600638315,44.64479276173565],[24.022117927530648,44.64376862264484],[24.00427737786767,44.63148128682526],[24.000858428714416,44.63271497224402],[23.98439176716619,44.6300489781412],[23.978705355538253,44.63624442381421],[23.989972221949333,44.64250193707062],[23.981723049443193,44.64466568123799],[23.986490764590563,44.65272297960402],[23.965097636761286,44.65522534398885],[23.962448193170754,44.660429198301166],[23.9647574628353,44.66814936882563],[23.95977947400621,44.6737032037592],[23.95589905453914,44.69032596551864],[23.9674786568691,44.69438272996487],[23.972003944206836,44.69258371281429],[23.973256563602096,44.69692912919277],[23.98022285509641,44.696683385141945],[23.98700188383612,44.70052069388576],[23.986961793543763,44.70694648856048],[23.982705295017556,44.70908017359047],[23.98209613877719,44.71197657694104],[23.992812179665037,44.71583564277492],[23.994941515177775,44.71929908944426],[23.988616439246957,44.7199904777883],[23.990922721450488,44.72521135619688],[23.98653699751392,44.7269357699879],[23.986410548292522,44.72909174067837],[23.989590534202414,44.730976351229],[24.004979444335408,44.73092316479875],[24.003472279209095,44.72902644293128],[24.010897416927612,44.72592792882896],[24.01935829834551,44.72888291342592],[24.030836070294207,44.7269847032421],[24.029520398161786,44.724858474549876],[24.03629148476121,44.722779631239874],[24.060012603002946,44.72148152503764],[24.06713275096744,44.72451571197165],[24.071944248359884,44.720992136820534],[24.085286087890196,44.72023007012654],[24.080911427684466,44.71703280756605]]],[[[23.88278597362415,44.82342475123736],[23.90315979846073,44.81468971169844],[23.89704556457901,44.808942646936465],[23.89604709337176,44.801914540015424],[23.890563379679797,44.7978853456069],[23.890233247100507,44.79384790650257],[23.885831152225183,44.7897695850507],[23.88954748398725,44.78004957318723],[23.88842927297751,44.772733780896054],[23.88287209450025,44.76972584228949],[23.899186783943687,44.747543145339264],[23.885388093009976,44.74070843745055],[23.88847286891552,44.73998634389112],[23.888046192475937,44.73726449415378],[23.880214758165646,44.73384251064259],[23.863420215307233,44.733381125733786],[23.846707042743333,44.72629963157407],[23.824205813310048,44.72458190370414],[23.82246887066409,44.72874249462257],[23.824601583064304,44.73377068291113],[23.820046617646696,44.74889504451409],[23.80377397995116,44.74424438458393],[23.803515228530966,44.741064077329796],[23.797858597873166,44.73808888321114],[23.788263810913172,44.73762652590631],[23.784820279574326,44.741416267468736],[23.77902095231858,44.7418446108074],[23.78169115673262,44.74762593797843],[23.776715857418942,44.753696961401594],[23.78083870740567,44.75936077291003],[23.773124014922317,44.767742142652516],[23.77334637404348,44.77476839262053],[23.770595229864167,44.77885121077072],[23.7724576862551,44.7910444701063],[23.776097508172505,44.7969293566085],[23.79531715213325,44.80018737884881],[23.801950570768213,44.799526125433296],[23.816054100623234,44.79319500919468],[23.823651139094245,44.7944295716279],[23.828539286911226,44.792815166297714],[23.832658494823455,44.79384552115881],[23.832553445244525,44.79636408440585],[23.856076074500155,44.797371229008526],[23.862927378385994,44.81649432027869],[23.861925876651643,44.82310473938343],[23.872554707826893,44.82102222712398],[23.873173002348036,44.82388342440939],[23.88278597362415,44.82342475123736]]],[[[23.95082874909571,44.841443623243826],[23.94764735495205,44.831526945039485],[23.93761820050554,44.830349532398905],[23.94071389553844,44.82592704422425],[23.9409519275911,44.81108561833766],[23.945255926940593,44.80692039186115],[23.938651995543395,44.79158126649368],[23.951493886033628,44.77075887070594],[23.946739099115447,44.76248449921408],[23.956435536189005,44.75312874455298],[23.955149818196034,44.74205729266786],[23.94936305598846,44.72886663257139],[23.954073076929472,44.71619275364482],[23.94517864489735,44.71261130470048],[23.941152892660636,44.707368527786734],[23.93172473089848,44.70576655929499],[23.931014391933786,44.70271040857097],[23.92737211317822,44.70194682801555],[23.92749634390312,44.70392453745627],[23.922431279569626,44.70290041338995],[23.92131288381596,44.70018466355005],[23.91568665800005,44.700337522374774],[23.914622611167296,44.70904940277415],[23.903883591504304,44.71665745853256],[23.909044451261625,44.719103762932065],[23.910892635210722,44.72307331170712],[23.9051754373176,44.725139329220724],[23.905050678947795,44.728425945823965],[23.901648378935658,44.73028814899906],[23.901689827215357,44.732871404730936],[23.90800922343565,44.73452295992742],[23.91027973597298,44.73885528409669],[23.89641871331829,44.74967550609632],[23.88287209450025,44.76972584228949],[23.888466403929925,44.772877998725626],[23.889547563896663,44.78016023319179],[23.886160180224973,44.79053634654289],[23.89604709337176,44.801914540015424],[23.89704556457901,44.808942646936465],[23.90315979846073,44.81468971169844],[23.88278597362415,44.82342475123736],[23.885417801970785,44.84339965044961],[23.897217199906887,44.841857507707225],[23.94149359477011,44.84389267013405],[23.95082874909571,44.841443623243826]]],[[[24.117473168592294,44.538052000357766],[24.11608968401195,44.524310136820404],[24.109257422339155,44.52338802158938],[24.108073331701,44.52479725810219],[24.094956503261972,44.515792845072745],[24.086725204207077,44.5143223429107],[24.091995750331886,44.51093812792643],[24.081174538694565,44.49914855853987],[24.08315775223006,44.491888563809134],[24.07776243405466,44.49024287687505],[24.069945247993278,44.495607598239054],[24.0560727158545,44.494750465934864],[24.054862673189017,44.497263693093124],[24.06261705262407,44.49560381676429],[24.051462696503858,44.51025693605368],[24.041372566416968,44.50465506599462],[24.03653289833795,44.50527395888589],[24.036038265553977,44.50885827188263],[24.04383480749087,44.51389960837603],[24.04066974839865,44.52323323961863],[24.028164705354236,44.517359803761984],[24.025249000731872,44.52042627536843],[24.030823906834947,44.52685042566352],[24.027835950125674,44.529435646699184],[24.01262003075377,44.530852510520674],[24.001009679855382,44.53556316306576],[23.994799485012937,44.534513928612256],[23.99636940457968,44.53892999003019],[24.018646513801567,44.558906241191735],[24.045445108712585,44.56378666232263],[24.066714910591855,44.57230831617499],[24.070539572003852,44.570298444929556],[24.0751375277875,44.560326227776585],[24.078948629730938,44.56020166928176],[24.079660084365656,44.556803793417224],[24.084967341393877,44.55735514115197],[24.087794952987586,44.55102190237309],[24.09883724859147,44.55449635846263],[24.1027796303511,44.54843782956705],[24.10908238962234,44.551221797034245],[24.117473168592294,44.538052000357766]]],[[[23.885417801970785,44.84339965044961],[23.88278597362415,44.82342475123736],[23.873173002348036,44.82388342440939],[23.872554707826893,44.82102222712398],[23.861357852040104,44.822387385992904],[23.862927378385994,44.81649432027869],[23.856841088918724,44.7975615167181],[23.832553445244525,44.79636408440585],[23.832658494823455,44.79384552115881],[23.828539286911226,44.792815166297714],[23.823651139094245,44.7944295716279],[23.816054100623234,44.79319500919468],[23.801165367965314,44.799633047894844],[23.79244754421618,44.80021506988019],[23.78639260732685,44.79772951002459],[23.78738848110884,44.806608911849494],[23.7957979455892,44.817615449317344],[23.78559349754285,44.835626828262455],[23.78166965021006,44.83827834529846],[23.78535016645141,44.844021618953754],[23.78511616808154,44.8499414788845],[23.78014752750064,44.86206331771317],[23.776191309751727,44.86538685317632],[23.793563968190693,44.86435901100624],[23.801790105986218,44.86746901395545],[23.803957377559133,44.87121467136129],[23.819706814701632,44.87014383136472],[23.83726269410402,44.872538892067254],[23.83756299230437,44.87404179019646],[23.864738435996035,44.87837339260601],[23.88333865787383,44.886271325073075],[23.883620419828386,44.87912992582283],[23.87326650748507,44.87428854663614],[23.874460106134535,44.86940060442878],[23.88208317254949,44.8646010482512],[23.885417801970785,44.84339965044961]]],[[[23.82246887066409,44.72874249462257],[23.8359085386482,44.70775966191199],[23.853273229549266,44.706292689638595],[23.856796541247636,44.705159455317464],[23.855003627181407,44.70283349574482],[23.86153939335617,44.701679469205345],[23.859675270737796,44.696517351744866],[23.86214463007415,44.68784338387231],[23.866250159131198,44.68413767358822],[23.876537244932464,44.67720751447967],[23.88565722886054,44.67691244498535],[23.886513880898047,44.66451265031055],[23.891370164720552,44.65150296998739],[23.89789134554275,44.65127310168695],[23.895619875289366,44.649300329221624],[23.898568220378383,44.64777281296915],[23.90439363075321,44.64805627820549],[23.912750878488453,44.64938613303075],[23.932250434132623,44.65764519031631],[23.936011782345176,44.656428464563064],[23.93272239401677,44.64794520226938],[23.91259594650362,44.64166050204029],[23.89874133993992,44.62580699502687],[23.876217004442044,44.63038453119175],[23.85910624674521,44.624426438935494],[23.85543927297111,44.630828350992765],[23.84485648273122,44.63455500799948],[23.841979841758977,44.638635192317295],[23.827054035561506,44.63642491396184],[23.816574923636757,44.64756105567016],[23.797525508010708,44.63912278376365],[23.787424686941407,44.637468150025434],[23.78632924724649,44.64925651858371],[23.78983519316882,44.65622393023266],[23.7870567330065,44.66305269680855],[23.79180008290281,44.67491489639857],[23.790982822739373,44.68082670144453],[23.78634875245322,44.680104188664885],[23.78072930889918,44.68873308383185],[23.78544942667619,44.692355599569375],[23.785321923095804,44.70182743580222],[23.777130064316115,44.722919622469476],[23.778727246167765,44.74154491239512],[23.784820279574326,44.741416267468736],[23.788436785416998,44.737593615797245],[23.797858597873166,44.73808888321114],[23.803515228530966,44.741064077329796],[23.80377397995116,44.74424438458393],[23.820046617646696,44.74889504451409],[23.824601583064304,44.73377068291113],[23.82246887066409,44.72874249462257]]],[[[24.09079937214061,44.775382879658224],[24.085420710652365,44.77305732866706],[24.088665383154325,44.76711678683706],[24.088688636177434,44.75842113592437],[24.09611740816352,44.76114432084783],[24.100802320678035,44.755041452591726],[24.09597859203132,44.7517186437923],[24.102770060274118,44.74427886000793],[24.0832436170621,44.735663055717396],[24.083743225999292,44.730250565706484],[24.091536675976855,44.72333563829112],[24.09016653093184,44.71871964947106],[24.080911427684466,44.71703280756605],[24.085286087890196,44.72023007012654],[24.071944248359884,44.720992136820534],[24.06713275096744,44.72451571197165],[24.060012603002946,44.72148152503764],[24.03629148476121,44.722779631239874],[24.029520398161786,44.724858474549876],[24.030836070294207,44.7269847032421],[24.01935829834551,44.72888291342592],[24.010897416927612,44.72592792882896],[24.003472279209095,44.72902644293128],[24.004979444335408,44.73092316479875],[23.996667082426697,44.73150138362891],[23.993329250769488,44.73776449992511],[23.995220692599062,44.74120820925496],[23.993008139237435,44.74822303517366],[24.00103969814781,44.75434251040606],[24.004532978294673,44.75358561478719],[24.00642621333439,44.755348089514385],[23.999571392260513,44.75866515526547],[24.006891675249843,44.76911706336686],[24.00275329129844,44.77438193643188],[24.00288217207128,44.779026992922724],[24.063282882832894,44.78174425751324],[24.084911690139222,44.78832661262245],[24.08905648004465,44.78478943255165],[24.084387106883185,44.78169202003785],[24.09079937214061,44.775382879658224]]],[[[24.053520775822754,44.632240557059575],[24.045110154628787,44.61877985401928],[24.05088100943991,44.61022631015341],[24.050298442527183,44.604153504060896],[23.98396452781021,44.58519927940942],[23.976549140784407,44.58203656186805],[23.974172485015718,44.57807468355307],[23.97109369704555,44.57978664075976],[23.96236430797954,44.575791411834786],[23.96079534803886,44.580332901674815],[23.964854000137205,44.58590080022667],[23.965037280215494,44.59122987683691],[23.9570110137552,44.60499255536886],[23.964635953872232,44.61710318752309],[23.963728391663505,44.62363434104941],[23.96925947582848,44.62679795397149],[23.968470429205134,44.63097051093665],[23.98263476032103,44.62922103467417],[24.000858428714416,44.63271497224402],[24.00427737786767,44.63148128682526],[24.022117927530648,44.64376862264484],[24.026825600638315,44.64479276173565],[24.041251555303923,44.64394234949172],[24.045818347742802,44.637334894664406],[24.053520775822754,44.632240557059575]]],[[[24.066714910591855,44.57230831617499],[24.045445108712585,44.56378666232263],[24.018646513801567,44.558906241191735],[23.99636940457968,44.53892999003019],[23.98828696833298,44.54353811196442],[23.983238167934026,44.5628601844418],[23.96426030886123,44.5699662436695],[23.969287334499764,44.5732798235377],[23.96236430797954,44.575791411834786],[23.97109369704555,44.57978664075976],[23.974172485015718,44.57807468355307],[23.976549140784407,44.58203656186805],[23.98396452781021,44.58519927940942],[24.050298442527183,44.604153504060896],[24.048922200018804,44.60662596169976],[24.05186091463064,44.60677802308164],[24.055567064311326,44.599774005434895],[24.070379539659594,44.599768861631496],[24.07184255637482,44.59705889882039],[24.0728263592035,44.59412179174351],[24.061268316601925,44.594871203867534],[24.060815893996395,44.57845313540801],[24.066714910591855,44.57230831617499]]],[[[23.91568665800005,44.700337522374774],[23.910580671643846,44.69696754925353],[23.913823677087663,44.69310900812888],[23.90794525210673,44.690517905445446],[23.91120376586365,44.68465356782202],[23.90347496726803,44.680909349493696],[23.907852064933998,44.67597289275702],[23.876537244932464,44.67720751447967],[23.86214463007415,44.68784338387231],[23.859296234477636,44.699044503917094],[23.86153939335617,44.701679469205345],[23.855003627181407,44.70283349574482],[23.856796541247636,44.705159455317464],[23.853273229549266,44.706292689638595],[23.8359085386482,44.70775966191199],[23.824205813310048,44.72458190370414],[23.846707042743333,44.72629963157407],[23.863420215307233,44.733381125733786],[23.880214758165646,44.73384251064259],[23.888046192475937,44.73726449415378],[23.88847286891552,44.73998634389112],[23.885388093009976,44.74070843745055],[23.89947334941781,44.74748717211194],[23.91027973597298,44.73885528409669],[23.90800922343565,44.73452295992742],[23.901689827215357,44.732871404730936],[23.901648378935658,44.73028814899906],[23.905050678947795,44.728425945823965],[23.9051754373176,44.725139329220724],[23.910892635210722,44.72307331170712],[23.909044451261625,44.719103762932065],[23.903883591504304,44.71665745853256],[23.914622611167296,44.70904940277415],[23.91568665800005,44.700337522374774]]]]},"properties":{"alert_id":"f97a0173a0c3aef3","source":"nowcasting","alert_type":"nowcasting","feature_id":"01301db9fcfde004d3","judet_cod":"VL","judet_nume":"Vâlcea","county_code":"VL","county_name":"Vâlcea","cod_judet":"VL","cod_culoare":1,"cod_culoare_nume":"Galben","culoare":"1","cod":"Galben","fenomen_principal":"Averse torențiale care vor acumula 15...25 l/mp, descărcări electrice, intensificări ale vântului (50...70 km/h).","fenomen_group":"ploi/vijelii","zona_text":"Județul Gorj: Turceni, Plopșoru, Țânțăreni, Turburea, Aninoasa, Crușet, Negomir, Vladimir, Borăscu, Urdari, Stoina, Logrești, Stejari, Dănciulești, Brănești, Săulești, Licurici, Căpreni, Ionești, Berlești, Jupânești, Hurezani, Bărbătești;<br>Județul Olt: Iancu Jianu, Morunglav, Cârlogani, Vulpeni, Găvănești, Călui, Dobrețu;<br>Județul Vâlcea: Bălcești, Fârtățești, Șușani, Valea Mare, Zătreni, Tetoiu, Laloșu, Livezi, Ghioroiu, Măciuca, Diculești, Făurești, Lăcusteni;<br>Județul Dolj: Filiași, Brădești, Melinești, Șimnicu de Sus, Braloștița, Goiești, Murgași, Bulzești, Fărcaș, Mischii, Tălpaș;<br>Județul Mehedinţi: Grozești;<br>","zona_nume":"Vâlcea - localitati","zone_name":"Vâlcea - localitati","display_name":"Vâlcea - localitati","localities":["Bălcești","Fârtățești","Șușani","Valea Mare","Zătreni","Tetoiu","Laloșu","Livezi","Ghioroiu","Măciuca","Diculești","Făurești","Lăcusteni"],"geometry_source":"uat_match","match_confidence":"medium","interval_text":"","interval_start":"2026-08-12T21:40:00","valid_from":"2026-08-12T21:40:00","valid_to":"2026-08-12T22:40:00","interval_valabilitate_text":"","interval_end":"2026-08-12T22:40:00","data_expirare":"2026-08-12T22:40:00","mesaj_plain":"Averse torențiale care vor acumula 15...25 l/mp, descărcări electrice, intensificări ale vântului (50...70 km/h).","source_url":"","source_label":"","notes":"","durata_ore":1.0,"zi":"2026-08-12"}},{"type":"Feature","geometry":{"type":"MultiPolygon","coordinates":[[[[24.328104,45.001459],[24.431367,44.947095],[24.371331,44.885874],[24.229644,44.838213],[24.063942,44.872261],[24.066343,44.998062],[24.328104,45.001459]]]]},"properties":{"alert_id":"4b03cd6004e757d2","source":"nowcasting","alert_type":"nowcasting","feature_id":"6fe69265a62553d283","judet_cod":"VL","judet_nume":"Vâlcea","county_code":"VL","county_name":"Vâlcea","cod_judet":"VL","cod_culoare":2,"cod_culoare_nume":"Portocaliu","culoare":"2","cod":"Portocaliu","fenomen_principal":"Averse torențiale care vor acumula 20...30 l/mp, frecvente descărcări electrice, intensificări ale vântului (70...90 km/h), grindină de mici şi posibil medii dimensiuni (1...3 cm). În zona avertizată în ultimele ore s-au acumulat cantități de 15...25 l/mp.","fenomen_group":"ploi/vijelii","zona_text":"Județul Vâlcea: Băbeni, Mihăești, Frâncești, Stoilești, Ionești, Galicea, Nicolae Bălcescu, Olanu, Popești, Șirineasa, Scundu, Roești, Pesceana;<br>","zona_nume":"Vâlcea - localitati","zone_name":"Vâlcea - localitati","display_name":"Vâlcea - localitati","localities":["Băbeni","Mihăești","Frâncești","Stoilești","Ionești","Galicea","Nicolae Bălcescu","Olanu","Popești","Șirineasa","Scundu","Roești","Pesceana"],"geometry_source":"coordGis","match_confidence":"high","interval_text":"","interval_start":"2026-08-12T20:46:00","valid_from":"2026-08-12T20:46:00","valid_to":"2026-08-12T21:45:00","interval_valabilitate_text":"","interval_end":"2026-08-12T21:45:00","data_expirare":"2026-08-12T21:45:00","mesaj_plain":"Averse torențiale care vor acumula 20...30 l/mp, frecvente descărcări electrice, intensificări ale vântului (70...90 km/h), grindină de mici şi posibil medii dimensiuni (1...3 cm). În zona avertizată în ultimele ore s-au acumulat cantități de 15...25 l/mp.","source_url":"","source_label":"","notes":"","durata_ore":1.0,"zi":"2026-08-12"}},{"type":"Feature","geometry":{"type":"MultiPolygon","coordinates":[[[[24.419414543997146,44.86005768121172],[24.407404671560194,44.84723042765198],[24.39550610964126,44.84903915462025],[24.395132687630937,44.844581536188436],[24.397427950007387,44.84368701367589],[24.384285133817055,44.82658117378055],[24.361672490419735,44.82677344146401],[24.357513948450272,44.82529578947561],[24.35696783005792,44.820193396693455],[24.354502562611728,44.820463268961355],[24.356199944917538,44.8139357104501],[24.35857177635842,44.8121860994113],[24.360628230832095,44.813822987771445],[24.36220820965057,44.81157921428552],[24.348335949300857,44.81146990086257],[24.343529496670968,44.80564252901156],[24.34455455374355,44.80237401453646],[24.334372828448824,44.80074152236662],[24.330354690841286,44.80394725031745],[24.327903648412015,44.79454735869947],[24.31696137743958,44.794099596795185],[24.315747556940305,44.79850480751632],[24.32186564165584,44.807695031569516],[24.321381242298717,44.81489377081429],[24.318833233065035,44.8161194015258],[24.326062099768553,44.81806265520459],[24.331783864455147,44.81724423412561],[24.32440336892312,44.820904477835334],[24.328207248338376,44.83133306734429],[24.31869249696682,44.839463121385634],[24.325699472408875,44.84103406799251],[24.324114169081444,44.84275900474616],[24.34195625707714,44.8534708498441],[24.332920295812386,44.864125363493926],[24.333198869941256,44.86984646679823],[24.34430103874672,44.870712301261364],[24.34916283342275,44.870086357419446],[24.35004389870704,44.86802204037552],[24.367975911295442,44.87157647972075],[24.379843782960112,44.882318136177794],[24.381401576127633,44.887654785173304],[24.383258174593287,44.88722374377018],[24.379921755196985,44.890907035517834],[24.384991967704327,44.893695576750126],[24.388406292645797,44.892110734781824],[24.385410437411558,44.89626160239963],[24.38885108374244,44.89626602841606],[24.388983934232964,44.901473449710444],[24.394998307521643,44.89845467987425],[24.396675962799033,44.90013566674751],[24.401458081914015,44.896153720042136],[24.405598010566628,44.89712325970277],[24.423811948007263,44.890615463459916],[24.426093405632024,44.88207163985015],[24.418084036915534,44.88030720132878],[24.421445099213017,44.87810430073701],[24.418859835256736,44.87374062914552],[24.423142545984522,44.87081591407412],[24.422407106140717,44.86659919862172],[24.418078756182823,44.86398913331747],[24.419414543997146,44.86005768121172]]],[[[24.39847669842593,44.77118564621824],[24.40434211739131,44.76842571371547],[24.405021183301628,44.764312741806485],[24.39900063288216,44.7593161586641],[24.39900707457175,44.754206658417466],[24.392279605841942,44.74583298042311],[24.381903365386762,44.74325717684363],[24.378965213718114,44.73909919645811],[24.372209356361427,44.74119957679519],[24.365495897762447,44.7262210174943],[24.359053246047296,44.72249745827349],[24.353128343409608,44.72244376693649],[24.3595959283408,44.71943053440868],[24.356082108866655,44.706391021159305],[24.34738870575946,44.70699634607994],[24.346404860149764,44.70355594211068],[24.31474692125149,44.69551349776582],[24.28830097898028,44.692982016825425],[24.279747259447934,44.70766487709707],[24.276221617140703,44.73842819358764],[24.289232421319547,44.73712197858921],[24.288980215120255,44.729377296460456],[24.29869734604719,44.73056512208443],[24.295840448895248,44.73690496873024],[24.313294693367656,44.73968124613189],[24.316907713823664,44.73799913937897],[24.331653418847022,44.74228445647945],[24.331256500766933,44.74507577318934],[24.334855632464187,44.74792018206548],[24.3306253442789,44.74865915241783],[24.332549509606345,44.76094395379451],[24.340645951512798,44.76174556929318],[24.339728949031432,44.76416312132971],[24.35346870077911,44.766190253890215],[24.352793468451374,44.76949773258934],[24.37036766520206,44.77161893020594],[24.37967856437315,44.76975090132502],[24.393870928504825,44.77686954497078],[24.39847669842593,44.77118564621824]]],[[[24.43759851895141,44.71788266566517],[24.42961111967521,44.71743453175198],[24.43623168772506,44.71295705360348],[24.431735708519785,44.71174667390137],[24.42993912581867,44.71335204577777],[24.430769901109358,44.71166261417206],[24.42854566810623,44.7115648741691],[24.434724088902083,44.710478185330736],[24.436069789711862,44.70547579543233],[24.43164926316036,44.70747673473118],[24.4317374992906,44.70545901401717],[24.43926172231802,44.70301283815783],[24.43756151023793,44.70104068566464],[24.4320238916925,44.70189917679489],[24.43587267456596,44.69941956626204],[24.432754733860328,44.69881416095794],[24.43473161633424,44.69774149546425],[24.433382149244416,44.69348465819511],[24.430887952140054,44.69559288789815],[24.432128182750212,44.6906345046189],[24.42999880594709,44.68975020961762],[24.433227982032818,44.68823174816431],[24.421627779438737,44.68338806719727],[24.41540558695857,44.67160647154674],[24.412588296626367,44.67146920574282],[24.436846957581682,44.66136874887251],[24.434774139115042,44.65299900185766],[24.44729321453727,44.646171140914845],[24.446824096221484,44.63842202099083],[24.44366244497873,44.63629272848234],[24.442167936387175,44.6377015267398],[24.429501061999172,44.634972165196274],[24.42196717604384,44.637447061802455],[24.41432279246746,44.63262913248805],[24.412338522256366,44.63346083702835],[24.410007584643225,44.625681670974664],[24.40654602439219,44.628990051244095],[24.409425116340007,44.62836594679561],[24.409033950684133,44.630105906204435],[24.405230046637612,44.6310696676836],[24.40216981579524,44.62916314167669],[24.404934868938035,44.63211340666294],[24.401234489763517,44.63223034208735],[24.402994380704104,44.63403257385477],[24.40070458318387,44.63360970983112],[24.400299904853245,44.63114843259836],[24.397968070574834,44.632016511948066],[24.399835584682428,44.63371243659303],[24.38798488627374,44.63543742261421],[24.38141514950353,44.634982407318866],[24.38293682470616,44.63345126294225],[24.379246033690553,44.63350361741091],[24.380612970992374,44.63232404127418],[24.37790363129624,44.63396593388143],[24.37772596222395,44.635198523219174],[24.362513929593916,44.6388979091145],[24.354699481473013,44.645347773523326],[24.36862885687461,44.65012367290245],[24.369637630492765,44.6522451539491],[24.366964687979387,44.66322569360951],[24.370756921540302,44.67130653980818],[24.366718935645622,44.67111402800261],[24.366259842694397,44.673880620959125],[24.370182416511042,44.674349694802366],[24.3657482424382,44.68260585293767],[24.368190962081137,44.6847361657075],[24.358932426723555,44.68641795098246],[24.347545523536013,44.68355647216871],[24.34551575080463,44.689846701161535],[24.339583825382622,44.68999199913463],[24.34817003949612,44.696111058482636],[24.34738870575946,44.70699634607994],[24.356082108866655,44.706391021159305],[24.3595959283408,44.71943053440868],[24.353128343409608,44.72244376693649],[24.359053246047296,44.72249745827349],[24.365495897762447,44.7262210174943],[24.372209356361427,44.74119957679519],[24.378965213718114,44.73909919645811],[24.381279751991535,44.74293189300517],[24.391602675863368,44.745288796710575],[24.39693567490749,44.75240797309894],[24.40311023060184,44.755172368847816],[24.418897203660002,44.748073051749046],[24.413451672043923,44.74569221404855],[24.41922560301363,44.74275978203942],[24.411890583894923,44.73423785097845],[24.409451420965624,44.73465882883855],[24.407515871829098,44.72673345151207],[24.416643675420207,44.72456975504883],[24.419361038861886,44.72790079270813],[24.42615942084672,44.72612351899848],[24.425834408199584,44.723300464723344],[24.42263465632736,44.722063734703916],[24.424963671856485,44.72004783935558],[24.4337456361341,44.7230335173017],[24.43759851895141,44.71788266566517]]],[[[24.58889637195232,44.76930076697044],[24.5902968669251,44.755598640326156],[24.593733759460875,44.75517808759892],[24.593790316867906,44.75087261243156],[24.60001525872864,44.75305099855049],[24.602068250876012,44.75058604554843],[24.603933981330155,44.737490505016055],[24.597417754459176,44.73534361337333],[24.598460050146773,44.7306318427857],[24.583772122961374,44.730779883199624],[24.58674834562342,44.725648737723404],[24.582191504128545,44.72348899085196],[24.587544085230263,44.72406743479854],[24.594287869347824,44.7077162880643],[24.59611745848803,44.70834459993476],[24.596766170624832,44.711218839951094],[24.59951230543077,44.71318956300495],[24.597204969897753,44.711108278564105],[24.600117021414334,44.71237298876777],[24.597884209678426,44.70974775137337],[24.599928285065648,44.71075546777701],[24.600931284067208,44.69848380372552],[24.60870992631569,44.69160089117182],[24.594732575144455,44.682237941423764],[24.5915826504777,44.67750985221478],[24.593171664029626,44.676251465433005],[24.58918220581975,44.673054063518315],[24.54758631554746,44.65998069573979],[24.548348333062002,44.657427398406],[24.543364820338876,44.656514018254846],[24.54080057535623,44.67181718956931],[24.532909956841547,44.6778559910696],[24.52704658309568,44.67827286114073],[24.534832226827415,44.69991656474491],[24.527831173307703,44.70103677896907],[24.52588191685976,44.7119328514356],[24.515048865012346,44.697731948912136],[24.51141885063334,44.70049962586661],[24.482118749266142,44.69620983471796],[24.480845335543616,44.70038176819103],[24.491309156345526,44.720965022849],[24.491015344874036,44.72379263505379],[24.484110642599635,44.723462248987616],[24.48204857604378,44.73069982211332],[24.483660687976442,44.73421620984902],[24.49144362150362,44.73803256955353],[24.48747300951458,44.73883447830073],[24.486900799834252,44.74570907634757],[24.490441039988326,44.74562273317783],[24.489635199339972,44.74788433905779],[24.49330391664457,44.75056030252507],[24.488624728843636,44.753394091434444],[24.48871130809076,44.755723327605445],[24.524162892753505,44.75710550038255],[24.524141778602154,44.758626328531975],[24.532833155586015,44.75937239996319],[24.538421401755375,44.74767423668001],[24.55936350730862,44.74876179717601],[24.560613928154055,44.75134583982336],[24.55718272274243,44.754885991843786],[24.56013855076933,44.760893247271746],[24.566406948298503,44.75710928769944],[24.56920413920944,44.76261153642038],[24.573033988805566,44.76283978055402],[24.573828362119784,44.766716143651664],[24.57746359208686,44.76709736338704],[24.575293202329696,44.77034534046476],[24.579118491957495,44.773371672375625],[24.579295282682384,44.77051168136416],[24.585264416892034,44.76991440029582],[24.581181816374546,44.76956601725485],[24.58889637195232,44.76930076697044]]],[[[24.464821455081374,44.74198555950377],[24.49144362150362,44.73803256955353],[24.483660687976442,44.73421620984902],[24.48204857604378,44.73069982211332],[24.484110642599635,44.723462248987616],[24.491015344874036,44.72379263505379],[24.491309156345526,44.720965022849],[24.480845335543616,44.70038176819103],[24.482118749266142,44.69620983471796],[24.51141885063334,44.70049962586661],[24.515048865012346,44.697731948912136],[24.524733395519586,44.71163328514827],[24.52588191685976,44.7119328514356],[24.527831173307703,44.70103677896907],[24.534832226827415,44.69991656474491],[24.52704658309568,44.67827286114073],[24.532909956841547,44.6778559910696],[24.54080057535623,44.67181718956931],[24.543364820338876,44.656514018254846],[24.526151331104685,44.65658855175657],[24.525083650761655,44.65172899553082],[24.5188682835281,44.65153311906869],[24.518417890383105,44.64860159327828],[24.50669704067459,44.647248513053825],[24.509940261808545,44.64084870913857],[24.499432669243085,44.63781975239832],[24.477892399988793,44.63859450984241],[24.468947374281218,44.62742629501614],[24.47084223083143,44.63857023219247],[24.446824096221484,44.63842202099083],[24.44729321453727,44.646171140914845],[24.434774139115042,44.65299900185766],[24.436846957581682,44.66136874887251],[24.412588296626367,44.67146920574282],[24.41540558695857,44.67160647154674],[24.421627779438737,44.68338806719727],[24.433227982032818,44.68823174816431],[24.42999880594709,44.68975020961762],[24.432128182750212,44.6906345046189],[24.430887952140054,44.69559288789815],[24.433382149244416,44.69348465819511],[24.43473161633424,44.69774149546425],[24.432754733860328,44.69881416095794],[24.43587267456596,44.69941956626204],[24.4320238916925,44.70189917679489],[24.43756151023793,44.70104068566464],[24.43926172231802,44.70301283815783],[24.43183785748782,44.70529845583365],[24.43164926316036,44.70747673473118],[24.436069789711862,44.70547579543233],[24.43480262578858,44.71040876993422],[24.42854566810623,44.7115648741691],[24.430769901109358,44.71166261417206],[24.42993912581867,44.71335204577777],[24.43543994632507,44.71173421011502],[24.43621025485026,44.71347448310657],[24.42961111967521,44.71743453175198],[24.43420995545707,44.71696580349541],[24.433172629930056,44.71830661190548],[24.43759851895141,44.71788266566517],[24.443449184775012,44.7216695460892],[24.45021683350598,44.72288208664371],[24.4537611493553,44.72827856873991],[24.451895861162868,44.731366497279204],[24.46565217711352,44.74021238858164],[24.464821455081374,44.74198555950377]]],[[[24.68826820353372,44.73393417427643],[24.707473212501352,44.731272321686795],[24.705231914962333,44.72702140675556],[24.71019547650851,44.72681168844528],[24.71001100715643,44.72204467182686],[24.715940266664756,44.71825093034213],[24.723463956953964,44.72178007526493],[24.72575924351067,44.720214486789246],[24.718351589967064,44.7167873530003],[24.721641566073647,44.71445325971826],[24.712159308424447,44.71509385649991],[24.709700264369772,44.712501609469705],[24.706579125775846,44.71407689600485],[24.710554924022897,44.710512300268576],[24.68568032224792,44.70011332495798],[24.692867261636035,44.69676506489323],[24.691157609903872,44.69552876019195],[24.70220456419486,44.65900139708663],[24.705173455984436,44.65626043793414],[24.701286243838776,44.653823116354424],[24.704586677623883,44.64874546698246],[24.695050360007354,44.64766043473301],[24.691961598672023,44.666946933240624],[24.68425764216954,44.66680296735498],[24.683486970104582,44.67113859499013],[24.679801039154732,44.669556300330285],[24.68304905480146,44.67378870576583],[24.670091617877798,44.672815307616844],[24.665556717106448,44.67471517210804],[24.663392510489718,44.67871340884135],[24.650684565689048,44.679614256210705],[24.63799800289481,44.6777442882384],[24.635499372168987,44.67534948239842],[24.64009982914969,44.673555332122106],[24.629581537063864,44.67130974723161],[24.6291978142988,44.67604865241121],[24.620933470224045,44.67670667541979],[24.61860149561494,44.683217171807655],[24.622243291434227,44.69129087026727],[24.616797475521953,44.69287290978445],[24.60981743127108,44.69055915420317],[24.605427842132944,44.69270609365977],[24.600931284067208,44.69848380372552],[24.599928285065648,44.71075546777701],[24.597884209678426,44.70974775137337],[24.600117021414334,44.71237298876777],[24.597204969897753,44.711108278564105],[24.59951230543077,44.71318956300495],[24.596766170624832,44.711218839951094],[24.59611745848803,44.70834459993476],[24.594287869347824,44.7077162880643],[24.587544085230263,44.72406743479854],[24.582191504128545,44.72348899085196],[24.58674834562342,44.725648737723404],[24.583772122961374,44.730779883199624],[24.598460050146773,44.7306318427857],[24.597417754459176,44.73534361337333],[24.603777516220326,44.73644218125694],[24.60320228204574,44.7478365757212],[24.60001525872864,44.75305099855049],[24.60677603053315,44.75381015363296],[24.613362063855185,44.74537023271389],[24.61736981789196,44.746048529782854],[24.620751153606346,44.73940852144475],[24.623636736503038,44.74006806080374],[24.6313638829489,44.73288216021636],[24.62965473057134,44.72876962226103],[24.649863302026716,44.735426382270276],[24.66344302797316,44.73759757286204],[24.663903309697353,44.73538157800562],[24.666944228180583,44.73535358379353],[24.674717526498487,44.73908821092779],[24.67382984482128,44.73698694582434],[24.683406024849734,44.737626094901046],[24.68826820353372,44.73393417427643]]],[[[24.334372828448824,44.80074152236662],[24.349169951079144,44.80296889114538],[24.35125984342157,44.79933394988202],[24.36424584927581,44.80356544860192],[24.364845098053873,44.802131730919015],[24.358136732757682,44.79935375883734],[24.362032227605237,44.79503023481931],[24.372727806617835,44.79952410686539],[24.382607866598672,44.79103157685466],[24.39027548601218,44.790153215053074],[24.397497846571817,44.78477180685628],[24.404139550465544,44.78832307802292],[24.407343689931906,44.786553544195044],[24.39847669842593,44.77118564621824],[24.393870928504825,44.77686954497078],[24.37967856437315,44.76975090132502],[24.37036766520206,44.77161893020594],[24.352793468451374,44.76949773258934],[24.35346870077911,44.766190253890215],[24.339728949031432,44.76416312132971],[24.340645951512798,44.76174556929318],[24.332549509606345,44.76094395379451],[24.3306253442789,44.74865915241783],[24.334855632464187,44.74792018206548],[24.331256500766933,44.74507577318934],[24.331653418847022,44.74228445647945],[24.316907713823664,44.73799913937897],[24.313294693367656,44.73968124613189],[24.295902057115427,44.73692609352189],[24.299171299654944,44.73079104843149],[24.288980215120255,44.729377296460456],[24.289232421319547,44.73712197858921],[24.276221617140703,44.73842819358764],[24.28255886244142,44.749676529117174],[24.27462991134512,44.76878130842439],[24.29637198683676,44.770381453813336],[24.298748121755043,44.78065791941954],[24.3077392786145,44.7811860090787],[24.309369392042953,44.78466347770963],[24.317479832425747,44.78581528293151],[24.316220375987786,44.7874806982529],[24.323164391943322,44.789614907620596],[24.318739759886363,44.79382449178641],[24.32042111384649,44.79159404914897],[24.317530638787996,44.79164043783368],[24.318176068810278,44.78961607480699],[24.315908564223363,44.78756286423319],[24.31697913537902,44.794090329665686],[24.327903648412015,44.79454735869947],[24.330354690841286,44.80394725031745],[24.334372828448824,44.80074152236662]]],[[[24.57196908383371,44.810524090070864],[24.57711918347029,44.798977169843305],[24.5885762368587,44.79815466067587],[24.58226107461858,44.77403756549255],[24.587790846038395,44.775720373174586],[24.58889637195232,44.76930076697044],[24.581181816374546,44.76956601725485],[24.585264416892034,44.76991440029582],[24.579295282682384,44.77051168136416],[24.5801677679844,44.77177755617826],[24.579118491957495,44.773371672375625],[24.575293202329696,44.77034534046476],[24.57746359208686,44.76709736338704],[24.573828362119784,44.766716143651664],[24.573033988805566,44.76283978055402],[24.56920413920944,44.76261153642038],[24.566406948298503,44.75710928769944],[24.56013855076933,44.760893247271746],[24.55718272274243,44.754885991843786],[24.560555071026293,44.75150502911907],[24.560304569078152,44.749335144019916],[24.538421401755375,44.74767423668001],[24.532833155586015,44.75937239996319],[24.524141778602154,44.758626328531975],[24.524162892753505,44.75710550038255],[24.488970899112587,44.756323043488955],[24.488174175273464,44.7612267145164],[24.483989606443153,44.76334237105405],[24.497283375156837,44.77752468730099],[24.494182451637787,44.781445672994266],[24.49021396551107,44.78159339502993],[24.49247845259495,44.79214804402011],[24.494831602573747,44.795338779883046],[24.50154376764534,44.794853713811904],[24.49342969808835,44.79659350927513],[24.50170039284555,44.79667757318882],[24.495023514624364,44.80811361583239],[24.524794664932596,44.80895230278729],[24.527089705088898,44.813033977439524],[24.55205591448862,44.816496357007],[24.555846523139646,44.81987267885183],[24.56220622830663,44.82269002664361],[24.571690187987578,44.81709742336496],[24.57196908383371,44.810524090070864]]],[[[24.465089471621038,44.81846329706071],[24.496819653360077,44.806133663602274],[24.501584354921405,44.79771605769879],[24.500194142252937,44.79600730402411],[24.493778917761958,44.79738595817004],[24.50154376764534,44.794853713811904],[24.494042975542328,44.79465566684948],[24.490568540260476,44.78462719086359],[24.490299093714405,44.78135875948421],[24.494182451637787,44.781445672994266],[24.49719994718976,44.77718415671782],[24.48397274750588,44.76327028685326],[24.488174175273464,44.7612267145164],[24.48838685200657,44.753759421104775],[24.49330391664457,44.75056030252507],[24.489635199339972,44.74788433905779],[24.490441039988326,44.74562273317783],[24.486900799834252,44.74570907634757],[24.48747300951458,44.73883447830073],[24.465472798564814,44.74222046262172],[24.46565217711352,44.74021238858164],[24.451895861162868,44.731366497279204],[24.4537611493553,44.72827856873991],[24.45021683350598,44.72288208664371],[24.443449184775012,44.7216695460892],[24.43759851895141,44.71788266566517],[24.4337456361341,44.7230335173017],[24.424963671856485,44.72004783935558],[24.42263465632736,44.722063734703916],[24.425834408199584,44.723300464723344],[24.42615942084672,44.72612351899848],[24.419361038861886,44.72790079270813],[24.416643675420207,44.72456975504883],[24.407515871829098,44.72673345151207],[24.409451420965624,44.73465882883855],[24.411890583894923,44.73423785097845],[24.41922560301363,44.74275978203942],[24.413451672043923,44.74569221404855],[24.418897203660002,44.748073051749046],[24.40770471122531,44.75418259012319],[24.4030449120037,44.755169571147206],[24.39774757578181,44.752969977652135],[24.39900063288216,44.7593161586641],[24.405021183301628,44.764312741806485],[24.40434211739131,44.76842571371547],[24.39838755969473,44.771434924258024],[24.408006640717076,44.7860819675769],[24.404139550465544,44.78832307802292],[24.397497846571817,44.78477180685628],[24.390168695790777,44.79018783246859],[24.406933866765126,44.79517411377542],[24.4177383965011,44.80139183492198],[24.427871584654326,44.7956412724961],[24.43448105125346,44.798020384900575],[24.438602639298104,44.79961901621911],[24.435598627291967,44.8023229448863],[24.44178394472303,44.80892445500502],[24.4522848087467,44.8152283779303],[24.465089471621038,44.81846329706071]]],[[[24.53376734116586,44.891713178390354],[24.53496243972267,44.88886402535601],[24.54073557573975,44.89104176386104],[24.544931103378126,44.88508624981662],[24.5424718894675,44.86142140209252],[24.552081368274212,44.858481249653146],[24.55010804718789,44.8561449401008],[24.553622463241123,44.83738743545338],[24.559950465523094,44.824944039086816],[24.563210919416694,44.8236698705624],[24.55205591448862,44.816496357007],[24.527089705088898,44.813033977439524],[24.524794664932596,44.80895230278729],[24.495023514624364,44.80811361583239],[24.49439129093753,44.80666497246531],[24.488178929137863,44.80816651676115],[24.48913476332481,44.8092474921386],[24.465089471621038,44.81846329706071],[24.4801962884083,44.82174264949442],[24.48296704029551,44.8298666810449],[24.494630969776843,44.83141050970532],[24.49486398685815,44.8445666461385],[24.508160431391097,44.8438499320046],[24.510376010182455,44.85532428011048],[24.505435625144614,44.865874799181356],[24.51368043994672,44.866831129989585],[24.515225184521714,44.86905138290377],[24.513523767527463,44.877555340200296],[24.52277712391897,44.89423089029181],[24.528430140422007,44.89138091049809],[24.53376734116586,44.891713178390354]]]]},"properties":{"alert_id":"e827ad7e0e1179e5","source":"nowcasting","alert_type":"nowcasting","feature_id":"954d16f9e3f68f92dc","judet_cod":"OT","judet_nume":"Olt","county_code":"OT","county_name":"Olt","cod_judet":"OT","cod_culoare":1,"cod_culoare_nume":"Galben","culoare":"1","cod":"Galben","fenomen_principal":"Averse torențiale care vor acumula 15...25 l/mp, descărcări electrice, intensificări ale vântului (50...70 km/h), grindină de mici dimensiuni (1...2 cm).","fenomen_group":"ploi/vijelii","zona_text":"Județul Olt: Vitomirești, Vulturești, Cungrea, Spineni, Poboru, Bărăști, Dobroteasa, Făgețelu, Leleasca, Sâmburești, Topana;<br>","zona_nume":"Olt - localitati","zone_name":"Olt - localitati","display_name":"Olt - localitati","localities":["Vitomirești","Vulturești","Cungrea","Spineni","Poboru","Bărăști","Dobroteasa","Făgețelu","Leleasca","Sâmburești","Topana"],"geometry_source":"uat_match","match_confidence":"medium","interval_text":"","interval_start":"2026-08-12T20:20:00","valid_from":"2026-08-12T20:20:00","valid_to":"2026-08-12T21:20:00","interval_valabilitate_text":"","interval_end":"2026-08-12T21:20:00","data_expirare":"2026-08-12T21:20:00","mesaj_plain":"Averse torențiale care vor acumula 15...25 l/mp, descărcări electrice, intensificări ale vântului (50...70 km/h), grindină de mici dimensiuni (1...2 cm).","source_url":"","source_label":"","notes":"","durata_ore":1.0,"zi":"2026-08-12"}},{"type":"Feature","geometry":{"type":"MultiPolygon","coordinates":[[[[24.792769,45.420502],[25.217955,45.308876],[25.308742,45.369501],[25.2346,45.450232],[24.838163,45.502221],[24.792769,45.420502]]]]},"properties":{"alert_id":"608899c7bc021b09","source":"nowcasting","alert_type":"nowcasting","feature_id":"09af5c48546ad865f6","judet_cod":"AG","judet_nume":"Argeș","county_code":"AG","county_name":"Argeș","cod_judet":"AG","cod_culoare":2,"cod_culoare_nume":"Portocaliu","culoare":"2","cod":"Portocaliu","fenomen_principal":"Averse torențiale care vor acumula 20...30 l/mp, frecvente descărcări electrice, intensificări ale vântului, vijelie (rafale de 70...90 km/h), grindină de mici și posibil medii dimensiuni (2...3 cm). În zona avertizată în ultimele ore s-au acumulat cantități de peste 25...30 l/mp.","fenomen_group":"ploi/vijelii","zona_text":"Județul Argeş: Rucăr, Lerești, Dragoslavele, Dâmbovicioara;<br>","zona_nume":"Argeș - localitati","zone_name":"Argeș - localitati","display_name":"Argeș - localitati","localities":["Rucăr","Lerești","Dragoslavele","Dâmbovicioara"],"geometry_source":"coordGis","match_confidence":"high","interval_text":"","interval_start":"2026-08-12T18:40:00","valid_from":"2026-08-12T18:40:00","valid_to":"2026-08-12T19:30:00","interval_valabilitate_text":"","interval_end":"2026-08-12T19:30:00","data_expirare":"2026-08-12T19:30:00","mesaj_plain":"Averse torențiale care vor acumula 20...30 l/mp, frecvente descărcări electrice, intensificări ale vântului, vijelie (rafale de 70...90 km/h), grindină de mici și posibil medii dimensiuni (2...3 cm). În zona avertizată în ultimele ore s-au acumulat cantități de peste 25...30 l/mp.","source_url":"","source_label":"","notes":"","durata_ore":0.8,"zi":"2026-08-12"}},{"type":"Feature","geometry":{"type":"MultiPolygon","coordinates":[[[[25.248019,45.506173],[25.345805,45.442877],[25.335462,45.392057],[25.301613,45.429681],[25.275286,45.420442],[25.279987,45.452112],[25.243317,45.479149],[25.248019,45.506173]]]]},"properties":{"alert_id":"3af9385b030d700f","source":"nowcasting","alert_type":"nowcasting","feature_id":"1bbfc894b2f9e2c4d4","judet_cod":"BV","judet_nume":"Brașov","county_code":"BV","county_name":"Brașov","cod_judet":"BV","cod_culoare":2,"cod_culoare_nume":"Portocaliu","culoare":"2","cod":"Portocaliu","fenomen_principal":"Averse torențiale care vor acumula 20...30 l/mp, frecvente descărcări electrice, intensificări ale vântului, vijelie (rafale de 70...90 km/h), grindină de mici și posibil medii dimensiuni (2...3 cm). În zona avertizată în ultimele ore s-au acumulat cantități de 25...30 l/mp.","fenomen_group":"ploi/vijelii","zona_text":"Județul Braşov: Moieciu, Fundata;<br>","zona_nume":"Brașov - localitati","zone_name":"Brașov - localitati","display_name":"Brașov - localitati","localities":["Moieciu","Fundata"],"geometry_source":"coordGis","match_confidence":"high","interval_text":"","interval_start":"2026-08-12T18:05:00","valid_from":"2026-08-12T18:05:00","valid_to":"2026-08-12T19:00:00","interval_valabilitate_text":"","interval_end":"2026-08-12T19:00:00","data_expirare":"2026-08-12T19:00:00","mesaj_plain":"Averse torențiale care vor acumula 20...30 l/mp, frecvente descărcări electrice, intensificări ale vântului, vijelie (rafale de 70...90 km/h), grindină de mici și posibil medii dimensiuni (2...3 cm). În zona avertizată în ultimele ore s-au acumulat cantități de 25...30 l/mp.","source_url":"","source_label":"","notes":"","durata_ore":0.9,"zi":"2026-08-12"}},{"type":"Feature","geometry":{"type":"MultiPolygon","coordinates":[[[[24.3358417288521,45.32200730225876],[24.325755199627242,45.31547951886312],[24.33448751792581,45.30544994666902],[24.34401176750513,45.30016918797578],[24.34439948815135,45.2968968873647],[24.338821792145602,45.29359920847045],[24.33851655716265,45.28836168514003],[24.34536312085882,45.28855296656459],[24.348209861517432,45.28447522910587],[24.34393414071489,45.27470946699277],[24.349745302216096,45.272197201309325],[24.35708978523221,45.26229618346629],[24.36766525797665,45.26451948068584],[24.374580539263714,45.26079539392273],[24.373797115045832,45.256424324306536],[24.37789356320176,45.255202149583326],[24.376851961886025,45.25128567484182],[24.379662178860112,45.249439375043565],[24.371967017940293,45.24695534829631],[24.372735233036973,45.23740926544237],[24.38346153324625,45.236172992873904],[24.38825153109243,45.23347214072148],[24.399347776537645,45.23297489713893],[24.395023777879434,45.22184533432717],[24.385272329173212,45.220598454478555],[24.37908413982318,45.216257104845404],[24.378258444524324,45.21116207387917],[24.372007049848513,45.212426088763856],[24.368273224938463,45.209491860566445],[24.369742531725322,45.206243416451215],[24.35074185113752,45.20791009487196],[24.341746406267966,45.20443343677237],[24.33202584268953,45.20735244701508],[24.321082338384542,45.20566563000329],[24.299270906090833,45.213485332238584],[24.291796815640513,45.225408927458595],[24.280876212558653,45.22925759215824],[24.28063577948287,45.235171836908954],[24.26622193150679,45.24377685624776],[24.262478851540614,45.25765254119789],[24.256014631276592,45.26209165188234],[24.255218124541518,45.26609061134831],[24.247929916577107,45.27079101820745],[24.235949342573285,45.274534905377145],[24.232074680987985,45.27214804521313],[24.22290180891161,45.27617906423669],[24.21142823153445,45.27569104089746],[24.205607992286932,45.28050040961563],[24.20667618926932,45.285127934507635],[24.197591368298312,45.292513823865214],[24.199793072986427,45.29773360039662],[24.20582523283386,45.30216165172609],[24.20724242680976,45.308310550981815],[24.227223430062757,45.30502323031654],[24.241025859329202,45.310524423841706],[24.253939936374653,45.30567863579675],[24.26787193956005,45.303345868571895],[24.28896847392392,45.30847920558663],[24.284870191962483,45.30979774011154],[24.269478779588248,45.3086247330955],[24.28301075455953,45.31784562428959],[24.297011862379332,45.31412457059069],[24.29930613585056,45.31702901072132],[24.31180774894659,45.320893938698966],[24.326979296921902,45.32313454734528],[24.3358417288521,45.32200730225876]]],[[[24.0847740406172,45.512495019170885],[24.094470628973358,45.5134234086195],[24.10513971637747,45.51096537960282],[24.11384763406918,45.51246615904973],[24.118188253668592,45.50890758905419],[24.12607534105316,45.50791702726058],[24.130983676642614,45.494019200759766],[24.144519315986646,45.48049738162887],[24.168024985073696,45.4709262276632],[24.179373835473466,45.47251234576355],[24.186437176502018,45.470121998080664],[24.198685904640698,45.459671659629045],[24.205844313570168,45.45670909300185],[24.208193212614617,45.450872142801416],[24.212911010945195,45.44746400017831],[24.22375330168825,45.442324730557516],[24.23030126486078,45.442118955533736],[24.244815572393854,45.43179194074644],[24.24783296489589,45.42516585387441],[24.268215732195067,45.40654349792871],[24.279708144615373,45.40182888567134],[24.279042939761894,45.39881903807584],[24.28423045237435,45.39635234594099],[24.290480967446918,45.38783791462643],[24.28930398425426,45.38369953778113],[24.29331343014973,45.37658106665012],[24.298427414359505,45.37726122326713],[24.299030555548537,45.37495884489927],[24.317826824875084,45.36417476796119],[24.32505628625794,45.34452007634902],[24.335798904012638,45.33851330106427],[24.356686466764657,45.33881831594625],[24.360180774120767,45.32963450126234],[24.353181986182943,45.328197216898616],[24.34808384895529,45.324240473345505],[24.33930909559903,45.324408583653444],[24.335725270925916,45.3219455952457],[24.326979296921902,45.32313454734528],[24.31180774894659,45.320893938698966],[24.29930613585056,45.31702901072132],[24.297011862379332,45.31412457059069],[24.28301075455953,45.31784562428959],[24.269478779588248,45.3086247330955],[24.284870191962483,45.30979774011154],[24.28896847392392,45.30847920558663],[24.268116399742933,45.303375976628594],[24.239514450670505,45.31055195691289],[24.227223430062757,45.30502323031654],[24.20713015378948,45.30827314773835],[24.20582523283386,45.30216165172609],[24.199793072986427,45.29773360039662],[24.197479194143842,45.292432211679866],[24.177758391251416,45.29481316687755],[24.17211115763891,45.29795286808828],[24.168179366405596,45.30934736472824],[24.160643431733483,45.31332383970226],[24.156771511118702,45.320886108678714],[24.149830657340182,45.32106535009042],[24.154904464648176,45.34815254225545],[24.15333153338568,45.35256221412124],[24.147906431006533,45.35064123741596],[24.15282139884326,45.36073284602511],[24.147308635829,45.36891253925247],[24.149112089156887,45.37126501925152],[24.14217928469566,45.38100176126921],[24.133162216045314,45.38426651482524],[24.127794006715593,45.3939412085953],[24.120154447611824,45.396227653912355],[24.12098099568369,45.40558931113546],[24.11899457058413,45.40721938460044],[24.12240797304788,45.41370009095554],[24.11977229686785,45.41873676002487],[24.122436629351846,45.42557741713297],[24.11864500520622,45.429563842312135],[24.120644217871014,45.43426352173808],[24.116089701780833,45.444665187905485],[24.10998194468089,45.44563283996099],[24.113211996709268,45.45765992347458],[24.11024809044466,45.46253882041079],[24.11291055588817,45.46649595766965],[24.109680458037637,45.47015231262657],[24.110370626082464,45.47347253422489],[24.10479995652335,45.475793290810415],[24.105464999741194,45.47871807850914],[24.099763686145632,45.483136929065154],[24.09576297282657,45.4821294960386],[24.08305362009143,45.49061454413052],[24.069770082124034,45.51508614004965],[24.0847740406172,45.512495019170885]]],[[[24.523144182214345,45.58056952870203],[24.531055658434468,45.57063036059734],[24.53169801600766,45.553702309725324],[24.54053512212746,45.535763038455656],[24.53235050157627,45.528953121165046],[24.52921469503466,45.52958518941535],[24.522896500504487,45.524532639223736],[24.516407318173428,45.522611703467376],[24.51190343166402,45.51752384415186],[24.51363861656498,45.5108004146915],[24.515401234279068,45.51146419507885],[24.52023745116119,45.506721702829154],[24.52787018565381,45.49678999643279],[24.523180685406917,45.47690150600492],[24.524981443409295,45.47528369695654],[24.510371707804104,45.46304472694832],[24.50693820467332,45.46512925264986],[24.50495049156641,45.46312915323172],[24.495794600386514,45.46463281797218],[24.48559557144206,45.462596384002275],[24.481043192545496,45.45555616113852],[24.47902611897918,45.437653615708214],[24.48478646649757,45.42766313297852],[24.481813989899113,45.42347363412507],[24.485218787254656,45.42197651841333],[24.48320847048813,45.41616811503684],[24.49052291457253,45.40903425939389],[24.491000729991534,45.39930268334179],[24.495921387178154,45.39852543965195],[24.494394811317996,45.39665966133495],[24.50536456510794,45.38407314041819],[24.50434629979019,45.3793495676104],[24.49396003647382,45.37861573777554],[24.507270708411816,45.35249323042634],[24.498853931242405,45.352546705869166],[24.496002218824522,45.356314914219894],[24.48075767285239,45.35857025479248],[24.477706453998955,45.361889585229065],[24.46613138746082,45.363005003907],[24.472789911522632,45.35767925005042],[24.469477255524506,45.34788229401716],[24.473182002590793,45.340111458547334],[24.47258716875883,45.32948203953075],[24.483784489691626,45.331828549526115],[24.487814450987173,45.32967702854193],[24.48506677166826,45.32798469245379],[24.49177323585658,45.32416007828996],[24.480093869781044,45.31993632929655],[24.460905029580594,45.32344259200309],[24.437851304168802,45.32393302693811],[24.43153314916541,45.32761927848686],[24.425789205477766,45.32380642318832],[24.40096373265922,45.31999574043371],[24.39965787554054,45.32238686679407],[24.39336671222886,45.3229186812727],[24.386764443164374,45.326740143280944],[24.370715129196444,45.32574604801992],[24.36850410460097,45.328399718301746],[24.360180774120767,45.32963450126234],[24.356686466764657,45.33881831594625],[24.338800197365213,45.339433551623735],[24.351089278425828,45.351190170378736],[24.351967132082326,45.35571638283047],[24.348279003504985,45.35969842567895],[24.349725906931486,45.36479915574537],[24.356023169533547,45.370224929243115],[24.363162745088335,45.37063936210543],[24.361960293738843,45.37735211979648],[24.364760884704513,45.37889856495746],[24.359171644119826,45.38039227896499],[24.37005528958087,45.3869050233568],[24.371223895509168,45.38982613073134],[24.377246609723542,45.3885570912855],[24.392033925565865,45.392632881279944],[24.39329376510305,45.395373806341745],[24.409921232090976,45.40156315827],[24.418247505359485,45.402365886648944],[24.424453119003736,45.3996195074286],[24.427012655646244,45.40122664654527],[24.435138169176067,45.40046005911141],[24.448897598061944,45.407481057576895],[24.447410037650783,45.411371142919464],[24.451868483748676,45.41542572295382],[24.45115198951528,45.419025491451265],[24.45722537935905,45.42334139182592],[24.454474108152667,45.42662693038796],[24.447861289592208,45.42789382628007],[24.446317245772963,45.431619809779676],[24.450023723962133,45.43586228976487],[24.448501257038874,45.43944818477817],[24.452791263869432,45.44888087951697],[24.45001968077379,45.45254755212674],[24.45171148459684,45.456346152953515],[24.443400562380713,45.462115595932],[24.436329009172557,45.47171331847718],[24.439324193438697,45.47439795266844],[24.454104111296125,45.47702135638651],[24.45751409214551,45.48824099929869],[24.46461753161999,45.49570212045402],[24.46841668060936,45.51654947886697],[24.484855157925402,45.52297598801902],[24.491259793614944,45.531309115105714],[24.490793255466375,45.540205008513624],[24.49471408644194,45.5443936103101],[24.495258147482332,45.555967729405005],[24.49075768564234,45.567898295816946],[24.484661581366563,45.573354117176066],[24.511480682127058,45.58679918495542],[24.523144182214345,45.58056952870203]]],[[[24.491289194699277,45.32387377192987],[24.488997012207577,45.32130692369153],[24.492049633299246,45.31475514495134],[24.485880054069003,45.312473089337466],[24.49050777106182,45.31189204301049],[24.49091113584925,45.30899761014612],[24.48114774733164,45.302539384661294],[24.48013772914016,45.2960274860521],[24.48820646345301,45.296444056041615],[24.487668801966187,45.28855504810349],[24.492218657739638,45.282367657640066],[24.491947547374416,45.2777491488769],[24.475862482208772,45.267231457320555],[24.483707163921192,45.26493942110785],[24.48174240237732,45.26291593054255],[24.483962281284096,45.25668787084187],[24.479595709147127,45.25686071498839],[24.47760288596662,45.24538413359962],[24.471193066921867,45.24089770592395],[24.47430671873293,45.237964890258894],[24.4730701878082,45.235707288912124],[24.46634022823247,45.23167342138176],[24.464237885519292,45.23620885977947],[24.456480574508138,45.240003391440176],[24.452857099448433,45.23466754541437],[24.443901480506458,45.22881544378133],[24.43924301843419,45.22857210820094],[24.433067406124003,45.22419412453681],[24.421455474563636,45.22384588104938],[24.40655636591604,45.24523860948997],[24.40758295668348,45.25479667140278],[24.403458214900734,45.25494096483766],[24.410862000269336,45.26010100266104],[24.414546002126674,45.26784699239104],[24.41192651695899,45.27989191252048],[24.407741517487736,45.28233083599753],[24.40464232594834,45.29126620446826],[24.39046833247369,45.29777107019491],[24.386749893926247,45.305213408172584],[24.375775683322825,45.31242910103662],[24.370715129196444,45.32574604801992],[24.386764443164374,45.326740143280944],[24.39336671222886,45.3229186812727],[24.39965787554054,45.32238686679407],[24.40096373265922,45.31999574043371],[24.425789205477766,45.32380642318832],[24.43153314916541,45.32761927848686],[24.437851304168802,45.32393302693811],[24.460905029580594,45.32344259200309],[24.480093869781044,45.31993632929655],[24.491289194699277,45.32387377192987]]],[[[24.197605332621844,45.29250612677989],[24.206736721531737,45.28502492146796],[24.205607992286932,45.28050040961563],[24.209922307258182,45.277861357449666],[24.20799580535546,45.27703288978108],[24.209726289149152,45.26616602949552],[24.226081631615898,45.25709045007665],[24.237371538314818,45.24124190294479],[24.238328441737767,45.23520863076796],[24.257787333596948,45.21832647167091],[24.256994016928264,45.21054414767112],[24.263990725496498,45.20539985843568],[24.26119723886426,45.20084071010178],[24.273659524022435,45.190050418372],[24.27459991331527,45.18484734512871],[24.282463940994578,45.186250918771165],[24.281533974398734,45.183868019402624],[24.285829347160934,45.179641423790834],[24.281310810833354,45.17872089092801],[24.286740919036813,45.17557773288955],[24.295417808790976,45.1636530047135],[24.297428305809486,45.15488022812555],[24.294950513315467,45.15133649416144],[24.28432035293449,45.15237438246603],[24.281125214366753,45.15987067660366],[24.274524229266458,45.16328190771841],[24.259429615512605,45.16556410880446],[24.255530460895738,45.16314222629738],[24.25115056672351,45.169025678528705],[24.24277838799156,45.17164069853202],[24.24139126951631,45.17633987017954],[24.236807771399146,45.17777833191243],[24.233222800553765,45.17195147215927],[24.20625774826332,45.159004583557206],[24.19802699376006,45.16489735272333],[24.195254701943686,45.173449013915025],[24.196845698903182,45.17985417073311],[24.19273361252548,45.18097450526294],[24.190480120406,45.179584575426894],[24.18359571399968,45.18588692329205],[24.16892713057895,45.1874668352937],[24.155853604621274,45.19225995477982],[24.15085244780653,45.19160885092763],[24.135955161075028,45.19759632990769],[24.1286106330243,45.20650041922672],[24.130627219495008,45.2122824234892],[24.12167893551996,45.218201900705445],[24.114384280872454,45.218008576957544],[24.1109553177045,45.22865444266527],[24.09745395721453,45.23583993244809],[24.093232616280382,45.24235237486901],[24.105562743864155,45.252710622638524],[24.0973468125025,45.26173686899114],[24.09275962923923,45.26240661309539],[24.082413358625207,45.26983024269054],[24.082287520778173,45.27381669607683],[24.076056894439283,45.28090094398885],[24.06180765608644,45.28359610816789],[24.05867145541558,45.289841452341996],[24.04199177217348,45.29889543604134],[24.037051270157452,45.30657750770246],[24.056994963321134,45.31209286491849],[24.067042981379526,45.31256438850512],[24.0811921752956,45.31797879595386],[24.092656373500244,45.3189330326593],[24.10133200557567,45.31829589198132],[24.11339384655942,45.31306532774642],[24.12074202613216,45.307027081665595],[24.1382906672727,45.31485504948756],[24.14277226616515,45.31922150483332],[24.1541545048644,45.321612796955776],[24.161028411346336,45.31294557083162],[24.168222971044916,45.3092956101631],[24.17211115763891,45.29795286808828],[24.177758391251416,45.29481316687755],[24.197605332621844,45.29250612677989]]],[[[24.336241102803246,45.20603649369237],[24.350466895064113,45.1849639225898],[24.3221617771894,45.18358825395641],[24.31302620777823,45.17406978307294],[24.3045459414936,45.15802334448813],[24.298112582645143,45.15908151835522],[24.286740919036813,45.17557773288955],[24.281310810833354,45.17872089092801],[24.285829347160934,45.179641423790834],[24.281533974398734,45.183868019402624],[24.282463940994578,45.186250918771165],[24.27459991331527,45.18484734512871],[24.273659524022435,45.190050418372],[24.26119723886426,45.20084071010178],[24.263990725496498,45.20539985843568],[24.256994016928264,45.21054414767112],[24.257787333596948,45.21832647167091],[24.238328441737767,45.23520863076796],[24.237371538314818,45.24124190294479],[24.226536617578574,45.25662864893722],[24.209726289149152,45.26616602949552],[24.20808268571937,45.27713629503347],[24.21635065857707,45.274796283426475],[24.22290180891161,45.27617906423669],[24.232074680987985,45.27214804521313],[24.235083515985146,45.27470086473069],[24.24813260186221,45.27067980741447],[24.262405188219198,45.25776861221568],[24.26622193150679,45.24377685624776],[24.28063577948287,45.235171836908954],[24.280876212558653,45.22925759215824],[24.291796815640513,45.225408927458595],[24.299226235216466,45.21351444122263],[24.321003810154238,45.205677480868644],[24.3295098595523,45.20735189016166],[24.336241102803246,45.20603649369237]]],[[[24.368135428000766,45.32852993950449],[24.375775683322825,45.31242910103662],[24.386749893926247,45.305213408172584],[24.39046833247369,45.29777107019491],[24.40464232594834,45.29126620446826],[24.404508510469576,45.287868445216176],[24.41192651695899,45.27989191252048],[24.41446859610996,45.27311892305948],[24.41209862923327,45.261652786330565],[24.403458214900734,45.25494096483766],[24.40758295668348,45.25479667140278],[24.40655636591604,45.24523860948997],[24.4186197793538,45.22941675658561],[24.407497565588034,45.230928946016775],[24.40143474267079,45.2272271973338],[24.408438903880597,45.22352873070693],[24.396632561046832,45.21773736123133],[24.393749976855865,45.22027683444511],[24.396866020329895,45.222978297103374],[24.399286267160846,45.233180566436225],[24.38825153109243,45.23347214072148],[24.38346153324625,45.236172992873904],[24.372666189125518,45.23748074821611],[24.371967017940293,45.24695534829631],[24.379662178860112,45.249439375043565],[24.376851961886025,45.25128567484182],[24.37789356320176,45.255202149583326],[24.373797115045832,45.256424324306536],[24.374580539263714,45.26079539392273],[24.36766525797665,45.26451948068584],[24.35708978523221,45.26229618346629],[24.349745302216096,45.272197201309325],[24.34393414071489,45.27470946699277],[24.348209861517432,45.28447522910587],[24.34536312085882,45.28855296656459],[24.33851655716265,45.28836168514003],[24.338821792145602,45.29359920847045],[24.34439948815135,45.2968968873647],[24.34401176750513,45.30016918797578],[24.33448751792581,45.30544994666902],[24.325755199627242,45.31547951886312],[24.338874029950563,45.32428481335361],[24.34808384895529,45.324240473345505],[24.357181321687236,45.32955693541198],[24.368135428000766,45.32852993950449]]],[[[24.451973041676542,45.44559928245379],[24.443493142115333,45.441182733178046],[24.433976592161375,45.43923685834134],[24.43042374895814,45.43537353740393],[24.423438526160407,45.43599719793688],[24.41297773394727,45.43214403618693],[24.403780811320516,45.4344979207534],[24.383174827889782,45.42950253874291],[24.373541487627367,45.4262332902285],[24.367893160954416,45.41896447796157],[24.357610312538068,45.417133327304974],[24.354132792211566,45.414378140576254],[24.34726722579711,45.42239964233759],[24.350653017632688,45.42526548775987],[24.350008022207682,45.430308935646465],[24.341560784218,45.435164542077196],[24.33432587890367,45.434396798971676],[24.32744828993376,45.4409262134264],[24.33512928486121,45.445918205670566],[24.3426107723168,45.4621906633047],[24.35061261783048,45.466240433109405],[24.349839043452366,45.470593737687096],[24.3567251392408,45.47333287062408],[24.36387991836673,45.472512360063924],[24.368974626173756,45.47624886302273],[24.374206373710702,45.486227270334666],[24.36647968248811,45.501507199643974],[24.37927445860034,45.50165470274053],[24.40421619384497,45.49571022238413],[24.417111275551125,45.49747789217696],[24.43049026422892,45.50970278116942],[24.43791169612255,45.52466142200674],[24.449880104291775,45.53157899445999],[24.45522808727119,45.53050086161508],[24.45891770905977,45.53236935150157],[24.45808719270832,45.537280279828906],[24.47030117066678,45.54566971557272],[24.477945587464834,45.55848244253318],[24.486210728158184,45.56214776454881],[24.488121188989833,45.5698564075118],[24.495258147482332,45.555967729405005],[24.49471408644194,45.5443936103101],[24.490793255466375,45.540205008513624],[24.491259793614944,45.531309115105714],[24.484855157925402,45.52297598801902],[24.46841668060936,45.51654947886697],[24.46461753161999,45.49570212045402],[24.45751409214551,45.48824099929869],[24.454104111296125,45.47702135638651],[24.439324193438697,45.47439795266844],[24.436319014128802,45.47168598166974],[24.443400562380713,45.462115595932],[24.451624801330617,45.456579080603895],[24.451973041676542,45.44559928245379]]],[[[23.97408896065243,45.53372547669785],[23.993314809039944,45.53181401492985],[24.000970923711527,45.52663822668043],[24.011312631012085,45.531939638685536],[24.02175520796699,45.53094119215635],[24.036345162526334,45.52279532782355],[24.061819356907456,45.51739698410099],[24.06178304094446,45.497347260683924],[24.049733764222708,45.4831226776937],[24.039491948483626,45.47518249495661],[24.03905360490447,45.46667820507628],[24.044687569791545,45.46113838202959],[24.042084490303814,45.4574414423517],[24.03166514123606,45.452186647601955],[24.03297910248331,45.44452920327246],[24.03595328029609,45.44292124609489],[24.03534815894658,45.43561742282651],[24.038882889902286,45.43017916180843],[24.044197773191257,45.42879578206002],[24.049112530431387,45.424220168391436],[24.051320320793362,45.41445127134372],[24.045194788507384,45.410874092477485],[24.051172062887005,45.40077449587509],[24.053805980803038,45.40010618622654],[24.04290056823882,45.39959772956309],[24.021178547963466,45.39422041716983],[24.017119767256403,45.38862692457157],[24.00449410762914,45.38418434010517],[24.00865605469692,45.387796479274236],[24.00335426428861,45.3856316641169],[24.004664204014233,45.38784837221238],[23.997203349151096,45.38699018699791],[23.997532663836836,45.389084971068165],[23.99165609539012,45.38738684145752],[23.985061703810885,45.3913397068734],[23.972318906253744,45.390670091041734],[23.958392105328766,45.39467362817439],[23.95777369978528,45.39683616101],[23.944161245205184,45.40316820762247],[23.939491198053606,45.41118481241874],[23.925647960669682,45.41593300868696],[23.91470349081598,45.41610701278394],[23.904517529362348,45.42011933133488],[23.897873498723154,45.42042988095852],[23.87338879157438,45.4168095419526],[23.86654065728166,45.42060313652706],[23.856317243539436,45.421807709697205],[23.847771273058168,45.417139080947074],[23.840829451333917,45.41918798693067],[23.83392964447707,45.415116499638316],[23.828198168100773,45.41506994282163],[23.822473827017948,45.41046934305877],[23.812619814312423,45.40979833817497],[23.804472906263232,45.403934568165724],[23.800203742850027,45.408139479506296],[23.789715083796434,45.408495166331235],[23.778368034072912,45.40084947578689],[23.765118778266473,45.39971294171712],[23.753819694200338,45.396307876101716],[23.74767711904825,45.390843760888906],[23.72208241951632,45.381626587181046],[23.71382382212793,45.38264230886976],[23.692365733978242,45.39439733447962],[23.686523313036925,45.394841427628506],[23.683983279793196,45.39315756407848],[23.682520663655062,45.396103607690215],[23.671653669259637,45.39318398081281],[23.665920283889484,45.395436342082164],[23.65494550629542,45.39232074588462],[23.650511339328045,45.3881731910806],[23.652788721206345,45.38497781092248],[23.651990493163165,45.37739296901059],[23.65609151961014,45.37394785324485],[23.650030653459066,45.36852459715107],[23.644542517748608,45.35572671062354],[23.646092167063347,45.35114897068628],[23.63336867005913,45.343551018245584],[23.629390866402016,45.33527704692685],[23.625999698801568,45.33388212879155],[23.621493428042292,45.334777325326165],[23.616313557048493,45.339685263457554],[23.604738739716854,45.34060037015113],[23.58661857985295,45.356121412594796],[23.585475280046968,45.360467079655585],[23.58814250752464,45.365274767137734],[23.585578654280265,45.37011414806791],[23.6003425473638,45.376938145586855],[23.601642376094368,45.38267960704505],[23.59216195928139,45.3985095014246],[23.58893765833923,45.40994002450882],[23.594099373767996,45.415285547801425],[23.592293552458248,45.42103275889654],[23.576885997116026,45.42341655406885],[23.57613957818364,45.42783613817137],[23.58464253250477,45.43405635178417],[23.58758143762311,45.4444804759516],[23.595697753776616,45.45277019791997],[23.59359396704169,45.461827064567004],[23.597130162665295,45.46639151861626],[23.595022613657353,45.46958541143903],[23.597277730410262,45.473476194626734],[23.60479710796148,45.468070390464526],[23.611558905304904,45.46675285916656],[23.614759279591606,45.46197719277373],[23.62081570677225,45.46370706075056],[23.613043107685428,45.45621410382822],[23.62778360726488,45.45877190976856],[23.64039622769519,45.45552133532561],[23.644885035270462,45.45826504282869],[23.653557311776492,45.45841786435427],[23.676434306289472,45.467600499144346],[23.688066097967795,45.477029541122256],[23.689848558786,45.48686046600148],[23.696029626608837,45.48793243403426],[23.70362081206631,45.49677673518921],[23.721361448049677,45.50239526905316],[23.741449967433,45.50119570416831],[23.746435982186817,45.505597322918476],[23.759656434139107,45.508320014205445],[23.762582257649683,45.510823600032346],[23.771168144229247,45.510700146967416],[23.79087488946128,45.52808018994371],[23.804231586187086,45.53196173448782],[23.819938576887246,45.52934805513756],[23.857848752100765,45.53502263174889],[23.86738349549788,45.525517149917405],[23.873573322527097,45.52281550465761],[23.880904939334656,45.52694986519337],[23.904606061482575,45.528864108658745],[23.92227982936283,45.53597958036465],[23.963320631709927,45.53039803563519],[23.97408896065243,45.53372547669785]]],[[[24.069770082124034,45.51508614004965],[24.08305362009143,45.49061454413052],[24.09576297282657,45.4821294960386],[24.099763686145632,45.483136929065154],[24.105464999741194,45.47871807850914],[24.10479995652335,45.475793290810415],[24.110370626082464,45.47347253422489],[24.109680458037637,45.47015231262657],[24.11291055588817,45.46649595766965],[24.11024809044466,45.46253882041079],[24.113211996709268,45.45765992347458],[24.10998194468089,45.44563283996099],[24.116089701780833,45.444665187905485],[24.120644217871014,45.43426352173808],[24.11864500520622,45.429563842312135],[24.122436629351846,45.42557741713297],[24.11977229686785,45.41873676002487],[24.12240797304788,45.41370009095554],[24.11899457058413,45.40721938460044],[24.12098099568369,45.40558931113546],[24.120154447611824,45.396227653912355],[24.127587001328536,45.394109742207725],[24.133162216045314,45.38426651482524],[24.14217928469566,45.38100176126921],[24.15282139884326,45.36073284602511],[24.151269145312856,45.35402625407417],[24.14798364968549,45.352024465387565],[24.149148917026103,45.350208105135835],[24.15333153338568,45.35256221412124],[24.154904464648176,45.34815254225545],[24.14983094165701,45.321040093678675],[24.14277226616515,45.31922150483332],[24.1382906672727,45.31485504948756],[24.12074202613216,45.307027081665595],[24.11339384655942,45.31306532774642],[24.10133200557567,45.31829589198132],[24.094838422106484,45.31889800973568],[24.0811921752956,45.31797879595386],[24.07227672246851,45.31395168553778],[24.055475851590437,45.31175996742524],[24.04043137773684,45.306560263245075],[24.0330833767416,45.30847792251065],[24.029706145105518,45.312273915902644],[24.007278094314938,45.30724405213119],[23.99254722039398,45.31053500101237],[23.97390991926937,45.3117156368386],[23.964704575471952,45.31777578097669],[23.95446705699999,45.316613460864104],[23.951072791270796,45.314156423092996],[23.926844496500543,45.31692892828925],[23.91837024674267,45.32323444554372],[23.910825270343437,45.3242108897877],[23.898110632346967,45.32205504433922],[23.892512211615262,45.31749761076188],[23.88421491096766,45.31470552669743],[23.877405812360944,45.313701563805736],[23.868776511478313,45.31638415825086],[23.855885783841185,45.31170038832098],[23.85108338607015,45.314480240965636],[23.844170758024216,45.315100646771505],[23.842325349060264,45.32176340059132],[23.845447025684837,45.32384556713635],[23.84161501128824,45.3320983110602],[23.825444805643933,45.33624448916537],[23.796875496804294,45.353757936282584],[23.786094393516148,45.349152671917594],[23.777342569315582,45.348611283195744],[23.75956366542178,45.33692356672962],[23.736222485120884,45.33347567516672],[23.72669426318627,45.32744445335076],[23.708529566075175,45.33436119347045],[23.70067839859782,45.33101846336659],[23.694962173754217,45.33223692814492],[23.685580684005306,45.328065216254956],[23.668966494373734,45.3413794943651],[23.651083127411002,45.34944351885632],[23.644835409448827,45.34997873404364],[23.644542517748608,45.35572671062354],[23.650030653459066,45.36852459715107],[23.65609151961014,45.37394785324485],[23.651990493163165,45.37739296901059],[23.65059829561273,45.38903398525503],[23.659358414455124,45.39390423674687],[23.666192820908062,45.39543954203347],[23.67258697627096,45.39323998032978],[23.68190241065171,45.39609643653926],[23.684479734561783,45.393068351292726],[23.686523313036925,45.394841427628506],[23.692180083490026,45.39443470804752],[23.71382382212793,45.38264230886976],[23.72208241951632,45.381626587181046],[23.74767711904825,45.390843760888906],[23.753819694200338,45.396307876101716],[23.765118778266473,45.39971294171712],[23.778368034072912,45.40084947578689],[23.789715083796434,45.408495166331235],[23.800203742850027,45.408139479506296],[23.804472906263232,45.403934568165724],[23.812619814312423,45.40979833817497],[23.822473827017948,45.41046934305877],[23.828198168100773,45.41506994282163],[23.83392964447707,45.415116499638316],[23.840829451333917,45.41918798693067],[23.847771273058168,45.417139080947074],[23.856317243539436,45.421807709697205],[23.86654065728166,45.42060313652706],[23.87338879157438,45.4168095419526],[23.897873498723154,45.42042988095852],[23.904517529362348,45.42011933133488],[23.91470349081598,45.41610701278394],[23.925647960669682,45.41593300868696],[23.939491198053606,45.41118481241874],[23.944161245205184,45.40316820762247],[23.95777369978528,45.39683616101],[23.958392105328766,45.39467362817439],[23.972318906253744,45.390670091041734],[23.985061703810885,45.3913397068734],[23.99165609539012,45.38738684145752],[23.997532663836836,45.389084971068165],[23.997203349151096,45.38699018699791],[24.004664204014233,45.38784837221238],[24.00335426428861,45.3856316641169],[24.00865605469692,45.387796479274236],[24.00449410762914,45.38418434010517],[24.017119767256403,45.38862692457157],[24.021178547963466,45.39422041716983],[24.04290056823882,45.39959772956309],[24.053805980803038,45.40010618622654],[24.051172062887005,45.40077449587509],[24.045194788507384,45.410874092477485],[24.051320320793362,45.41445127134372],[24.049112530431387,45.424220168391436],[24.044197773191257,45.42879578206002],[24.038882889902286,45.43017916180843],[24.03534815894658,45.43561742282651],[24.03595328029609,45.44292124609489],[24.03297910248331,45.44452920327246],[24.03166514123606,45.452186647601955],[24.042084490303814,45.4574414423517],[24.044687569791545,45.46113838202959],[24.03905360490447,45.46667820507628],[24.039491948483626,45.47518249495661],[24.049733764222708,45.4831226776937],[24.06178304094446,45.497347260683924],[24.061819356907456,45.51739698410099],[24.069770082124034,45.51508614004965]]],[[[24.328506686626927,45.44227405568808],[24.332528949160604,45.43525282864814],[24.341560784218,45.435164542077196],[24.350008022207682,45.430308935646465],[24.350653017632688,45.42526548775987],[24.34726722579711,45.42239964233759],[24.352425218684324,45.418264109225156],[24.352738902790758,45.41444405577821],[24.34651537996495,45.411018186332626],[24.353507193729506,45.403016191055215],[24.35680780256177,45.39471189876185],[24.355690350761318,45.39003103542609],[24.37177855174208,45.38883840782149],[24.35964587855917,45.38140081353176],[24.364760884704513,45.37889856495746],[24.361960293738843,45.37735211979648],[24.363162745088335,45.37063936210543],[24.356023169533547,45.370224929243115],[24.349725906931486,45.36479915574537],[24.348279003504985,45.35969842567895],[24.351967132082326,45.35571638283047],[24.350941745709658,45.350892815290315],[24.34200878649686,45.340458917669565],[24.336263330489384,45.338513452602086],[24.323899742289385,45.345890210239716],[24.317661953314488,45.364323687899],[24.299030555548537,45.37495884489927],[24.298427414359505,45.37726122326713],[24.29331343014973,45.37658106665012],[24.28930398425426,45.38369953778113],[24.290480967446918,45.38783791462643],[24.28423045237435,45.39635234594099],[24.279042939761894,45.39881903807584],[24.279708144615373,45.40182888567134],[24.268215732195067,45.40654349792871],[24.24783296489589,45.42516585387441],[24.244815572393854,45.43179194074644],[24.23257403511843,45.440092233885935],[24.243740143680796,45.44216559817398],[24.24636793838304,45.44486441247932],[24.24969061200001,45.44274928111334],[24.257468957963088,45.443935723186115],[24.2697233327456,45.44031278961796],[24.28250648401841,45.44237522407701],[24.302460911612588,45.44028640813943],[24.306383588940577,45.44734638199034],[24.317665948151188,45.4462705020838],[24.328506686626927,45.44227405568808]]],[[[24.451973041676542,45.44559928245379],[24.448501257038874,45.43944818477817],[24.45000720591638,45.43581433641403],[24.446372106575613,45.43136917209862],[24.447861289592208,45.42789382628007],[24.454474108152667,45.42662693038796],[24.45722537935905,45.42334139182592],[24.45115198951528,45.419025491451265],[24.451868483748676,45.41542572295382],[24.447410037650783,45.411371142919464],[24.448606028310834,45.407259170397325],[24.435138169176067,45.40046005911141],[24.427012655646244,45.40122664654527],[24.424453119003736,45.3996195074286],[24.418247505359485,45.402365886648944],[24.40978189273965,45.40153529736005],[24.39329376510305,45.395373806341745],[24.3922738139435,45.39270878870148],[24.38214179671744,45.391232918193815],[24.378664348539225,45.38876837031729],[24.355690350761318,45.39003103542609],[24.35680780256177,45.39471189876185],[24.353507193729506,45.403016191055215],[24.34651537996495,45.411018186332626],[24.349187463734673,45.413101931267974],[24.357610312538068,45.417133327304974],[24.367893160954416,45.41896447796157],[24.373541487627367,45.4262332902285],[24.383174827889782,45.42950253874291],[24.403780811320516,45.4344979207534],[24.41297773394727,45.43214403618693],[24.423438526160407,45.43599719793688],[24.43042374895814,45.43537353740393],[24.433976592161375,45.43923685834134],[24.443493142115333,45.441182733178046],[24.451973041676542,45.44559928245379]]]]},"properties":{"alert_id":"3c6599d5fc51dff8","source":"nowcasting","alert_type":"nowcasting","feature_id":"11bc0a8a5d06fce9f8","judet_cod":"VL","judet_nume":"Vâlcea","county_code":"VL","county_name":"Vâlcea","cod_judet":"VL","cod_culoare":2,"cod_culoare_nume":"Portocaliu","culoare":"2","cod":"Portocaliu","fenomen_principal":"Averse torențiale care vor acumula 20...30 l/mp, frecvente descărcări electrice, intensificări ale vântului, vijelie (rafale de 70...90 km/h), grindină mici şi posibil medii dimensiuni (1...3 cm). În zona avertizată în ultimele ore s-au acumulat cantități de peste 25 l/mp.","fenomen_group":"ploi/vijelii","zona_text":"Județul Vâlcea: Călimănești, Brezoi, Perișani, Berislăvești, Câineni, Băile Olănești, Muereasca, Sălătrucel, Boișoara, Voineasa, Malaia, Racovița, Titești;<br>","zona_nume":"Vâlcea - localitati","zone_name":"Vâlcea - localitati","display_name":"Vâlcea - localitati","localities":["Călimănești","Brezoi","Perișani","Berislăvești","Câineni","Băile Olănești","Muereasca","Sălătrucel","Boișoara","Voineasa","Malaia","Racovița","Titești"],"geometry_source":"uat_match","match_confidence":"medium","interval_text":"","interval_start":"2026-08-12T17:55:00","valid_from":"2026-08-12T17:55:00","valid_to":"2026-08-12T19:00:00","interval_valabilitate_text":"","interval_end":"2026-08-12T19:00:00","data_expirare":"2026-08-12T19:00:00","mesaj_plain":"Averse torențiale care vor acumula 20...30 l/mp, frecvente descărcări electrice, intensificări ale vântului, vijelie (rafale de 70...90 km/h), grindină mici şi posibil medii dimensiuni (1...3 cm). În zona avertizată în ultimele ore s-au acumulat cantități de peste 25 l/mp.","source_url":"","source_label":"","notes":"","durata_ore":1.1,"zi":"2026-08-12"}},{"type":"Feature","geometry":{"type":"MultiPolygon","coordinates":[[[[25.321594197343014,45.38109446134519],[25.316519664047693,45.370048914914065],[25.32514460907429,45.345940201767874],[25.30975172006436,45.33586485684502],[25.31611698077912,45.32174502312355],[25.30496093490544,45.304242849755674],[25.305339743803593,45.29234328319303],[25.280434970349045,45.26936936584456],[25.28512421098647,45.240637456549614],[25.2937236066997,45.23208584619826],[25.2914211344015,45.22465404605723],[25.269829460312742,45.213585348493986],[25.247737189659468,45.210919579376785],[25.253841670730793,45.20489437557279],[25.249730135522697,45.197095469940884],[25.254829167665036,45.18281598442153],[25.21611422236077,45.16431840066026],[25.211863128382227,45.1566165121767],[25.207126471134934,45.16337335180811],[25.197191653577217,45.16531306536976],[25.179438705767904,45.1920777255063],[25.18244778095081,45.20255936581432],[25.170811039184,45.200968128667355],[25.163681829381236,45.21526675978197],[25.13923887436452,45.2121257192679],[25.15639990232649,45.20165086938197],[25.14626432206286,45.19912883376616],[25.15535543038842,45.19041125425288],[25.146779807085224,45.18481773343597],[25.152138145620572,45.18120347096005],[25.15425750403289,45.16012082938204],[25.146137524911236,45.14262852940757],[25.153949756471206,45.136573801977114],[25.146658057337323,45.12904293492944],[25.162681631858558,45.124491540991436],[25.14415524983655,45.11236489509112],[25.161868061801677,45.11709949527869],[25.176536516388783,45.107241020358515],[25.18010965671603,45.09347127963493],[25.169836921582437,45.08066580307643],[25.157587770678532,45.076158980056206],[25.153709868514113,45.0853945813482],[25.142224665583498,45.08419224807457],[25.12469661032179,45.070511283086],[25.128235723260463,45.061336065747625],[25.148637828668434,45.051470530257994],[25.14490254715371,45.03840805850037],[25.172037739249784,45.04050102850686],[25.170140390013778,45.02861152472138],[25.18727208432719,45.03322521120088],[25.196856927004887,45.01868492410917],[25.196321651671806,44.99130175628225],[25.17684710270872,44.98928995922326],[25.17232758899012,44.983774675065305],[25.169290760237324,44.94099080688449],[25.16129554228853,44.921114476135095],[25.174031127942335,44.91959343444842],[25.197600027416136,44.903212058632285],[25.190701289943853,44.88134130999784],[25.204581330710297,44.856009639799616],[25.195165947310574,44.84896970741522],[25.186947670830914,44.82670473523583],[25.19399532051786,44.82591383112445],[25.200525082607143,44.796031861347586],[25.20522465808087,44.79629936662673],[25.21288092860352,44.78212087684383],[25.211070472923637,44.76430328308703],[25.197096872396006,44.736405890201766],[25.192893277632596,44.73411593684566],[25.184153868091766,44.74491306112584],[25.177877150108895,44.73965811370016],[25.18262024716263,44.737847114967295],[25.174602566465307,44.73070425954126],[25.185246543039614,44.727400229834394],[25.185830745664493,44.72275826096187],[25.17496015528189,44.7147244441408],[25.185310512367018,44.715750538618764],[25.203108996160143,44.70714911335192],[25.22730544965045,44.70325227168847],[25.237341411351384,44.69494289139028],[25.196624440096794,44.66613724564872],[25.187959265632895,44.67045258339038],[25.168392010916353,44.661781454418396],[25.19281438255412,44.64319180631043],[25.19430617690043,44.639525122660345],[25.180757791772365,44.63215961542109],[25.195377310891114,44.63664294721476],[25.205020074384123,44.63285894905203],[25.193251170237343,44.619774790818916],[25.198326443881555,44.60873550117405],[25.21251234529389,44.615733141391246],[25.22550364318494,44.605232963553],[25.22027237162038,44.601778427559125],[25.251768304775183,44.56279786603109],[25.259077801651138,44.56852075843871],[25.292597701174127,44.55144589347366],[25.27991539215215,44.52804350987449],[25.25731364642276,44.511426979813166],[25.265651327201763,44.50712486038226],[25.279745721148007,44.47867816697442],[25.266946152508574,44.467506087463484],[25.277326396743746,44.45337920658131],[25.27097649947074,44.44819787596959],[25.279689516589723,44.4444552780837],[25.26362671066201,44.435327831394964],[25.25824077763633,44.44126827984622],[25.234767503891064,44.424252164983436],[25.20294764538551,44.45644970450647],[25.11120263696682,44.41588130548857],[25.10672509356948,44.42005343497255],[25.086174657759727,44.41710459800113],[25.103289129944145,44.40986707630187],[25.091918319753766,44.41326040538502],[25.06513465023513,44.3973189842443],[25.05464034457027,44.409102353246716],[25.046266044321676,44.39731239535963],[25.010544173296147,44.41084457783629],[24.976622965445216,44.382852183488325],[24.961185336995097,44.376849516683144],[24.884035504234298,44.382636172952694],[24.880271041470984,44.394235762639184],[24.81832538291524,44.3938659092171],[24.818239406810896,44.38739033834866],[24.81087478599291,44.38700534422456],[24.8083090553322,44.39338742898162],[24.78772486479028,44.39236447816601],[24.78637807223073,44.39824977158196],[24.75456613186807,44.39135785016354],[24.744535956779735,44.395482370547406],[24.753475115776734,44.4043041681067],[24.74402224877486,44.42296525107337],[24.75434373429451,44.42807745489683],[24.749871078642453,44.4433682505109],[24.759159690564392,44.46450725492194],[24.734012693251024,44.46520622129376],[24.729163801308456,44.51379897827821],[24.742627124250728,44.53804961399234],[24.738945810135988,44.54654485519732],[24.72504680631168,44.5433248658433],[24.728615273215514,44.55323697579635],[24.736548295333918,44.55511930707958],[24.72339578135739,44.57864148774855],[24.710546264852574,44.582300992825836],[24.70873172250254,44.61654120037174],[24.716712032027733,44.6260967419736],[24.701065715882105,44.640365502350775],[24.704987299260843,44.65710504344288],[24.692867261636035,44.69676506489323],[24.68568032224792,44.70011332495798],[24.710554924022897,44.710512300268576],[24.706579125775846,44.71407689600485],[24.721641566073647,44.71445325971826],[24.718351589967064,44.7167873530003],[24.725443528308798,44.720760895986075],[24.715940266664756,44.71825093034213],[24.705231914962333,44.72702140675556],[24.707435848725755,44.73129526470301],[24.674717526498487,44.73908821092779],[24.62965473057134,44.72876962226103],[24.6313638829489,44.73288216021636],[24.60698211514455,44.75379854010395],[24.593790316867906,44.75087261243156],[24.587825712180972,44.775686121426084],[24.58226107461858,44.77403756549255],[24.5885762368587,44.79815466067587],[24.57708394421932,44.799007456950456],[24.57171980924591,44.81705937844222],[24.55649064046698,44.83113609135787],[24.552081368274212,44.858481249653146],[24.5424718894675,44.86142140209252],[24.54073557573975,44.89104176386104],[24.53496243972267,44.88886402535601],[24.52277712391897,44.89423089029181],[24.513523767527463,44.877555340200296],[24.515225184521714,44.86905138290377],[24.505435625144614,44.865874799181356],[24.509415651878022,44.84549779363829],[24.49486398685815,44.8445666461385],[24.49485344851746,44.831689130803014],[24.48296704029551,44.8298666810449],[24.4801962884083,44.82174264949442],[24.445339360136888,44.81076280477188],[24.446884933656143,44.82021913544535],[24.432968586117617,44.81783617668453],[24.421513155229157,44.82707127789482],[24.47233241591444,44.87435003785743],[24.463249979120576,44.87466908838073],[24.48006734953617,44.899125709186315],[24.463540633190803,44.90417366652665],[24.463646636823803,44.913370827981325],[24.46918376464033,44.924493863507585],[24.49975609333853,44.94542929382845],[24.482325326292784,44.95417825733662],[24.483414470398444,44.950750546861514],[24.47088128519378,44.94531532474803],[24.46868988554622,44.948267032282196],[24.48100023812163,44.97580457380715],[24.50904348397133,44.99778408234549],[24.48276414233969,45.014309041223186],[24.517356930956243,45.03930193026926],[24.520467461490515,45.048980579657076],[24.512013074775727,45.055020893782505],[24.48135922171264,45.060942456348606],[24.491271221999888,45.0770787834102],[24.507153077893186,45.084973226692895],[24.506428436595222,45.09261166101988],[24.497443974461312,45.09126737725663],[24.498306041912024,45.10036883999088],[24.4921602032703,45.09881167152043],[24.487503104387667,45.105298029870326],[24.49649510100982,45.106611677888864],[24.492632250794173,45.11097245717596],[24.49779694997937,45.11500736857922],[24.512453933351924,45.10828056109105],[24.51968976062258,45.13476381064255],[24.49793318247384,45.165640632581095],[24.51288294536314,45.165822494772605],[24.510424108143262,45.17499434235397],[24.521976965408456,45.179824664348374],[24.51349114885873,45.18888046121613],[24.499111221644306,45.188452998484536],[24.488748929476603,45.19500279034798],[24.500793052970923,45.20502700170798],[24.48445962829253,45.21274632292355],[24.475895883915534,45.20902520725573],[24.469281960420652,45.22099691612981],[24.466768054997377,45.23173606022538],[24.483962281284096,45.25668787084187],[24.483707163921192,45.26493942110785],[24.475851497620308,45.26720665690098],[24.491947547374416,45.2777491488769],[24.48820646345301,45.296444056041615],[24.48013772914016,45.2960274860521],[24.49091113584925,45.30899761014612],[24.48589455849674,45.312505284499196],[24.492230618262667,45.31549556128051],[24.486092974756563,45.331138292997466],[24.47258716875883,45.32948203953075],[24.472789911522632,45.35767925005042],[24.46613138746082,45.363005003907],[24.507270708411816,45.35249323042634],[24.49396003647382,45.37861573777554],[24.50434629979019,45.3793495676104],[24.50536456510794,45.38407314041819],[24.491000729991534,45.39930268334179],[24.47902611897918,45.437653615708214],[24.48559557144206,45.462596384002275],[24.510371707804104,45.46304472694832],[24.524981443409295,45.47528369695654],[24.52787018565381,45.49678999643279],[24.51190343166402,45.51752384415186],[24.54053512212746,45.535763038455656],[24.523144182214345,45.58056952870203],[24.55367600328549,45.587743205401445],[24.56590326615098,45.57914422068053],[24.596577141701385,45.59619233814102],[24.62252550799694,45.599517235762825],[24.626196377991004,45.6039178103867],[24.658159974665285,45.603061819695455],[24.659514224867284,45.59696615833136],[24.67106964501218,45.594584027128754],[24.6836517824015,45.6044016724906],[24.698893018925894,45.602361238263256],[24.72859427444056,45.608364743823245],[24.73642341503723,45.603131643814145],[24.7715058362847,45.61119960526584],[24.792544567894705,45.60235502733869],[24.810640133373568,45.61073831395567],[24.829813634928357,45.60653603929777],[24.83638627849264,45.59202539400227],[24.917390338336002,45.594587568101154],[24.941466521449517,45.58209137033411],[24.956433898720384,45.59224812339909],[24.96773681060885,45.59289878462812],[24.983284465685824,45.586182553718565],[25.013431980740545,45.58601355211122],[25.036108357002686,45.59264398777214],[25.080594333674075,45.58180684580556],[25.10322934723959,45.5852002222317],[25.134999925860054,45.561089362784124],[25.145551086275066,45.55861765768445],[25.15166804776351,45.545782318356444],[25.175466580522592,45.535840330929545],[25.188967931546117,45.52277745075565],[25.20342396239602,45.519693399993876],[25.211643137061348,45.526873058432734],[25.229968885917703,45.51650172491542],[25.23679960519228,45.51776287187654],[25.233241238345002,45.511766034233425],[25.24209232303858,45.49391216803339],[25.23830216901603,45.475614797184534],[25.258764962023548,45.45666386076672],[25.257428200061636,45.45204511656971],[25.275853061979962,45.44206292952317],[25.26202778632461,45.43789295068363],[25.253446240493783,45.428822530601835],[25.25538478122273,45.42249905405968],[25.272582577267084,45.40741196787157],[25.300942111302913,45.42315167277462],[25.312306486265076,45.39895127580356],[25.30801316665848,45.38951876160829],[25.321594197343014,45.38109446134519]]]]},"properties":{"alert_id":"f3e3dec0f03d88ed","source":"nowcasting","alert_type":"nowcasting","feature_id":"0b1145ff32e925baf6","judet_cod":"AG","judet_nume":"Argeș","county_code":"AG","county_name":"Argeș","cod_judet":"AG","cod_culoare":2,"cod_culoare_nume":"Portocaliu","culoare":"2","cod":"Portocaliu","fenomen_principal":"Averse torențiale care vor acumula 20...30 l/mp, frecvente descărcări electrice, intensificări ale vântului, vijelie (rafale de 70...90 km/h), grindină de mici și posibil medii dimensiuni (2...3 cm). În zona avertizată în ultimele ore s-au acumulat cantități de 15...25 l/mp.","fenomen_group":"ploi/vijelii","zona_text":"Județul Argeş: Dâmbovicioara;<br>","zona_nume":"Argeș - localitati","zone_name":"Argeș - localitati","display_name":"Argeș - localitati","localities":["Dâmbovicioara"],"geometry_source":"county_fallback","match_confidence":"low","interval_text":"","interval_start":"2026-08-12T17:33:00","valid_from":"2026-08-12T17:33:00","valid_to":"2026-08-12T18:15:00","interval_valabilitate_text":"","interval_end":"2026-08-12T18:15:00","data_expirare":"2026-08-12T18:15:00","mesaj_plain":"Averse torențiale care vor acumula 20...30 l/mp, frecvente descărcări electrice, intensificări ale vântului, vijelie (rafale de 70...90 km/h), grindină de mici și posibil medii dimensiuni (2...3 cm). În zona avertizată în ultimele ore s-au acumulat cantități de 15...25 l/mp.","source_url":"","source_label":"","notes":"","durata_ore":0.7,"zi":"2026-08-12"}},{"type":"Feature","geometry":{"type":"MultiPolygon","coordinates":[[[[25.270563,45.985487],[25.535182,45.898665],[25.527728,45.985487],[25.553817,46.013967],[25.5445,46.045018],[25.499775,46.038551],[25.432689,46.07993],[25.365602,46.108361],[25.270563,45.985487]]]]},"properties":{"alert_id":"1a6f395c7f52d60e","source":"nowcasting","alert_type":"nowcasting","feature_id":"dffddd1b6f83681342","judet_cod":"BV","judet_nume":"Brașov","county_code":"BV","county_name":"Brașov","cod_judet":"BV","cod_culoare":1,"cod_culoare_nume":"Galben","culoare":"1","cod":"Galben","fenomen_principal":"Averse torențiale care vor acumula 15...25 l/mp, descărcări electrice, intensificări ale vântului (rafale de 50...70 km/h), grindină de mici dimensiuni (1...2 cm).","fenomen_group":"ploi/vijelii","zona_text":"Județul Braşov: Hoghiz, Racoș, Homorod;<br>","zona_nume":"Brașov - localitati","zone_name":"Brașov - localitati","display_name":"Brașov - localitati","localities":["Hoghiz","Racoș","Homorod"],"geometry_source":"coordGis","match_confidence":"high","interval_text":"","interval_start":"2026-08-12T16:41:00","valid_from":"2026-08-12T16:41:00","valid_to":"2026-08-12T17:30:00","interval_valabilitate_text":"","interval_end":"2026-08-12T17:30:00","data_expirare":"2026-08-12T17:30:00","mesaj_plain":"Averse torențiale care vor acumula 15...25 l/mp, descărcări electrice, intensificări ale vântului (rafale de 50...70 km/h), grindină de mici dimensiuni (1...2 cm).","source_url":"","source_label":"","notes":"","durata_ore":0.8,"zi":"2026-08-12"}}]}