{"type":"FeatureCollection","metadata":{"date":"2026-08-09","active_alerts":[{"alert_id":"68e5fe1df3a0f7cb","source":"nowcasting","alert_type":"nowcasting","interval_text":"","interval_start":"2026-08-09T15:00:00","interval_end":"2026-08-09T18:00:00","durata_ore":3.0,"valid_from":"2026-08-09T15:00:00","valid_to":"2026-08-09T18:00:00","cod_culoare_max":1,"fenomene_pe_cod":{"1":"Intensificări temporare ale vântului, cu viteze la rafală de 50...60 km/h."},"judete_afectate":["TL"],"judete_count":1,"judete_culori":{"TL":1},"color_counts":{"1":1},"text_alerta_html":"","message":"Intensificări temporare ale vântului, cu viteze la rafală de 50...60 km/h.","feature_meta":{"TL":{"county_code":"TL","county_name":"Tulcea","zone_name":"Tulcea - localitati","display_name":"Tulcea - localitati","localities":["Delta Dunarii","respectiv zona localităților: Sarichioi","Jurilovca","Valea Nucarilor","Murighiol","Chilia Veche","Mahmudia","Ceamurlia de Jos","Nufăru","Beștepe","Crișan","C.A. Rosetti","Maliuc","Pardina"],"geometry_source":"coordGis","match_confidence":"high"}},"source_url":"","source_label":"","notes":""},{"alert_id":"1510f56062b65bfd","source":"nowcasting","alert_type":"nowcasting","interval_text":"","interval_start":"2026-08-09T10:00:00","interval_end":"2026-08-09T15:00:00","durata_ore":5.0,"valid_from":"2026-08-09T10:00:00","valid_to":"2026-08-09T15:00:00","cod_culoare_max":1,"fenomene_pe_cod":{"1":"Intensificări temporare ale vântului, cu viteze la rafală de 50...60 km/h."},"judete_afectate":["TL"],"judete_count":1,"judete_culori":{"TL":1},"color_counts":{"1":1},"text_alerta_html":"","message":"Intensificări temporare ale vântului, cu viteze la rafală de 50...60 km/h.","feature_meta":{"TL":{"county_code":"TL","county_name":"Tulcea","zone_name":"Tulcea - localitati","display_name":"Tulcea - localitati","localities":["Delta Dunarii","respectiv zona localităților: Sarichioi","Jurilovca","Valea Nucarilor","Murighiol","Chilia Veche","Mahmudia","Ceamurlia de Jos","Nufăru","Beștepe","Crișan","C.A. Rosetti","Maliuc","Pardina","Zona de litoral a județului Tulcea","respectiv zona localităților: Jurilovca","Sulina","C.A. Rosetti","Sfântu Gheorghe"],"geometry_source":"uat_match","match_confidence":"medium"}},"source_url":"","source_label":"","notes":""},{"alert_id":"fd56f98f66a564c8","source":"nowcasting","alert_type":"nowcasting","interval_text":"","interval_start":"2026-08-09T12:55:00","interval_end":"2026-08-09T14:00:00","durata_ore":1.1,"valid_from":"2026-08-09T12:55:00","valid_to":"2026-08-09T14:00:00","cod_culoare_max":1,"fenomene_pe_cod":{"1":"Averse torențiale care vor acumula 15...25 l/mp, descărcări electrice, intensificări ale vântului (45...50 km/h), grindină de mici dimensiuni (1...2 cm)."},"judete_afectate":["VL"],"judete_count":1,"judete_culori":{"VL":1},"color_counts":{"1":1},"text_alerta_html":"","message":"Averse torențiale care vor acumula 15...25 l/mp, descărcări electrice, intensificări ale vântului (45...50 km/h), grindină de mici dimensiuni (1...2 cm).","feature_meta":{"VL":{"county_code":"VL","county_name":"Vâlcea","zone_name":"Vâlcea - localitati","display_name":"Vâlcea - localitati","localities":["Brezoi","Câineni","Voineasa","Malaia","Racovița"],"geometry_source":"coordGis","match_confidence":"high"}},"source_url":"","source_label":"","notes":""},{"alert_id":"4c4ef08abf5fb1df","source":"nowcasting","alert_type":"nowcasting","interval_text":"","interval_start":"2026-08-09T07:25:00","interval_end":"2026-08-09T09:00:00","durata_ore":1.6,"valid_from":"2026-08-09T07:25:00","valid_to":"2026-08-09T09:00:00","cod_culoare_max":1,"fenomene_pe_cod":{"1":"Ceață ce determină vizibilitate redusă, local sub 200 m și izolat sub 50 m."},"judete_afectate":["SB"],"judete_count":1,"judete_culori":{"SB":1},"color_counts":{"1":1},"text_alerta_html":"","message":"Ceață ce determină vizibilitate redusă, local sub 200 m și izolat sub 50 m.","feature_meta":{"SB":{"county_code":"SB","county_name":"Sibiu","zone_name":"Sibiu - localitati","display_name":"Sibiu - localitati","localities":["Avrig","Tălmaciu","Șelimbăr","Racovița","Porumbacu de Jos","Turnu Roșu","Arpașu de Jos","Boița","Cârțișoara","Cârța"],"geometry_source":"coordGis","match_confidence":"high"}},"source_url":"","source_label":"","notes":""},{"alert_id":"852deeb81b69f478","source":"nowcasting","alert_type":"nowcasting","interval_text":"","interval_start":"2026-08-08T23:00:00","interval_end":"2026-08-09T05:00:00","durata_ore":6.0,"valid_from":"2026-08-08T23:00:00","valid_to":"2026-08-09T05:00:00","cod_culoare_max":1,"fenomene_pe_cod":{"1":"Intensificări ale vântului cu viteze la rafală de 50...70 km/h."},"judete_afectate":["TL"],"judete_count":1,"judete_culori":{"TL":1},"color_counts":{"1":1},"text_alerta_html":"","message":"Intensificări ale vântului cu viteze la rafală de 50...70 km/h.","feature_meta":{"TL":{"county_code":"TL","county_name":"Tulcea","zone_name":"Tulcea - localitati","display_name":"Tulcea - localitati","localities":["Delta Dunarii","respectiv zona localităților: Sarichioi","Jurilovca","Valea Nucarilor","Murighiol","Chilia Veche","Mahmudia","Ceamurlia de Jos","Nufăru","Beștepe","Crișan","C.A. Rosetti","Maliuc","Pardina"],"geometry_source":"coordGis","match_confidence":"high"}},"source_url":"","source_label":"","notes":""}],"alert_count":5,"general_alert_count":0,"nowcasting_alert_count":5,"manual_nowcasting_alert_count":0,"feature_count":5,"general_feature_count":0,"nowcasting_feature_count":5,"max_color":1,"general_max_color":0,"nowcasting_count":5,"has_nowcasting":true,"has_manual_nowcasting":false,"calendar_badge":"NC","sources":["nowcasting"],"alerts_by_county":{"SB":[{"alert_id":"4c4ef08abf5fb1df","cod":"Galben","culoare":"1","fenomen_group":"ceata","source":"nowcasting"}],"TL":[{"alert_id":"68e5fe1df3a0f7cb","cod":"Galben","culoare":"1","fenomen_group":"alte fenomene","source":"nowcasting"},{"alert_id":"1510f56062b65bfd","cod":"Galben","culoare":"1","fenomen_group":"alte fenomene","source":"nowcasting"},{"alert_id":"852deeb81b69f478","cod":"Galben","culoare":"1","fenomen_group":"alte fenomene","source":"nowcasting"}],"VL":[{"alert_id":"fd56f98f66a564c8","cod":"Galben","culoare":"1","fenomen_group":"ploi/vijelii","source":"nowcasting"}]},"max_by_county":{"SB":{"max_color":1,"alert_count":1,"phenomena":["ceata"]},"TL":{"max_color":1,"alert_count":3,"phenomena":["alte fenomene"]},"VL":{"max_color":1,"alert_count":1,"phenomena":["ploi/vijelii"]}}},"features":[{"type":"Feature","geometry":{"type":"MultiPolygon","coordinates":[[[[29.669168,45.224851],[29.67068,45.220574],[29.671947,45.219038],[29.673955,45.216637],[29.675902,45.214398],[29.677543,45.212983],[29.680209,45.210178],[29.681363,45.208084],[29.681945,45.205813],[29.680982,45.205895],[29.68021,45.20568],[29.679457,45.205319],[29.679107,45.2059],[29.677605,45.205472],[29.676626,45.205944],[29.674907,45.205793],[29.67367,45.206087],[29.672369,45.207061],[29.670733,45.208086],[29.670146,45.208477],[29.672489,45.208857],[29.662635,45.211828],[29.663265,45.214145],[29.658011,45.214278],[29.646835,45.218822],[29.63768,45.224339],[29.6344,45.221221],[29.62985,45.216896],[29.62845,45.216971],[29.628821,45.215194],[29.628923,45.212186],[29.630445,45.208084],[29.6316,45.205041],[29.632732,45.200006],[29.634032,45.191393],[29.635498,45.185988],[29.636636,45.180846],[29.638151,45.176444],[29.639883,45.172209],[29.640745,45.169459],[29.642188,45.167201],[29.64312,45.166419],[29.644759,45.164939],[29.645844,45.163476],[29.647009,45.162374],[29.648076,45.161551],[29.649289,45.161005],[29.65018,45.16016],[29.650608,45.160288],[29.650677,45.160961],[29.651454,45.161449],[29.651244,45.161019],[29.653742,45.161235],[29.65632,45.160668],[29.662139,45.159865],[29.672702,45.159912],[29.674032,45.159941],[29.675504,45.160082],[29.677188,45.160328],[29.680614,45.160895],[29.685941,45.163279],[29.687657,45.163087],[29.7019,45.166014],[29.701147,45.166419],[29.70257,45.16668],[29.705197,45.167128],[29.710215,45.167462],[29.714444,45.167329],[29.714139,45.16642],[29.715208,45.165278],[29.708992,45.164537],[29.706231,45.164275],[29.702955,45.16314],[29.700049,45.162108],[29.696851,45.159791],[29.692596,45.157298],[29.689381,45.154552],[29.686911,45.152464],[29.685942,45.150985],[29.684926,45.149384],[29.679676,45.143009],[29.675644,45.137567],[29.67235,45.132168],[29.668866,45.126027],[29.668453,45.124752],[29.667151,45.123868],[29.665796,45.120903],[29.665368,45.118939],[29.66349,45.114614],[29.662089,45.111053],[29.660236,45.107521],[29.658474,45.101949],[29.655949,45.092411],[29.655613,45.091613],[29.655324,45.089079],[29.655662,45.084875],[29.655033,45.083085],[29.654751,45.082172],[29.654433,45.079683],[29.654549,45.078327],[29.65425,45.076257],[29.653591,45.072952],[29.653308,45.071536],[29.651678,45.064324],[29.652471,45.063045],[29.65202,45.061719],[29.652063,45.060288],[29.652232,45.059522],[29.651756,45.058002],[29.650876,45.054522],[29.650416,45.052705],[29.649673,45.046549],[29.648744,45.042196],[29.648636,45.041417],[29.648378,45.040201],[29.647431,45.033027],[29.646722,45.025421],[29.64649,45.022926],[29.645808,45.018567],[29.645328,45.015503],[29.643984,45.009308],[29.642955,45.001027],[29.641435,44.99975],[29.644383,44.998159],[29.643851,44.996352],[29.642381,44.988072],[29.638427,44.973276],[29.63673,44.964909],[29.634936,44.959295],[29.634789,44.958081],[29.634216,44.957094],[29.631734,44.946224],[29.628575,44.933045],[29.626683,44.924298],[29.626631,44.921882],[29.625933,44.917092],[29.625828,44.916412],[29.625948,44.912318],[29.6257,44.909645],[29.626051,44.904771],[29.625358,44.892987],[29.625067,44.885349],[29.62475,44.883777],[29.624159,44.883298],[29.62345,44.883417],[29.621554,44.883604],[29.619605,44.884971],[29.606422,44.877522],[29.605743,44.877043],[29.603638,44.877031],[29.603022,44.876582],[29.603631,44.875446],[29.604189,44.874747],[29.604667,44.874435],[29.605124,44.874131],[29.605788,44.872992],[29.607722,44.867223],[29.60737,44.867043],[29.607879,44.866445],[29.609136,44.864879],[29.610444,44.859744],[29.613135,44.857254],[29.613336,44.856756],[29.614153,44.858905],[29.616012,44.863236],[29.61688,44.867098],[29.61565,44.872515],[29.616516,44.875361],[29.616098,44.877073],[29.61731,44.876345],[29.617698,44.874698],[29.617169,44.872723],[29.617588,44.870605],[29.617919,44.867386],[29.617501,44.864041],[29.614991,44.858574],[29.61183,44.851452],[29.610595,44.849874],[29.609671,44.846654],[29.608238,44.844454],[29.604871,44.840713],[29.597817,44.832064],[29.593467,44.826172],[29.586311,44.820064],[29.583367,44.816211],[29.567348,44.801966],[29.552482,44.790429],[29.533491,44.781485],[29.516138,44.775561],[29.49988,44.773672],[29.492185,44.77431],[29.487502,44.77582],[29.485778,44.777544],[29.486928,44.778381],[29.490488,44.778349],[29.498278,44.776936],[29.502112,44.776452],[29.500852,44.778157],[29.504086,44.777918],[29.507338,44.777898],[29.513086,44.77811],[29.517042,44.779165],[29.518818,44.780087],[29.517953,44.780894],[29.517224,44.781475],[29.519429,44.781938],[29.522827,44.781802],[29.52523,44.782809],[29.525026,44.784141],[29.525019,44.786017],[29.523355,44.786525],[29.523433,44.787515],[29.525776,44.787752],[29.530718,44.787554],[29.533859,44.78809],[29.537635,44.788821],[29.540243,44.788495],[29.545427,44.78939],[29.547257,44.790971],[29.548417,44.791917],[29.551757,44.792996],[29.555082,44.795841],[29.560376,44.800041],[29.564139,44.802537],[29.56646,44.804429],[29.570466,44.808018],[29.572469,44.809813],[29.575598,44.812113],[29.580343,44.815231],[29.584553,44.821349],[29.588182,44.82407],[29.591838,44.827121],[29.593132,44.829717],[29.594254,44.832098],[29.596859,44.833647],[29.599271,44.836639],[29.608015,44.845824],[29.609179,44.849614],[29.607121,44.848252],[29.606352,44.848152],[29.605401,44.847046],[29.605698,44.846618],[29.603205,44.846043],[29.601856,44.845528],[29.599589,44.845301],[29.599797,44.844751],[29.598808,44.844789],[29.594907,44.842956],[29.594509,44.842369],[29.591496,44.840086],[29.588821,44.839189],[29.585767,44.837236],[29.584599,44.837409],[29.583968,44.837476],[29.583073,44.837293],[29.582684,44.837805],[29.580989,44.837863],[29.580062,44.838423],[29.579349,44.838487],[29.577832,44.838087],[29.576426,44.838295],[29.575849,44.838011],[29.57477,44.838313],[29.574469,44.839175],[29.574032,44.839112],[29.572204,44.837273],[29.571085,44.835434],[29.569624,44.834002],[29.569021,44.833078],[29.568741,44.832554],[29.568358,44.831833],[29.567255,44.831015],[29.567151,44.830702],[29.564237,44.828972],[29.563227,44.827794],[29.56341,44.827506],[29.563102,44.8273],[29.562281,44.827426],[29.560951,44.826545],[29.559847,44.825757],[29.558242,44.825371],[29.557043,44.824771],[29.556667,44.824303],[29.553462,44.822868],[29.550328,44.824105],[29.54884,44.824359],[29.544048,44.823816],[29.542472,44.824294],[29.537013,44.824664],[29.524255,44.824439],[29.520685,44.823864],[29.516444,44.823404],[29.510074,44.822896],[29.506027,44.822816],[29.500829,44.821649],[29.49845,44.821036],[29.495145,44.820208],[29.480419,44.818013],[29.464486,44.816198],[29.454155,44.814634],[29.440218,44.812832],[29.43595,44.811751],[29.435088,44.811534],[29.433523,44.811335],[29.40447,44.80763],[29.40024,44.806894],[29.3948,44.806365],[29.392456,44.806335],[29.389811,44.805698],[29.384202,44.80536],[29.379402,44.80531],[29.37345,44.804963],[29.372447,44.804891],[29.369082,44.804757],[29.364718,44.803963],[29.354533,44.804127],[29.346882,44.804221],[29.325899,44.804129],[29.312686,44.802478],[29.310949,44.802412],[29.309119,44.802083],[29.298891,44.80131],[29.276692,44.799999],[29.271529,44.799659],[29.268685,44.798919],[29.254661,44.797478],[29.248449,44.79699],[29.245329,44.79676],[29.219939,44.791996],[29.219177,44.791407],[29.210755,44.788422],[29.189252,44.781787],[29.185949,44.784647],[29.184206,44.784365],[29.172063,44.782071],[29.164827,44.780883],[29.159062,44.780008],[29.140941,44.774404],[29.12829,44.770348],[29.123448,44.770104],[29.121773,44.768001],[29.115432,44.765157],[29.108488,44.761648],[29.087995,44.750437],[29.08657,44.749738],[29.085005,44.749008],[29.06632,44.736305],[29.060949,44.732325],[29.058476,44.731514],[29.029234,44.709259],[29.027983,44.70807],[29.026303,44.706505],[29.020717,44.701785],[29.008559,44.690861],[28.999101,44.681869],[28.99845,44.681358],[28.996992,44.680253],[28.996011,44.679839],[28.994997,44.679],[28.994433,44.67935],[28.993873,44.679703],[28.993733,44.679811],[28.993631,44.679876],[28.993364,44.680161],[28.993241,44.680267],[28.99322,44.680317],[28.993163,44.680357],[28.993037,44.680387],[28.992995,44.680383],[28.992542,44.680447],[28.992504,44.68044],[28.992438,44.680463],[28.992377,44.68047],[28.992355,44.680462],[28.992268,44.680486],[28.992206,44.680493],[28.992184,44.680485],[28.992097,44.680508],[28.992036,44.680516],[28.992014,44.680508],[28.991906,44.680531],[28.991849,44.680531],[28.991798,44.680509],[28.991671,44.680396],[28.991617,44.680324],[28.991539,44.680272],[28.991544,44.680261],[28.991254,44.679994],[28.991212,44.679934],[28.991175,44.679816],[28.991159,44.679804],[28.991132,44.679683],[28.991111,44.679668],[28.991079,44.679551],[28.991031,44.679464],[28.991031,44.67943],[28.991003,44.679398],[28.990979,44.679385],[28.990806,44.67937],[28.990742,44.679377],[28.990636,44.679358],[28.99055,44.679362],[28.990424,44.679347],[28.990388,44.679333],[28.989603,44.678798],[28.989517,44.678763],[28.989302,44.678706],[28.989217,44.678695],[28.989131,44.678664],[28.989089,44.678664],[28.98894,44.678619],[28.988833,44.678603],[28.988791,44.678581],[28.988684,44.678565],[28.988576,44.678527],[28.988513,44.678524],[28.988471,44.678501],[28.988149,44.678421],[28.987851,44.678383],[28.987807,44.678368],[28.985619,44.679086],[28.984477,44.680013],[28.984265,44.680331],[28.984111,44.680561],[28.983959,44.680789],[28.983392,44.68102],[28.983111,44.681083],[28.98276,44.681471],[28.982708,44.681759],[28.982362,44.681905],[28.981906,44.682097],[28.981722,44.682243],[28.981824,44.682372],[28.981779,44.682498],[28.981219,44.682809],[28.980634,44.682902],[28.980246,44.682964],[28.979903,44.682805],[28.97942,44.682744],[28.979261,44.682882],[28.978966,44.683138],[28.978451,44.683313],[28.977911,44.683248],[28.977177,44.683655],[28.976678,44.683932],[28.976123,44.684311],[28.975919,44.684537],[28.975738,44.684813],[28.975344,44.685096],[28.974632,44.685607],[28.974139,44.685961],[28.973697,44.686185],[28.973362,44.686481],[28.973102,44.686871],[28.972825,44.687287],[28.972285,44.687713],[28.971647,44.687978],[28.971429,44.687993],[28.970775,44.688405],[28.970781,44.688494],[28.970624,44.688499],[28.970523,44.688739],[28.970477,44.689242],[28.970069,44.689424],[28.969797,44.689617],[28.969526,44.68981],[28.96928,44.68987],[28.969021,44.689772],[28.968777,44.689747],[28.968537,44.689909],[28.968336,44.690195],[28.968167,44.690437],[28.967869,44.69064],[28.967348,44.690776],[28.966876,44.690807],[28.966571,44.69079],[28.966339,44.690905],[28.966291,44.691079],[28.966047,44.6913],[28.965759,44.691447],[28.965383,44.691562],[28.965244,44.691805],[28.964987,44.691889],[28.964633,44.692083],[28.964401,44.692118],[28.964153,44.69201],[28.964009,44.692083],[28.963933,44.692206],[28.963651,44.692293],[28.963617,44.692435],[28.963568,44.692636],[28.963289,44.69278],[28.963003,44.692808],[28.962805,44.692572],[28.962428,44.692419],[28.962095,44.6924],[28.961822,44.692384],[28.961804,44.69254],[28.961394,44.692702],[28.96129,44.692842],[28.960993,44.693065],[28.960589,44.693262],[28.960203,44.693347],[28.960077,44.693472],[28.959795,44.693591],[28.959436,44.693612],[28.958907,44.693643],[28.958541,44.693963],[28.95805,44.694231],[28.957622,44.694291],[28.957242,44.694033],[28.95696,44.694038],[28.95644,44.694297],[28.955653,44.694058],[28.955303,44.694197],[28.955091,44.69442],[28.954717,44.694397],[28.954486,44.694487],[28.954187,44.694603],[28.953469,44.695115],[28.95283,44.694907],[28.951917,44.695386],[28.950688,44.695414],[28.9503,44.695445],[28.94997,44.695429],[28.949596,44.695276],[28.949379,44.695294],[28.949169,44.695417],[28.948763,44.695399],[28.94842,44.695362],[28.94826,44.695416],[28.948134,44.695489],[28.948011,44.69556],[28.947773,44.695521],[28.947556,44.695334],[28.947261,44.69521],[28.947041,44.695171],[28.946878,44.695229],[28.946653,44.695308],[28.946505,44.695313],[28.94627,44.695255],[28.946078,44.695229],[28.94588,44.695237],[28.945744,44.695277],[28.945585,44.695388],[28.945466,44.695515],[28.945371,44.69556],[28.945202,44.69564],[28.945003,44.695701],[28.944891,44.69575],[28.944793,44.695743],[28.944746,44.695796],[28.944657,44.695895],[28.944539,44.695941],[28.944458,44.695957],[28.944373,44.695934],[28.944237,44.69585],[28.944066,44.69571],[28.943844,44.695592],[28.943591,44.695537],[28.943408,44.695518],[28.943196,44.695544],[28.942917,44.695613],[28.942583,44.695636],[28.942216,44.695682],[28.941746,44.695706],[28.941617,44.695683],[28.941347,44.69571],[28.941173,44.695766],[28.940997,44.695766],[28.940778,44.695742],[28.940486,44.695807],[28.940166,44.695836],[28.939913,44.695963],[28.939917,44.695967],[28.939928,44.696229],[28.939825,44.696336],[28.939736,44.696397],[28.939708,44.696551],[28.939248,44.696609],[28.938818,44.696607],[28.938387,44.696605],[28.938249,44.696459],[28.938095,44.696393],[28.938061,44.696378],[28.937854,44.696339],[28.937647,44.696299],[28.937618,44.696307],[28.937512,44.696337],[28.937449,44.696376],[28.937377,44.69645],[28.937304,44.696465],[28.9368,44.696362],[28.936417,44.696447],[28.935873,44.696567],[28.9355,44.696552],[28.935362,44.696509],[28.935035,44.696495],[28.934655,44.696629],[28.934234,44.696649],[28.933852,44.696616],[28.933537,44.696663],[28.933316,44.696696],[28.933118,44.696792],[28.933156,44.696988],[28.932932,44.697033],[28.932794,44.696879],[28.932643,44.696791],[28.932243,44.696783],[28.93129,44.6969],[28.930689,44.697005],[28.930319,44.697116],[28.930139,44.697303],[28.929794,44.697514],[28.929444,44.697659],[28.928927,44.697704],[28.92855,44.697661],[28.928212,44.697494],[28.927635,44.697209],[28.927114,44.697134],[28.92583,44.696949],[28.925278,44.696844],[28.924873,44.696814],[28.924553,44.69694],[28.924325,44.697143],[28.923957,44.697204],[28.923226,44.696979],[28.922707,44.696883],[28.922462,44.696838],[28.921419,44.696626],[28.920621,44.69646],[28.92045,44.696435],[28.920236,44.69644],[28.919359,44.696404],[28.919263,44.696422],[28.918217,44.697546],[28.917735,44.697265],[28.917252,44.696984],[28.917152,44.696933],[28.917131,44.696937],[28.916961,44.696877],[28.916791,44.696817],[28.916749,44.696813],[28.916663,44.696835],[28.916385,44.696915],[28.916107,44.696994],[28.91607,44.696986],[28.915986,44.696932],[28.915176,44.696284],[28.914497,44.696627],[28.913185,44.69558],[28.912572,44.694488],[28.913133,44.693291],[28.913153,44.693116],[28.913453,44.691676],[28.913798,44.690675],[28.915593,44.690091],[28.915283,44.689548],[28.915128,44.688996],[28.915462,44.688445],[28.915584,44.687963],[28.915463,44.687547],[28.915204,44.687025],[28.914764,44.686837],[28.91473,44.686254],[28.913055,44.685595],[28.912344,44.685257],[28.911272,44.684905],[28.910872,44.684587],[28.909984,44.684379],[28.908768,44.683815],[28.907329,44.683254],[28.906577,44.682873],[28.903622,44.681762],[28.90338,44.681979],[28.902806,44.681654],[28.902781,44.681439],[28.902361,44.68121],[28.901672,44.680836],[28.900703,44.68074],[28.900042,44.680295],[28.899127,44.679955],[28.898909,44.680033],[28.898143,44.679803],[28.898142,44.679507],[28.897662,44.679289],[28.897099,44.679118],[28.896542,44.679142],[28.895714,44.678989],[28.895066,44.678675],[28.894843,44.678391],[28.894171,44.678091],[28.893595,44.677903],[28.893413,44.677599],[28.893048,44.677519],[28.892345,44.67757],[28.89154,44.677426],[28.891235,44.677192],[28.890836,44.676887],[28.890322,44.676808],[28.889956,44.676431],[28.88962,44.676208],[28.889043,44.676038],[28.888147,44.675774],[28.887432,44.675407],[28.88706,44.675217],[28.886933,44.674805],[28.886706,44.674565],[28.886281,44.674474],[28.885853,44.674232],[28.885365,44.673956],[28.884364,44.673575],[28.883575,44.673275],[28.883192,44.673023],[28.88276,44.672591],[28.882056,44.671885],[28.881755,44.671652],[28.881374,44.671603],[28.880992,44.671554],[28.88038,44.67112],[28.879652,44.670423],[28.879228,44.669938],[28.87865,44.669816],[28.877694,44.669792],[28.877192,44.66988],[28.875677,44.669111],[28.875016,44.668676],[28.873916,44.668364],[28.873458,44.668004],[28.873181,44.667921],[28.872903,44.667839],[28.872163,44.667544],[28.87152,44.667287],[28.870879,44.667154],[28.870705,44.666873],[28.869247,44.665359],[28.868336,44.665026],[28.867064,44.664822],[28.865299,44.664042],[28.863583,44.663007],[28.862766,44.662426],[28.862761,44.661518],[28.862394,44.660568],[28.861675,44.660315],[28.860956,44.660062],[28.860309,44.659475],[28.859246,44.659025],[28.858473,44.658697],[28.857474,44.657946],[28.856475,44.657194],[28.855636,44.656497],[28.854606,44.655858],[28.854086,44.655536],[28.850709,44.653443],[28.849649,44.652674],[28.843663,44.648288],[28.836508,44.643045],[28.835546,44.64234],[28.831703,44.638833],[28.829018,44.636516],[28.828177,44.63579],[28.827535,44.635224],[28.827107,44.634847],[28.826463,44.634283],[28.825374,44.633332],[28.824269,44.632316],[28.810421,44.632547],[28.81029,44.632704],[28.810043,44.632812],[28.809744,44.632878],[28.809487,44.633116],[28.809324,44.633299],[28.809194,44.633346],[28.809076,44.633394],[28.808847,44.633233],[28.808699,44.633108],[28.808515,44.63298],[28.808366,44.632929],[28.807882,44.633028],[28.807079,44.633336],[28.8068,44.633704],[28.806723,44.6341],[28.806764,44.634345],[28.806921,44.634517],[28.806943,44.634859],[28.806657,44.635059],[28.806375,44.635281],[28.806222,44.635446],[28.806232,44.635597],[28.805954,44.63588],[28.805887,44.636154],[28.805801,44.636317],[28.805236,44.637083],[28.805112,44.637423],[28.80509,44.637477],[28.804922,44.637598],[28.804637,44.637661],[28.804124,44.63776],[28.803907,44.638018],[28.804124,44.638396],[28.804035,44.638575],[28.803691,44.639023],[28.80153,44.638967],[28.801494,44.638727],[28.801625,44.638583],[28.801799,44.63846],[28.801974,44.638318],[28.801997,44.638172],[28.801829,44.638017],[28.801595,44.637603],[28.801771,44.637168],[28.801883,44.636926],[28.801774,44.636622],[28.801603,44.636238],[28.801252,44.636085],[28.800597,44.635911],[28.800296,44.635817],[28.800171,44.635385],[28.799912,44.635143],[28.798868,44.634498],[28.797818,44.634212],[28.796701,44.634251],[28.795237,44.634245],[28.794118,44.634569],[28.793183,44.634568],[28.792703,44.634474],[28.792326,44.634505],[28.791324,44.634843],[28.790503,44.635099],[28.789836,44.635452],[28.789353,44.635706],[28.789128,44.635989],[28.788486,44.636593],[28.788181,44.636735],[28.787803,44.637029],[28.78773,44.637178],[28.787461,44.637524],[28.787232,44.637919],[28.787317,44.638198],[28.787409,44.638409],[28.787069,44.63885],[28.787007,44.63899],[28.787153,44.639303],[28.787113,44.63947],[28.786636,44.639685],[28.786166,44.639915],[28.785335,44.640252],[28.784952,44.640604],[28.784722,44.640841],[28.784412,44.641309],[28.784278,44.64205],[28.784356,44.642413],[28.784269,44.642851],[28.7842,44.643194],[28.784306,44.643504],[28.784589,44.643694],[28.785017,44.64404],[28.785029,44.644235],[28.784816,44.64451],[28.783976,44.645035],[28.783677,44.645255],[28.783097,44.645709],[28.782955,44.645898],[28.782749,44.646144],[28.782501,44.646322],[28.782123,44.646491],[28.781661,44.646804],[28.781286,44.64709],[28.781159,44.64717],[28.780326,44.646722],[28.780432,44.646337],[28.779959,44.646169],[28.779922,44.646557],[28.779991,44.647061],[28.779877,44.647147],[28.779236,44.647423],[28.779174,44.647514],[28.779047,44.647637],[28.77881,44.647703],[28.77872,44.647888],[28.778589,44.648175],[28.778573,44.648195],[28.778444,44.648301],[28.778223,44.648566],[28.778123,44.648722],[28.778108,44.64885],[28.778034,44.649091],[28.777902,44.649264],[28.777739,44.649558],[28.777714,44.649728],[28.777717,44.650127],[28.777531,44.650698],[28.777777,44.650898],[28.777877,44.650939],[28.778239,44.650952],[28.778316,44.650571],[28.77859,44.65055],[28.778879,44.650594],[28.779063,44.650763],[28.779117,44.651311],[28.779301,44.651658],[28.779239,44.652286],[28.779236,44.652577],[28.779128,44.653099],[28.778871,44.654217],[28.778741,44.654656],[28.778653,44.65481],[28.778565,44.654964],[28.778494,44.654986],[28.777993,44.654965],[28.77771,44.654943],[28.777308,44.654912],[28.776904,44.654889],[28.776312,44.654862],[28.775488,44.654824],[28.774381,44.654776],[28.773607,44.654744],[28.772837,44.654711],[28.771342,44.654668],[28.770019,44.654625],[28.769456,44.654606],[28.769404,44.654605],[28.768013,44.654525],[28.766414,44.654433],[28.765603,44.654386],[28.76443,44.654319],[28.763479,44.654265],[28.762934,44.654233],[28.762522,44.654233],[28.761318,44.654233],[28.758745,44.654233],[28.756731,44.654233],[28.755576,44.654233],[28.753746,44.654233],[28.75361,44.654233],[28.754131,44.654892],[28.754571,44.655703],[28.755021,44.656512],[28.755479,44.657318],[28.755946,44.658121],[28.756423,44.658921],[28.756908,44.659719],[28.757403,44.660514],[28.757906,44.661307],[28.758418,44.662096],[28.758939,44.662883],[28.759468,44.663666],[28.760007,44.664446],[28.760554,44.665224],[28.76111,44.665998],[28.761674,44.666769],[28.762247,44.667536],[28.762829,44.668301],[28.763419,44.669062],[28.764018,44.66982],[28.764431,44.670502],[28.76464,44.671044],[28.764859,44.671584],[28.765087,44.672123],[28.765323,44.672659],[28.765569,44.673193],[28.765823,44.673725],[28.766086,44.674255],[28.766358,44.674783],[28.766639,44.675308],[28.766929,44.675831],[28.767227,44.676351],[28.767534,44.676869],[28.76785,44.677384],[28.768174,44.677896],[28.768507,44.678406],[28.768848,44.678913],[28.769198,44.679417],[28.769556,44.679917],[28.769922,44.680415],[28.770297,44.68091],[28.772245,44.683954],[28.774715,44.687663],[28.776571,44.690179],[28.777087,44.691031],[28.77761,44.69188],[28.778142,44.692727],[28.778682,44.693571],[28.779231,44.694413],[28.779787,44.695251],[28.780352,44.696087],[28.780926,44.69692],[28.781507,44.697751],[28.782096,44.698578],[28.782694,44.699402],[28.783299,44.700223],[28.783913,44.701042],[28.784535,44.701857],[28.785165,44.702669],[28.785802,44.703478],[28.786448,44.704283],[28.787097,44.705088],[28.787779,44.705926],[28.78847,44.706761],[28.789169,44.707593],[28.789877,44.708421],[28.790593,44.709245],[28.791317,44.710066],[28.792049,44.710882],[28.79279,44.711695],[28.793539,44.712505],[28.794296,44.71331],[28.795061,44.714111],[28.795835,44.714909],[28.796616,44.715703],[28.797405,44.716492],[28.798203,44.717277],[28.799008,44.718059],[28.799821,44.718836],[28.800642,44.719609],[28.801471,44.720378],[28.802307,44.721142],[28.803152,44.721902],[28.804003,44.722658],[28.804863,44.723409],[28.80573,44.724156],[28.806605,44.724899],[28.807487,44.725637],[28.808376,44.72637],[28.809107,44.72709],[28.809846,44.727805],[28.810592,44.728517],[28.811346,44.729224],[28.812107,44.729927],[28.812877,44.730626],[28.813654,44.731321],[28.814438,44.732011],[28.81523,44.732697],[28.816029,44.733379],[28.816836,44.734056],[28.81765,44.734728],[28.818472,44.735397],[28.8193,44.73606],[28.820136,44.736719],[28.820979,44.737374],[28.821829,44.738023],[28.822687,44.738668],[28.823551,44.739308],[28.824422,44.739944],[28.828843,44.744659],[28.832951,44.748593],[28.833633,44.749407],[28.834323,44.750217],[28.835022,44.751023],[28.83573,44.751826],[28.836445,44.752625],[28.837169,44.75342],[28.837902,44.754211],[28.838642,44.754999],[28.839391,44.755782],[28.840148,44.756562],[28.840912,44.757338],[28.841685,44.758109],[28.842466,44.758877],[28.843255,44.75964],[28.844052,44.760399],[28.844856,44.761154],[28.845669,44.761904],[28.846489,44.762651],[28.847317,44.763393],[28.848153,44.76413],[28.848996,44.764863],[28.849847,44.765592],[28.850706,44.766316],[28.851572,44.767036],[28.852586,44.767876],[28.853487,44.768617],[28.85501,44.769799],[28.857064,44.771755],[28.859806,44.774304],[28.860188,44.774649],[28.872336,44.785589],[28.875923,44.78872],[28.878489,44.790893],[28.879266,44.791623],[28.88005,44.792349],[28.880842,44.793071],[28.881641,44.793789],[28.882447,44.794502],[28.883261,44.795212],[28.884082,44.795917],[28.88491,44.796618],[28.885745,44.797315],[28.886587,44.798007],[28.887437,44.798695],[28.888293,44.799379],[28.889156,44.800058],[28.890027,44.800732],[28.890904,44.801402],[28.920141,44.823693],[28.921027,44.824366],[28.92192,44.825034],[28.922819,44.825698],[28.923726,44.826357],[28.924639,44.827011],[28.925558,44.82766],[28.926484,44.828305],[28.927417,44.828946],[28.928356,44.829581],[28.929301,44.830212],[28.930253,44.830837],[28.931211,44.831458],[28.932175,44.832074],[28.933145,44.832685],[28.934122,44.833291],[28.935104,44.833892],[28.936093,44.834488],[28.937088,44.835079],[28.938088,44.835665],[28.954109,44.846573],[28.955087,44.847235],[28.956071,44.847893],[28.957063,44.848545],[28.958061,44.849192],[28.959066,44.849833],[28.960078,44.85047],[28.961097,44.8511],[28.962122,44.851726],[28.963154,44.852345],[28.964192,44.85296],[28.965237,44.853569],[28.966288,44.854172],[28.967345,44.854769],[28.968409,44.855361],[28.969479,44.855947],[28.970555,44.856528],[28.971637,44.857103],[28.972725,44.857672],[28.973819,44.858235],[28.974919,44.858792],[28.976025,44.859344],[28.992965,44.86862],[28.994516,44.86946],[28.998684,44.87163],[28.999708,44.872267],[29.000739,44.872898],[29.001776,44.873524],[29.00282,44.874145],[29.00387,44.874761],[29.004926,44.875371],[29.005988,44.875975],[29.007057,44.876574],[29.008131,44.877168],[29.009212,44.877756],[29.010299,44.878338],[29.011391,44.878915],[29.01249,44.879486],[29.013594,44.880051],[29.014704,44.880611],[29.01582,44.881165],[29.016941,44.881713],[29.018068,44.882255],[29.0192,44.882792],[29.020338,44.883323],[29.021481,44.883847],[29.02263,44.884366],[29.023784,44.884879],[29.024943,44.885386],[29.026107,44.885887],[29.027277,44.886382],[29.028451,44.886871],[29.02963,44.887354],[29.030815,44.88783],[29.032004,44.888301],[29.033198,44.888766],[29.034396,44.889224],[29.035599,44.889676],[29.036807,44.890122],[29.03802,44.890561],[29.039237,44.890995],[29.040458,44.891422],[29.041684,44.891842],[29.042913,44.892257],[29.044147,44.892665],[29.045386,44.893067],[29.046628,44.893462],[29.047874,44.893851],[29.049125,44.894233],[29.050379,44.894609],[29.051637,44.894978],[29.052898,44.895341],[29.054164,44.895698],[29.055433,44.896048],[29.056705,44.896391],[29.057981,44.896728],[29.059261,44.897058],[29.060544,44.897382],[29.06183,44.897699],[29.063119,44.898009],[29.064411,44.898312],[29.065707,44.898609],[29.067005,44.8989],[29.068307,44.899183],[29.069611,44.89946],[29.083473,44.903748],[29.084716,44.904128],[29.085962,44.904503],[29.087212,44.904871],[29.088466,44.905232],[29.089724,44.905587],[29.090985,44.905936],[29.092249,44.906278],[29.093517,44.906614],[29.094788,44.906944],[29.096063,44.907267],[29.097341,44.907583],[29.098621,44.907893],[29.099905,44.908197],[29.101192,44.908494],[29.102482,44.908784],[29.103775,44.909068],[29.105071,44.909346],[29.106369,44.909616],[29.10767,44.90988],[29.108974,44.910138],[29.110281,44.910389],[29.111589,44.910633],[29.112901,44.910871],[29.114214,44.911102],[29.11553,44.911326],[29.116848,44.911544],[29.118169,44.911755],[29.119491,44.911959],[29.123717,44.9126],[29.126386,44.913038],[29.135542,44.914768],[29.140659,44.91568],[29.142132,44.915923],[29.143879,44.916205],[29.147897,44.91679],[29.149112,44.917144],[29.15033,44.917491],[29.151552,44.917833],[29.152778,44.918168],[29.154006,44.918497],[29.155238,44.91882],[29.156473,44.919136],[29.157711,44.919447],[29.158953,44.919751],[29.160197,44.920048],[29.161444,44.92034],[29.162694,44.920625],[29.163947,44.920904],[29.165203,44.921177],[29.166462,44.921443],[29.167723,44.921703],[29.168986,44.921956],[29.170252,44.922203],[29.171521,44.922444],[29.196965,44.927218],[29.198256,44.927457],[29.199549,44.927689],[29.200845,44.927915],[29.202143,44.928134],[29.203443,44.928347],[29.204746,44.928553],[29.20605,44.928753],[29.207356,44.928946],[29.208664,44.929132],[29.209974,44.929313],[29.211286,44.929486],[29.212599,44.929653],[29.213914,44.929813],[29.215231,44.929967],[29.216549,44.930114],[29.217868,44.930255],[29.219189,44.930389],[29.220511,44.930517],[29.221834,44.930637],[29.223159,44.930752],[29.224485,44.930859],[29.225811,44.93096],[29.228279,44.931141],[29.229909,44.931269],[29.231212,44.93148],[29.232517,44.931684],[29.233824,44.931881],[29.235133,44.932071],[29.236444,44.932254],[29.237757,44.93243],[29.239072,44.932599],[29.240388,44.93276],[29.241706,44.932915],[29.243026,44.933063],[29.244347,44.933204],[29.24567,44.933337],[29.246994,44.933464],[29.24832,44.933583],[29.249647,44.933696],[29.250975,44.933801],[29.252303,44.933899],[29.253633,44.933991],[29.254964,44.934075],[29.260057,44.934393],[29.260971,44.934449],[29.281024,44.935633],[29.2822,44.935721],[29.286913,44.936237],[29.293092,44.937009],[29.294454,44.937175],[29.295817,44.937334],[29.297183,44.937487],[29.298549,44.937632],[29.299918,44.93777],[29.301287,44.937901],[29.302658,44.938025],[29.304031,44.938142],[29.305404,44.938251],[29.306778,44.938354],[29.308154,44.938449],[29.30953,44.938538],[29.310908,44.938619],[29.312286,44.938693],[29.313664,44.93876],[29.315044,44.93882],[29.316424,44.938872],[29.317805,44.938918],[29.319185,44.938956],[29.320567,44.938987],[29.321948,44.939011],[29.32333,44.939028],[29.324712,44.939038],[29.345744,44.939129],[29.350145,44.939111],[29.35209,44.939087],[29.354927,44.939291],[29.358533,44.939458],[29.363939,44.93977],[29.365271,44.939845],[29.36572,44.93986],[29.368623,44.940176],[29.36995,44.94027],[29.370952,44.940417],[29.389136,44.942736],[29.397242,44.944234],[29.406266,44.945562],[29.417423,44.947004],[29.424981,44.948148],[29.431147,44.949005],[29.434446,44.949403],[29.440085,44.950045],[29.440797,44.953384],[29.441027,44.954438],[29.441278,44.955526],[29.444272,44.968188],[29.446602,44.978539],[29.448383,44.985327],[29.448986,44.987111],[29.449096,44.98753],[29.449546,44.988991],[29.449653,44.989328],[29.450254,44.992341],[29.450752,44.994688],[29.451395,44.997322],[29.451368,44.998267],[29.451351,44.999211],[29.451343,45.000156],[29.451345,45.001101],[29.451356,45.002045],[29.451377,45.00299],[29.451408,45.003934],[29.451448,45.004879],[29.451498,45.005823],[29.451558,45.006766],[29.451628,45.00771],[29.451707,45.008653],[29.451795,45.009595],[29.451894,45.010538],[29.452002,45.011479],[29.452119,45.01242],[29.452247,45.013361],[29.452384,45.0143],[29.45253,45.015239],[29.452686,45.016177],[29.452852,45.017115],[29.453027,45.018051],[29.453212,45.018987],[29.453407,45.019921],[29.453611,45.020855],[29.453824,45.021787],[29.454047,45.022719],[29.45428,45.023649],[29.454522,45.024578],[29.454774,45.025505],[29.455035,45.026432],[29.455306,45.027357],[29.455586,45.02828],[29.455876,45.029202],[29.455961,45.029669],[29.456685,45.033058],[29.45693,45.034662],[29.457568,45.041758],[29.457971,45.045447],[29.458895,45.052623],[29.459192,45.054747],[29.46016,45.06012],[29.460546,45.062244],[29.460759,45.064049],[29.46119,45.067256],[29.461488,45.06884],[29.461512,45.069721],[29.461546,45.070602],[29.461591,45.071483],[29.461645,45.072364],[29.461709,45.073244],[29.461783,45.074124],[29.461867,45.075004],[29.461961,45.075883],[29.462065,45.076761],[29.462179,45.077639],[29.462303,45.078516],[29.462437,45.079392],[29.462581,45.080268],[29.462735,45.081143],[29.462898,45.082017],[29.463072,45.082889],[29.463255,45.083761],[29.463449,45.084632],[29.463652,45.085502],[29.464546,45.089514],[29.464761,45.091647],[29.465073,45.09416],[29.465183,45.096716],[29.465474,45.099795],[29.465755,45.102329],[29.466259,45.106174],[29.467572,45.113064],[29.467144,45.113755],[29.466588,45.114629],[29.466041,45.115505],[29.465502,45.116384],[29.464973,45.117266],[29.464452,45.118151],[29.46394,45.119038],[29.463438,45.119928],[29.462944,45.12082],[29.462459,45.121715],[29.461984,45.122612],[29.461518,45.123512],[29.46106,45.124413],[29.460612,45.125318],[29.460173,45.126224],[29.459743,45.127133],[29.459323,45.128044],[29.458912,45.128957],[29.45851,45.129872],[29.458117,45.130789],[29.457733,45.131708],[29.457359,45.132629],[29.456995,45.133552],[29.456639,45.134476],[29.456293,45.135403],[29.455957,45.136331],[29.455629,45.137261],[29.455312,45.138192],[29.455052,45.138824],[29.453527,45.142741],[29.452938,45.144393],[29.451409,45.148793],[29.44978,45.153908],[29.448259,45.159825],[29.447617,45.162684],[29.446756,45.16582],[29.445418,45.17129],[29.444378,45.176927],[29.444099,45.178737],[29.443767,45.17966],[29.443445,45.180584],[29.443132,45.18151],[29.442828,45.182438],[29.442533,45.183367],[29.442248,45.184297],[29.441972,45.185229],[29.441706,45.186162],[29.441448,45.187097],[29.441201,45.188033],[29.440962,45.18897],[29.440733,45.189908],[29.440513,45.190847],[29.440303,45.191788],[29.440103,45.192729],[29.439911,45.193672],[29.439729,45.194615],[29.439557,45.195559],[29.439394,45.196504],[29.439241,45.19745],[29.439097,45.198397],[29.438962,45.199344],[29.438837,45.200292],[29.438722,45.201241],[29.438616,45.20219],[29.43852,45.203139],[29.438433,45.20409],[29.438356,45.20504],[29.438288,45.205991],[29.438176,45.206969],[29.438074,45.207948],[29.437982,45.208928],[29.4379,45.209908],[29.437829,45.210888],[29.437768,45.211869],[29.437716,45.21285],[29.437675,45.213831],[29.437645,45.214812],[29.437624,45.215794],[29.437613,45.216775],[29.437613,45.217757],[29.437623,45.218739],[29.437643,45.21972],[29.437673,45.220701],[29.437713,45.221683],[29.437764,45.222664],[29.437824,45.223644],[29.437895,45.224625],[29.437976,45.225605],[29.438067,45.226584],[29.438168,45.227563],[29.438279,45.228542],[29.438401,45.229519],[29.438533,45.230497],[29.438674,45.231473],[29.438826,45.232449],[29.438988,45.233424],[29.43916,45.234398],[29.439343,45.235371],[29.439535,45.236343],[29.444489,45.237703],[29.455018,45.239482],[29.466265,45.240088],[29.481674,45.240433],[29.501208,45.240898],[29.517968,45.241549],[29.522227,45.242206],[29.523951,45.246045],[29.52577,45.250251],[29.526137,45.25339],[29.544575,45.410493],[29.560424,45.40357],[29.560932,45.403384],[29.564027,45.40238],[29.566921,45.400985],[29.573669,45.397],[29.583655,45.392533],[29.589574,45.390005],[29.593112,45.387602],[29.596808,45.38394],[29.60088,45.381074],[29.60445,45.378568],[29.607963,45.375142],[29.608394,45.374754],[29.621296,45.362371],[29.623434,45.359845],[29.623997,45.359299],[29.624513,45.358905],[29.626778,45.357172],[29.630014,45.354317],[29.642066,45.346098],[29.651044,45.339744],[29.651201,45.338195],[29.654944,45.334386],[29.655631,45.33336],[29.655756,45.333089],[29.657302,45.329492],[29.660742,45.322917],[29.662505,45.31823],[29.664146,45.31551],[29.666751,45.312433],[29.667979,45.310543],[29.668933,45.308398],[29.668987,45.307921],[29.66988,45.304711],[29.669904,45.301118],[29.66968,45.29841],[29.669717,45.29586],[29.670435,45.293352],[29.671239,45.29142],[29.671302,45.291085],[29.674805,45.283398],[29.676618,45.278994],[29.677107,45.276906],[29.677698,45.269229],[29.675496,45.266819],[29.671297,45.265053],[29.66709,45.262508],[29.664753,45.260975],[29.663903,45.260007],[29.662535,45.258028],[29.661058,45.254479],[29.659898,45.251677],[29.65967,45.250193],[29.659699,45.249754],[29.659594,45.249341],[29.659676,45.247846],[29.660005,45.246942],[29.660797,45.244943],[29.661332,45.242678],[29.661532,45.240692],[29.661864,45.239319],[29.662607,45.237505],[29.663186,45.236666],[29.66442,45.234798],[29.665918,45.23261],[29.667011,45.231033],[29.667474,45.229903],[29.668072,45.228603],[29.668751,45.226565],[29.669168,45.224851]]],[[[28.75361,44.654233],[28.942508,45.280587],[28.947201,45.282268],[28.948754,45.282975],[28.950626,45.284568],[28.952556,45.287232],[28.953968,45.290648],[28.954147,45.291409],[28.954843,45.294263],[28.954043,45.298578],[28.949814,45.30554],[28.948268,45.309093],[28.949342,45.312152],[28.953799,45.316726],[28.957564,45.323921],[28.959579,45.326718],[28.964392,45.331368],[28.964889,45.33203],[28.975718,45.33205],[28.982536,45.331771],[28.985852,45.332308],[28.987492,45.333076],[28.99126,45.334818],[28.996388,45.336242],[28.998429,45.337848],[29.002602,45.341239],[29.004697,45.342695],[29.007206,45.344031],[29.00982,45.34516],[29.013887,45.346752],[29.016939,45.347422],[29.019742,45.348356],[29.02341,45.349578],[29.028908,45.35169],[29.033868,45.354424],[29.03982,45.358718],[29.04147,45.35974],[29.043856,45.36073],[29.049354,45.359589],[29.052876,45.359232],[29.056809,45.359597],[29.05958,45.360441],[29.060929,45.361267],[29.061862,45.361887],[29.065042,45.363411],[29.070668,45.365625],[29.075411,45.367503],[29.079377,45.370206],[29.081649,45.372498],[29.082277,45.372828],[29.084259,45.37384],[29.088357,45.374364],[29.096617,45.374597],[29.100187,45.374226],[29.102976,45.374185],[29.105597,45.374602],[29.106359,45.374746],[29.106667,45.374886],[29.11139,45.376752],[29.114803,45.378672],[29.119071,45.381231],[29.121935,45.38205],[29.123429,45.382116],[29.124038,45.382152],[29.130953,45.383272],[29.132856,45.383742],[29.138544,45.385148],[29.150787,45.388576],[29.168932,45.395073],[29.176029,45.398367],[29.17874,45.400207],[29.180835,45.402176],[29.182668,45.407251],[29.183817,45.409647],[29.184595,45.410677],[29.185929,45.411537],[29.187336,45.412409],[29.197697,45.415862],[29.200322,45.416195],[29.202897,45.416415],[29.204404,45.416604],[29.207931,45.417259],[29.211581,45.417712],[29.215846,45.419139],[29.220862,45.421159],[29.225627,45.423487],[29.230481,45.42775],[29.236692,45.43201],[29.23978,45.43343],[29.242485,45.434334],[29.245733,45.434756],[29.248428,45.434943],[29.250268,45.435077],[29.2581,45.433125],[29.26506,45.429377],[29.269767,45.427808],[29.2789,45.426824],[29.283138,45.427023],[29.285691,45.4264],[29.293308,45.427971],[29.298887,45.430176],[29.304979,45.43417],[29.307784,45.437196],[29.310576,45.439625],[29.310929,45.439874],[29.317898,45.445832],[29.320424,45.446995],[29.322019,45.447456],[29.324003,45.447569],[29.329459,45.447651],[29.335844,45.445822],[29.342264,45.441812],[29.347246,45.439226],[29.350498,45.43822],[29.358013,45.436932],[29.366597,45.438001],[29.373429,45.437894],[29.373849,45.437922],[29.378015,45.439368],[29.380751,45.439691],[29.385965,45.437753],[29.390055,45.436448],[29.392248,45.436384],[29.395314,45.43672],[29.397944,45.436442],[29.401493,45.43754],[29.404508,45.438802],[29.40894,45.440357],[29.413956,45.441567],[29.419267,45.442515],[29.425603,45.442878],[29.429915,45.442647],[29.432023,45.441137],[29.434407,45.438308],[29.43593,45.43647],[29.436424,45.435891],[29.439131,45.434067],[29.441035,45.433404],[29.444203,45.432767],[29.449476,45.431874],[29.453612,45.430859],[29.459705,45.429302],[29.463803,45.427957],[29.467105,45.426393],[29.471291,45.424156],[29.474568,45.422942],[29.479079,45.42181],[29.48249,45.421468],[29.484397,45.420963],[29.491002,45.419959],[29.494361,45.419179],[29.497799,45.418917],[29.498431,45.418824],[29.502856,45.418425],[29.507899,45.417383],[29.512846,45.41642],[29.514301,45.416082],[29.518598,45.415041],[29.52197,45.414074],[29.529094,45.41312],[29.538169,45.411623],[29.541038,45.410662],[29.541185,45.410597],[29.542116,45.410184],[29.544493,45.409795],[29.526137,45.25339],[29.52577,45.250251],[29.523951,45.246045],[29.522227,45.242206],[29.517968,45.241549],[29.501208,45.240898],[29.481674,45.240433],[29.466265,45.240088],[29.455018,45.239482],[29.444489,45.237703],[29.439535,45.236343],[29.439343,45.235371],[29.43916,45.234398],[29.438988,45.233424],[29.438826,45.232449],[29.438674,45.231473],[29.438533,45.230497],[29.438401,45.229519],[29.438279,45.228542],[29.438168,45.227563],[29.438067,45.226584],[29.437976,45.225605],[29.437895,45.224625],[29.437824,45.223644],[29.437764,45.222664],[29.437713,45.221683],[29.437673,45.220701],[29.437643,45.21972],[29.437623,45.218739],[29.437613,45.217757],[29.437613,45.216775],[29.437624,45.215794],[29.437645,45.214812],[29.437675,45.213831],[29.437716,45.21285],[29.437768,45.211869],[29.437829,45.210888],[29.4379,45.209908],[29.437982,45.208928],[29.438074,45.207948],[29.438176,45.206969],[29.438288,45.205991],[29.438356,45.20504],[29.438433,45.20409],[29.43852,45.203139],[29.438616,45.20219],[29.438722,45.201241],[29.438837,45.200292],[29.438962,45.199344],[29.439097,45.198397],[29.439241,45.19745],[29.439394,45.196504],[29.439557,45.195559],[29.439729,45.194615],[29.439911,45.193672],[29.440103,45.192729],[29.440303,45.191788],[29.440513,45.190847],[29.440733,45.189908],[29.440962,45.18897],[29.441201,45.188033],[29.441448,45.187097],[29.441706,45.186162],[29.441972,45.185229],[29.442248,45.184297],[29.442533,45.183367],[29.442828,45.182438],[29.443132,45.18151],[29.443445,45.180584],[29.443767,45.17966],[29.444099,45.178737],[29.444378,45.176927],[29.445418,45.17129],[29.446756,45.16582],[29.447617,45.162684],[29.448259,45.159825],[29.44978,45.153908],[29.451409,45.148793],[29.452938,45.144393],[29.453527,45.142741],[29.455052,45.138824],[29.455312,45.138192],[29.455629,45.137261],[29.455957,45.136331],[29.456293,45.135403],[29.456639,45.134476],[29.456995,45.133552],[29.457359,45.132629],[29.457733,45.131708],[29.458117,45.130789],[29.45851,45.129872],[29.458912,45.128957],[29.459323,45.128044],[29.459743,45.127133],[29.460173,45.126224],[29.460612,45.125318],[29.46106,45.124413],[29.461518,45.123512],[29.461984,45.122612],[29.462459,45.121715],[29.462944,45.12082],[29.463438,45.119928],[29.46394,45.119038],[29.464452,45.118151],[29.464973,45.117266],[29.465502,45.116384],[29.466041,45.115505],[29.466588,45.114629],[29.467144,45.113755],[29.467572,45.113064],[29.466259,45.106174],[29.465755,45.102329],[29.465474,45.099795],[29.465183,45.096716],[29.465073,45.09416],[29.464761,45.091647],[29.464546,45.089514],[29.463652,45.085502],[29.463449,45.084632],[29.463255,45.083761],[29.463072,45.082889],[29.462898,45.082017],[29.462735,45.081143],[29.462581,45.080268],[29.462437,45.079392],[29.462303,45.078516],[29.462179,45.077639],[29.462065,45.076761],[29.461961,45.075883],[29.461867,45.075004],[29.461783,45.074124],[29.461709,45.073244],[29.461645,45.072364],[29.461591,45.071483],[29.461546,45.070602],[29.461512,45.069721],[29.461488,45.06884],[29.46119,45.067256],[29.460759,45.064049],[29.460546,45.062244],[29.46016,45.06012],[29.459192,45.054747],[29.458895,45.052623],[29.457971,45.045447],[29.457568,45.041758],[29.45693,45.034662],[29.456685,45.033058],[29.455961,45.029669],[29.455876,45.029202],[29.455586,45.02828],[29.455306,45.027357],[29.455035,45.026432],[29.454774,45.025505],[29.454522,45.024578],[29.45428,45.023649],[29.454047,45.022719],[29.453824,45.021787],[29.453611,45.020855],[29.453407,45.019921],[29.453212,45.018987],[29.453027,45.018051],[29.452852,45.017115],[29.452686,45.016177],[29.45253,45.015239],[29.452384,45.0143],[29.452247,45.013361],[29.452119,45.01242],[29.452002,45.011479],[29.451894,45.010538],[29.451795,45.009595],[29.451707,45.008653],[29.451628,45.00771],[29.451558,45.006766],[29.451498,45.005823],[29.451448,45.004879],[29.451408,45.003934],[29.451377,45.00299],[29.451356,45.002045],[29.451345,45.001101],[29.451343,45.000156],[29.451351,44.999211],[29.451368,44.998267],[29.451395,44.997322],[29.450752,44.994688],[29.450254,44.992341],[29.449653,44.989328],[29.449546,44.988991],[29.449096,44.98753],[29.448986,44.987111],[29.448383,44.985327],[29.446602,44.978539],[29.444272,44.968188],[29.441278,44.955526],[29.441027,44.954438],[29.440797,44.953384],[29.440085,44.950045],[29.434446,44.949403],[29.431147,44.949005],[29.424981,44.948148],[29.417423,44.947004],[29.406266,44.945562],[29.397242,44.944234],[29.389136,44.942736],[29.370952,44.940417],[29.36995,44.94027],[29.368623,44.940176],[29.36572,44.93986],[29.365271,44.939845],[29.363939,44.93977],[29.358533,44.939458],[29.354927,44.939291],[29.35209,44.939087],[29.350145,44.939111],[29.345744,44.939129],[29.324712,44.939038],[29.32333,44.939028],[29.321948,44.939011],[29.320567,44.938987],[29.319185,44.938956],[29.317805,44.938918],[29.316424,44.938872],[29.315044,44.93882],[29.313664,44.93876],[29.312286,44.938693],[29.310908,44.938619],[29.30953,44.938538],[29.308154,44.938449],[29.306778,44.938354],[29.305404,44.938251],[29.304031,44.938142],[29.302658,44.938025],[29.301287,44.937901],[29.299918,44.93777],[29.298549,44.937632],[29.297183,44.937487],[29.295817,44.937334],[29.294454,44.937175],[29.293092,44.937009],[29.286913,44.936237],[29.2822,44.935721],[29.281024,44.935633],[29.260971,44.934449],[29.260057,44.934393],[29.254964,44.934075],[29.253633,44.933991],[29.252303,44.933899],[29.250975,44.933801],[29.249647,44.933696],[29.24832,44.933583],[29.246994,44.933464],[29.24567,44.933337],[29.244347,44.933204],[29.243026,44.933063],[29.241706,44.932915],[29.240388,44.93276],[29.239072,44.932599],[29.237757,44.93243],[29.236444,44.932254],[29.235133,44.932071],[29.233824,44.931881],[29.232517,44.931684],[29.231212,44.93148],[29.229909,44.931269],[29.228279,44.931141],[29.225811,44.93096],[29.224485,44.930859],[29.223159,44.930752],[29.221834,44.930637],[29.220511,44.930517],[29.219189,44.930389],[29.217868,44.930255],[29.216549,44.930114],[29.215231,44.929967],[29.213914,44.929813],[29.212599,44.929653],[29.211286,44.929486],[29.209974,44.929313],[29.208664,44.929132],[29.207356,44.928946],[29.20605,44.928753],[29.204746,44.928553],[29.203443,44.928347],[29.202143,44.928134],[29.200845,44.927915],[29.199549,44.927689],[29.198256,44.927457],[29.196965,44.927218],[29.171521,44.922444],[29.170252,44.922203],[29.168986,44.921956],[29.167723,44.921703],[29.166462,44.921443],[29.165203,44.921177],[29.163947,44.920904],[29.162694,44.920625],[29.161444,44.92034],[29.160197,44.920048],[29.158953,44.919751],[29.157711,44.919447],[29.156473,44.919136],[29.155238,44.91882],[29.154006,44.918497],[29.152778,44.918168],[29.151552,44.917833],[29.15033,44.917491],[29.149112,44.917144],[29.147897,44.91679],[29.143879,44.916205],[29.142132,44.915923],[29.140659,44.91568],[29.135542,44.914768],[29.126386,44.913038],[29.123717,44.9126],[29.119491,44.911959],[29.118169,44.911755],[29.116848,44.911544],[29.11553,44.911326],[29.114214,44.911102],[29.112901,44.910871],[29.111589,44.910633],[29.110281,44.910389],[29.108974,44.910138],[29.10767,44.90988],[29.106369,44.909616],[29.105071,44.909346],[29.103775,44.909068],[29.102482,44.908784],[29.101192,44.908494],[29.099905,44.908197],[29.098621,44.907893],[29.097341,44.907583],[29.096063,44.907267],[29.094788,44.906944],[29.093517,44.906614],[29.092249,44.906278],[29.090985,44.905936],[29.089724,44.905587],[29.088466,44.905232],[29.087212,44.904871],[29.085962,44.904503],[29.084716,44.904128],[29.083473,44.903748],[29.069611,44.89946],[29.068307,44.899183],[29.067005,44.8989],[29.065707,44.898609],[29.064411,44.898312],[29.063119,44.898009],[29.06183,44.897699],[29.060544,44.897382],[29.059261,44.897058],[29.057981,44.896728],[29.056705,44.896391],[29.055433,44.896048],[29.054164,44.895698],[29.052898,44.895341],[29.051637,44.894978],[29.050379,44.894609],[29.049125,44.894233],[29.047874,44.893851],[29.046628,44.893462],[29.045386,44.893067],[29.044147,44.892665],[29.042913,44.892257],[29.041684,44.891842],[29.040458,44.891422],[29.039237,44.890995],[29.03802,44.890561],[29.036807,44.890122],[29.035599,44.889676],[29.034396,44.889224],[29.033198,44.888766],[29.032004,44.888301],[29.030815,44.88783],[29.02963,44.887354],[29.028451,44.886871],[29.027277,44.886382],[29.026107,44.885887],[29.024943,44.885386],[29.023784,44.884879],[29.02263,44.884366],[29.021481,44.883847],[29.020338,44.883323],[29.0192,44.882792],[29.018068,44.882255],[29.016941,44.881713],[29.01582,44.881165],[29.014704,44.880611],[29.013594,44.880051],[29.01249,44.879486],[29.011391,44.878915],[29.010299,44.878338],[29.009212,44.877756],[29.008131,44.877168],[29.007057,44.876574],[29.005988,44.875975],[29.004926,44.875371],[29.00387,44.874761],[29.00282,44.874145],[29.001776,44.873524],[29.000739,44.872898],[28.999708,44.872267],[28.998684,44.87163],[28.994516,44.86946],[28.992965,44.86862],[28.976025,44.859344],[28.974919,44.858792],[28.973819,44.858235],[28.972725,44.857672],[28.971637,44.857103],[28.970555,44.856528],[28.969479,44.855947],[28.968409,44.855361],[28.967345,44.854769],[28.966288,44.854172],[28.965237,44.853569],[28.964192,44.85296],[28.963154,44.852345],[28.962122,44.851726],[28.961097,44.8511],[28.960078,44.85047],[28.959066,44.849833],[28.958061,44.849192],[28.957063,44.848545],[28.956071,44.847893],[28.955087,44.847235],[28.954109,44.846573],[28.938088,44.835665],[28.937088,44.835079],[28.936093,44.834488],[28.935104,44.833892],[28.934122,44.833291],[28.933145,44.832685],[28.932175,44.832074],[28.931211,44.831458],[28.930253,44.830837],[28.929301,44.830212],[28.928356,44.829581],[28.927417,44.828946],[28.926484,44.828305],[28.925558,44.82766],[28.924639,44.827011],[28.923726,44.826357],[28.922819,44.825698],[28.92192,44.825034],[28.921027,44.824366],[28.920141,44.823693],[28.890904,44.801402],[28.890027,44.800732],[28.889156,44.800058],[28.888293,44.799379],[28.887437,44.798695],[28.886587,44.798007],[28.885745,44.797315],[28.88491,44.796618],[28.884082,44.795917],[28.883261,44.795212],[28.882447,44.794502],[28.881641,44.793789],[28.880842,44.793071],[28.88005,44.792349],[28.879266,44.791623],[28.878489,44.790893],[28.875923,44.78872],[28.872336,44.785589],[28.860188,44.774649],[28.859806,44.774304],[28.857064,44.771755],[28.85501,44.769799],[28.853487,44.768617],[28.852586,44.767876],[28.851572,44.767036],[28.850706,44.766316],[28.849847,44.765592],[28.848996,44.764863],[28.848153,44.76413],[28.847317,44.763393],[28.846489,44.762651],[28.845669,44.761904],[28.844856,44.761154],[28.844052,44.760399],[28.843255,44.75964],[28.842466,44.758877],[28.841685,44.758109],[28.840912,44.757338],[28.840148,44.756562],[28.839391,44.755782],[28.838642,44.754999],[28.837902,44.754211],[28.837169,44.75342],[28.836445,44.752625],[28.83573,44.751826],[28.835022,44.751023],[28.834323,44.750217],[28.833633,44.749407],[28.832951,44.748593],[28.828843,44.744659],[28.824422,44.739944],[28.823551,44.739308],[28.822687,44.738668],[28.821829,44.738023],[28.820979,44.737374],[28.820136,44.736719],[28.8193,44.73606],[28.818472,44.735397],[28.81765,44.734728],[28.816836,44.734056],[28.816029,44.733379],[28.81523,44.732697],[28.814438,44.732011],[28.813654,44.731321],[28.812877,44.730626],[28.812107,44.729927],[28.811346,44.729224],[28.810592,44.728517],[28.809846,44.727805],[28.809107,44.72709],[28.808376,44.72637],[28.807487,44.725637],[28.806605,44.724899],[28.80573,44.724156],[28.804863,44.723409],[28.804003,44.722658],[28.803152,44.721902],[28.802307,44.721142],[28.801471,44.720378],[28.800642,44.719609],[28.799821,44.718836],[28.799008,44.718059],[28.798203,44.717277],[28.797405,44.716492],[28.796616,44.715703],[28.795835,44.714909],[28.795061,44.714111],[28.794296,44.71331],[28.793539,44.712505],[28.79279,44.711695],[28.792049,44.710882],[28.791317,44.710066],[28.790593,44.709245],[28.789877,44.708421],[28.789169,44.707593],[28.78847,44.706761],[28.787779,44.705926],[28.787097,44.705088],[28.786448,44.704283],[28.785802,44.703478],[28.785165,44.702669],[28.784535,44.701857],[28.783913,44.701042],[28.783299,44.700223],[28.782694,44.699402],[28.782096,44.698578],[28.781507,44.697751],[28.780926,44.69692],[28.780352,44.696087],[28.779787,44.695251],[28.779231,44.694413],[28.778682,44.693571],[28.778142,44.692727],[28.77761,44.69188],[28.777087,44.691031],[28.776571,44.690179],[28.774715,44.687663],[28.772245,44.683954],[28.770297,44.68091],[28.769922,44.680415],[28.769556,44.679917],[28.769198,44.679417],[28.768848,44.678913],[28.768507,44.678406],[28.768174,44.677896],[28.76785,44.677384],[28.767534,44.676869],[28.767227,44.676351],[28.766929,44.675831],[28.766639,44.675308],[28.766358,44.674783],[28.766086,44.674255],[28.765823,44.673725],[28.765569,44.673193],[28.765323,44.672659],[28.765087,44.672123],[28.764859,44.671584],[28.76464,44.671044],[28.764431,44.670502],[28.764018,44.66982],[28.763419,44.669062],[28.762829,44.668301],[28.762247,44.667536],[28.761674,44.666769],[28.76111,44.665998],[28.760554,44.665224],[28.760007,44.664446],[28.759468,44.663666],[28.758939,44.662883],[28.758418,44.662096],[28.757906,44.661307],[28.757403,44.660514],[28.756908,44.659719],[28.756423,44.658921],[28.755946,44.658121],[28.755479,44.657318],[28.755021,44.656512],[28.754571,44.655703],[28.754131,44.654892],[28.75361,44.654233]]]]},"properties":{"alert_id":"68e5fe1df3a0f7cb","source":"nowcasting","alert_type":"nowcasting","feature_id":"5cb4a071f3f59da92b","judet_cod":"TL","judet_nume":"Tulcea","county_code":"TL","county_name":"Tulcea","cod_judet":"TL","cod_culoare":1,"cod_culoare_nume":"Galben","culoare":"1","cod":"Galben","fenomen_principal":"Intensificări temporare ale vântului, cu viteze la rafală de 50...60 km/h.","fenomen_group":"alte fenomene","zona_text":"Județul Tulcea : Delta Dunarii, respectiv zona localităților: Sarichioi, Jurilovca, Valea Nucarilor, Murighiol, Chilia Veche, Mahmudia, Ceamurlia de Jos, Nufăru, Beștepe, Crișan, C.A. Rosetti, Maliuc, Pardina;<br>Zona de litoral a județului Tulcea , respectiv zona localităților: Jurilovca, Sulina, C.A. Rosetti, Sfântu Gheorghe;<br>","zona_nume":"Tulcea - localitati","zone_name":"Tulcea - localitati","display_name":"Tulcea - localitati","localities":["Delta Dunarii","respectiv zona localităților: Sarichioi","Jurilovca","Valea Nucarilor","Murighiol","Chilia Veche","Mahmudia","Ceamurlia de Jos","Nufăru","Beștepe","Crișan","C.A. Rosetti","Maliuc","Pardina"],"geometry_source":"coordGis","match_confidence":"high","interval_text":"","interval_start":"2026-08-09T15:00:00","valid_from":"2026-08-09T15:00:00","valid_to":"2026-08-09T18:00:00","interval_valabilitate_text":"","interval_end":"2026-08-09T18:00:00","data_expirare":"2026-08-09T18:00:00","mesaj_plain":"Intensificări temporare ale vântului, cu viteze la rafală de 50...60 km/h.","source_url":"","source_label":"","notes":"","durata_ore":3.0,"zi":"2026-08-09"}},{"type":"Feature","geometry":{"type":"MultiPolygon","coordinates":[[[[29.016154303074625,44.837514695921556],[29.0217643848974,44.79142146496675],[29.02260605335468,44.74975398863758],[29.0293171958551,44.70927937536392],[28.995079780849593,44.67902018127704],[28.99198836699473,44.68055141554284],[28.98570159738238,44.679106747646145],[28.96960872320444,44.689830300768705],[28.958132748264845,44.69425158588853],[28.92900892365335,44.69772452452727],[28.914578886018123,44.69664749045306],[28.9126542648501,44.69450894829962],[28.915675337145036,44.69011149572002],[28.914812261016607,44.68627435258145],[28.888229173227298,44.675794293433995],[28.85932821667774,44.65904524802799],[28.84722140878587,44.67590995119217],[28.815543642606475,44.73455523615288],[28.809485829431583,44.7818326579524],[28.813378031602582,44.78213728261982],[28.808613740387603,44.78780655533032],[28.80597720046406,44.80734962088656],[28.78338346543813,44.81005257435456],[28.78017882945294,44.82024397011766],[28.782915310321382,44.819196689543595],[28.783757179966432,44.82204214736478],[28.84755022372567,44.85741073437674],[28.865397276150667,44.859706317498734],[28.86818617461557,44.8629846507269],[28.87638666564824,44.86443009551508],[28.877982042743305,44.86856830145071],[28.886612552775954,44.868007930356434],[28.893466248873715,44.859807134327895],[28.90002675466931,44.85706319145374],[28.901006455984927,44.84977725464705],[28.91482538182544,44.84569855219844],[28.91898564812044,44.84183006789912],[29.016154303074625,44.837514695921556]]],[[[28.957486991326256,45.092385544682244],[28.95635764172799,45.07434329327772],[28.97023010568715,45.06858852741998],[28.982517862470683,45.06826451720526],[28.982391166250842,45.06349941944017],[28.97793005348243,45.063456686850955],[28.98846496113491,45.01880978746592],[28.983298251613455,45.01757743647274],[28.983063097751725,45.00508044049908],[28.985033351976213,45.003916488548704],[28.97964832759453,44.97552607761365],[28.98293849776441,44.96771384629088],[28.982780372143605,44.91155150935368],[28.93261802759359,44.95808952553581],[28.90906746712068,44.9833445204664],[28.90232072952446,44.98568700032787],[28.897198436181256,44.99527024485837],[28.8864671834278,44.99651910428032],[28.885921778374946,44.99343533308195],[28.856954306971563,44.99607983104326],[28.85756662498481,44.99886115160433],[28.84652023383303,44.99937946652388],[28.846590357795687,45.00496195255878],[28.853058793798237,45.006042255800196],[28.85323268036644,45.00882079075385],[28.850870352455143,45.01184296275735],[28.84720245605619,45.01121458606342],[28.844185106363717,45.01655854886942],[28.848409612350817,45.0149374458424],[28.84864888419467,45.01997146582023],[28.85374261485495,45.020853967274626],[28.85562152028257,45.03143678364984],[28.81931069155043,45.028319082218026],[28.81776214019816,45.03901280170792],[28.808633057433678,45.05299379258992],[28.81467394387476,45.05761608096743],[28.822444892644505,45.05304961908512],[28.83350426217241,45.05651697939984],[28.829191366606878,45.06526213625949],[28.88384850563689,45.07841462452834],[28.87159977068176,45.08999297176821],[28.884794179632,45.09314970212067],[28.88984850115319,45.09107906252699],[28.92380019053875,45.10383207267757],[28.926426378986644,45.10730104186209],[28.95292822477053,45.10021031383084],[28.956055444466408,45.102122054840365],[28.954589263047104,45.09331159727138],[28.957486991326256,45.092385544682244]]],[[[29.31394852602116,44.98516464859513],[29.305140985671194,44.950945163564825],[29.27129463659165,44.93650262395962],[29.273492074520444,44.928232170460085],[29.26603354566088,44.91073004245043],[29.26163540187507,44.90627388307112],[29.26208675704727,44.904086717800105],[29.270275627516142,44.90222742557844],[29.27050203151644,44.89756855270469],[29.262663401909407,44.892692860901285],[29.258215685511153,44.88196762158562],[29.245720566556205,44.871995940030274],[29.213775632417637,44.857494078256465],[29.21587114953762,44.8566267510075],[29.21673555296571,44.84498301456477],[29.22519052110194,44.834760594253524],[29.271531029246056,44.79965823144501],[29.220023510762577,44.792016322186036],[29.189336167319624,44.78180710431378],[29.186032424092097,44.78466790898836],[29.159146183122804,44.78002902590631],[29.123532003208318,44.77012445315055],[29.085088224172587,44.74902906851734],[29.0293171958551,44.70927937536392],[29.02260605335468,44.74975398863758],[29.017360679343135,44.83740553966985],[28.982780372143605,44.91155150935368],[28.98293849776441,44.96771384629088],[28.97964832759453,44.97552607761365],[28.985033351976213,45.003916488548704],[28.983063097751725,45.00508044049908],[28.983298251613455,45.01757743647274],[28.98846496113491,45.01880978746592],[28.978995103717367,45.06296566048543],[28.985278344968034,45.064051071766315],[28.997106537456094,45.05640877768983],[29.006992163319993,45.05352954079095],[29.006672860888063,45.05168274760941],[29.0140499235878,45.05234284608791],[29.021406010933653,45.0487939428948],[29.024433938833916,45.04916436100921],[29.024283854111133,45.051436703233364],[29.02087687918436,45.053781918759114],[29.02033391388716,45.061192392584836],[29.050646819502994,45.05556047246308],[29.042112671112807,45.054428058906346],[29.041652036891207,45.05167753532953],[29.04980431900985,45.04899466439887],[29.049037283000725,45.044083861803536],[29.062913707683318,45.04366148542667],[29.063538445052085,45.046311666452326],[29.070196284825105,45.04619203653663],[29.070492614435185,45.04901176992899],[29.09399656839693,45.04829171494346],[29.094666768718096,45.05191500462139],[29.107096305414043,45.05152629890975],[29.106483216858592,45.05375961334228],[29.1136344623477,45.061810552001035],[29.116076709641444,45.06046667110216],[29.118348861966776,45.06568228885723],[29.116117039912943,45.06833025707363],[29.120792653671934,45.07281074409087],[29.120872035858046,45.07652368118309],[29.139242256310283,45.07316109732032],[29.157706992194356,45.08713151997785],[29.159542361441694,45.091876714847416],[29.15754502576382,45.092693498872734],[29.135603899901216,45.08962761668903],[29.12843614301212,45.09092059475493],[29.126308925656183,45.098919597374014],[29.128553716585106,45.10347099617749],[29.13551634656799,45.10779378301862],[29.168564920062153,45.112289247387004],[29.187952903026243,45.105364445508805],[29.180879004321625,45.1097981497788],[29.19572097371898,45.122442539690326],[29.20214410414311,45.12006616784027],[29.213861611117327,45.121170321079695],[29.22245654267466,45.12472454557586],[29.231241382175575,45.13474396481292],[29.25613109806858,45.13643666249097],[29.267446161411968,45.14527645858321],[29.27821794183385,45.14413419846975],[29.29751413176367,45.1349215007013],[29.313220263890056,45.13811023967445],[29.319202914780142,45.131392542092485],[29.32660036075479,45.132171837315845],[29.332723165798747,45.12279109071751],[29.32796787517536,45.11934362192952],[29.314839339252543,45.11652574448675],[29.310933600678517,45.111023094161034],[29.31038365351017,45.10220091948283],[29.30268981473803,45.09155823177542],[29.297088815874783,45.089179874484536],[29.3010568425509,45.08130028668834],[29.298375588997402,45.075662745444234],[29.30675912345652,45.07103067032474],[29.31037486936954,45.06576235733421],[29.303098278081865,45.063676918858114],[29.29988983094156,45.058050100738754],[29.31068223771663,45.046894177942555],[29.320063334252154,45.048974791679655],[29.322856008778608,45.04342660837222],[29.337333863903783,45.04007874020971],[29.341377733765423,45.03406934160563],[29.342670194753108,45.02540166418739],[29.341520123560432,45.02195216569208],[29.336816647981312,45.019955281887036],[29.30551370193117,45.020270560836806],[29.28717328357895,45.009675762375984],[29.28457144038302,45.00340063851875],[29.28753684379322,44.998241536060064],[29.30284891393992,44.994852260322816],[29.31394852602116,44.98516464859513]]],[[[29.541272473821028,45.41061931292576],[29.530140635280368,45.40183844739634],[29.497661680549903,45.34587421412087],[29.487747241340603,45.33738990470906],[29.48954110377227,45.33224208119972],[29.434608924298487,45.25535860875353],[29.418370113937744,45.226959634059924],[29.414190837803062,45.229140683488986],[29.410143795773923,45.21352325775312],[29.38926368199224,45.20107261009814],[29.360572219942394,45.22392175515686],[29.351235751822866,45.22405384804652],[29.350842731778428,45.226438843063804],[29.34708377084129,45.22602303186056],[29.344698424416336,45.228567728530855],[29.335259861810513,45.23009158885233],[29.32923937683654,45.233594226221726],[29.33524848943331,45.25223079902381],[29.32877529561347,45.25348086465372],[29.323786619411248,45.249848268468234],[29.30594826499218,45.25105154282048],[29.305333175544625,45.24809348411207],[29.30090477688358,45.24610466716013],[29.282882220929352,45.246666851762534],[29.28324804156156,45.25172879821652],[29.286122965843365,45.251759073378125],[29.27903055192576,45.25843061473175],[29.272776993140795,45.25995450587279],[29.279262642113235,45.273057477375175],[29.280335681913844,45.28432538808952],[29.21840682449563,45.2735441202098],[29.219802655132753,45.28135109712657],[29.18927314634912,45.281368752897755],[29.189491324608085,45.29409945328122],[29.15869013779307,45.2946553937398],[29.158940200149416,45.299967921305516],[29.14403467145091,45.30026711903711],[29.144410784455424,45.318400919105585],[29.150032349893774,45.31892293776621],[29.15782359955902,45.316289919509884],[29.1779980235411,45.32586716586394],[29.18692479837749,45.32173880116512],[29.191022060807676,45.32342456162438],[29.189402836790826,45.32853534554247],[29.17208973387559,45.341438154361974],[29.157413650884255,45.34144800022528],[29.150329327021677,45.345411029368705],[29.150254129450317,45.3494685763266],[29.129849525107037,45.34990698186719],[29.129649758094914,45.35306514404469],[29.104647667767715,45.35120675007844],[29.08694652542349,45.352421628684105],[29.082325307327768,45.34635839699992],[29.07047073523053,45.34066865545413],[29.06964683770804,45.34338395286808],[29.022536053060925,45.3449620944705],[29.019827770715807,45.348379581988375],[29.04394186638182,45.360752959687964],[29.052961481287856,45.35925529229834],[29.059665555545564,45.360464585812124],[29.08434471908784,45.373863426434085],[29.10644526147004,45.37476918067574],[29.11915718568509,45.38125415793233],[29.138629884622404,45.38517131542048],[29.16901785159637,45.3950958486935],[29.18092103964794,45.40219912678006],[29.187422202648147,45.41243182974132],[29.215932782940857,45.41916221010176],[29.24257220791992,45.43435684254506],[29.25035495664912,45.43509951604441],[29.269853670196117,45.427831093345],[29.285777987788375,45.42642329690111],[29.29897410994316,45.43019921746039],[29.3221064479633,45.44747887879185],[29.33593097680618,45.44584483547079],[29.347333162771708,45.43924851354493],[29.358100084692936,45.43695444130028],[29.380838728707307,45.439713569469376],[29.390142243365915,45.436470430949434],[29.398031730413305,45.43646438634848],[29.4140431695401,45.44158920781895],[29.430002099771617,45.44266932666476],[29.43921905558914,45.43408987790924],[29.459792559361095,45.429324973981764],[29.47465587967112,45.42296441201125],[29.541272473821028,45.41061931292576]]],[[[29.19572097371898,45.122442539690326],[29.180879004321625,45.1097981497788],[29.187952903026243,45.105364445508805],[29.166312701394126,45.11231402643094],[29.144729284143448,45.11004467970309],[29.13083091914877,45.10552996301488],[29.12614575748234,45.09813166584527],[29.12843614301212,45.09092059475493],[29.135603899901216,45.08962761668903],[29.15754502576382,45.092693498872734],[29.15923325605172,45.090167696677135],[29.154657811808267,45.08395544764174],[29.139242256310283,45.07316109732032],[29.120872035858046,45.07652368118309],[29.120792653671934,45.07281074409087],[29.116077901501793,45.06817070366912],[29.117967136534148,45.06343711968479],[29.116076709641444,45.06046667110216],[29.1136344623477,45.061810552001035],[29.106483216858592,45.05375961334228],[29.107096305414043,45.05152629890975],[29.094666768718096,45.05191500462139],[29.09214228866203,45.04808278992266],[29.070492614435185,45.04901176992899],[29.070196284825105,45.04619203653663],[29.063538445052085,45.046311666452326],[29.062913707683318,45.04366148542667],[29.049037283000725,45.044083861803536],[29.04980431900985,45.04899466439887],[29.041652036891207,45.05167753532953],[29.042112671112807,45.054428058906346],[29.05091091846393,45.05540600775163],[29.05357396562105,45.088110356213726],[29.050715793995657,45.09327374973115],[29.052109420170037,45.10442234772381],[29.058101890867817,45.11559620298344],[29.06731184832798,45.10781155234778],[29.06993203826031,45.10899682379957],[29.068137708035177,45.11668807698054],[29.08707591975494,45.13916076920216],[29.107625394518337,45.13517558901275],[29.117998728768125,45.13083311092333],[29.12363564265163,45.133105349608456],[29.130625140931443,45.13166536216753],[29.133210115250538,45.125191365844756],[29.139937459594496,45.12268299429145],[29.168352270073736,45.12056752770259],[29.176878153093423,45.1241403364105],[29.19572097371898,45.122442539690326]]],[[[28.739694781075816,44.816869708994],[28.747836740906617,44.81162092647673],[28.74594756244249,44.80971626329896],[28.749265109091112,44.80065288918508],[28.78463479725951,44.8012719886042],[28.783561648867042,44.81007798778079],[28.80597720046406,44.80734962088656],[28.808613740387603,44.78780655533032],[28.813378031602582,44.78213728261982],[28.809485829431583,44.7818326579524],[28.815543642606475,44.73455523615288],[28.84722140878587,44.67590995119217],[28.85932821667774,44.65904524802799],[28.824350476126675,44.63233625312131],[28.807963760512614,44.6330491345223],[28.803772271374914,44.63904369316022],[28.79789923671078,44.63423308708724],[28.789434595458275,44.635727167251105],[28.784493452856466,44.641329690061376],[28.784897220634832,44.644531070516194],[28.77782041418826,44.64957857860314],[28.77908186457041,44.65518918171744],[28.774307800842866,44.66381277492417],[28.77696138940692,44.66874197632053],[28.774969135621735,44.674986801794915],[28.770261038280594,44.67716894421684],[28.770698783121922,44.67460948396646],[28.76528618582635,44.67378622798183],[28.763601938565543,44.67121323566402],[28.754334068139535,44.67229958594218],[28.749429654797222,44.675092743686434],[28.75117847293927,44.68255009894393],[28.743570961540296,44.68990011548292],[28.73676740745428,44.691969855238014],[28.727332656940252,44.68824659087894],[28.720021717834076,44.6885989894476],[28.711392117993825,44.69589887376774],[28.712561572071213,44.70319534658905],[28.717232005272106,44.70572564790692],[28.711545449058868,44.70808212931466],[28.709593281307715,44.71339669927252],[28.71448479674712,44.71732253238085],[28.711092790192986,44.72412324463674],[28.711055517328486,44.72656084543391],[28.713256433664313,44.72607186919057],[28.703490705876447,44.74298646066123],[28.696398689822427,44.74213288314326],[28.693816622462244,44.74532731772796],[28.696841126813784,44.74695754830807],[28.69701221591925,44.7522402700554],[28.68813667251947,44.76731153742011],[28.691607371226,44.81484913825002],[28.702190095344605,44.8171335781519],[28.70276014999618,44.81313272093999],[28.71322268251516,44.81431403673348],[28.71493154969444,44.81199515331104],[28.732513926647755,44.81837065238108],[28.739694781075816,44.816869708994]]],[[[29.008048154352274,45.14129350381019],[28.97801337884238,45.13815909784128],[28.995976708128637,45.12823100168677],[28.995172935293173,45.12520005414365],[28.99120463747117,45.12178990168339],[28.986876806484737,45.121934361019726],[28.987194790397446,45.10474142084743],[28.97353498283723,45.10763379518005],[28.971968154770238,45.09422841986491],[28.961345116183644,45.09175551353056],[28.954589263047104,45.09331159727138],[28.956055444466408,45.102122054840365],[28.95292822477053,45.10021031383084],[28.926426378986644,45.10730104186209],[28.924514333707755,45.10414942412858],[28.892488157788087,45.09215630105386],[28.887327951091955,45.107971113704586],[28.888990785495857,45.1087252657904],[28.881870854280024,45.11671630570951],[28.880476098788705,45.109922748002184],[28.876855082880592,45.11433625391302],[28.877751948252904,45.11797518783755],[28.87409244056547,45.119742062959354],[28.87611183122321,45.1217424787709],[28.87985788432117,45.1212407415497],[28.877291134122736,45.123776815619664],[28.87468615303547,45.122373292326586],[28.87222152142763,45.13560296363235],[28.86996355982669,45.13580060631934],[28.871112653730368,45.14457638673856],[28.87860630944021,45.14521697935563],[28.873302907173652,45.15032403793753],[28.877017902945283,45.15076979169858],[28.8754083450228,45.15546645509043],[28.89636310483069,45.14618359899181],[28.912989617535583,45.14761987727549],[28.89934933221742,45.17085526770294],[28.91487711999015,45.1755546999328],[28.91946416650566,45.1790284719233],[28.922130570398203,45.17254947634704],[28.93009156132079,45.172198487698935],[28.93601505477397,45.16512385890701],[28.943295841726354,45.17013357868758],[28.950186543372084,45.16586873410299],[28.960539446192477,45.16784276080307],[28.976181958937197,45.167553959880756],[29.001880649317673,45.16245095740137],[28.99907419524599,45.156585159164756],[29.00990461784406,45.15515804368431],[29.008048154352274,45.14129350381019]]],[[[29.08707591975494,45.13916076920216],[29.068137708035177,45.11668807698054],[29.06993203826031,45.10899682379957],[29.06731184832798,45.10781155234778],[29.058101890867817,45.11559620298344],[29.052109420170037,45.10442234772381],[29.050715793995657,45.09327374973115],[29.05357396562105,45.088110356213726],[29.050646819502994,45.05556047246308],[29.02033391388716,45.061192392584836],[29.02087687918436,45.053781918759114],[29.024433938833916,45.04916436100921],[29.0140499235878,45.05234284608791],[29.009014020525203,45.05115868572087],[28.985278344968034,45.064051071766315],[28.982088346219047,45.062307458452615],[28.97793005348243,45.063456686850955],[28.982391166250842,45.06349941944017],[28.982517862470683,45.06826451720526],[28.97023010568715,45.06858852741998],[28.95635764172799,45.07434329327772],[28.95744004132039,45.09239220750659],[28.971968154770238,45.09422841986491],[28.97353498283723,45.10763379518005],[28.987194790397446,45.10474142084743],[28.986876806484737,45.121934361019726],[28.99120463747117,45.12178990168339],[28.995172935293173,45.12520005414365],[28.995976708128637,45.12823100168677],[28.978194470984953,45.1383170364501],[29.049645840514202,45.14412477931086],[29.08707591975494,45.13916076920216]]],[[[29.410143795773923,45.21352325775312],[29.439722536615836,45.22416123634881],[29.46811105359044,45.22847968038734],[29.48536557872906,45.21441788787387],[29.490163430772494,45.20364442057485],[29.475420321558765,45.173120761387636],[29.44380249564343,45.17217643320223],[29.444420754039815,45.16946279609776],[29.435789695900223,45.15981085379343],[29.429558082798472,45.14322181340383],[29.422092133486537,45.133371309686325],[29.415163135821036,45.13042429105432],[29.41179971846342,45.11794376993943],[29.39416104262928,45.11750564017362],[29.397233329286934,45.11090955444624],[29.39654177445412,45.09546402076246],[29.405195693370352,45.09514299784629],[29.41080238641209,45.08361785410674],[29.415239417147845,45.080172776878285],[29.411691079316753,45.07835356991679],[29.431225927297127,45.05971987001455],[29.437055651853605,45.06036788542497],[29.441706470794333,45.057180430627135],[29.464361594793882,45.054158820740604],[29.46709782706851,45.06348827869135],[29.473256981538224,45.06940973965982],[29.49806552790709,45.06916253980664],[29.504166100729663,45.066689715247634],[29.505822939454795,45.061086554040294],[29.493687598710544,45.05182653490566],[29.509765042967533,45.04611797669486],[29.487462678231584,45.0299709798157],[29.4625806710191,45.00521389084331],[29.461002892767844,44.999968026655054],[29.46522954123489,44.98821464680372],[29.465926015948646,44.96906160938245],[29.457909081392884,44.97343867026771],[29.445603176673394,44.97539636801139],[29.42916709721318,44.9760414844326],[29.422612688397614,44.97428931474313],[29.40115317976798,44.950154334259445],[29.394598844987907,44.94652655875715],[29.386819445570236,44.94583578848934],[29.375140006367474,44.94799177448903],[29.36845998383833,44.95238734363135],[29.378717483544754,44.958095938436244],[29.384841053656967,44.96531517897762],[29.387061224516962,44.97970581686731],[29.384144242305403,44.98578413864145],[29.37750649291422,44.986690165854064],[29.37436846028021,44.98472658143517],[29.36331387061031,44.96331065346141],[29.354707914114847,44.958497990695975],[29.34932067538489,44.96860678863739],[29.353630563695848,44.978975494890214],[29.34916367450714,44.98476130562087],[29.341131421723073,44.984058494667885],[29.325495771618506,44.97107179186741],[29.313164502097376,44.97226849754207],[29.31127396411136,44.97066820266912],[29.31495478683566,44.98092029182452],[29.312169355030285,44.98763989284626],[29.30284891393992,44.994852260322816],[29.288829357671393,44.99748487949461],[29.284794502831442,45.002490309192865],[29.28913042561007,45.01147321985048],[29.30551370193117,45.020270560836806],[29.336816647981312,45.019955281887036],[29.342499951810392,45.023491232961256],[29.341377733765423,45.03406934160563],[29.337333863903783,45.04007874020971],[29.322856008778608,45.04342660837222],[29.320063334252154,45.048974791679655],[29.31068223771663,45.046894177942555],[29.301332341771086,45.05477102608933],[29.299854247986538,45.05899454664532],[29.30208991524513,45.06275350583833],[29.31037486936954,45.06576235733421],[29.30675912345652,45.07103067032474],[29.298375588997402,45.075662745444234],[29.3010568425509,45.08130028668834],[29.29673541918842,45.08829700228207],[29.30268981473803,45.09155823177542],[29.31038365351017,45.10220091948283],[29.310933600678517,45.111023094161034],[29.314839339252543,45.11652574448675],[29.330200756963862,45.1202100021019],[29.331823780023544,45.126216308984965],[29.32660036075479,45.132171837315845],[29.318382049997336,45.131784540297915],[29.313220263890056,45.13811023967445],[29.29751413176367,45.1349215007013],[29.27821794183385,45.14413419846975],[29.26906774073305,45.14531032083791],[29.260285330896398,45.14145783298422],[29.248836760796397,45.15139958628037],[29.241579987352658,45.149876011843745],[29.23606754884139,45.15491960962428],[29.228130008463225,45.154495731859534],[29.22659971390083,45.16243443577912],[29.222205208050724,45.164611587029576],[29.222148861945957,45.17754119011471],[29.232668385055995,45.17705648553449],[29.234347028889722,45.18582466415299],[29.231845850468222,45.20561251715936],[29.229473369873592,45.2058445881513],[29.236762740401264,45.22744113691719],[29.25201058598697,45.23220834267397],[29.259844853855245,45.22916587375503],[29.283068597675268,45.24654691259631],[29.30207867717573,45.24624757535782],[29.30594826499218,45.25105154282048],[29.323786619411248,45.249848268468234],[29.32877529561347,45.25348086465372],[29.33524848943331,45.25223079902381],[29.32923937683654,45.233594226221726],[29.335259861810513,45.23009158885233],[29.344698424416336,45.228567728530855],[29.34708377084129,45.22602303186056],[29.350842731778428,45.226438843063804],[29.351235751822866,45.22405384804652],[29.360572219942394,45.22392175515686],[29.38926368199224,45.20107261009814],[29.410143795773923,45.21352325775312]]],[[[29.63448730263211,45.22124265916864],[29.631682008537396,45.222517302620055],[29.634351828038866,45.22817908331013],[29.630500086700337,45.232774591204084],[29.59304475767199,45.23841748096009],[29.577327283887705,45.231833763018926],[29.504152128496376,45.22615770991824],[29.497231251274872,45.21979547403618],[29.483757674738552,45.2156491892824],[29.4673949058076,45.22853569145526],[29.439722536615836,45.22416123634881],[29.410143795773923,45.21352325775312],[29.414190837803062,45.229140683488986],[29.418370113937744,45.226959634059924],[29.434608924298487,45.25535860875353],[29.48954110377227,45.33224208119972],[29.487747241340603,45.33738990470906],[29.497661680549903,45.34587421412087],[29.530140635280368,45.40183844739634],[29.541272473821028,45.41061931292576],[29.564115090397273,45.402402709417174],[29.59320009493014,45.38762458120928],[29.63010203182903,45.3543386171476],[29.65113262184051,45.339765581022924],[29.668067449697833,45.310564927510256],[29.677786275645225,45.269250591437256],[29.663990787823877,45.260028694615606],[29.659763763653913,45.24786757366956],[29.670768251464068,45.22059543197338],[29.682032806645807,45.205833886656556],[29.673757916579476,45.206108326647325],[29.67023370013725,45.20849841782011],[29.67257645753965,45.20887786584331],[29.662722293513365,45.21184913460158],[29.66335297879885,45.21416608606625],[29.658098559097468,45.2142990321875],[29.637767779060376,45.22436061694322],[29.63448730263211,45.22124265916864]]],[[[29.232827362390776,45.21948574043382],[29.229473369873592,45.2058445881513],[29.231845850468222,45.20561251715936],[29.23410152172001,45.18289009403712],[29.232668385055995,45.17705648553449],[29.222148861945957,45.17754119011471],[29.222205208050724,45.164611587029576],[29.22659971390083,45.16243443577912],[29.228130008463225,45.154495731859534],[29.23606754884139,45.15491960962428],[29.241579987352658,45.149876011843745],[29.248836760796397,45.15139958628037],[29.25503482311771,45.14450319230622],[29.26153831021226,45.14137956913424],[29.255050261746074,45.13613445471234],[29.231241382175575,45.13474396481292],[29.221721701086754,45.124332806978245],[29.213861611117327,45.121170321079695],[29.202842404153458,45.12006808317272],[29.185215477483,45.12423215582928],[29.176046018754274,45.12403954407989],[29.168352270073736,45.12056752770259],[29.139937459594496,45.12268299429145],[29.133210115250538,45.125191365844756],[29.130625140931443,45.13166536216753],[29.12363564265163,45.133105349608456],[29.117998728768125,45.13083311092333],[29.09946231919083,45.13732741907899],[29.063764517930966,45.142908211789006],[29.03993575164296,45.14394547072258],[29.00804332684221,45.14110571078624],[29.00990461784406,45.15515804368431],[28.99907419524599,45.156585159164756],[29.001880649317673,45.16245095740137],[28.976181958937197,45.167553959880756],[28.960539446192477,45.16784276080307],[28.950186543372084,45.16586873410299],[28.943295841726354,45.17013357868758],[28.93601505477397,45.16512385890701],[28.93009156132079,45.172198487698935],[28.922130570398203,45.17254947634704],[28.91946416650566,45.1790284719233],[28.91487711999015,45.1755546999328],[28.90106326467945,45.171575753081626],[28.89828786110948,45.17987016236406],[28.88165296801509,45.194300863806],[28.89272694314806,45.20352754155955],[28.902479936037093,45.20501338284929],[28.89873100128353,45.211735036287216],[28.893281261390374,45.21043216550536],[28.890255276878626,45.21279791289882],[28.896911672432033,45.21842261513432],[28.90704515598905,45.22056192772943],[28.920087279112497,45.22014566719908],[28.93885919986377,45.227369175175845],[28.95281999363322,45.22846008848956],[28.960747262224942,45.23302032164759],[28.995514528479617,45.23403415466395],[28.996660830578882,45.241917152789874],[29.01224425249921,45.24175230937083],[29.017037013733784,45.24751940612029],[29.02455408748259,45.24543144430512],[29.043595126228052,45.25002149730894],[29.082020046884953,45.24363464682996],[29.08040230996989,45.24087977166345],[29.105895710621674,45.235772340304486],[29.116650587907156,45.238363389988315],[29.138666611358325,45.237800768183256],[29.144028042779777,45.23357543169162],[29.145821043908068,45.22760672807027],[29.16388762961789,45.220139956756014],[29.165405028591408,45.21684213098365],[29.1690797457238,45.21810917784004],[29.195426114201698,45.214184669391905],[29.210998054114466,45.21634167129542],[29.2136870961109,45.21396114295795],[29.217099340248794,45.21719321452331],[29.232827362390776,45.21948574043382]]],[[[29.283068597675268,45.24654691259631],[29.259844853855245,45.22916587375503],[29.25201058598697,45.23220834267397],[29.240920590599156,45.229783906800336],[29.23495648987466,45.22518420717849],[29.232827362390776,45.21948574043382],[29.217099340248794,45.21719321452331],[29.2136870961109,45.21396114295795],[29.210998054114466,45.21634167129542],[29.195426114201698,45.214184669391905],[29.1690797457238,45.21810917784004],[29.165405028591408,45.21684213098365],[29.16388762961789,45.220139956756014],[29.145821043908068,45.22760672807027],[29.144028042779777,45.23357543169162],[29.137285685902715,45.238176704631165],[29.116650587907156,45.238363389988315],[29.105895710621674,45.235772340304486],[29.08040230996989,45.24087977166345],[29.082020046884953,45.24363464682996],[29.06456490487916,45.24535576197136],[29.046379140632247,45.25020628118235],[29.02455408748259,45.24543144430512],[29.017037013733784,45.24751940612029],[29.01302218133269,45.24219068011804],[29.00630862016412,45.24073193987343],[28.996660830578882,45.241917152789874],[28.995514528479617,45.23403415466395],[28.960747262224942,45.23302032164759],[28.95281999363322,45.22846008848956],[28.93885919986377,45.227369175175845],[28.919393892572945,45.2200146079553],[28.903056085091492,45.22002244682707],[28.89079594307338,45.214377277247294],[28.890422638259945,45.217854155218376],[28.88779692067339,45.21852275588481],[28.89120302538433,45.22072912531767],[28.889159809027095,45.22368250137371],[28.882721586995448,45.223384899945216],[28.881793031567376,45.22665167177708],[28.873899892233513,45.229596687332275],[28.880110922556092,45.23860782775599],[28.878799339954178,45.24336400385733],[28.883337299860756,45.24976805672093],[28.892168085222448,45.253508910932766],[28.888327499146083,45.25724232161754],[28.88368752937613,45.25570140546612],[28.88123206511485,45.2571891270425],[28.87959337086775,45.250954369911895],[28.875052851184396,45.25010159615015],[28.87707112615484,45.25410314229419],[28.874363470598375,45.26009017966985],[28.868591113903772,45.26413673304195],[28.870715882388055,45.27116625829944],[28.865337413119057,45.27649381333197],[28.867539038735156,45.28041544830957],[28.861985895951864,45.28021418695974],[28.864067738330306,45.28575456249355],[28.859485478065398,45.288036243249074],[28.88899051204868,45.30457196776079],[28.91400282743565,45.287731570712474],[28.925446768692893,45.28255632163518],[28.942592910009054,45.28061050323771],[28.948838697679367,45.28299819468427],[28.952640760940767,45.28725510353998],[28.954128233183905,45.298601495533255],[28.94835261993542,45.30911631024082],[28.96497361582137,45.33205361062276],[28.985937047239883,45.33233089326632],[28.996473322282146,45.33626562118163],[29.007291560819088,45.34405420328584],[29.019827770715807,45.348379581988375],[29.022536053060925,45.3449620944705],[29.06964683770804,45.34338395286808],[29.07047073523053,45.34066865545413],[29.082325307327768,45.34635839699992],[29.08694652542349,45.352421628684105],[29.104647667767715,45.35120675007844],[29.129649758094914,45.35306514404469],[29.129849525107037,45.34990698186719],[29.150254129450317,45.3494685763266],[29.150329327021677,45.345411029368705],[29.157413650884255,45.34144800022528],[29.17208973387559,45.341438154361974],[29.189402836790826,45.32853534554247],[29.191022060807676,45.32342456162438],[29.18692479837749,45.32173880116512],[29.1779980235411,45.32586716586394],[29.15782359955902,45.316289919509884],[29.150032349893774,45.31892293776621],[29.144410784455424,45.318400919105585],[29.14403467145091,45.30026711903711],[29.158940200149416,45.299967921305516],[29.15869013779307,45.2946553937398],[29.189491324608085,45.29409945328122],[29.18927314634912,45.281368752897755],[29.219802655132753,45.28135109712657],[29.21840682449563,45.2735441202098],[29.280335681913844,45.28432538808952],[29.279262642113235,45.273057477375175],[29.272776993140795,45.25995450587279],[29.27903055192576,45.25843061473175],[29.286122965843365,45.251759073378125],[29.28324804156156,45.25172879821652],[29.283068597675268,45.24654691259631]]],[[[29.63448730263211,45.22124265916864],[29.628537098628502,45.21699252789468],[29.62901019500024,45.21220771185331],[29.640832292063106,45.169480295999705],[29.64816384696616,45.16157214333618],[29.67411937906227,45.159962116387774],[29.705284733519413,45.16714904988103],[29.714531997371186,45.1673495587726],[29.71529590226285,45.16529907386784],[29.703042382055273,45.16316082202775],[29.692683203523167,45.15731899986715],[29.67573169720512,45.13758811431541],[29.660322843976424,45.10754197152992],[29.653677274165616,45.07297067373699],[29.63668856898537,45.07702192619575],[29.63192080768597,45.0742221150172],[29.63139980986505,45.066653601294895],[29.626874764767518,45.061512261033855],[29.623912775026692,45.05993161206293],[29.618460932064362,45.06080098236827],[29.61817069808356,45.05604793130661],[29.59395282143445,45.04544519294042],[29.54475929972877,45.04263356686729],[29.543755073456165,45.0396789132246],[29.53617935905317,45.041293287265056],[29.528037929380883,45.0398029310383],[29.52421630077965,45.04252540310317],[29.524263931863338,45.04588265397022],[29.502056539731793,45.04814479603008],[29.493687598710544,45.05182653490566],[29.505822939454795,45.061086554040294],[29.504166100729663,45.066689715247634],[29.49806552790709,45.06916253980664],[29.473256981538224,45.06940973965982],[29.46709782706851,45.06348827869135],[29.464361594793882,45.054158820740604],[29.441706470794333,45.057180430627135],[29.437055651853605,45.06036788542497],[29.431225927297127,45.05971987001455],[29.411691079316753,45.07835356991679],[29.415239417147845,45.080172776878285],[29.41080238641209,45.08361785410674],[29.405195693370352,45.09514299784629],[29.397239821739973,45.09435518574715],[29.397077407166254,45.11226270174671],[29.39416104262928,45.11750564017362],[29.41179971846342,45.11794376993943],[29.415163135821036,45.13042429105432],[29.422092133486537,45.133371309686325],[29.429558082798472,45.14322181340383],[29.435789695900223,45.15981085379343],[29.444420754039815,45.16946279609776],[29.44380249564343,45.17217643320223],[29.475420321558765,45.173120761387636],[29.490061131370933,45.20302901733826],[29.48928620298688,45.208693569374496],[29.483757674738552,45.2156491892824],[29.497231251274872,45.21979547403618],[29.504152128496376,45.22615770991824],[29.577327283887705,45.231833763018926],[29.59304475767199,45.23841748096009],[29.630500086700337,45.232774591204084],[29.634351828038866,45.22817908331013],[29.631682008537396,45.222517302620055],[29.63448730263211,45.22124265916864]]],[[[29.63448730263211,45.22124265916864],[29.631682008537396,45.222517302620055],[29.634351828038866,45.22817908331013],[29.630500086700337,45.232774591204084],[29.59304475767199,45.23841748096009],[29.577327283887705,45.231833763018926],[29.504152128496376,45.22615770991824],[29.497231251274872,45.21979547403618],[29.483757674738552,45.2156491892824],[29.4673949058076,45.22853569145526],[29.439722536615836,45.22416123634881],[29.410143795773923,45.21352325775312],[29.414190837803062,45.229140683488986],[29.418370113937744,45.226959634059924],[29.434608924298487,45.25535860875353],[29.48954110377227,45.33224208119972],[29.487747241340603,45.33738990470906],[29.497661680549903,45.34587421412087],[29.530140635280368,45.40183844739634],[29.541272473821028,45.41061931292576],[29.564115090397273,45.402402709417174],[29.59320009493014,45.38762458120928],[29.63010203182903,45.3543386171476],[29.65113262184051,45.339765581022924],[29.668067449697833,45.310564927510256],[29.677786275645225,45.269250591437256],[29.663990787823877,45.260028694615606],[29.659763763653913,45.24786757366956],[29.670768251464068,45.22059543197338],[29.682032806645807,45.205833886656556],[29.673757916579476,45.206108326647325],[29.67023370013725,45.20849841782011],[29.67257645753965,45.20887786584331],[29.662722293513365,45.21184913460158],[29.66335297879885,45.21416608606625],[29.658098559097468,45.2142990321875],[29.637767779060376,45.22436061694322],[29.63448730263211,45.22124265916864]]]]},"properties":{"alert_id":"1510f56062b65bfd","source":"nowcasting","alert_type":"nowcasting","feature_id":"50b7b68be1ff28c931","judet_cod":"TL","judet_nume":"Tulcea","county_code":"TL","county_name":"Tulcea","cod_judet":"TL","cod_culoare":1,"cod_culoare_nume":"Galben","culoare":"1","cod":"Galben","fenomen_principal":"Intensificări temporare ale vântului, cu viteze la rafală de 50...60 km/h.","fenomen_group":"alte fenomene","zona_text":"Zona de litoral a județului Constanta , respectiv zona localităților: Constanța, Năvodari, Ovidiu, Mihail Kogălniceanu, Eforie, Cumpăna, Valu lui Traian, Techirghiol, Tuzla, Lumina, Topraisar, 23 August, Agigea, Corbu, Limanu, Albești, Pecineaga, Istria, Săcele, Costinești, Mangalia;<br>Județul Tulcea : Delta Dunarii, respectiv zona localităților: Sarichioi, Jurilovca, Valea Nucarilor, Murighiol, Chilia Veche, Mahmudia, Ceamurlia de Jos, Nufăru, Beștepe, Crișan, C.A. Rosetti, Maliuc, Pardina;<br>Zona de litoral a județului Tulcea , respectiv zona localităților: Jurilovca, Sulina, C.A. Rosetti, Sfântu Gheorghe;<br>","zona_nume":"Tulcea - localitati","zone_name":"Tulcea - localitati","display_name":"Tulcea - localitati","localities":["Delta Dunarii","respectiv zona localităților: Sarichioi","Jurilovca","Valea Nucarilor","Murighiol","Chilia Veche","Mahmudia","Ceamurlia de Jos","Nufăru","Beștepe","Crișan","C.A. Rosetti","Maliuc","Pardina","Zona de litoral a județului Tulcea","respectiv zona localităților: Jurilovca","Sulina","C.A. Rosetti","Sfântu Gheorghe"],"geometry_source":"uat_match","match_confidence":"medium","interval_text":"","interval_start":"2026-08-09T10:00:00","valid_from":"2026-08-09T10:00:00","valid_to":"2026-08-09T15:00:00","interval_valabilitate_text":"","interval_end":"2026-08-09T15:00:00","data_expirare":"2026-08-09T15:00:00","mesaj_plain":"Intensificări temporare ale vântului, cu viteze la rafală de 50...60 km/h.","source_url":"","source_label":"","notes":"","durata_ore":5.0,"zi":"2026-08-09"}},{"type":"Feature","geometry":{"type":"MultiPolygon","coordinates":[[[[23.783611,45.521729],[23.784148,45.522192],[23.784895,45.522846],[23.785584,45.523417],[23.786658,45.524334],[23.788142,45.525613],[23.78819,45.525666],[23.788236,45.525692],[23.788493,45.525921],[23.788914,45.526264],[23.789141,45.526479],[23.789328,45.526671],[23.789494,45.526825],[23.789626,45.526941],[23.789773,45.527047],[23.78996,45.52723],[23.790177,45.527415],[23.790696,45.527926],[23.790838,45.528038],[23.790906,45.528067],[23.791097,45.528182],[23.791971,45.528664],[23.79277,45.529141],[23.793251,45.529414],[23.794237,45.529878],[23.794779,45.530119],[23.795356,45.530142],[23.795628,45.530162],[23.795714,45.530167],[23.795758,45.530163],[23.796007,45.530179],[23.796018,45.530185],[23.796078,45.530179],[23.796091,45.530187],[23.796901,45.530241],[23.797248,45.530275],[23.797703,45.530334],[23.79806,45.530392],[23.79846,45.530466],[23.798796,45.530516],[23.798936,45.53055],[23.799164,45.53059],[23.799553,45.530671],[23.799634,45.530681],[23.799645,45.530691],[23.799937,45.530754],[23.799967,45.530766],[23.800456,45.530858],[23.800618,45.530897],[23.800759,45.530921],[23.801051,45.530977],[23.801419,45.531033],[23.80196,45.531148],[23.802446,45.531305],[23.802835,45.531445],[23.803029,45.531527],[23.803177,45.531582],[23.803514,45.531725],[23.803719,45.531803],[23.803976,45.531878],[23.804195,45.53192],[23.804423,45.531939],[23.804564,45.531936],[23.804596,45.531944],[23.804607,45.531934],[23.804618,45.531935],[23.804629,45.53194],[23.804824,45.53195],[23.804862,45.53194],[23.804981,45.531945],[23.805112,45.531933],[23.80522,45.531911],[23.805819,45.531752],[23.806037,45.531702],[23.806135,45.531687],[23.806222,45.531671],[23.806613,45.531644],[23.806798,45.531607],[23.807332,45.531447],[23.807549,45.531392],[23.807767,45.531313],[23.807844,45.531279],[23.807996,45.531227],[23.80804,45.53122],[23.808116,45.531194],[23.808236,45.531138],[23.80839,45.531053],[23.808521,45.530962],[23.808663,45.53088],[23.80911,45.530568],[23.809276,45.53049],[23.809527,45.530412],[23.809592,45.530387],[23.809647,45.530357],[23.809696,45.530316],[23.809727,45.530266],[23.809774,45.530213],[23.809828,45.530177],[23.809916,45.530155],[23.810094,45.530159],[23.810171,45.530146],[23.81028,45.530101],[23.810365,45.530039],[23.810444,45.529997],[23.810545,45.529952],[23.810618,45.52993],[23.810705,45.529913],[23.810792,45.52992],[23.810906,45.529917],[23.810942,45.529928],[23.811026,45.529942],[23.812003,45.53005],[23.813269,45.530202],[23.813775,45.530257],[23.813908,45.530266],[23.814016,45.530283],[23.815014,45.53029],[23.815703,45.530056],[23.815719,45.530045],[23.81573,45.530047],[23.816331,45.529842],[23.81749,45.529439],[23.81811,45.529402],[23.819359,45.529346],[23.819402,45.529342],[23.81941,45.529333],[23.819424,45.529331],[23.819587,45.529324],[23.819631,45.529313],[23.81975,45.529304],[23.819902,45.529306],[23.820032,45.529334],[23.820158,45.529381],[23.820222,45.529416],[23.820743,45.529775],[23.820954,45.529916],[23.821003,45.529941],[23.821291,45.530139],[23.821492,45.530252],[23.821632,45.530318],[23.821708,45.530346],[23.821788,45.530379],[23.821949,45.53043],[23.822489,45.530575],[23.822737,45.530631],[23.823007,45.530684],[23.823523,45.530768],[23.823634,45.530767],[23.824241,45.530799],[23.825326,45.530865],[23.827113,45.530975],[23.827244,45.530983],[23.82812,45.531037],[23.828185,45.531059],[23.828476,45.531131],[23.829393,45.531367],[23.829458,45.531389],[23.829717,45.531451],[23.830677,45.531702],[23.830774,45.531731],[23.831066,45.531801],[23.832134,45.53208],[23.832198,45.532096],[23.832226,45.532094],[23.832233,45.532104],[23.832309,45.532124],[23.832452,45.53216],[23.832496,45.532165],[23.832895,45.532254],[23.833733,45.53249],[23.8342,45.532614],[23.834297,45.532645],[23.834567,45.532713],[23.834849,45.532701],[23.834868,45.532705],[23.83562,45.532687],[23.83575,45.532688],[23.836434,45.532669],[23.836749,45.532631],[23.837325,45.532584],[23.837739,45.532541],[23.837815,45.532536],[23.83789,45.532543],[23.837999,45.532548],[23.838172,45.532571],[23.838506,45.532666],[23.838816,45.53278],[23.838963,45.532859],[23.839224,45.532978],[23.839385,45.533037],[23.839453,45.533046],[23.839594,45.533044],[23.839703,45.53303],[23.840084,45.532973],[23.840313,45.53293],[23.840476,45.532912],[23.840845,45.532894],[23.840918,45.532896],[23.841236,45.532856],[23.841617,45.532798],[23.841911,45.532763],[23.842041,45.532761],[23.842074,45.532753],[23.842161,45.532762],[23.842215,45.532814],[23.842465,45.532767],[23.842769,45.532741],[23.843051,45.532742],[23.843333,45.532766],[23.843691,45.532835],[23.844136,45.532935],[23.844233,45.532962],[23.844472,45.533051],[23.844542,45.533091],[23.844729,45.533164],[23.845014,45.533258],[23.845239,45.533308],[23.845491,45.533335],[23.845752,45.533334],[23.845936,45.533346],[23.846023,45.533342],[23.846175,45.53335],[23.847585,45.53355],[23.849418,45.533802],[23.849505,45.53381],[23.849557,45.533821],[23.849755,45.533845],[23.84986,45.533864],[23.85085,45.534002],[23.850893,45.534008],[23.850904,45.533998],[23.850991,45.53401],[23.851382,45.534072],[23.852998,45.5343],[23.854571,45.534527],[23.854701,45.534541],[23.855493,45.534659],[23.856705,45.534826],[23.856795,45.534834],[23.857088,45.53488],[23.857598,45.534944],[23.857812,45.534981],[23.858401,45.534581],[23.860876,45.5329],[23.861117,45.532794],[23.861334,45.532722],[23.861497,45.53264],[23.861671,45.53253],[23.861782,45.532431],[23.862011,45.532187],[23.862114,45.532065],[23.862193,45.531951],[23.862342,45.531784],[23.862955,45.531175],[23.863437,45.530691],[23.863451,45.530668],[23.863478,45.530657],[23.863492,45.530634],[23.864296,45.529819],[23.86462,45.529476],[23.864829,45.529278],[23.86503,45.529073],[23.865054,45.529034],[23.865136,45.528844],[23.865185,45.528684],[23.865201,45.528638],[23.865226,45.5286],[23.865256,45.528493],[23.865289,45.528432],[23.865376,45.528173],[23.865474,45.527944],[23.865501,45.527906],[23.865523,45.527853],[23.865593,45.527754],[23.865901,45.527372],[23.865947,45.527319],[23.866104,45.527098],[23.866191,45.527007],[23.866401,45.526732],[23.866773,45.526222],[23.866871,45.526062],[23.866985,45.525917],[23.867203,45.525605],[23.867254,45.525551],[23.867347,45.525475],[23.867613,45.525297],[23.867868,45.525146],[23.868302,45.524918],[23.868867,45.524607],[23.86916,45.52447],[23.869616,45.524231],[23.869736,45.524177],[23.869909,45.524086],[23.870007,45.524044],[23.870083,45.523999],[23.870485,45.523801],[23.870984,45.523502],[23.871158,45.523396],[23.871419,45.523261],[23.871592,45.523182],[23.871864,45.523087],[23.872244,45.522984],[23.872645,45.522913],[23.872982,45.522873],[23.873112,45.522843],[23.873209,45.522805],[23.873253,45.522798],[23.873285,45.522784],[23.873318,45.522779],[23.873329,45.522782],[23.873405,45.522779],[23.873537,45.522774],[23.87547,45.52285],[23.875489,45.522867],[23.878793,45.524794],[23.87888,45.524861],[23.878984,45.524935],[23.879235,45.525136],[23.88009,45.526087],[23.880112,45.526102],[23.880203,45.526191],[23.880806,45.526866],[23.880838,45.526895],[23.880868,45.526908],[23.881384,45.526912],[23.881989,45.526903],[23.882217,45.526844],[23.882314,45.526829],[23.882475,45.526791],[23.882723,45.526748],[23.883831,45.526525],[23.883863,45.526524],[23.884005,45.526542],[23.885109,45.526693],[23.887206,45.526985],[23.888135,45.527121],[23.888943,45.527224],[23.889227,45.527315],[23.88995,45.527568],[23.890269,45.527674],[23.890563,45.527726],[23.891413,45.527878],[23.892729,45.528098],[23.893148,45.528174],[23.893172,45.528174],[23.895416,45.528573],[23.896018,45.528674],[23.896445,45.528744],[23.896608,45.528754],[23.897925,45.528881],[23.898919,45.528971],[23.899192,45.529003],[23.90037,45.529114],[23.901218,45.529203],[23.901371,45.529217],[23.901449,45.529204],[23.901665,45.529186],[23.901741,45.529172],[23.902497,45.529087],[23.903414,45.528962],[23.904072,45.528871],[23.904472,45.528828],[23.904569,45.528822],[23.90463,45.52884],[23.904652,45.528853],[23.90466,45.528851],[23.904754,45.528888],[23.904895,45.528944],[23.904922,45.528947],[23.905116,45.529014],[23.907541,45.52987],[23.909187,45.530442],[23.909208,45.530444],[23.909241,45.530458],[23.909425,45.530492],[23.910087,45.530592],[23.911419,45.530795],[23.911527,45.530841],[23.91294,45.531344],[23.912967,45.531341],[23.913054,45.53137],[23.913546,45.531549],[23.914402,45.531844],[23.915292,45.532599],[23.917378,45.534376],[23.917421,45.534397],[23.917659,45.534479],[23.92025,45.535307],[23.921084,45.535578],[23.921192,45.535607],[23.92156,45.535725],[23.921593,45.535727],[23.921623,45.535744],[23.922243,45.535938],[23.922525,45.535917],[23.92297,45.535899],[23.924891,45.535847],[23.925238,45.535806],[23.925639,45.535739],[23.925825,45.535708],[23.925998,45.53567],[23.926422,45.535561],[23.926922,45.535444],[23.927259,45.53535],[23.927422,45.535297],[23.928052,45.535127],[23.928204,45.535097],[23.928313,45.535086],[23.928562,45.535083],[23.928964,45.535103],[23.929115,45.535118],[23.929137,45.535114],[23.929419,45.535134],[23.929625,45.535163],[23.929745,45.535173],[23.930005,45.535215],[23.930197,45.535253],[23.930265,45.535259],[23.930557,45.535311],[23.930576,45.535319],[23.930731,45.535342],[23.930817,45.535365],[23.931045,45.535408],[23.931205,45.535444],[23.931403,45.535473],[23.931533,45.535481],[23.931685,45.535481],[23.932195,45.535455],[23.932369,45.535437],[23.932423,45.535425],[23.932499,45.535426],[23.932727,45.535392],[23.932792,45.535379],[23.932803,45.535371],[23.932836,45.535373],[23.933074,45.535332],[23.933672,45.535196],[23.933857,45.535162],[23.934063,45.535109],[23.934161,45.535091],[23.935052,45.534859],[23.935443,45.534743],[23.93572,45.534647],[23.935775,45.534624],[23.935805,45.534603],[23.935846,45.53455],[23.935889,45.534528],[23.935927,45.534518],[23.936013,45.534563],[23.936315,45.5344],[23.937137,45.534047],[23.937418,45.533913],[23.937591,45.533859],[23.937754,45.533828],[23.93796,45.53382],[23.938133,45.533842],[23.938416,45.533899],[23.938752,45.533943],[23.93897,45.533996],[23.939426,45.53409],[23.939589,45.53412],[23.939684,45.534131],[23.940056,45.53414],[23.940566,45.534134],[23.941021,45.534107],[23.941335,45.534072],[23.94152,45.534054],[23.94191,45.534001],[23.942083,45.53397],[23.942538,45.533908],[23.942744,45.533869],[23.943155,45.533771],[23.943339,45.53372],[23.943653,45.533582],[23.943772,45.533525],[23.944107,45.533341],[23.944301,45.533226],[23.944314,45.533207],[23.944363,45.53318],[23.944539,45.533118],[23.944885,45.533045],[23.945319,45.532967],[23.945589,45.532898],[23.945871,45.53284],[23.946726,45.532646],[23.946889,45.532604],[23.946932,45.5326],[23.947008,45.532581],[23.947225,45.532515],[23.947538,45.532431],[23.947766,45.532361],[23.948099,45.532237],[23.948242,45.532184],[23.948566,45.532088],[23.948923,45.531969],[23.949151,45.531907],[23.949616,45.531795],[23.949865,45.531722],[23.950384,45.531532],[23.950731,45.531479],[23.950926,45.531456],[23.951403,45.531378],[23.951587,45.531355],[23.951674,45.531351],[23.951761,45.531335],[23.952031,45.531304],[23.952118,45.531298],[23.952302,45.531284],[23.952498,45.53128],[23.95278,45.531252],[23.952855,45.531252],[23.952996,45.53124],[23.953221,45.531237],[23.953246,45.531232],[23.95356,45.531212],[23.953983,45.531218],[23.954569,45.531267],[23.954613,45.531266],[23.954667,45.531277],[23.954938,45.531299],[23.955088,45.531321],[23.955308,45.53134],[23.955489,45.531366],[23.955612,45.531377],[23.955644,45.531386],[23.95572,45.531392],[23.95584,45.531411],[23.955992,45.531418],[23.956173,45.531444],[23.956306,45.531455],[23.956839,45.531526],[23.957194,45.531586],[23.957574,45.531634],[23.957892,45.531654],[23.958152,45.531642],[23.958282,45.531624],[23.958466,45.531582],[23.958899,45.531443],[23.959083,45.531405],[23.959213,45.531389],[23.959462,45.531381],[23.959723,45.531353],[23.959896,45.531295],[23.959991,45.531251],[23.960166,45.531171],[23.960403,45.53104],[23.96076,45.530868],[23.960846,45.53082],[23.961019,45.530737],[23.961236,45.530651],[23.961495,45.530581],[23.961972,45.530492],[23.962243,45.530457],[23.962676,45.530417],[23.96285,45.530394],[23.963175,45.53037],[23.963283,45.530356],[23.963446,45.53035],[23.963793,45.530345],[23.964129,45.530352],[23.964281,45.530359],[23.964292,45.530365],[23.964531,45.530381],[23.964542,45.530387],[23.96455,45.530383],[23.964835,45.53039],[23.965085,45.530373],[23.96548,45.530336],[23.965566,45.530313],[23.966,45.530274],[23.96626,45.530269],[23.966277,45.530275],[23.966401,45.53028],[23.966499,45.530291],[23.96664,45.530316],[23.966749,45.530346],[23.966828,45.53038],[23.966847,45.530382],[23.966858,45.530393],[23.96692,45.53042],[23.96695,45.53044],[23.967027,45.530513],[23.967104,45.530612],[23.96712,45.530621],[23.967155,45.530623],[23.967226,45.530645],[23.967313,45.530669],[23.967542,45.530713],[23.967833,45.530805],[23.967967,45.530835],[23.968117,45.530879],[23.968435,45.530961],[23.96852,45.530995],[23.968923,45.53113],[23.969194,45.531239],[23.969412,45.531358],[23.969604,45.531486],[23.969653,45.531539],[23.969792,45.531737],[23.969836,45.531786],[23.970157,45.532074],[23.970297,45.532168],[23.970414,45.532227],[23.970788,45.532356],[23.971284,45.532553],[23.971323,45.532561],[23.971484,45.532628],[23.971863,45.532797],[23.972073,45.532903],[23.972289,45.533022],[23.972486,45.533131],[23.972992,45.533359],[23.973196,45.533459],[23.97336,45.533526],[23.973496,45.533573],[23.973562,45.533592],[23.973616,45.533599],[23.973679,45.533618],[23.973845,45.533651],[23.974052,45.533684],[23.974323,45.533709],[23.974617,45.533716],[23.974747,45.533708],[23.974758,45.533698],[23.974888,45.533682],[23.975159,45.533631],[23.975213,45.533615],[23.975516,45.533556],[23.975765,45.533495],[23.975873,45.533462],[23.975992,45.533437],[23.976273,45.533334],[23.976651,45.533175],[23.97704,45.533024],[23.977429,45.532914],[23.9777,45.532863],[23.977884,45.532835],[23.978967,45.532633],[23.979293,45.532601],[23.979738,45.532569],[23.979987,45.532573],[23.980017,45.532579],[23.980281,45.532579],[23.980487,45.532589],[23.980607,45.532603],[23.980868,45.532657],[23.980944,45.532666],[23.981064,45.5327],[23.981134,45.532713],[23.981347,45.532755],[23.981467,45.53277],[23.981532,45.532784],[23.981847,45.532811],[23.982672,45.532779],[23.982911,45.532779],[23.983106,45.532798],[23.98328,45.532819],[23.983595,45.532828],[23.983747,45.532816],[23.984094,45.532771],[23.984365,45.532754],[23.984691,45.532754],[23.984865,45.532746],[23.985158,45.532742],[23.985386,45.532759],[23.985744,45.532765],[23.986038,45.532759],[23.986113,45.532745],[23.986244,45.532733],[23.986406,45.532703],[23.986709,45.532594],[23.987022,45.532466],[23.987151,45.532404],[23.987346,45.532329],[23.987584,45.532264],[23.987682,45.532249],[23.98793,45.532208],[23.988223,45.532176],[23.988429,45.532144],[23.98857,45.532135],[23.988744,45.53214],[23.988972,45.532144],[23.98908,45.532124],[23.989199,45.532112],[23.989373,45.532081],[23.989481,45.532072],[23.989839,45.53202],[23.990012,45.532008],[23.99011,45.531992],[23.990848,45.531956],[23.991303,45.531915],[23.991509,45.531883],[23.991618,45.531873],[23.991737,45.531868],[23.992017,45.531895],[23.992139,45.531894],[23.992215,45.531886],[23.992312,45.531867],[23.992626,45.531769],[23.992745,45.531768],[23.992811,45.531775],[23.992919,45.531792],[23.992974,45.531816],[23.993039,45.531825],[23.993094,45.531823],[23.993277,45.531772],[23.993439,45.531693],[23.993568,45.531585],[23.993745,45.531416],[23.993877,45.531309],[23.993952,45.531257],[23.994052,45.53121],[23.994088,45.531202],[23.99416,45.531169],[23.994355,45.531128],[23.994409,45.531111],[23.994723,45.531049],[23.994993,45.530985],[23.99535,45.530854],[23.995587,45.530756],[23.995717,45.530686],[23.995835,45.530613],[23.99604,45.530508],[23.99631,45.530402],[23.996591,45.530281],[23.996892,45.530113],[23.997119,45.530028],[23.997378,45.529866],[23.997507,45.529793],[23.997623,45.529708],[23.997701,45.529662],[23.997927,45.529553],[23.998175,45.529424],[23.998256,45.529358],[23.998312,45.529291],[23.998384,45.529239],[23.998422,45.529233],[23.998456,45.529237],[23.998489,45.529223],[23.998505,45.529208],[23.998608,45.529149],[23.998734,45.529057],[23.999121,45.528736],[23.999597,45.528377],[23.999737,45.528263],[23.999942,45.52808],[24.00025,45.527852],[24.00031,45.527797],[24.000439,45.527629],[24.00056,45.5274],[24.000748,45.526973],[24.000934,45.526597],[24.000977,45.526613],[24.001173,45.526687],[24.001314,45.526747],[24.001412,45.526799],[24.001727,45.526969],[24.002108,45.527204],[24.002192,45.527263],[24.002269,45.527308],[24.002282,45.52731],[24.002589,45.527495],[24.002731,45.527578],[24.003179,45.527811],[24.003547,45.528055],[24.003876,45.528241],[24.004145,45.528377],[24.004366,45.528481],[24.004593,45.528589],[24.004879,45.528705],[24.004976,45.528758],[24.005191,45.528915],[24.005425,45.529075],[24.005686,45.529226],[24.00586,45.529319],[24.006209,45.529537],[24.006282,45.529566],[24.00641,45.52964],[24.006706,45.529772],[24.007103,45.529929],[24.007443,45.530117],[24.007714,45.530243],[24.007921,45.530363],[24.008019,45.530412],[24.008242,45.530509],[24.008293,45.530524],[24.008421,45.530586],[24.008674,45.53069],[24.008731,45.530705],[24.008871,45.530773],[24.009106,45.530887],[24.009511,45.531069],[24.009779,45.531199],[24.010174,45.531387],[24.010495,45.531567],[24.010868,45.53176],[24.011074,45.531841],[24.011275,45.531898],[24.011405,45.531879],[24.011513,45.53184],[24.011752,45.531735],[24.011871,45.531695],[24.012098,45.531601],[24.01264,45.531407],[24.01278,45.531344],[24.013095,45.531221],[24.013224,45.531181],[24.013516,45.531065],[24.013945,45.530897],[24.014076,45.530858],[24.014177,45.530824],[24.014253,45.530807],[24.014307,45.530786],[24.014394,45.530765],[24.014459,45.530755],[24.014643,45.530709],[24.014947,45.530661],[24.015001,45.530647],[24.015164,45.530633],[24.015272,45.530614],[24.015652,45.530571],[24.015944,45.530525],[24.0164,45.530474],[24.016844,45.530406],[24.017256,45.530377],[24.017441,45.530378],[24.017581,45.530392],[24.017604,45.530395],[24.017886,45.530438],[24.018266,45.530511],[24.018765,45.53058],[24.01895,45.530599],[24.019047,45.530602],[24.01908,45.53061],[24.019083,45.530606],[24.019254,45.530609],[24.019503,45.530631],[24.019623,45.530643],[24.019938,45.530703],[24.020448,45.530779],[24.020871,45.530862],[24.020915,45.530866],[24.020991,45.530886],[24.021121,45.530905],[24.021218,45.530908],[24.021544,45.530919],[24.021653,45.530911],[24.021718,45.5309],[24.021794,45.530877],[24.021956,45.530787],[24.022042,45.530726],[24.022261,45.530557],[24.022477,45.530374],[24.022844,45.530046],[24.023217,45.529649],[24.023756,45.529114],[24.024097,45.528809],[24.024244,45.528705],[24.024356,45.528631],[24.024499,45.528555],[24.024575,45.528524],[24.024694,45.528459],[24.025041,45.528298],[24.025311,45.528153],[24.025409,45.528109],[24.02596,45.527797],[24.026231,45.527678],[24.02648,45.527597],[24.026534,45.527567],[24.026545,45.527567],[24.026556,45.527553],[24.026653,45.527504],[24.026837,45.527393],[24.02701,45.527307],[24.027313,45.527192],[24.027736,45.52708],[24.027952,45.527003],[24.028006,45.526992],[24.028082,45.526957],[24.028277,45.526884],[24.028526,45.526802],[24.028797,45.526698],[24.028802,45.526689],[24.028905,45.526647],[24.029035,45.526608],[24.029219,45.526541],[24.029641,45.526327],[24.029708,45.526337],[24.03006,45.5262],[24.03027,45.526101],[24.03049,45.526032],[24.03073,45.525979],[24.030937,45.525945],[24.031286,45.525917],[24.031646,45.525863],[24.03169,45.525848],[24.03181,45.525824],[24.032019,45.525751],[24.032029,45.525687],[24.031993,45.525564],[24.031994,45.525526],[24.031973,45.525418],[24.031974,45.525334],[24.031994,45.525228],[24.032033,45.525099],[24.032105,45.524969],[24.032138,45.524918],[24.032179,45.524827],[24.032304,45.524661],[24.032408,45.524564],[24.03252,45.524474],[24.032789,45.524288],[24.032961,45.524181],[24.033069,45.52412],[24.033168,45.524074],[24.033322,45.524025],[24.033382,45.524017],[24.033382,45.524011],[24.033401,45.524006],[24.033797,45.523942],[24.033884,45.523925],[24.034005,45.523889],[24.034104,45.523843],[24.034138,45.523821],[24.034203,45.523753],[24.034323,45.523649],[24.034437,45.523576],[24.034753,45.523456],[24.034918,45.523387],[24.035183,45.523258],[24.035392,45.52317],[24.035768,45.522979],[24.036263,45.52278],[24.036308,45.522754],[24.036417,45.522727],[24.03658,45.522707],[24.036863,45.522692],[24.037048,45.522689],[24.037157,45.522668],[24.037242,45.522639],[24.037607,45.52252],[24.037695,45.522501],[24.037944,45.5225],[24.038161,45.522509],[24.0384,45.522504],[24.038497,45.522512],[24.038517,45.522501],[24.038595,45.522508],[24.038714,45.522533],[24.038853,45.522585],[24.038917,45.522598],[24.039167,45.522599],[24.039243,45.522592],[24.039428,45.522573],[24.039625,45.522536],[24.039669,45.522509],[24.039732,45.522424],[24.03982,45.522378],[24.039996,45.52233],[24.040181,45.522306],[24.040225,45.522294],[24.040317,45.522295],[24.040361,45.522289],[24.04073,45.522271],[24.040926,45.522244],[24.041024,45.522242],[24.041427,45.522205],[24.041634,45.522194],[24.041666,45.522187],[24.041981,45.522175],[24.042373,45.522146],[24.042549,45.522143],[24.042644,45.522142],[24.043372,45.522134],[24.043861,45.522101],[24.044254,45.522055],[24.04446,45.522051],[24.044514,45.52206],[24.044615,45.522107],[24.044822,45.52218],[24.044897,45.522196],[24.04503,45.522199],[24.045303,45.522147],[24.045358,45.522133],[24.045421,45.522104],[24.045484,45.522078],[24.045584,45.52202],[24.04586,45.521884],[24.046355,45.521712],[24.046498,45.521653],[24.046586,45.521603],[24.046676,45.521513],[24.046732,45.52148],[24.046841,45.521457],[24.047112,45.52146],[24.047166,45.521458],[24.047265,45.521437],[24.047331,45.521415],[24.047386,45.521387],[24.047514,45.521294],[24.047608,45.521248],[24.047706,45.521221],[24.047812,45.521218],[24.047891,45.521206],[24.048034,45.521162],[24.048133,45.521122],[24.04842,45.520916],[24.048467,45.520888],[24.048577,45.52084],[24.048774,45.520798],[24.048871,45.520796],[24.049111,45.520768],[24.049275,45.520725],[24.049419,45.520667],[24.049529,45.520608],[24.049683,45.52054],[24.049717,45.520506],[24.049717,45.520497],[24.049769,45.520472],[24.049823,45.520434],[24.049979,45.520231],[24.050055,45.520147],[24.050138,45.520071],[24.050257,45.52],[24.050387,45.519954],[24.050799,45.519892],[24.050929,45.519884],[24.051396,45.519921],[24.051516,45.519936],[24.051722,45.51994],[24.05183,45.519932],[24.052025,45.519897],[24.052405,45.519782],[24.052686,45.519724],[24.053044,45.519666],[24.053749,45.519584],[24.054053,45.51953],[24.054259,45.519473],[24.054453,45.51939],[24.054638,45.519333],[24.054713,45.519317],[24.054985,45.519299],[24.055202,45.519284],[24.055408,45.519283],[24.055592,45.519298],[24.055755,45.519321],[24.056211,45.519335],[24.056374,45.519315],[24.056786,45.519219],[24.057002,45.519184],[24.057143,45.519184],[24.057382,45.519195],[24.057578,45.519194],[24.057762,45.519182],[24.058055,45.519144],[24.05825,45.519101],[24.058304,45.519095],[24.058391,45.519069],[24.05864,45.519028],[24.058911,45.51897],[24.058955,45.518966],[24.059128,45.518928],[24.059486,45.518862],[24.059713,45.518801],[24.059919,45.518728],[24.060081,45.518645],[24.060238,45.518527],[24.060316,45.518422],[24.060386,45.518324],[24.060513,45.518171],[24.060637,45.518041],[24.06075,45.517942],[24.060842,45.517887],[24.060907,45.517858],[24.060964,45.517847],[24.061052,45.517798],[24.061085,45.517787],[24.061085,45.517775],[24.061118,45.517764],[24.061536,45.517469],[24.06169,45.517389],[24.061782,45.517356],[24.061941,45.517298],[24.062051,45.517244],[24.062545,45.516953],[24.062808,45.516808],[24.063006,45.516709],[24.063104,45.516673],[24.063235,45.516616],[24.06352,45.516519],[24.063672,45.516462],[24.064297,45.516198],[24.064723,45.516063],[24.06493,45.516004],[24.065225,45.515895],[24.065247,45.515895],[24.065291,45.515882],[24.065706,45.515749],[24.065837,45.515697],[24.066132,45.515601],[24.066307,45.515534],[24.066482,45.515479],[24.066604,45.515449],[24.066733,45.515416],[24.066896,45.515399],[24.06795,45.515342],[24.068145,45.515321],[24.068287,45.515295],[24.068352,45.515277],[24.069191,45.515147],[24.069199,45.515137],[24.069224,45.51513],[24.069565,45.515081],[24.069714,45.515051],[24.069732,45.515045],[24.069889,45.514992],[24.070009,45.51494],[24.070059,45.514908],[24.070328,45.514739],[24.070536,45.514632],[24.070678,45.514573],[24.070897,45.514499],[24.071126,45.514435],[24.07129,45.514396],[24.071507,45.51436],[24.07166,45.514328],[24.071955,45.514239],[24.072032,45.51421],[24.072163,45.514165],[24.072239,45.514147],[24.072424,45.514088],[24.072523,45.51407],[24.072599,45.514063],[24.072712,45.51407],[24.072826,45.514077],[24.073215,45.514112],[24.073303,45.51412],[24.073856,45.514126],[24.074052,45.514114],[24.074193,45.514099],[24.074498,45.514037],[24.07488,45.513934],[24.075033,45.513901],[24.075163,45.51388],[24.075196,45.51388],[24.075229,45.513869],[24.07562,45.513846],[24.075935,45.513808],[24.076404,45.513714],[24.076601,45.513653],[24.077082,45.51345],[24.077452,45.513337],[24.077573,45.513298],[24.077869,45.513164],[24.077957,45.513131],[24.078012,45.513099],[24.078077,45.513073],[24.078286,45.512957],[24.078318,45.512946],[24.078483,45.512858],[24.078746,45.512733],[24.078922,45.512634],[24.079064,45.512566],[24.079283,45.512489],[24.079588,45.512412],[24.079806,45.512366],[24.079915,45.512344],[24.080057,45.512306],[24.080166,45.512288],[24.080275,45.512259],[24.080471,45.51223],[24.080601,45.51222],[24.08072,45.512219],[24.080916,45.5122],[24.081188,45.512188],[24.081676,45.512178],[24.082089,45.512182],[24.082219,45.512187],[24.082511,45.512213],[24.082619,45.512229],[24.082749,45.512235],[24.083258,45.512291],[24.083605,45.512312],[24.083627,45.512318],[24.083659,45.512317],[24.083898,45.51234],[24.084263,45.512384],[24.084404,45.512408],[24.084736,45.512454],[24.085229,45.512521],[24.085532,45.512561],[24.085716,45.512578],[24.086963,45.512641],[24.087179,45.512666],[24.087482,45.512715],[24.087688,45.512736],[24.088133,45.512737],[24.088796,45.512681],[24.089002,45.512685],[24.089467,45.51275],[24.090081,45.512867],[24.090214,45.512888],[24.090517,45.512918],[24.090625,45.512922],[24.090842,45.512933],[24.09107,45.512935],[24.091124,45.512937],[24.091135,45.512943],[24.091287,45.512931],[24.091613,45.512927],[24.091721,45.512919],[24.091743,45.512925],[24.091776,45.512915],[24.092058,45.512892],[24.092163,45.512902],[24.092373,45.512953],[24.092601,45.513009],[24.092893,45.513109],[24.092991,45.513136],[24.093327,45.513201],[24.093749,45.513298],[24.094107,45.513353],[24.094311,45.513376],[24.094433,45.513382],[24.094922,45.513321],[24.095084,45.513283],[24.095269,45.513253],[24.095465,45.513208],[24.095584,45.513189],[24.095693,45.513157],[24.095899,45.513114],[24.096149,45.51305],[24.096529,45.512963],[24.096703,45.512933],[24.096986,45.512903],[24.097409,45.512874],[24.097583,45.51285],[24.098028,45.512796],[24.098202,45.512768],[24.098234,45.51277],[24.098365,45.512757],[24.098625,45.512719],[24.098951,45.512652],[24.099103,45.512614],[24.09919,45.512603],[24.099364,45.512565],[24.099712,45.512467],[24.100038,45.512349],[24.100342,45.512213],[24.100429,45.512183],[24.100459,45.51216],[24.100679,45.512077],[24.101321,45.511813],[24.101397,45.511789],[24.101669,45.511654],[24.101974,45.511483],[24.102191,45.511373],[24.102354,45.511301],[24.102702,45.511177],[24.102876,45.511131],[24.102996,45.511112],[24.103235,45.511069],[24.103452,45.511019],[24.103626,45.51099],[24.103724,45.510968],[24.104017,45.510934],[24.104538,45.510926],[24.104755,45.510927],[24.104907,45.510935],[24.105102,45.510924],[24.105341,45.510932],[24.105471,45.510954],[24.105587,45.510994],[24.105736,45.511084],[24.10602,45.511287],[24.106115,45.511341],[24.106223,45.511381],[24.106391,45.511397],[24.106565,45.511397],[24.106717,45.511386],[24.106836,45.511391],[24.106999,45.511406],[24.107227,45.511418],[24.107484,45.511446],[24.107747,45.511466],[24.107834,45.511479],[24.107856,45.511477],[24.107899,45.511485],[24.108059,45.511547],[24.108305,45.511667],[24.108408,45.511709],[24.10846,45.511735],[24.108579,45.511777],[24.108744,45.511812],[24.109211,45.511832],[24.109721,45.511898],[24.109978,45.511941],[24.110024,45.511939],[24.110263,45.511988],[24.110672,45.512084],[24.110848,45.512115],[24.111206,45.512137],[24.11164,45.512198],[24.112768,45.512323],[24.113474,45.512359],[24.113593,45.512378],[24.113699,45.512413],[24.11381,45.512425],[24.113908,45.512412],[24.113995,45.512372],[24.114079,45.512286],[24.114248,45.512073],[24.114346,45.51199],[24.114512,45.511879],[24.114605,45.5118],[24.114828,45.511556],[24.115009,45.511335],[24.115115,45.511236],[24.115191,45.511153],[24.115355,45.510947],[24.11551,45.51078],[24.115614,45.510681],[24.115813,45.510452],[24.115941,45.510323],[24.116053,45.510232],[24.116145,45.510164],[24.116156,45.510164],[24.116428,45.50992],[24.116643,45.509753],[24.117063,45.509468],[24.117226,45.509312],[24.117487,45.509147],[24.117737,45.509025],[24.11802,45.508927],[24.118109,45.508888],[24.11815,45.508866],[24.11852,45.508749],[24.118661,45.508719],[24.118802,45.508719],[24.118954,45.508743],[24.118984,45.508756],[24.118992,45.508771],[24.119011,45.508806],[24.119027,45.508852],[24.119037,45.509012],[24.119024,45.509576],[24.119007,45.509723],[24.119,45.509912],[24.119002,45.510179],[24.11899,45.510377],[24.11897,45.510509],[24.11894,45.510698],[24.118961,45.510843],[24.118985,45.510911],[24.11899,45.511049],[24.119006,45.51114],[24.119033,45.511201],[24.119097,45.511285],[24.11913,45.511354],[24.119132,45.511423],[24.119124,45.511469],[24.119129,45.511522],[24.119175,45.511568],[24.119224,45.511599],[24.119245,45.511622],[24.11927,45.511667],[24.119275,45.511744],[24.119261,45.511772],[24.119258,45.511816],[24.119247,45.511831],[24.119251,45.511891],[24.119344,45.511992],[24.119484,45.512202],[24.119628,45.512305],[24.119722,45.512355],[24.119874,45.512419],[24.119969,45.51247],[24.120025,45.512516],[24.120123,45.512631],[24.120206,45.5127],[24.120431,45.512807],[24.120461,45.512813],[24.120548,45.512808],[24.120668,45.512743],[24.120711,45.512726],[24.120744,45.512722],[24.120809,45.512726],[24.120917,45.512753],[24.120993,45.512788],[24.121055,45.51284],[24.12109,45.512939],[24.121106,45.512962],[24.121152,45.512987],[24.121209,45.512985],[24.121231,45.512975],[24.121263,45.512956],[24.121313,45.512901],[24.121345,45.51288],[24.121421,45.512858],[24.121497,45.512846],[24.121747,45.512855],[24.121975,45.51284],[24.122073,45.512816],[24.122225,45.512765],[24.122355,45.512734],[24.122464,45.512719],[24.122572,45.512723],[24.122659,45.512749],[24.122732,45.512777],[24.122821,45.512835],[24.122897,45.51286],[24.123027,45.512868],[24.123082,45.512862],[24.123169,45.512841],[24.123255,45.512832],[24.123299,45.512832],[24.123407,45.512861],[24.123568,45.512926],[24.123601,45.512932],[24.123655,45.512927],[24.123752,45.5129],[24.123828,45.512903],[24.123948,45.512922],[24.124068,45.512947],[24.12434,45.513026],[24.124492,45.513061],[24.124785,45.513108],[24.124905,45.513134],[24.124981,45.513137],[24.125036,45.513149],[24.125112,45.513173],[24.125254,45.513237],[24.125442,45.513277],[24.125449,45.513279],[24.125645,45.513312],[24.125688,45.513325],[24.125912,45.513455],[24.126081,45.513507],[24.126133,45.513531],[24.126177,45.513571],[24.126275,45.513614],[24.126319,45.51365],[24.126393,45.513695],[24.126523,45.513742],[24.126643,45.513798],[24.126847,45.513866],[24.126878,45.513886],[24.126947,45.513981],[24.126979,45.514004],[24.127045,45.514032],[24.127205,45.514063],[24.127477,45.514093],[24.127738,45.514164],[24.127934,45.514235],[24.128152,45.514276],[24.128217,45.514281],[24.128477,45.514279],[24.128737,45.514251],[24.128791,45.51424],[24.129008,45.514207],[24.129235,45.51419],[24.129344,45.514186],[24.129604,45.514192],[24.129826,45.514175],[24.130021,45.514136],[24.130259,45.514073],[24.130693,45.514063],[24.130823,45.51405],[24.131061,45.514011],[24.131234,45.513964],[24.131386,45.51394],[24.131484,45.513947],[24.131603,45.513939],[24.131831,45.513956],[24.132002,45.513959],[24.132091,45.513955],[24.132189,45.513939],[24.13234,45.5139],[24.132546,45.513862],[24.132741,45.51384],[24.132817,45.513839],[24.132882,45.51385],[24.133012,45.513853],[24.133284,45.513878],[24.133501,45.513911],[24.133621,45.513944],[24.13374,45.513963],[24.133816,45.513962],[24.133914,45.513946],[24.134043,45.513902],[24.13413,45.513884],[24.134195,45.513888],[24.134217,45.513883],[24.134249,45.513887],[24.134391,45.51392],[24.134598,45.513991],[24.134652,45.514017],[24.135068,45.514296],[24.13515,45.514379],[24.13517,45.51441],[24.135181,45.514471],[24.135203,45.514509],[24.13525,45.514554],[24.135302,45.514588],[24.135653,45.514724],[24.135839,45.514822],[24.136024,45.514882],[24.136098,45.514912],[24.136294,45.515023],[24.136504,45.515084],[24.13661,45.515106],[24.136678,45.515113],[24.136765,45.515113],[24.136873,45.515103],[24.137035,45.515082],[24.137122,45.515065],[24.137133,45.515068],[24.137146,45.515057],[24.137187,45.515062],[24.137328,45.515058],[24.137448,45.515064],[24.137507,45.515056],[24.137551,45.51506],[24.137561,45.515052],[24.137602,45.51505],[24.137766,45.514973],[24.138251,45.514663],[24.138477,45.514536],[24.138758,45.514416],[24.139135,45.514212],[24.139265,45.514164],[24.13934,45.514154],[24.139367,45.514144],[24.139492,45.514154],[24.139609,45.514176],[24.139764,45.514194],[24.139916,45.514205],[24.140014,45.514204],[24.1401,45.51419],[24.140241,45.514128],[24.140316,45.514086],[24.140359,45.514071],[24.140424,45.514061],[24.140533,45.514056],[24.140837,45.514069],[24.140934,45.514065],[24.141054,45.514068],[24.141162,45.514056],[24.141324,45.514024],[24.141443,45.514012],[24.141704,45.514014],[24.141769,45.514006],[24.141931,45.513974],[24.142039,45.513943],[24.142072,45.513943],[24.142156,45.513962],[24.142224,45.513961],[24.14243,45.513937],[24.142809,45.51387],[24.143078,45.513769],[24.143111,45.513763],[24.143176,45.513764],[24.143249,45.513779],[24.143296,45.513779],[24.14335,45.513769],[24.143468,45.513717],[24.143608,45.513626],[24.143705,45.51358],[24.143824,45.513537],[24.144019,45.513485],[24.144192,45.513457],[24.144799,45.513411],[24.144983,45.513394],[24.145091,45.513371],[24.145243,45.51332],[24.14534,45.513272],[24.145385,45.513228],[24.145449,45.513134],[24.145516,45.51302],[24.145721,45.512714],[24.145774,45.512615],[24.145894,45.512461],[24.145982,45.51237],[24.14613,45.512264],[24.146249,45.5122],[24.146347,45.512185],[24.14646,45.51217],[24.146579,45.51217],[24.146721,45.512186],[24.146827,45.512208],[24.146922,45.512241],[24.146977,45.512273],[24.147064,45.512339],[24.147203,45.512405],[24.14728,45.512427],[24.14753,45.512477],[24.147619,45.512505],[24.147663,45.512507],[24.147682,45.512523],[24.147737,45.512546],[24.147843,45.512606],[24.147996,45.512717],[24.148222,45.512952],[24.148357,45.513134],[24.148434,45.51327],[24.148504,45.513407],[24.148515,45.513445],[24.148668,45.513725],[24.148698,45.513763],[24.148923,45.513967],[24.149263,45.514239],[24.149842,45.514638],[24.14999,45.514759],[24.150471,45.515055],[24.150739,45.515237],[24.150929,45.515411],[24.151022,45.515532],[24.15111,45.515631],[24.151146,45.515691],[24.151207,45.515744],[24.15153,45.516008],[24.151639,45.516076],[24.151793,45.516155],[24.152169,45.516352],[24.152543,45.516512],[24.152845,45.51661],[24.15294,45.516636],[24.15316,45.51668],[24.153301,45.516691],[24.153432,45.516686],[24.153561,45.516655],[24.153691,45.516644],[24.153821,45.516598],[24.154059,45.516543],[24.154143,45.516541],[24.1542,45.516529],[24.154232,45.516529],[24.154403,45.516567],[24.154581,45.516648],[24.15463,45.516651],[24.154676,45.516645],[24.154832,45.516751],[24.15496,45.5168],[24.155079,45.516865],[24.155217,45.516949],[24.155347,45.517039],[24.155497,45.517123],[24.155749,45.51723],[24.15596,45.517284],[24.156199,45.517322],[24.156297,45.517334],[24.156438,45.517336],[24.156655,45.517302],[24.156769,45.517275],[24.156856,45.517239],[24.157008,45.517145],[24.157095,45.517102],[24.1572,45.517027],[24.157323,45.516919],[24.157352,45.516873],[24.157385,45.516796],[24.157385,45.516697],[24.157334,45.516499],[24.157258,45.516316],[24.157187,45.516201],[24.15706,45.516025],[24.156821,45.515737],[24.156723,45.51559],[24.156669,45.515478],[24.156658,45.515422],[24.156669,45.515369],[24.156743,45.515262],[24.156783,45.515171],[24.156797,45.515102],[24.156793,45.514964],[24.156781,45.514766],[24.156786,45.514697],[24.156811,45.514613],[24.156881,45.514491],[24.156935,45.514438],[24.157003,45.514398],[24.157028,45.514369],[24.157356,45.514226],[24.157486,45.514156],[24.157627,45.514063],[24.157823,45.513948],[24.158061,45.513834],[24.158246,45.513762],[24.15842,45.513724],[24.158463,45.513722],[24.158658,45.513686],[24.158843,45.513623],[24.158908,45.513609],[24.159027,45.513613],[24.159255,45.513652],[24.159624,45.513698],[24.160036,45.513732],[24.160145,45.513736],[24.160394,45.513763],[24.160459,45.513784],[24.160492,45.513788],[24.160695,45.513859],[24.160915,45.51392],[24.161021,45.513958],[24.161203,45.514038],[24.161591,45.514243],[24.161821,45.514371],[24.16216,45.514594],[24.162358,45.514747],[24.162537,45.514915],[24.162712,45.51504],[24.16286,45.515133],[24.162988,45.515177],[24.163009,45.515165],[24.163161,45.515181],[24.163498,45.515181],[24.163671,45.515189],[24.163823,45.515212],[24.164008,45.515258],[24.164116,45.515273],[24.164257,45.515273],[24.164355,45.515254],[24.165288,45.515159],[24.165397,45.515154],[24.165459,45.515159],[24.165538,45.515156],[24.165733,45.515125],[24.165939,45.515068],[24.166129,45.515045],[24.166295,45.515061],[24.166316,45.515057],[24.166479,45.515087],[24.16671,45.515103],[24.167068,45.515149],[24.167198,45.515141],[24.167415,45.515115],[24.167643,45.515117],[24.167806,45.515146],[24.168009,45.515199],[24.168131,45.515214],[24.168196,45.515211],[24.168207,45.515215],[24.16837,45.515192],[24.168771,45.515161],[24.169238,45.515078],[24.169444,45.515044],[24.169499,45.51504],[24.169629,45.515013],[24.169889,45.514981],[24.169943,45.514979],[24.170432,45.514893],[24.170746,45.514867],[24.170855,45.514846],[24.171007,45.51481],[24.171246,45.514722],[24.171322,45.514684],[24.171433,45.514596],[24.171539,45.514539],[24.171723,45.514454],[24.171853,45.514408],[24.171994,45.514374],[24.172125,45.514364],[24.172179,45.514366],[24.172276,45.514398],[24.172369,45.514446],[24.172597,45.514542],[24.172651,45.514572],[24.172691,45.514616],[24.172708,45.514723],[24.172683,45.51483],[24.172692,45.514899],[24.172713,45.514944],[24.172713,45.514967],[24.172686,45.515032],[24.172654,45.515074],[24.172627,45.515155],[24.172616,45.515227],[24.172653,45.515311],[24.172719,45.51541],[24.172765,45.515456],[24.172814,45.51549],[24.172871,45.515551],[24.172909,45.515666],[24.172947,45.51575],[24.172984,45.515818],[24.173025,45.515872],[24.17315,45.515967],[24.173237,45.516097],[24.173302,45.516158],[24.173408,45.516223],[24.173522,45.516279],[24.173869,45.516477],[24.174238,45.516741],[24.174433,45.516907],[24.174634,45.517113],[24.17468,45.517166],[24.174691,45.517189],[24.174851,45.517365],[24.174921,45.517457],[24.174976,45.517556],[24.175084,45.517838],[24.175111,45.517884],[24.175152,45.51793],[24.175215,45.517972],[24.175293,45.51801],[24.175456,45.518058],[24.175537,45.518092],[24.17567,45.518172],[24.17586,45.518316],[24.176034,45.518386],[24.176431,45.518607],[24.17652,45.518656],[24.176777,45.518764],[24.176899,45.518869],[24.177032,45.518933],[24.177252,45.519064],[24.177608,45.519358],[24.177871,45.519561],[24.177979,45.519683],[24.177993,45.519759],[24.178036,45.519805],[24.17811,45.519845],[24.178554,45.520002],[24.178736,45.520084],[24.178951,45.520164],[24.179065,45.52022],[24.179179,45.520302],[24.17926,45.520393],[24.179298,45.520424],[24.179336,45.520481],[24.179389,45.520521],[24.179408,45.520528],[24.1795,45.520605],[24.179592,45.520653],[24.179668,45.520676],[24.179763,45.520688],[24.17986,45.520689],[24.179958,45.520679],[24.18002,45.520661],[24.180148,45.520632],[24.180213,45.520604],[24.180246,45.520598],[24.180259,45.520585],[24.180376,45.520532],[24.180398,45.520517],[24.180443,45.52049],[24.180446,45.52047],[24.180475,45.520442],[24.180492,45.520402],[24.180505,45.520333],[24.180598,45.520104],[24.180657,45.51999],[24.180701,45.519936],[24.180923,45.519768],[24.181053,45.519654],[24.181097,45.519623],[24.181273,45.519528],[24.181357,45.519467],[24.18149,45.519353],[24.181596,45.519277],[24.181913,45.519101],[24.182109,45.519023],[24.182206,45.519],[24.182336,45.519004],[24.182458,45.519056],[24.182529,45.519159],[24.182605,45.519311],[24.182629,45.519388],[24.182657,45.519563],[24.182689,45.519708],[24.182706,45.519823],[24.182711,45.51996],[24.182676,45.520166],[24.18267,45.520311],[24.182649,45.520366],[24.182643,45.520414],[24.18263,45.520433],[24.1826,45.520452],[24.182597,45.520487],[24.18261,45.52059],[24.182655,45.520796],[24.182725,45.520934],[24.18279,45.521094],[24.18286,45.521224],[24.18293,45.521324],[24.183056,45.521462],[24.183078,45.521473],[24.183267,45.521642],[24.183332,45.521688],[24.183416,45.52173],[24.1835,45.521765],[24.183603,45.521792],[24.183689,45.521796],[24.183798,45.521779],[24.183836,45.521751],[24.183871,45.521705],[24.183896,45.521652],[24.183926,45.521621],[24.184048,45.521591],[24.184113,45.521597],[24.184178,45.52162],[24.184424,45.521745],[24.184619,45.521822],[24.184839,45.521896],[24.185001,45.521938],[24.185196,45.521973],[24.185348,45.521989],[24.185532,45.521994],[24.185684,45.521986],[24.185836,45.522014],[24.185877,45.522018],[24.185906,45.522014],[24.18638,45.522132],[24.18665,45.522212],[24.186962,45.522278],[24.187125,45.522299],[24.187244,45.522301],[24.18732,45.522311],[24.18745,45.522292],[24.187658,45.52224],[24.187712,45.522233],[24.187831,45.522227],[24.188103,45.522228],[24.188243,45.522255],[24.188426,45.5223],[24.188652,45.522368],[24.188975,45.522452],[24.189051,45.522465],[24.18921,45.522505],[24.189332,45.522518],[24.189419,45.522512],[24.189658,45.522477],[24.189898,45.522415],[24.190007,45.522398],[24.190149,45.522388],[24.190334,45.52236],[24.190737,45.522282],[24.190835,45.522257],[24.19114,45.522223],[24.191325,45.522182],[24.19138,45.522173],[24.191685,45.522089],[24.191936,45.522035],[24.192099,45.522018],[24.192143,45.522019],[24.192218,45.522035],[24.192283,45.522032],[24.192338,45.522022],[24.192447,45.521995],[24.192666,45.521908],[24.192918,45.521827],[24.192983,45.521813],[24.193071,45.521784],[24.193213,45.521751],[24.193343,45.521738],[24.193658,45.521727],[24.193745,45.521726],[24.193885,45.521738],[24.194015,45.521759],[24.194112,45.521783],[24.194171,45.52181],[24.194499,45.522034],[24.194536,45.522046],[24.194668,45.522115],[24.195302,45.52232],[24.19555,45.522407],[24.195823,45.522535],[24.196322,45.522736],[24.196481,45.522809],[24.196591,45.522851],[24.19673,45.522891],[24.196806,45.522915],[24.197151,45.522984],[24.197389,45.523012],[24.197551,45.523043],[24.197734,45.523088],[24.197785,45.523108],[24.197863,45.523149],[24.197986,45.523227],[24.198204,45.523382],[24.198355,45.523522],[24.198582,45.523769],[24.199089,45.524009],[24.19929,45.52409],[24.199465,45.524142],[24.199714,45.524179],[24.199765,45.524184],[24.199909,45.524182],[24.199952,45.524188],[24.200012,45.524184],[24.200186,45.524144],[24.200383,45.524078],[24.200602,45.523988],[24.200734,45.523919],[24.200955,45.523788],[24.201106,45.523684],[24.201253,45.523558],[24.201308,45.52352],[24.201407,45.52347],[24.201593,45.523412],[24.201691,45.523394],[24.201854,45.52339],[24.201951,45.523398],[24.202255,45.523421],[24.202387,45.523443],[24.202406,45.523442],[24.202719,45.523503],[24.20287,45.523517],[24.203175,45.523468],[24.203339,45.523428],[24.203524,45.523404],[24.203861,45.523374],[24.2041,45.52337],[24.204176,45.523374],[24.204303,45.523395],[24.204435,45.523405],[24.204586,45.523426],[24.20477,45.523466],[24.205007,45.523535],[24.205272,45.523653],[24.205797,45.523927],[24.205922,45.524005],[24.20604,45.524092],[24.206169,45.524224],[24.206358,45.524494],[24.206417,45.524616],[24.206445,45.524701],[24.206481,45.524861],[24.206538,45.525007],[24.206571,45.525092],[24.206652,45.525184],[24.206898,45.525352],[24.20705,45.52543],[24.207302,45.525546],[24.207436,45.525624],[24.207638,45.525782],[24.20785,45.525983],[24.20794,45.526083],[24.207992,45.52616],[24.207993,45.526328],[24.207995,45.526359],[24.208008,45.526382],[24.208011,45.526481],[24.208025,45.526565],[24.208046,45.526596],[24.208061,45.526642],[24.208158,45.526773],[24.208214,45.526814],[24.208284,45.526838],[24.208449,45.526861],[24.208525,45.526862],[24.208677,45.526847],[24.208797,45.526814],[24.209061,45.526684],[24.209423,45.526523],[24.209577,45.526436],[24.209983,45.526226],[24.210137,45.52617],[24.210235,45.526145],[24.210344,45.526131],[24.210485,45.526133],[24.210615,45.526141],[24.210669,45.526153],[24.210693,45.526167],[24.210724,45.526217],[24.210744,45.52627],[24.210745,45.526309],[24.210772,45.526469],[24.210769,45.526683],[24.210787,45.526752],[24.210815,45.526798],[24.210842,45.526821],[24.210974,45.526871],[24.211095,45.526876],[24.211171,45.526869],[24.211357,45.526826],[24.211456,45.52678],[24.211489,45.526757],[24.211548,45.526659],[24.211625,45.526393],[24.21166,45.526302],[24.211745,45.526181],[24.211781,45.526143],[24.211839,45.526098],[24.211888,45.526072],[24.211948,45.526077],[24.212015,45.52611],[24.212044,45.526132],[24.212102,45.526193],[24.212175,45.526309],[24.212252,45.526508],[24.212324,45.526654],[24.212374,45.526815],[24.212389,45.526991],[24.212411,45.527098],[24.212451,45.527205],[24.212509,45.52729],[24.212602,45.527383],[24.212673,45.52743],[24.21277,45.527473],[24.212886,45.527513],[24.212979,45.527564],[24.21313,45.527711],[24.213327,45.527866],[24.213431,45.527959],[24.21352,45.528059],[24.213546,45.528107],[24.213604,45.528198],[24.213624,45.528259],[24.213649,45.528427],[24.213647,45.528511],[24.213632,45.528572],[24.213592,45.528656],[24.213558,45.528705],[24.213484,45.528868],[24.21339,45.529134],[24.213363,45.529255],[24.213359,45.529431],[24.213333,45.529598],[24.213315,45.529674],[24.213298,45.529705],[24.213291,45.52975],[24.213265,45.529811],[24.213235,45.529956],[24.213167,45.530161],[24.213164,45.530191],[24.2131,45.530366],[24.213029,45.530491],[24.212926,45.530598],[24.212865,45.530639],[24.212824,45.53065],[24.212715,45.53066],[24.212585,45.530662],[24.212454,45.530687],[24.21235,45.530724],[24.212279,45.530759],[24.212205,45.530804],[24.212127,45.530862],[24.212066,45.53093],[24.211937,45.531102],[24.211923,45.531109],[24.211908,45.531151],[24.211912,45.531204],[24.211933,45.531243],[24.211986,45.531305],[24.212032,45.531342],[24.212079,45.53139],[24.212222,45.531499],[24.212568,45.531686],[24.212616,45.5317],[24.212656,45.531724],[24.212801,45.531794],[24.212855,45.53181],[24.213017,45.531847],[24.213092,45.531852],[24.213212,45.531836],[24.213343,45.531798],[24.21353,45.531707],[24.213662,45.531625],[24.213734,45.531571],[24.213816,45.531541],[24.21386,45.531532],[24.213947,45.531526],[24.214012,45.531536],[24.214094,45.531593],[24.21414,45.531609],[24.214183,45.531613],[24.214205,45.531611],[24.21426,45.531591],[24.214381,45.531516],[24.214435,45.5315],[24.214511,45.531507],[24.214649,45.531545],[24.214706,45.531546],[24.214804,45.531532],[24.214901,45.531544],[24.214972,45.531612],[24.214988,45.531658],[24.21499,45.531788],[24.214968,45.531887],[24.214857,45.532019],[24.214659,45.532108],[24.214557,45.532185],[24.21449,45.532249],[24.214428,45.532351],[24.214375,45.532495],[24.214348,45.532626],[24.214357,45.532687],[24.214404,45.532764],[24.214521,45.532873],[24.214668,45.532951],[24.214829,45.53302],[24.214976,45.53311],[24.215364,45.53331],[24.215492,45.533386],[24.215542,45.533423],[24.215599,45.53346],[24.215655,45.533506],[24.215694,45.533568],[24.215719,45.533667],[24.215764,45.533721],[24.216036,45.533904],[24.21615,45.534013],[24.216197,45.53409],[24.216287,45.534167],[24.216562,45.534331],[24.216665,45.534436],[24.216749,45.534551],[24.216757,45.534551],[24.216827,45.534682],[24.216852,45.534766],[24.216927,45.534928],[24.216942,45.534981],[24.216973,45.535157],[24.216971,45.535325],[24.216985,45.535447],[24.217025,45.535583],[24.217063,45.535681],[24.217076,45.535697],[24.217093,45.535767],[24.217142,45.535795],[24.217165,45.535801],[24.217197,45.53583],[24.217275,45.535906],[24.2174,45.536006],[24.217427,45.536036],[24.217621,45.536182],[24.217695,45.53622],[24.217776,45.536245],[24.217819,45.536266],[24.217979,45.536278],[24.218047,45.536275],[24.218123,45.536284],[24.218199,45.536304],[24.218283,45.536338],[24.218367,45.536382],[24.218475,45.536455],[24.218564,45.536499],[24.218675,45.536538],[24.218838,45.536565],[24.218998,45.536638],[24.219195,45.536766],[24.219322,45.536881],[24.219409,45.53698],[24.219579,45.537141],[24.220017,45.537493],[24.220212,45.537631],[24.220353,45.537719],[24.220483,45.53779],[24.220724,45.537894],[24.221108,45.538076],[24.221382,45.538178],[24.22149,45.538226],[24.221634,45.538305],[24.221728,45.538368],[24.221774,45.538414],[24.221839,45.538528],[24.221926,45.538628],[24.222039,45.538704],[24.222149,45.538751],[24.222467,45.538883],[24.222602,45.538956],[24.222881,45.539138],[24.223038,45.53926],[24.223274,45.539463],[24.22339,45.539593],[24.223565,45.539846],[24.223644,45.539914],[24.223719,45.539962],[24.22385,45.540005],[24.223936,45.540018],[24.224066,45.540051],[24.224381,45.540107],[24.224652,45.540146],[24.224966,45.540214],[24.22515,45.540287],[24.225223,45.540321],[24.225294,45.540365],[24.225353,45.540419],[24.225423,45.540533],[24.225439,45.540648],[24.225447,45.540654],[24.225453,45.540736],[24.225477,45.540774],[24.22549,45.540957],[24.225482,45.541041],[24.225443,45.541216],[24.22544,45.541295],[24.225456,45.541321],[24.225438,45.54136],[24.225448,45.541611],[24.225494,45.541749],[24.22556,45.541834],[24.225676,45.541943],[24.225737,45.54202],[24.225773,45.542104],[24.225843,45.542319],[24.225916,45.542465],[24.226144,45.542811],[24.226255,45.543018],[24.226451,45.543555],[24.226569,45.543809],[24.226695,45.544009],[24.226735,45.544124],[24.226772,45.54417],[24.226839,45.544224],[24.226932,45.544279],[24.227064,45.544343],[24.227149,45.544396],[24.22725,45.544487],[24.227278,45.544569],[24.227266,45.544638],[24.227269,45.544699],[24.2273,45.544783],[24.227339,45.544853],[24.22736,45.544883],[24.227445,45.544968],[24.227637,45.545098],[24.227754,45.545173],[24.227847,45.545248],[24.2279,45.545318],[24.227902,45.545356],[24.227887,45.545409],[24.227845,45.545473],[24.22769,45.545584],[24.227632,45.545641],[24.227579,45.54571],[24.227553,45.545765],[24.227545,45.545855],[24.227595,45.546046],[24.227613,45.546169],[24.227606,45.546253],[24.227583,45.546321],[24.227529,45.5464],[24.227496,45.546434],[24.227449,45.546472],[24.227352,45.546532],[24.22727,45.546571],[24.227139,45.546611],[24.227076,45.546637],[24.226958,45.546664],[24.226871,45.546693],[24.226777,45.546742],[24.226653,45.546824],[24.226595,45.546888],[24.226569,45.546957],[24.226567,45.547033],[24.226581,45.547102],[24.226597,45.54714],[24.226629,45.547175],[24.226666,45.547202],[24.226758,45.547228],[24.226901,45.547241],[24.227053,45.547238],[24.227069,45.547242],[24.227113,45.547233],[24.227439,45.547212],[24.227743,45.547208],[24.227895,45.547212],[24.228209,45.547241],[24.22835,45.547245],[24.228447,45.547238],[24.228621,45.547225],[24.228719,45.547211],[24.228959,45.547163],[24.229112,45.547144],[24.229331,45.547063],[24.229396,45.547045],[24.229571,45.54702],[24.229658,45.546998],[24.229713,45.546976],[24.22979,45.546941],[24.229922,45.546859],[24.230159,45.546692],[24.230264,45.546626],[24.230568,45.546394],[24.230744,45.546295],[24.230886,45.54624],[24.231083,45.546204],[24.231245,45.546202],[24.231397,45.546221],[24.231483,45.546247],[24.231699,45.546292],[24.231861,45.546306],[24.232058,45.54627],[24.232189,45.54622],[24.23231,45.546149],[24.232405,45.546051],[24.23245,45.545991],[24.23249,45.545907],[24.232563,45.545801],[24.232642,45.545657],[24.232715,45.545559],[24.232829,45.545438],[24.232968,45.545318],[24.233111,45.545221],[24.23324,45.545154],[24.233352,45.54511],[24.233416,45.545082],[24.233525,45.545047],[24.233689,45.545005],[24.234071,45.54493],[24.23431,45.544891],[24.234376,45.544874],[24.23466,45.544781],[24.234846,45.544734],[24.234911,45.544723],[24.235215,45.544731],[24.235734,45.544787],[24.235962,45.544817],[24.236253,45.544866],[24.236361,45.54489],[24.23648,45.544903],[24.236773,45.544896],[24.236979,45.544902],[24.23739,45.54498],[24.237638,45.545036],[24.237885,45.545101],[24.23821,45.54517],[24.238632,45.545217],[24.238848,45.545258],[24.238881,45.545258],[24.238956,45.545275],[24.239065,45.545287],[24.239332,45.545344],[24.239421,45.545357],[24.239649,45.545356],[24.239725,45.545346],[24.239867,45.545313],[24.240031,45.545254],[24.240117,45.545204],[24.240213,45.545132],[24.240255,45.545091],[24.240356,45.54497],[24.240403,45.544894],[24.240444,45.544803],[24.24046,45.544674],[24.240462,45.544491],[24.240432,45.544269],[24.240412,45.544192],[24.240409,45.544116],[24.240427,45.543926],[24.240451,45.543827],[24.240488,45.543751],[24.240524,45.543721],[24.240571,45.543695],[24.240677,45.54366],[24.240754,45.543624],[24.24082,45.543583],[24.241058,45.543396],[24.241105,45.543368],[24.24119,45.543334],[24.241266,45.543328],[24.241342,45.54334],[24.241493,45.54338],[24.241597,45.543424],[24.241898,45.543542],[24.242057,45.543613],[24.242313,45.543767],[24.242463,45.543847],[24.242563,45.543871],[24.242642,45.543879],[24.242946,45.54387],[24.243043,45.543888],[24.24332,45.543999],[24.243459,45.544071],[24.24373,45.544191],[24.24387,45.544231],[24.243913,45.544239],[24.244239,45.544241],[24.244695,45.544215],[24.244869,45.544215],[24.245009,45.544245],[24.245276,45.54434],[24.245375,45.544363],[24.24543,45.544365],[24.24556,45.544355],[24.245702,45.544327],[24.245855,45.544279],[24.245997,45.544216],[24.246074,45.544177],[24.246212,45.544076],[24.246339,45.543995],[24.246466,45.543892],[24.246701,45.543737],[24.246726,45.543712],[24.246869,45.543615],[24.246924,45.543591],[24.246989,45.543576],[24.247012,45.543578],[24.247098,45.543572],[24.247282,45.543607],[24.247358,45.543608],[24.24763,45.543558],[24.247728,45.543547],[24.247913,45.543514],[24.248109,45.543487],[24.248197,45.543464],[24.248316,45.543463],[24.248346,45.543469],[24.248405,45.54346],[24.248683,45.543419],[24.248781,45.543414],[24.248922,45.543417],[24.249268,45.543386],[24.249669,45.543327],[24.250721,45.543287],[24.251284,45.543231],[24.251642,45.543221],[24.252218,45.543239],[24.252359,45.543245],[24.252446,45.543256],[24.252642,45.543314],[24.252744,45.543391],[24.252823,45.543442],[24.252927,45.543474],[24.253044,45.543492],[24.253109,45.543499],[24.253459,45.543496],[24.253622,45.543491],[24.253839,45.543474],[24.253925,45.543468],[24.254272,45.543423],[24.254565,45.543423],[24.254956,45.543443],[24.255162,45.543437],[24.255303,45.5434],[24.255389,45.543365],[24.255496,45.543311],[24.255539,45.543282],[24.255723,45.543208],[24.255982,45.543147],[24.256188,45.543113],[24.256209,45.543097],[24.256523,45.543047],[24.256545,45.543051],[24.25661,45.543039],[24.25675,45.543028],[24.257054,45.543026],[24.257217,45.543044],[24.25728,45.543062],[24.257362,45.543117],[24.25742,45.54317],[24.257462,45.543238],[24.257485,45.543299],[24.257494,45.543368],[24.257489,45.543551],[24.257503,45.543696],[24.257535,45.543817],[24.257594,45.54397],[24.257618,45.544099],[24.25761,45.544237],[24.257579,45.544344],[24.257538,45.544413],[24.257532,45.544436],[24.257468,45.544524],[24.257453,45.54457],[24.25746,45.544661],[24.257488,45.544714],[24.25753,45.544775],[24.25759,45.544811],[24.257688,45.544833],[24.257944,45.544913],[24.25801,45.544941],[24.258086,45.544956],[24.258227,45.544955],[24.258422,45.544926],[24.258703,45.544871],[24.258844,45.544854],[24.25892,45.54485],[24.259061,45.544853],[24.259235,45.544882],[24.259366,45.544927],[24.259451,45.544968],[24.259833,45.545238],[24.260077,45.545385],[24.260418,45.545626],[24.260516,45.545684],[24.260634,45.545726],[24.260713,45.545744],[24.261489,45.545894],[24.261758,45.545955],[24.262195,45.54611],[24.262492,45.546178],[24.262708,45.546251],[24.262852,45.546284],[24.263342,45.546391],[24.263517,45.546441],[24.26361,45.54648],[24.263703,45.546537],[24.263846,45.546637],[24.263989,45.546758],[24.264066,45.546834],[24.264158,45.54694],[24.264247,45.547069],[24.264297,45.547122],[24.264459,45.547242],[24.264517,45.547295],[24.264611,45.547409],[24.264689,45.547538],[24.264732,45.547652],[24.264759,45.547828],[24.264796,45.547888],[24.264933,45.547964],[24.265107,45.548029],[24.265201,45.548091],[24.265237,45.548121],[24.265448,45.548402],[24.265506,45.548463],[24.265627,45.548546],[24.265763,45.548609],[24.265992,45.54864],[24.266123,45.548673],[24.266248,45.548722],[24.266333,45.548773],[24.266397,45.548833],[24.266466,45.548932],[24.266517,45.549015],[24.266562,45.549114],[24.266598,45.549167],[24.266626,45.549184],[24.266681,45.549243],[24.266736,45.549288],[24.266777,45.549334],[24.266785,45.549358],[24.2668,45.549379],[24.266834,45.549478],[24.266849,45.5497],[24.266883,45.549806],[24.266928,45.549882],[24.266992,45.549965],[24.267127,45.550062],[24.26716,45.550105],[24.267194,45.550189],[24.267193,45.550271],[24.267195,45.550291],[24.267095,45.550277],[24.266954,45.550258],[24.266916,45.550262],[24.26684,45.550255],[24.266655,45.55026],[24.266596,45.550266],[24.266461,45.550296],[24.266277,45.550351],[24.265878,45.550505],[24.26569,45.550605],[24.265618,45.550657],[24.265578,45.550705],[24.265488,45.55087],[24.26546,45.550939],[24.265433,45.55097],[24.265314,45.551301],[24.265171,45.551781],[24.26507,45.552262],[24.265031,45.552514],[24.265008,45.552903],[24.264999,45.55343],[24.265006,45.553693],[24.264999,45.553781],[24.265039,45.554345],[24.265066,45.554475],[24.265097,45.554551],[24.265106,45.554612],[24.265146,45.554718],[24.265225,45.554893],[24.265334,45.555091],[24.265474,45.555311],[24.265554,45.555417],[24.265601,45.555462],[24.265711,45.555542],[24.265747,45.555559],[24.265854,45.555632],[24.266005,45.555711],[24.266134,45.555756],[24.26616,45.555765],[24.266313,45.555802],[24.266345,45.555802],[24.266422,45.555815],[24.266444,45.55581],[24.266541,45.555819],[24.266628,45.555815],[24.266747,45.555799],[24.266855,45.555775],[24.266996,45.55573],[24.267276,45.555627],[24.267546,45.555567],[24.268043,45.555414],[24.268151,45.555387],[24.26822,45.555364],[24.33412,45.513181],[24.328552,45.353559],[24.236871,45.313815],[24.070316,45.308442],[23.957243,45.304143],[23.87473,45.380397],[23.836529,45.431891],[23.783611,45.521729]]]]},"properties":{"alert_id":"fd56f98f66a564c8","source":"nowcasting","alert_type":"nowcasting","feature_id":"ef0912e8b625f946b9","judet_cod":"VL","judet_nume":"Vâlcea","county_code":"VL","county_name":"Vâlcea","cod_judet":"VL","cod_culoare":1,"cod_culoare_nume":"Galben","culoare":"1","cod":"Galben","fenomen_principal":"Averse torențiale care vor acumula 15...25 l/mp, descărcări electrice, intensificări ale vântului (45...50 km/h), grindină de mici dimensiuni (1...2 cm).","fenomen_group":"ploi/vijelii","zona_text":"Județul Vâlcea: Brezoi, Câineni, Voineasa, Malaia, Racovița;<br>","zona_nume":"Vâlcea - localitati","zone_name":"Vâlcea - localitati","display_name":"Vâlcea - localitati","localities":["Brezoi","Câineni","Voineasa","Malaia","Racovița"],"geometry_source":"coordGis","match_confidence":"high","interval_text":"","interval_start":"2026-08-09T12:55:00","valid_from":"2026-08-09T12:55:00","valid_to":"2026-08-09T14:00:00","interval_valabilitate_text":"","interval_end":"2026-08-09T14:00:00","data_expirare":"2026-08-09T14:00:00","mesaj_plain":"Averse torențiale care vor acumula 15...25 l/mp, descărcări electrice, intensificări ale vântului (45...50 km/h), grindină de mici dimensiuni (1...2 cm).","source_url":"","source_label":"","notes":"","durata_ore":1.1,"zi":"2026-08-09"}},{"type":"Feature","geometry":{"type":"MultiPolygon","coordinates":[[[[24.337119,45.572457],[24.337009,45.572447],[24.3369,45.572448],[24.336814,45.572459],[24.336705,45.572464],[24.336347,45.572519],[24.336196,45.572547],[24.336044,45.572586],[24.335944,45.572586],[24.335857,45.572562],[24.335785,45.572499],[24.33575,45.572482],[24.335702,45.572517],[24.335624,45.572601],[24.335465,45.572747],[24.335243,45.572939],[24.335125,45.573062],[24.335034,45.573169],[24.334858,45.573422],[24.334831,45.573483],[24.334757,45.573598],[24.334683,45.573744],[24.334597,45.573874],[24.334531,45.573996],[24.334433,45.574119],[24.33433,45.574242],[24.334266,45.574333],[24.334093,45.57454],[24.333822,45.574817],[24.333685,45.57497],[24.333602,45.575045],[24.333465,45.575147],[24.3334,45.575181],[24.33312,45.575322],[24.33275,45.575484],[24.332656,45.57554],[24.332596,45.575586],[24.332543,45.57564],[24.332465,45.57574],[24.332439,45.575786],[24.332365,45.575992],[24.332335,45.576191],[24.332323,45.576534],[24.332337,45.576587],[24.332347,45.576694],[24.332379,45.576847],[24.33241,45.576938],[24.332471,45.577052],[24.332515,45.577166],[24.332655,45.577463],[24.332759,45.57776],[24.332807,45.577882],[24.332973,45.578209],[24.333064,45.578483],[24.333119,45.578569],[24.333171,45.57863],[24.333248,45.578696],[24.333423,45.578771],[24.333568,45.578879],[24.33381,45.579145],[24.33392,45.57928],[24.334026,45.579434],[24.334056,45.579462],[24.334314,45.579949],[24.334497,45.580231],[24.334591,45.580362],[24.334626,45.580398],[24.334713,45.58058],[24.334798,45.580704],[24.334887,45.580803],[24.334974,45.580886],[24.335331,45.581172],[24.335391,45.58124],[24.335585,45.58152],[24.335243,45.581562],[24.335038,45.581633],[24.334822,45.581749],[24.334617,45.581808],[24.334497,45.581823],[24.334411,45.581824],[24.334324,45.581813],[24.334168,45.58178],[24.334095,45.581753],[24.33404,45.581717],[24.333922,45.581613],[24.333826,45.581554],[24.333709,45.5815],[24.333417,45.581398],[24.333208,45.581354],[24.333077,45.581307],[24.333022,45.581273],[24.332978,45.581227],[24.332953,45.581181],[24.33295,45.581143],[24.332935,45.581075],[24.332894,45.580983],[24.332687,45.580763],[24.332596,45.580596],[24.332441,45.580398],[24.33223,45.580201],[24.332079,45.580072],[24.331695,45.579769],[24.331368,45.579447],[24.331227,45.579211],[24.331057,45.578853],[24.331018,45.578754],[24.330976,45.578686],[24.330938,45.578648],[24.330864,45.578589],[24.330754,45.578536],[24.330531,45.578452],[24.330021,45.578243],[24.329911,45.578192],[24.329838,45.578143],[24.329703,45.578025],[24.329675,45.577987],[24.329664,45.577956],[24.329658,45.577896],[24.329644,45.577857],[24.329586,45.577797],[24.329537,45.577768],[24.329485,45.57775],[24.329365,45.577725],[24.329289,45.577705],[24.329202,45.577694],[24.328895,45.577631],[24.328478,45.57753],[24.328361,45.577489],[24.328227,45.57743],[24.328162,45.577396],[24.327965,45.577273],[24.32791,45.577254],[24.327828,45.577215],[24.327648,45.577155],[24.327403,45.577059],[24.327084,45.576969],[24.326716,45.576845],[24.32664,45.576826],[24.326499,45.576808],[24.32613,45.576799],[24.325988,45.576788],[24.325597,45.576731],[24.325569,45.576718],[24.325526,45.57671],[24.325425,45.576677],[24.32525,45.576582],[24.325133,45.576545],[24.324926,45.576511],[24.324861,45.576508],[24.324709,45.576486],[24.324448,45.576438],[24.324377,45.576431],[24.324293,45.5764],[24.324181,45.57635],[24.324071,45.576293],[24.323926,45.5762],[24.323809,45.576123],[24.323491,45.57588],[24.323436,45.575854],[24.323269,45.575736],[24.323135,45.575657],[24.322875,45.575483],[24.322832,45.575456],[24.322829,45.57546],[24.32276,45.575403],[24.322462,45.575191],[24.32235,45.5751],[24.322312,45.575062],[24.322053,45.57482],[24.322018,45.574797],[24.322015,45.574782],[24.32199,45.574759],[24.321842,45.57463],[24.321721,45.574532],[24.321543,45.574403],[24.321456,45.574344],[24.321357,45.574295],[24.321251,45.574254],[24.321118,45.574218],[24.321033,45.574184],[24.320869,45.574086],[24.320817,45.57404],[24.320732,45.573942],[24.320668,45.573843],[24.320662,45.573822],[24.320594,45.573782],[24.320463,45.573766],[24.320203,45.573782],[24.319964,45.573749],[24.31992,45.573738],[24.319812,45.573731],[24.319736,45.573739],[24.319508,45.573786],[24.319281,45.573814],[24.319259,45.573824],[24.319194,45.573834],[24.31889,45.573831],[24.318716,45.573813],[24.318694,45.573825],[24.318629,45.573819],[24.318322,45.57377],[24.318172,45.573732],[24.317846,45.573665],[24.317748,45.573651],[24.317638,45.573623],[24.317519,45.573595],[24.31728,45.573562],[24.317011,45.573508],[24.316841,45.573436],[24.316792,45.573398],[24.316726,45.573322],[24.316687,45.573269],[24.316665,45.573216],[24.316633,45.57304],[24.316614,45.572819],[24.316563,45.572583],[24.31652,45.572461],[24.316426,45.572263],[24.316381,45.572134],[24.316304,45.571875],[24.31628,45.571669],[24.316248,45.571501],[24.316197,45.571326],[24.316184,45.571311],[24.316175,45.571276],[24.316097,45.571124],[24.31602,45.571025],[24.315905,45.570912],[24.315623,45.570715],[24.315606,45.570684],[24.315474,45.570563],[24.315354,45.570464],[24.315225,45.570373],[24.315214,45.570352],[24.31491,45.570154],[24.314358,45.569825],[24.3142,45.569715],[24.314073,45.569617],[24.314024,45.56959],[24.314014,45.569572],[24.313991,45.56956],[24.313983,45.569545],[24.313914,45.569484],[24.313717,45.569328],[24.313574,45.5692],[24.313446,45.569101],[24.313339,45.569031],[24.313186,45.568954],[24.312815,45.56874],[24.312662,45.568657],[24.312604,45.568632],[24.3122,45.568404],[24.312069,45.56834],[24.311892,45.568266],[24.31161,45.568107],[24.311482,45.568016],[24.311394,45.567941],[24.311289,45.567811],[24.311223,45.567749],[24.31116,45.567724],[24.311022,45.567689],[24.310905,45.567675],[24.31082,45.567677],[24.310747,45.567666],[24.310671,45.567643],[24.310497,45.567607],[24.310478,45.567609],[24.310256,45.56754],[24.309628,45.567287],[24.30947,45.567232],[24.309383,45.567186],[24.308929,45.566939],[24.308396,45.566695],[24.308268,45.566643],[24.307755,45.566483],[24.307513,45.566392],[24.307486,45.566377],[24.30747,45.566377],[24.30723,45.566261],[24.306975,45.566146],[24.306584,45.566013],[24.306201,45.565897],[24.30604,45.565838],[24.305725,45.565754],[24.305388,45.565686],[24.305233,45.565644],[24.305079,45.565594],[24.304486,45.565377],[24.303976,45.565229],[24.303845,45.565187],[24.303736,45.56516],[24.303603,45.565115],[24.303525,45.565086],[24.303389,45.565019],[24.303291,45.564991],[24.303182,45.564978],[24.303074,45.564974],[24.302259,45.564993],[24.301717,45.56499],[24.301521,45.564998],[24.301326,45.565015],[24.30125,45.565],[24.301185,45.564965],[24.301119,45.56492],[24.300983,45.564813],[24.300823,45.564664],[24.300659,45.564489],[24.300575,45.56442],[24.300425,45.564317],[24.300237,45.564169],[24.299887,45.563936],[24.299574,45.563759],[24.299471,45.563711],[24.299397,45.563664],[24.299204,45.563572],[24.299117,45.563546],[24.299052,45.563534],[24.298922,45.563529],[24.298743,45.563508],[24.298699,45.563502],[24.298678,45.563506],[24.298515,45.563475],[24.298471,45.563475],[24.298276,45.56342],[24.2982,45.56339],[24.298145,45.56338],[24.297982,45.563331],[24.297874,45.563306],[24.297732,45.563285],[24.297645,45.563264],[24.297396,45.563232],[24.29732,45.56323],[24.2972,45.563238],[24.296886,45.563268],[24.296723,45.563299],[24.296604,45.563337],[24.296441,45.563364],[24.296319,45.563353],[24.296169,45.563318],[24.295876,45.563231],[24.29555,45.563147],[24.295256,45.563063],[24.294884,45.56293],[24.294666,45.562836],[24.294403,45.562718],[24.294262,45.562633],[24.294235,45.562621],[24.294221,45.562623],[24.29417,45.562608],[24.294115,45.562612],[24.294039,45.562637],[24.29379,45.562778],[24.293736,45.562791],[24.29366,45.562799],[24.293614,45.562791],[24.29351,45.562742],[24.29341,45.562662],[24.293301,45.562597],[24.293225,45.56258],[24.29303,45.562569],[24.292943,45.562572],[24.292878,45.562569],[24.292682,45.562599],[24.292509,45.562649],[24.292292,45.562718],[24.292183,45.56276],[24.291977,45.562821],[24.291836,45.562838],[24.291662,45.562838],[24.291456,45.562802],[24.291347,45.562775],[24.291206,45.56273],[24.29087,45.562701],[24.290696,45.562669],[24.29053,45.562625],[24.290451,45.5626],[24.290356,45.562551],[24.290185,45.562475],[24.289989,45.562429],[24.289772,45.562404],[24.28965,45.562372],[24.289514,45.562305],[24.28931,45.562189],[24.289275,45.562176],[24.289174,45.562141],[24.289161,45.562124],[24.288956,45.562031],[24.288583,45.561873],[24.288431,45.561817],[24.288169,45.561697],[24.287895,45.561622],[24.287801,45.561594],[24.287595,45.561559],[24.287573,45.56157],[24.287432,45.561558],[24.287226,45.56156],[24.287139,45.561575],[24.287041,45.561603],[24.286779,45.561751],[24.286735,45.561769],[24.286692,45.561775],[24.286605,45.561767],[24.28628,45.5617],[24.286171,45.561688],[24.28603,45.561691],[24.285878,45.561709],[24.285693,45.561744],[24.285563,45.561751],[24.28543,45.561745],[24.285278,45.56171],[24.285127,45.561646],[24.284662,45.56139],[24.284546,45.561347],[24.28437,45.561304],[24.284232,45.561248],[24.284118,45.561217],[24.284049,45.561167],[24.284003,45.561106],[24.283966,45.561022],[24.283931,45.560983],[24.283823,45.560891],[24.283794,45.560853],[24.283566,45.560325],[24.283509,45.560249],[24.28345,45.560195],[24.283399,45.560133],[24.283373,45.560049],[24.283315,45.559889],[24.283261,45.559805],[24.283189,45.55972],[24.283054,45.559613],[24.282955,45.559555],[24.282693,45.559374],[24.28251,45.559232],[24.282459,45.559178],[24.2824,45.559094],[24.282379,45.559041],[24.282382,45.559024],[24.282368,45.559003],[24.282359,45.558911],[24.282332,45.558812],[24.282318,45.558644],[24.282286,45.558582],[24.282203,45.558483],[24.280881,45.558168],[24.280665,45.558129],[24.280394,45.558065],[24.280112,45.558013],[24.27999,45.557978],[24.279925,45.557948],[24.279872,45.557871],[24.279872,45.557833],[24.279894,45.557791],[24.279895,45.557753],[24.279853,45.557631],[24.279848,45.557524],[24.27986,45.557453],[24.280017,45.556983],[24.280037,45.556876],[24.280029,45.556848],[24.28004,45.556819],[24.279995,45.556674],[24.279963,45.556613],[24.279886,45.556513],[24.279835,45.556478],[24.27978,45.556459],[24.279649,45.556457],[24.279519,45.556468],[24.279473,45.556461],[24.279345,45.556463],[24.279172,45.55652],[24.278984,45.556613],[24.278811,45.556645],[24.278703,45.556646],[24.27858,45.556632],[24.27855,45.556619],[24.278419,45.556587],[24.278064,45.556474],[24.277698,45.556311],[24.277545,45.556285],[24.277401,45.556244],[24.277294,45.55619],[24.277253,45.556152],[24.277169,45.556046],[24.276974,45.555727],[24.276945,45.555643],[24.27693,45.555513],[24.276914,45.555407],[24.276874,45.555301],[24.276799,45.555217],[24.276703,45.55517],[24.276597,45.555131],[24.276466,45.555098],[24.276346,45.555076],[24.275705,45.55502],[24.275499,45.555018],[24.275358,45.55503],[24.275239,45.55505],[24.274989,45.555079],[24.274252,45.555131],[24.274144,45.555131],[24.274025,45.555144],[24.273753,45.555146],[24.273503,45.55514],[24.273297,45.555154],[24.2732,45.55515],[24.273004,45.555135],[24.272762,45.555095],[24.272383,45.555006],[24.272285,45.554992],[24.272165,45.554962],[24.272154,45.554964],[24.272067,45.554942],[24.272013,45.554935],[24.271914,45.554903],[24.271816,45.554882],[24.271511,45.554813],[24.2714,45.554797],[24.270967,45.55471],[24.270803,45.554685],[24.270596,45.554637],[24.270368,45.554597],[24.27015,45.55458],[24.269955,45.554594],[24.269836,45.554618],[24.269707,45.554656],[24.269501,45.554682],[24.269382,45.554721],[24.26921,45.554797],[24.269046,45.554884],[24.268855,45.555006],[24.268582,45.555229],[24.268486,45.555279],[24.268421,45.555305],[24.268313,45.555332],[24.268151,45.555387],[24.268043,45.555414],[24.267546,45.555567],[24.267276,45.555627],[24.266996,45.55573],[24.266855,45.555775],[24.266747,45.555799],[24.266628,45.555815],[24.266541,45.555819],[24.266444,45.55581],[24.266422,45.555815],[24.266345,45.555802],[24.266313,45.555802],[24.26616,45.555765],[24.266134,45.555756],[24.266005,45.555711],[24.265854,45.555632],[24.265747,45.555559],[24.265711,45.555542],[24.265601,45.555462],[24.265554,45.555417],[24.265474,45.555311],[24.265334,45.555091],[24.265225,45.554893],[24.265146,45.554718],[24.265106,45.554612],[24.265097,45.554551],[24.265066,45.554475],[24.265039,45.554345],[24.264999,45.553781],[24.265006,45.553693],[24.264999,45.55343],[24.265008,45.552903],[24.265031,45.552514],[24.26507,45.552262],[24.265171,45.551781],[24.265314,45.551301],[24.265433,45.55097],[24.26546,45.550939],[24.265488,45.55087],[24.265578,45.550705],[24.265618,45.550657],[24.26569,45.550605],[24.265878,45.550505],[24.266277,45.550351],[24.266461,45.550296],[24.266596,45.550266],[24.266655,45.55026],[24.26684,45.550255],[24.266916,45.550262],[24.266954,45.550258],[24.267095,45.550277],[24.267195,45.550291],[24.267193,45.550271],[24.267194,45.550189],[24.26716,45.550105],[24.267127,45.550062],[24.266992,45.549965],[24.266928,45.549882],[24.266883,45.549806],[24.266849,45.5497],[24.266834,45.549478],[24.2668,45.549379],[24.266785,45.549358],[24.266777,45.549334],[24.266736,45.549288],[24.266681,45.549243],[24.266626,45.549184],[24.266598,45.549167],[24.266562,45.549114],[24.266517,45.549015],[24.266466,45.548932],[24.266397,45.548833],[24.266333,45.548773],[24.266248,45.548722],[24.266123,45.548673],[24.265992,45.54864],[24.265763,45.548609],[24.265627,45.548546],[24.265506,45.548463],[24.265448,45.548402],[24.265237,45.548121],[24.265201,45.548091],[24.265107,45.548029],[24.264933,45.547964],[24.264796,45.547888],[24.264759,45.547828],[24.264732,45.547652],[24.264689,45.547538],[24.264611,45.547409],[24.264517,45.547295],[24.264459,45.547242],[24.264297,45.547122],[24.264247,45.547069],[24.264158,45.54694],[24.264066,45.546834],[24.263989,45.546758],[24.263846,45.546637],[24.263703,45.546537],[24.26361,45.54648],[24.263517,45.546441],[24.263342,45.546391],[24.262852,45.546284],[24.262708,45.546251],[24.262492,45.546178],[24.262195,45.54611],[24.261758,45.545955],[24.261489,45.545894],[24.260713,45.545744],[24.260634,45.545726],[24.260516,45.545684],[24.260418,45.545626],[24.260077,45.545385],[24.259833,45.545238],[24.259451,45.544968],[24.259366,45.544927],[24.259235,45.544882],[24.259061,45.544853],[24.25892,45.54485],[24.258844,45.544854],[24.258703,45.544871],[24.258422,45.544926],[24.258227,45.544955],[24.258086,45.544956],[24.25801,45.544941],[24.257944,45.544913],[24.257688,45.544833],[24.25759,45.544811],[24.25753,45.544775],[24.257488,45.544714],[24.25746,45.544661],[24.257453,45.54457],[24.257468,45.544524],[24.257532,45.544436],[24.257538,45.544413],[24.257579,45.544344],[24.25761,45.544237],[24.257618,45.544099],[24.257594,45.54397],[24.257535,45.543817],[24.257503,45.543696],[24.257489,45.543551],[24.257494,45.543368],[24.257485,45.543299],[24.257462,45.543238],[24.25742,45.54317],[24.257362,45.543117],[24.25728,45.543062],[24.257217,45.543044],[24.257054,45.543026],[24.25675,45.543028],[24.25661,45.543039],[24.256545,45.543051],[24.256523,45.543047],[24.256209,45.543097],[24.256188,45.543113],[24.255982,45.543147],[24.255723,45.543208],[24.255539,45.543282],[24.255496,45.543311],[24.255389,45.543365],[24.255303,45.5434],[24.255162,45.543437],[24.254956,45.543443],[24.254565,45.543423],[24.254272,45.543423],[24.253925,45.543468],[24.253839,45.543474],[24.253622,45.543491],[24.253459,45.543496],[24.253109,45.543499],[24.253044,45.543492],[24.252927,45.543474],[24.252823,45.543442],[24.252744,45.543391],[24.252642,45.543314],[24.252446,45.543256],[24.252359,45.543245],[24.252218,45.543239],[24.251642,45.543221],[24.251284,45.543231],[24.250721,45.543287],[24.249669,45.543327],[24.249268,45.543386],[24.248922,45.543417],[24.248781,45.543414],[24.248683,45.543419],[24.248405,45.54346],[24.248346,45.543469],[24.248316,45.543463],[24.248197,45.543464],[24.248109,45.543487],[24.247913,45.543514],[24.247728,45.543547],[24.24763,45.543558],[24.247358,45.543608],[24.247282,45.543607],[24.247098,45.543572],[24.247012,45.543578],[24.246989,45.543576],[24.246924,45.543591],[24.246869,45.543615],[24.246726,45.543712],[24.246701,45.543737],[24.246466,45.543892],[24.246339,45.543995],[24.246212,45.544076],[24.246074,45.544177],[24.245997,45.544216],[24.245855,45.544279],[24.245702,45.544327],[24.24556,45.544355],[24.24543,45.544365],[24.245375,45.544363],[24.245276,45.54434],[24.245009,45.544245],[24.244869,45.544215],[24.244695,45.544215],[24.244239,45.544241],[24.243913,45.544239],[24.24387,45.544231],[24.24373,45.544191],[24.243459,45.544071],[24.24332,45.543999],[24.243114,45.543917],[24.224215,45.652348],[24.177232,45.708515],[24.160527,45.749328],[24.202289,45.772636],[24.277461,45.776277],[24.427804,45.78283],[24.559355,45.795935],[24.631394,45.79739],[24.641835,45.777733],[24.66898,45.710702],[24.505064,45.68445],[24.395439,45.654537],[24.337119,45.572457]]]]},"properties":{"alert_id":"4c4ef08abf5fb1df","source":"nowcasting","alert_type":"nowcasting","feature_id":"0a7d433e2e0b023cda","judet_cod":"SB","judet_nume":"Sibiu","county_code":"SB","county_name":"Sibiu","cod_judet":"SB","cod_culoare":1,"cod_culoare_nume":"Galben","culoare":"1","cod":"Galben","fenomen_principal":"Ceață ce determină vizibilitate redusă, local sub 200 m și izolat sub 50 m.","fenomen_group":"ceata","zona_text":"Județul Sibiu: Avrig, Tălmaciu, Șelimbăr, Racovița, Porumbacu de Jos, Turnu Roșu, Arpașu de Jos, Boița, Cârțișoara, Cârța;<br>","zona_nume":"Sibiu - localitati","zone_name":"Sibiu - localitati","display_name":"Sibiu - localitati","localities":["Avrig","Tălmaciu","Șelimbăr","Racovița","Porumbacu de Jos","Turnu Roșu","Arpașu de Jos","Boița","Cârțișoara","Cârța"],"geometry_source":"coordGis","match_confidence":"high","interval_text":"","interval_start":"2026-08-09T07:25:00","valid_from":"2026-08-09T07:25:00","valid_to":"2026-08-09T09:00:00","interval_valabilitate_text":"","interval_end":"2026-08-09T09:00:00","data_expirare":"2026-08-09T09:00:00","mesaj_plain":"Ceață ce determină vizibilitate redusă, local sub 200 m și izolat sub 50 m.","source_url":"","source_label":"","notes":"","durata_ore":1.6,"zi":"2026-08-09"}},{"type":"Feature","geometry":{"type":"MultiPolygon","coordinates":[[[[29.669168,45.224851],[29.67068,45.220574],[29.671947,45.219038],[29.673955,45.216637],[29.675902,45.214398],[29.677543,45.212983],[29.680209,45.210178],[29.681363,45.208084],[29.681945,45.205813],[29.680982,45.205895],[29.68021,45.20568],[29.679457,45.205319],[29.679107,45.2059],[29.677605,45.205472],[29.676626,45.205944],[29.674907,45.205793],[29.67367,45.206087],[29.672369,45.207061],[29.670733,45.208086],[29.670146,45.208477],[29.672489,45.208857],[29.662635,45.211828],[29.663265,45.214145],[29.658011,45.214278],[29.646835,45.218822],[29.63768,45.224339],[29.6344,45.221221],[29.62985,45.216896],[29.62845,45.216971],[29.628821,45.215194],[29.628923,45.212186],[29.630445,45.208084],[29.6316,45.205041],[29.632732,45.200006],[29.634032,45.191393],[29.635498,45.185988],[29.636636,45.180846],[29.638151,45.176444],[29.639883,45.172209],[29.640745,45.169459],[29.642188,45.167201],[29.64312,45.166419],[29.644759,45.164939],[29.645844,45.163476],[29.647009,45.162374],[29.648076,45.161551],[29.649289,45.161005],[29.65018,45.16016],[29.650608,45.160288],[29.650677,45.160961],[29.651454,45.161449],[29.651244,45.161019],[29.653742,45.161235],[29.65632,45.160668],[29.662139,45.159865],[29.672702,45.159912],[29.674032,45.159941],[29.675504,45.160082],[29.677188,45.160328],[29.680614,45.160895],[29.685941,45.163279],[29.687657,45.163087],[29.7019,45.166014],[29.701147,45.166419],[29.70257,45.16668],[29.705197,45.167128],[29.710215,45.167462],[29.714444,45.167329],[29.714139,45.16642],[29.715208,45.165278],[29.708992,45.164537],[29.706231,45.164275],[29.702955,45.16314],[29.700049,45.162108],[29.696851,45.159791],[29.692596,45.157298],[29.689381,45.154552],[29.686911,45.152464],[29.685942,45.150985],[29.684926,45.149384],[29.679676,45.143009],[29.675644,45.137567],[29.67235,45.132168],[29.668866,45.126027],[29.668453,45.124752],[29.667151,45.123868],[29.665796,45.120903],[29.665368,45.118939],[29.66349,45.114614],[29.662089,45.111053],[29.660236,45.107521],[29.658474,45.101949],[29.655949,45.092411],[29.655613,45.091613],[29.655324,45.089079],[29.655662,45.084875],[29.655033,45.083085],[29.654751,45.082172],[29.654433,45.079683],[29.654549,45.078327],[29.65425,45.076257],[29.653591,45.072952],[29.653308,45.071536],[29.651678,45.064324],[29.652471,45.063045],[29.65202,45.061719],[29.652063,45.060288],[29.652232,45.059522],[29.651756,45.058002],[29.650876,45.054522],[29.650416,45.052705],[29.649673,45.046549],[29.648744,45.042196],[29.648636,45.041417],[29.648378,45.040201],[29.647431,45.033027],[29.646722,45.025421],[29.64649,45.022926],[29.645808,45.018567],[29.645328,45.015503],[29.643984,45.009308],[29.642955,45.001027],[29.641435,44.99975],[29.644383,44.998159],[29.643851,44.996352],[29.642381,44.988072],[29.638427,44.973276],[29.63673,44.964909],[29.634936,44.959295],[29.634789,44.958081],[29.634216,44.957094],[29.631734,44.946224],[29.628575,44.933045],[29.626683,44.924298],[29.626631,44.921882],[29.625933,44.917092],[29.625828,44.916412],[29.625948,44.912318],[29.6257,44.909645],[29.626051,44.904771],[29.625358,44.892987],[29.625067,44.885349],[29.62475,44.883777],[29.624159,44.883298],[29.62345,44.883417],[29.621554,44.883604],[29.619605,44.884971],[29.606422,44.877522],[29.605743,44.877043],[29.603638,44.877031],[29.603022,44.876582],[29.603631,44.875446],[29.604189,44.874747],[29.604667,44.874435],[29.605124,44.874131],[29.605788,44.872992],[29.607722,44.867223],[29.60737,44.867043],[29.607879,44.866445],[29.609136,44.864879],[29.610444,44.859744],[29.613135,44.857254],[29.613336,44.856756],[29.614153,44.858905],[29.616012,44.863236],[29.61688,44.867098],[29.61565,44.872515],[29.616516,44.875361],[29.616098,44.877073],[29.61731,44.876345],[29.617698,44.874698],[29.617169,44.872723],[29.617588,44.870605],[29.617919,44.867386],[29.617501,44.864041],[29.614991,44.858574],[29.61183,44.851452],[29.610595,44.849874],[29.609671,44.846654],[29.608238,44.844454],[29.604871,44.840713],[29.597817,44.832064],[29.593467,44.826172],[29.586311,44.820064],[29.583367,44.816211],[29.567348,44.801966],[29.552482,44.790429],[29.533491,44.781485],[29.516138,44.775561],[29.49988,44.773672],[29.492185,44.77431],[29.487502,44.77582],[29.485778,44.777544],[29.486928,44.778381],[29.490488,44.778349],[29.498278,44.776936],[29.502112,44.776452],[29.500852,44.778157],[29.504086,44.777918],[29.507338,44.777898],[29.513086,44.77811],[29.517042,44.779165],[29.518818,44.780087],[29.517953,44.780894],[29.517224,44.781475],[29.519429,44.781938],[29.522827,44.781802],[29.52523,44.782809],[29.525026,44.784141],[29.525019,44.786017],[29.523355,44.786525],[29.523433,44.787515],[29.525776,44.787752],[29.530718,44.787554],[29.533859,44.78809],[29.537635,44.788821],[29.540243,44.788495],[29.545427,44.78939],[29.547257,44.790971],[29.548417,44.791917],[29.551757,44.792996],[29.555082,44.795841],[29.560376,44.800041],[29.564139,44.802537],[29.56646,44.804429],[29.570466,44.808018],[29.572469,44.809813],[29.575598,44.812113],[29.580343,44.815231],[29.584553,44.821349],[29.588182,44.82407],[29.591838,44.827121],[29.593132,44.829717],[29.594254,44.832098],[29.596859,44.833647],[29.599271,44.836639],[29.608015,44.845824],[29.609179,44.849614],[29.607121,44.848252],[29.606352,44.848152],[29.605401,44.847046],[29.605698,44.846618],[29.603205,44.846043],[29.601856,44.845528],[29.599589,44.845301],[29.599797,44.844751],[29.598808,44.844789],[29.594907,44.842956],[29.594509,44.842369],[29.591496,44.840086],[29.588821,44.839189],[29.585767,44.837236],[29.584599,44.837409],[29.583968,44.837476],[29.583073,44.837293],[29.582684,44.837805],[29.580989,44.837863],[29.580062,44.838423],[29.579349,44.838487],[29.577832,44.838087],[29.576426,44.838295],[29.575849,44.838011],[29.57477,44.838313],[29.574469,44.839175],[29.574032,44.839112],[29.572204,44.837273],[29.571085,44.835434],[29.569624,44.834002],[29.569021,44.833078],[29.568741,44.832554],[29.568358,44.831833],[29.567255,44.831015],[29.567151,44.830702],[29.564237,44.828972],[29.563227,44.827794],[29.56341,44.827506],[29.563102,44.8273],[29.562281,44.827426],[29.560951,44.826545],[29.559847,44.825757],[29.558242,44.825371],[29.557043,44.824771],[29.556667,44.824303],[29.553462,44.822868],[29.550328,44.824105],[29.54884,44.824359],[29.544048,44.823816],[29.542472,44.824294],[29.537013,44.824664],[29.524255,44.824439],[29.520685,44.823864],[29.516444,44.823404],[29.510074,44.822896],[29.506027,44.822816],[29.500829,44.821649],[29.49845,44.821036],[29.495145,44.820208],[29.480419,44.818013],[29.464486,44.816198],[29.454155,44.814634],[29.440218,44.812832],[29.43595,44.811751],[29.435088,44.811534],[29.433523,44.811335],[29.40447,44.80763],[29.40024,44.806894],[29.3948,44.806365],[29.392456,44.806335],[29.389811,44.805698],[29.384202,44.80536],[29.379402,44.80531],[29.37345,44.804963],[29.372447,44.804891],[29.369082,44.804757],[29.364718,44.803963],[29.354533,44.804127],[29.346882,44.804221],[29.325899,44.804129],[29.312686,44.802478],[29.310949,44.802412],[29.309119,44.802083],[29.298891,44.80131],[29.276692,44.799999],[29.271529,44.799659],[29.268685,44.798919],[29.254661,44.797478],[29.248449,44.79699],[29.245329,44.79676],[29.219939,44.791996],[29.219177,44.791407],[29.210755,44.788422],[29.189252,44.781787],[29.185949,44.784647],[29.184206,44.784365],[29.172063,44.782071],[29.164827,44.780883],[29.159062,44.780008],[29.140941,44.774404],[29.12829,44.770348],[29.123448,44.770104],[29.121773,44.768001],[29.115432,44.765157],[29.108488,44.761648],[29.087995,44.750437],[29.08657,44.749738],[29.085005,44.749008],[29.06632,44.736305],[29.060949,44.732325],[29.058476,44.731514],[29.029234,44.709259],[29.027983,44.70807],[29.026303,44.706505],[29.020717,44.701785],[29.008559,44.690861],[28.999101,44.681869],[28.99845,44.681358],[28.996992,44.680253],[28.996011,44.679839],[28.994997,44.679],[28.994433,44.67935],[28.993873,44.679703],[28.993733,44.679811],[28.993631,44.679876],[28.993364,44.680161],[28.993241,44.680267],[28.99322,44.680317],[28.993163,44.680357],[28.993037,44.680387],[28.992995,44.680383],[28.992542,44.680447],[28.992504,44.68044],[28.992438,44.680463],[28.992377,44.68047],[28.992355,44.680462],[28.992268,44.680486],[28.992206,44.680493],[28.992184,44.680485],[28.992097,44.680508],[28.992036,44.680516],[28.992014,44.680508],[28.991906,44.680531],[28.991849,44.680531],[28.991798,44.680509],[28.991671,44.680396],[28.991617,44.680324],[28.991539,44.680272],[28.991544,44.680261],[28.991254,44.679994],[28.991212,44.679934],[28.991175,44.679816],[28.991159,44.679804],[28.991132,44.679683],[28.991111,44.679668],[28.991079,44.679551],[28.991031,44.679464],[28.991031,44.67943],[28.991003,44.679398],[28.990979,44.679385],[28.990806,44.67937],[28.990742,44.679377],[28.990636,44.679358],[28.99055,44.679362],[28.990424,44.679347],[28.990388,44.679333],[28.989603,44.678798],[28.989517,44.678763],[28.989302,44.678706],[28.989217,44.678695],[28.989131,44.678664],[28.989089,44.678664],[28.98894,44.678619],[28.988833,44.678603],[28.988791,44.678581],[28.988684,44.678565],[28.988576,44.678527],[28.988513,44.678524],[28.988471,44.678501],[28.988149,44.678421],[28.987851,44.678383],[28.987807,44.678368],[28.985619,44.679086],[28.984477,44.680013],[28.984265,44.680331],[28.984111,44.680561],[28.983959,44.680789],[28.983392,44.68102],[28.983111,44.681083],[28.98276,44.681471],[28.982708,44.681759],[28.982362,44.681905],[28.981906,44.682097],[28.981722,44.682243],[28.981824,44.682372],[28.981779,44.682498],[28.981219,44.682809],[28.980634,44.682902],[28.980246,44.682964],[28.979903,44.682805],[28.97942,44.682744],[28.979261,44.682882],[28.978966,44.683138],[28.978451,44.683313],[28.977911,44.683248],[28.977177,44.683655],[28.976678,44.683932],[28.976123,44.684311],[28.975919,44.684537],[28.975738,44.684813],[28.975344,44.685096],[28.974632,44.685607],[28.974139,44.685961],[28.973697,44.686185],[28.973362,44.686481],[28.973102,44.686871],[28.972825,44.687287],[28.972285,44.687713],[28.971647,44.687978],[28.971429,44.687993],[28.970775,44.688405],[28.970781,44.688494],[28.970624,44.688499],[28.970523,44.688739],[28.970477,44.689242],[28.970069,44.689424],[28.969797,44.689617],[28.969526,44.68981],[28.96928,44.68987],[28.969021,44.689772],[28.968777,44.689747],[28.968537,44.689909],[28.968336,44.690195],[28.968167,44.690437],[28.967869,44.69064],[28.967348,44.690776],[28.966876,44.690807],[28.966571,44.69079],[28.966339,44.690905],[28.966291,44.691079],[28.966047,44.6913],[28.965759,44.691447],[28.965383,44.691562],[28.965244,44.691805],[28.964987,44.691889],[28.964633,44.692083],[28.964401,44.692118],[28.964153,44.69201],[28.964009,44.692083],[28.963933,44.692206],[28.963651,44.692293],[28.963617,44.692435],[28.963568,44.692636],[28.963289,44.69278],[28.963003,44.692808],[28.962805,44.692572],[28.962428,44.692419],[28.962095,44.6924],[28.961822,44.692384],[28.961804,44.69254],[28.961394,44.692702],[28.96129,44.692842],[28.960993,44.693065],[28.960589,44.693262],[28.960203,44.693347],[28.960077,44.693472],[28.959795,44.693591],[28.959436,44.693612],[28.958907,44.693643],[28.958541,44.693963],[28.95805,44.694231],[28.957622,44.694291],[28.957242,44.694033],[28.95696,44.694038],[28.95644,44.694297],[28.955653,44.694058],[28.955303,44.694197],[28.955091,44.69442],[28.954717,44.694397],[28.954486,44.694487],[28.954187,44.694603],[28.953469,44.695115],[28.95283,44.694907],[28.951917,44.695386],[28.950688,44.695414],[28.9503,44.695445],[28.94997,44.695429],[28.949596,44.695276],[28.949379,44.695294],[28.949169,44.695417],[28.948763,44.695399],[28.94842,44.695362],[28.94826,44.695416],[28.948134,44.695489],[28.948011,44.69556],[28.947773,44.695521],[28.947556,44.695334],[28.947261,44.69521],[28.947041,44.695171],[28.946878,44.695229],[28.946653,44.695308],[28.946505,44.695313],[28.94627,44.695255],[28.946078,44.695229],[28.94588,44.695237],[28.945744,44.695277],[28.945585,44.695388],[28.945466,44.695515],[28.945371,44.69556],[28.945202,44.69564],[28.945003,44.695701],[28.944891,44.69575],[28.944793,44.695743],[28.944746,44.695796],[28.944657,44.695895],[28.944539,44.695941],[28.944458,44.695957],[28.944373,44.695934],[28.944237,44.69585],[28.944066,44.69571],[28.943844,44.695592],[28.943591,44.695537],[28.943408,44.695518],[28.943196,44.695544],[28.942917,44.695613],[28.942583,44.695636],[28.942216,44.695682],[28.941746,44.695706],[28.941617,44.695683],[28.941347,44.69571],[28.941173,44.695766],[28.940997,44.695766],[28.940778,44.695742],[28.940486,44.695807],[28.940166,44.695836],[28.939913,44.695963],[28.939917,44.695967],[28.939928,44.696229],[28.939825,44.696336],[28.939736,44.696397],[28.939708,44.696551],[28.939248,44.696609],[28.938818,44.696607],[28.938387,44.696605],[28.938249,44.696459],[28.938095,44.696393],[28.938061,44.696378],[28.937854,44.696339],[28.937647,44.696299],[28.937618,44.696307],[28.937512,44.696337],[28.937449,44.696376],[28.937377,44.69645],[28.937304,44.696465],[28.9368,44.696362],[28.936417,44.696447],[28.935873,44.696567],[28.9355,44.696552],[28.935362,44.696509],[28.935035,44.696495],[28.934655,44.696629],[28.934234,44.696649],[28.933852,44.696616],[28.933537,44.696663],[28.933316,44.696696],[28.933118,44.696792],[28.933156,44.696988],[28.932932,44.697033],[28.932794,44.696879],[28.932643,44.696791],[28.932243,44.696783],[28.93129,44.6969],[28.930689,44.697005],[28.930319,44.697116],[28.930139,44.697303],[28.929794,44.697514],[28.929444,44.697659],[28.928927,44.697704],[28.92855,44.697661],[28.928212,44.697494],[28.927635,44.697209],[28.927114,44.697134],[28.92583,44.696949],[28.925278,44.696844],[28.924873,44.696814],[28.924553,44.69694],[28.924325,44.697143],[28.923957,44.697204],[28.923226,44.696979],[28.922707,44.696883],[28.922462,44.696838],[28.921419,44.696626],[28.920621,44.69646],[28.92045,44.696435],[28.920236,44.69644],[28.919359,44.696404],[28.919263,44.696422],[28.918217,44.697546],[28.917735,44.697265],[28.917252,44.696984],[28.917152,44.696933],[28.917131,44.696937],[28.916961,44.696877],[28.916791,44.696817],[28.916749,44.696813],[28.916663,44.696835],[28.916385,44.696915],[28.916107,44.696994],[28.91607,44.696986],[28.915986,44.696932],[28.915176,44.696284],[28.914497,44.696627],[28.913185,44.69558],[28.912572,44.694488],[28.913133,44.693291],[28.913153,44.693116],[28.913453,44.691676],[28.913798,44.690675],[28.915593,44.690091],[28.915283,44.689548],[28.915128,44.688996],[28.915462,44.688445],[28.915584,44.687963],[28.915463,44.687547],[28.915204,44.687025],[28.914764,44.686837],[28.91473,44.686254],[28.913055,44.685595],[28.912344,44.685257],[28.911272,44.684905],[28.910872,44.684587],[28.909984,44.684379],[28.908768,44.683815],[28.907329,44.683254],[28.906577,44.682873],[28.903622,44.681762],[28.90338,44.681979],[28.902806,44.681654],[28.902781,44.681439],[28.902361,44.68121],[28.901672,44.680836],[28.900703,44.68074],[28.900042,44.680295],[28.899127,44.679955],[28.898909,44.680033],[28.898143,44.679803],[28.898142,44.679507],[28.897662,44.679289],[28.897099,44.679118],[28.896542,44.679142],[28.895714,44.678989],[28.895066,44.678675],[28.894843,44.678391],[28.894171,44.678091],[28.893595,44.677903],[28.893413,44.677599],[28.893048,44.677519],[28.892345,44.67757],[28.89154,44.677426],[28.891235,44.677192],[28.890836,44.676887],[28.890322,44.676808],[28.889956,44.676431],[28.88962,44.676208],[28.889043,44.676038],[28.888147,44.675774],[28.887432,44.675407],[28.88706,44.675217],[28.886933,44.674805],[28.886706,44.674565],[28.886281,44.674474],[28.885853,44.674232],[28.885365,44.673956],[28.884364,44.673575],[28.883575,44.673275],[28.883192,44.673023],[28.88276,44.672591],[28.882056,44.671885],[28.881755,44.671652],[28.881374,44.671603],[28.880992,44.671554],[28.88038,44.67112],[28.879652,44.670423],[28.879228,44.669938],[28.87865,44.669816],[28.877694,44.669792],[28.877192,44.66988],[28.875677,44.669111],[28.875016,44.668676],[28.873916,44.668364],[28.873458,44.668004],[28.873181,44.667921],[28.872903,44.667839],[28.872163,44.667544],[28.87152,44.667287],[28.870879,44.667154],[28.870705,44.666873],[28.869247,44.665359],[28.868336,44.665026],[28.867064,44.664822],[28.865299,44.664042],[28.863583,44.663007],[28.862766,44.662426],[28.862761,44.661518],[28.862394,44.660568],[28.861675,44.660315],[28.860956,44.660062],[28.860309,44.659475],[28.859246,44.659025],[28.858473,44.658697],[28.857474,44.657946],[28.856475,44.657194],[28.855636,44.656497],[28.854606,44.655858],[28.854086,44.655536],[28.850709,44.653443],[28.849649,44.652674],[28.843663,44.648288],[28.836508,44.643045],[28.835546,44.64234],[28.831703,44.638833],[28.829018,44.636516],[28.828177,44.63579],[28.827535,44.635224],[28.827107,44.634847],[28.826463,44.634283],[28.825374,44.633332],[28.824269,44.632316],[28.810421,44.632547],[28.81029,44.632704],[28.810043,44.632812],[28.809744,44.632878],[28.809487,44.633116],[28.809324,44.633299],[28.809194,44.633346],[28.809076,44.633394],[28.808847,44.633233],[28.808699,44.633108],[28.808515,44.63298],[28.808366,44.632929],[28.807882,44.633028],[28.807079,44.633336],[28.8068,44.633704],[28.806723,44.6341],[28.806764,44.634345],[28.806921,44.634517],[28.806943,44.634859],[28.806657,44.635059],[28.806375,44.635281],[28.806222,44.635446],[28.806232,44.635597],[28.805954,44.63588],[28.805887,44.636154],[28.805801,44.636317],[28.805236,44.637083],[28.805112,44.637423],[28.80509,44.637477],[28.804922,44.637598],[28.804637,44.637661],[28.804124,44.63776],[28.803907,44.638018],[28.804124,44.638396],[28.804035,44.638575],[28.803691,44.639023],[28.80153,44.638967],[28.801494,44.638727],[28.801625,44.638583],[28.801799,44.63846],[28.801974,44.638318],[28.801997,44.638172],[28.801829,44.638017],[28.801595,44.637603],[28.801771,44.637168],[28.801883,44.636926],[28.801774,44.636622],[28.801603,44.636238],[28.801252,44.636085],[28.800597,44.635911],[28.800296,44.635817],[28.800171,44.635385],[28.799912,44.635143],[28.798868,44.634498],[28.797818,44.634212],[28.796701,44.634251],[28.795237,44.634245],[28.794118,44.634569],[28.793183,44.634568],[28.792703,44.634474],[28.792326,44.634505],[28.791324,44.634843],[28.790503,44.635099],[28.789836,44.635452],[28.789353,44.635706],[28.789128,44.635989],[28.788486,44.636593],[28.788181,44.636735],[28.787803,44.637029],[28.78773,44.637178],[28.787461,44.637524],[28.787232,44.637919],[28.787317,44.638198],[28.787409,44.638409],[28.787069,44.63885],[28.787007,44.63899],[28.787153,44.639303],[28.787113,44.63947],[28.786636,44.639685],[28.786166,44.639915],[28.785335,44.640252],[28.784952,44.640604],[28.784722,44.640841],[28.784412,44.641309],[28.784278,44.64205],[28.784356,44.642413],[28.784269,44.642851],[28.7842,44.643194],[28.784306,44.643504],[28.784589,44.643694],[28.785017,44.64404],[28.785029,44.644235],[28.784816,44.64451],[28.783976,44.645035],[28.783677,44.645255],[28.783097,44.645709],[28.782955,44.645898],[28.782749,44.646144],[28.782501,44.646322],[28.782123,44.646491],[28.781661,44.646804],[28.781286,44.64709],[28.781159,44.64717],[28.780326,44.646722],[28.780432,44.646337],[28.779959,44.646169],[28.779922,44.646557],[28.779991,44.647061],[28.779877,44.647147],[28.779236,44.647423],[28.779174,44.647514],[28.779047,44.647637],[28.77881,44.647703],[28.77872,44.647888],[28.778589,44.648175],[28.778573,44.648195],[28.778444,44.648301],[28.778223,44.648566],[28.778123,44.648722],[28.778108,44.64885],[28.778034,44.649091],[28.777902,44.649264],[28.777739,44.649558],[28.777714,44.649728],[28.777717,44.650127],[28.777531,44.650698],[28.777777,44.650898],[28.777877,44.650939],[28.778239,44.650952],[28.778316,44.650571],[28.77859,44.65055],[28.778879,44.650594],[28.779063,44.650763],[28.779117,44.651311],[28.779301,44.651658],[28.779239,44.652286],[28.779236,44.652577],[28.779128,44.653099],[28.778871,44.654217],[28.778741,44.654656],[28.778653,44.65481],[28.778565,44.654964],[28.778494,44.654986],[28.777993,44.654965],[28.77771,44.654943],[28.777308,44.654912],[28.776904,44.654889],[28.776312,44.654862],[28.775488,44.654824],[28.774381,44.654776],[28.773607,44.654744],[28.772837,44.654711],[28.771342,44.654668],[28.770019,44.654625],[28.769456,44.654606],[28.769404,44.654605],[28.768013,44.654525],[28.766414,44.654433],[28.765603,44.654386],[28.76443,44.654319],[28.763479,44.654265],[28.762934,44.654233],[28.762522,44.654233],[28.761318,44.654233],[28.758745,44.654233],[28.756731,44.654233],[28.755576,44.654233],[28.753746,44.654233],[28.75361,44.654233],[28.754131,44.654892],[28.754571,44.655703],[28.755021,44.656512],[28.755479,44.657318],[28.755946,44.658121],[28.756423,44.658921],[28.756908,44.659719],[28.757403,44.660514],[28.757906,44.661307],[28.758418,44.662096],[28.758939,44.662883],[28.759468,44.663666],[28.760007,44.664446],[28.760554,44.665224],[28.76111,44.665998],[28.761674,44.666769],[28.762247,44.667536],[28.762829,44.668301],[28.763419,44.669062],[28.764018,44.66982],[28.764431,44.670502],[28.76464,44.671044],[28.764859,44.671584],[28.765087,44.672123],[28.765323,44.672659],[28.765569,44.673193],[28.765823,44.673725],[28.766086,44.674255],[28.766358,44.674783],[28.766639,44.675308],[28.766929,44.675831],[28.767227,44.676351],[28.767534,44.676869],[28.76785,44.677384],[28.768174,44.677896],[28.768507,44.678406],[28.768848,44.678913],[28.769198,44.679417],[28.769556,44.679917],[28.769922,44.680415],[28.770297,44.68091],[28.772245,44.683954],[28.774715,44.687663],[28.776571,44.690179],[28.777087,44.691031],[28.77761,44.69188],[28.778142,44.692727],[28.778682,44.693571],[28.779231,44.694413],[28.779787,44.695251],[28.780352,44.696087],[28.780926,44.69692],[28.781507,44.697751],[28.782096,44.698578],[28.782694,44.699402],[28.783299,44.700223],[28.783913,44.701042],[28.784535,44.701857],[28.785165,44.702669],[28.785802,44.703478],[28.786448,44.704283],[28.787097,44.705088],[28.787779,44.705926],[28.78847,44.706761],[28.789169,44.707593],[28.789877,44.708421],[28.790593,44.709245],[28.791317,44.710066],[28.792049,44.710882],[28.79279,44.711695],[28.793539,44.712505],[28.794296,44.71331],[28.795061,44.714111],[28.795835,44.714909],[28.796616,44.715703],[28.797405,44.716492],[28.798203,44.717277],[28.799008,44.718059],[28.799821,44.718836],[28.800642,44.719609],[28.801471,44.720378],[28.802307,44.721142],[28.803152,44.721902],[28.804003,44.722658],[28.804863,44.723409],[28.80573,44.724156],[28.806605,44.724899],[28.807487,44.725637],[28.808376,44.72637],[28.809107,44.72709],[28.809846,44.727805],[28.810592,44.728517],[28.811346,44.729224],[28.812107,44.729927],[28.812877,44.730626],[28.813654,44.731321],[28.814438,44.732011],[28.81523,44.732697],[28.816029,44.733379],[28.816836,44.734056],[28.81765,44.734728],[28.818472,44.735397],[28.8193,44.73606],[28.820136,44.736719],[28.820979,44.737374],[28.821829,44.738023],[28.822687,44.738668],[28.823551,44.739308],[28.824422,44.739944],[28.828843,44.744659],[28.832951,44.748593],[28.833633,44.749407],[28.834323,44.750217],[28.835022,44.751023],[28.83573,44.751826],[28.836445,44.752625],[28.837169,44.75342],[28.837902,44.754211],[28.838642,44.754999],[28.839391,44.755782],[28.840148,44.756562],[28.840912,44.757338],[28.841685,44.758109],[28.842466,44.758877],[28.843255,44.75964],[28.844052,44.760399],[28.844856,44.761154],[28.845669,44.761904],[28.846489,44.762651],[28.847317,44.763393],[28.848153,44.76413],[28.848996,44.764863],[28.849847,44.765592],[28.850706,44.766316],[28.851572,44.767036],[28.852586,44.767876],[28.853487,44.768617],[28.85501,44.769799],[28.857064,44.771755],[28.859806,44.774304],[28.860188,44.774649],[28.872336,44.785589],[28.875923,44.78872],[28.878489,44.790893],[28.879266,44.791623],[28.88005,44.792349],[28.880842,44.793071],[28.881641,44.793789],[28.882447,44.794502],[28.883261,44.795212],[28.884082,44.795917],[28.88491,44.796618],[28.885745,44.797315],[28.886587,44.798007],[28.887437,44.798695],[28.888293,44.799379],[28.889156,44.800058],[28.890027,44.800732],[28.890904,44.801402],[28.920141,44.823693],[28.921027,44.824366],[28.92192,44.825034],[28.922819,44.825698],[28.923726,44.826357],[28.924639,44.827011],[28.925558,44.82766],[28.926484,44.828305],[28.927417,44.828946],[28.928356,44.829581],[28.929301,44.830212],[28.930253,44.830837],[28.931211,44.831458],[28.932175,44.832074],[28.933145,44.832685],[28.934122,44.833291],[28.935104,44.833892],[28.936093,44.834488],[28.937088,44.835079],[28.938088,44.835665],[28.954109,44.846573],[28.955087,44.847235],[28.956071,44.847893],[28.957063,44.848545],[28.958061,44.849192],[28.959066,44.849833],[28.960078,44.85047],[28.961097,44.8511],[28.962122,44.851726],[28.963154,44.852345],[28.964192,44.85296],[28.965237,44.853569],[28.966288,44.854172],[28.967345,44.854769],[28.968409,44.855361],[28.969479,44.855947],[28.970555,44.856528],[28.971637,44.857103],[28.972725,44.857672],[28.973819,44.858235],[28.974919,44.858792],[28.976025,44.859344],[28.992965,44.86862],[28.994516,44.86946],[28.998684,44.87163],[28.999708,44.872267],[29.000739,44.872898],[29.001776,44.873524],[29.00282,44.874145],[29.00387,44.874761],[29.004926,44.875371],[29.005988,44.875975],[29.007057,44.876574],[29.008131,44.877168],[29.009212,44.877756],[29.010299,44.878338],[29.011391,44.878915],[29.01249,44.879486],[29.013594,44.880051],[29.014704,44.880611],[29.01582,44.881165],[29.016941,44.881713],[29.018068,44.882255],[29.0192,44.882792],[29.020338,44.883323],[29.021481,44.883847],[29.02263,44.884366],[29.023784,44.884879],[29.024943,44.885386],[29.026107,44.885887],[29.027277,44.886382],[29.028451,44.886871],[29.02963,44.887354],[29.030815,44.88783],[29.032004,44.888301],[29.033198,44.888766],[29.034396,44.889224],[29.035599,44.889676],[29.036807,44.890122],[29.03802,44.890561],[29.039237,44.890995],[29.040458,44.891422],[29.041684,44.891842],[29.042913,44.892257],[29.044147,44.892665],[29.045386,44.893067],[29.046628,44.893462],[29.047874,44.893851],[29.049125,44.894233],[29.050379,44.894609],[29.051637,44.894978],[29.052898,44.895341],[29.054164,44.895698],[29.055433,44.896048],[29.056705,44.896391],[29.057981,44.896728],[29.059261,44.897058],[29.060544,44.897382],[29.06183,44.897699],[29.063119,44.898009],[29.064411,44.898312],[29.065707,44.898609],[29.067005,44.8989],[29.068307,44.899183],[29.069611,44.89946],[29.083473,44.903748],[29.084716,44.904128],[29.085962,44.904503],[29.087212,44.904871],[29.088466,44.905232],[29.089724,44.905587],[29.090985,44.905936],[29.092249,44.906278],[29.093517,44.906614],[29.094788,44.906944],[29.096063,44.907267],[29.097341,44.907583],[29.098621,44.907893],[29.099905,44.908197],[29.101192,44.908494],[29.102482,44.908784],[29.103775,44.909068],[29.105071,44.909346],[29.106369,44.909616],[29.10767,44.90988],[29.108974,44.910138],[29.110281,44.910389],[29.111589,44.910633],[29.112901,44.910871],[29.114214,44.911102],[29.11553,44.911326],[29.116848,44.911544],[29.118169,44.911755],[29.119491,44.911959],[29.123717,44.9126],[29.126386,44.913038],[29.135542,44.914768],[29.140659,44.91568],[29.142132,44.915923],[29.143879,44.916205],[29.147897,44.91679],[29.149112,44.917144],[29.15033,44.917491],[29.151552,44.917833],[29.152778,44.918168],[29.154006,44.918497],[29.155238,44.91882],[29.156473,44.919136],[29.157711,44.919447],[29.158953,44.919751],[29.160197,44.920048],[29.161444,44.92034],[29.162694,44.920625],[29.163947,44.920904],[29.165203,44.921177],[29.166462,44.921443],[29.167723,44.921703],[29.168986,44.921956],[29.170252,44.922203],[29.171521,44.922444],[29.196965,44.927218],[29.198256,44.927457],[29.199549,44.927689],[29.200845,44.927915],[29.202143,44.928134],[29.203443,44.928347],[29.204746,44.928553],[29.20605,44.928753],[29.207356,44.928946],[29.208664,44.929132],[29.209974,44.929313],[29.211286,44.929486],[29.212599,44.929653],[29.213914,44.929813],[29.215231,44.929967],[29.216549,44.930114],[29.217868,44.930255],[29.219189,44.930389],[29.220511,44.930517],[29.221834,44.930637],[29.223159,44.930752],[29.224485,44.930859],[29.225811,44.93096],[29.228279,44.931141],[29.229909,44.931269],[29.231212,44.93148],[29.232517,44.931684],[29.233824,44.931881],[29.235133,44.932071],[29.236444,44.932254],[29.237757,44.93243],[29.239072,44.932599],[29.240388,44.93276],[29.241706,44.932915],[29.243026,44.933063],[29.244347,44.933204],[29.24567,44.933337],[29.246994,44.933464],[29.24832,44.933583],[29.249647,44.933696],[29.250975,44.933801],[29.252303,44.933899],[29.253633,44.933991],[29.254964,44.934075],[29.260057,44.934393],[29.260971,44.934449],[29.281024,44.935633],[29.2822,44.935721],[29.286913,44.936237],[29.293092,44.937009],[29.294454,44.937175],[29.295817,44.937334],[29.297183,44.937487],[29.298549,44.937632],[29.299918,44.93777],[29.301287,44.937901],[29.302658,44.938025],[29.304031,44.938142],[29.305404,44.938251],[29.306778,44.938354],[29.308154,44.938449],[29.30953,44.938538],[29.310908,44.938619],[29.312286,44.938693],[29.313664,44.93876],[29.315044,44.93882],[29.316424,44.938872],[29.317805,44.938918],[29.319185,44.938956],[29.320567,44.938987],[29.321948,44.939011],[29.32333,44.939028],[29.324712,44.939038],[29.345744,44.939129],[29.350145,44.939111],[29.35209,44.939087],[29.354927,44.939291],[29.358533,44.939458],[29.363939,44.93977],[29.365271,44.939845],[29.36572,44.93986],[29.368623,44.940176],[29.36995,44.94027],[29.370952,44.940417],[29.389136,44.942736],[29.397242,44.944234],[29.406266,44.945562],[29.417423,44.947004],[29.424981,44.948148],[29.431147,44.949005],[29.434446,44.949403],[29.440085,44.950045],[29.440797,44.953384],[29.441027,44.954438],[29.441278,44.955526],[29.444272,44.968188],[29.446602,44.978539],[29.448383,44.985327],[29.448986,44.987111],[29.449096,44.98753],[29.449546,44.988991],[29.449653,44.989328],[29.450254,44.992341],[29.450752,44.994688],[29.451395,44.997322],[29.451368,44.998267],[29.451351,44.999211],[29.451343,45.000156],[29.451345,45.001101],[29.451356,45.002045],[29.451377,45.00299],[29.451408,45.003934],[29.451448,45.004879],[29.451498,45.005823],[29.451558,45.006766],[29.451628,45.00771],[29.451707,45.008653],[29.451795,45.009595],[29.451894,45.010538],[29.452002,45.011479],[29.452119,45.01242],[29.452247,45.013361],[29.452384,45.0143],[29.45253,45.015239],[29.452686,45.016177],[29.452852,45.017115],[29.453027,45.018051],[29.453212,45.018987],[29.453407,45.019921],[29.453611,45.020855],[29.453824,45.021787],[29.454047,45.022719],[29.45428,45.023649],[29.454522,45.024578],[29.454774,45.025505],[29.455035,45.026432],[29.455306,45.027357],[29.455586,45.02828],[29.455876,45.029202],[29.455961,45.029669],[29.456685,45.033058],[29.45693,45.034662],[29.457568,45.041758],[29.457971,45.045447],[29.458895,45.052623],[29.459192,45.054747],[29.46016,45.06012],[29.460546,45.062244],[29.460759,45.064049],[29.46119,45.067256],[29.461488,45.06884],[29.461512,45.069721],[29.461546,45.070602],[29.461591,45.071483],[29.461645,45.072364],[29.461709,45.073244],[29.461783,45.074124],[29.461867,45.075004],[29.461961,45.075883],[29.462065,45.076761],[29.462179,45.077639],[29.462303,45.078516],[29.462437,45.079392],[29.462581,45.080268],[29.462735,45.081143],[29.462898,45.082017],[29.463072,45.082889],[29.463255,45.083761],[29.463449,45.084632],[29.463652,45.085502],[29.464546,45.089514],[29.464761,45.091647],[29.465073,45.09416],[29.465183,45.096716],[29.465474,45.099795],[29.465755,45.102329],[29.466259,45.106174],[29.467572,45.113064],[29.467144,45.113755],[29.466588,45.114629],[29.466041,45.115505],[29.465502,45.116384],[29.464973,45.117266],[29.464452,45.118151],[29.46394,45.119038],[29.463438,45.119928],[29.462944,45.12082],[29.462459,45.121715],[29.461984,45.122612],[29.461518,45.123512],[29.46106,45.124413],[29.460612,45.125318],[29.460173,45.126224],[29.459743,45.127133],[29.459323,45.128044],[29.458912,45.128957],[29.45851,45.129872],[29.458117,45.130789],[29.457733,45.131708],[29.457359,45.132629],[29.456995,45.133552],[29.456639,45.134476],[29.456293,45.135403],[29.455957,45.136331],[29.455629,45.137261],[29.455312,45.138192],[29.455052,45.138824],[29.453527,45.142741],[29.452938,45.144393],[29.451409,45.148793],[29.44978,45.153908],[29.448259,45.159825],[29.447617,45.162684],[29.446756,45.16582],[29.445418,45.17129],[29.444378,45.176927],[29.444099,45.178737],[29.443767,45.17966],[29.443445,45.180584],[29.443132,45.18151],[29.442828,45.182438],[29.442533,45.183367],[29.442248,45.184297],[29.441972,45.185229],[29.441706,45.186162],[29.441448,45.187097],[29.441201,45.188033],[29.440962,45.18897],[29.440733,45.189908],[29.440513,45.190847],[29.440303,45.191788],[29.440103,45.192729],[29.439911,45.193672],[29.439729,45.194615],[29.439557,45.195559],[29.439394,45.196504],[29.439241,45.19745],[29.439097,45.198397],[29.438962,45.199344],[29.438837,45.200292],[29.438722,45.201241],[29.438616,45.20219],[29.43852,45.203139],[29.438433,45.20409],[29.438356,45.20504],[29.438288,45.205991],[29.438176,45.206969],[29.438074,45.207948],[29.437982,45.208928],[29.4379,45.209908],[29.437829,45.210888],[29.437768,45.211869],[29.437716,45.21285],[29.437675,45.213831],[29.437645,45.214812],[29.437624,45.215794],[29.437613,45.216775],[29.437613,45.217757],[29.437623,45.218739],[29.437643,45.21972],[29.437673,45.220701],[29.437713,45.221683],[29.437764,45.222664],[29.437824,45.223644],[29.437895,45.224625],[29.437976,45.225605],[29.438067,45.226584],[29.438168,45.227563],[29.438279,45.228542],[29.438401,45.229519],[29.438533,45.230497],[29.438674,45.231473],[29.438826,45.232449],[29.438988,45.233424],[29.43916,45.234398],[29.439343,45.235371],[29.439535,45.236343],[29.444489,45.237703],[29.455018,45.239482],[29.466265,45.240088],[29.481674,45.240433],[29.501208,45.240898],[29.517968,45.241549],[29.522227,45.242206],[29.523951,45.246045],[29.52577,45.250251],[29.526137,45.25339],[29.544575,45.410493],[29.560424,45.40357],[29.560932,45.403384],[29.564027,45.40238],[29.566921,45.400985],[29.573669,45.397],[29.583655,45.392533],[29.589574,45.390005],[29.593112,45.387602],[29.596808,45.38394],[29.60088,45.381074],[29.60445,45.378568],[29.607963,45.375142],[29.608394,45.374754],[29.621296,45.362371],[29.623434,45.359845],[29.623997,45.359299],[29.624513,45.358905],[29.626778,45.357172],[29.630014,45.354317],[29.642066,45.346098],[29.651044,45.339744],[29.651201,45.338195],[29.654944,45.334386],[29.655631,45.33336],[29.655756,45.333089],[29.657302,45.329492],[29.660742,45.322917],[29.662505,45.31823],[29.664146,45.31551],[29.666751,45.312433],[29.667979,45.310543],[29.668933,45.308398],[29.668987,45.307921],[29.66988,45.304711],[29.669904,45.301118],[29.66968,45.29841],[29.669717,45.29586],[29.670435,45.293352],[29.671239,45.29142],[29.671302,45.291085],[29.674805,45.283398],[29.676618,45.278994],[29.677107,45.276906],[29.677698,45.269229],[29.675496,45.266819],[29.671297,45.265053],[29.66709,45.262508],[29.664753,45.260975],[29.663903,45.260007],[29.662535,45.258028],[29.661058,45.254479],[29.659898,45.251677],[29.65967,45.250193],[29.659699,45.249754],[29.659594,45.249341],[29.659676,45.247846],[29.660005,45.246942],[29.660797,45.244943],[29.661332,45.242678],[29.661532,45.240692],[29.661864,45.239319],[29.662607,45.237505],[29.663186,45.236666],[29.66442,45.234798],[29.665918,45.23261],[29.667011,45.231033],[29.667474,45.229903],[29.668072,45.228603],[29.668751,45.226565],[29.669168,45.224851]]],[[[28.75361,44.654233],[28.942508,45.280587],[28.947201,45.282268],[28.948754,45.282975],[28.950626,45.284568],[28.952556,45.287232],[28.953968,45.290648],[28.954147,45.291409],[28.954843,45.294263],[28.954043,45.298578],[28.949814,45.30554],[28.948268,45.309093],[28.949342,45.312152],[28.953799,45.316726],[28.957564,45.323921],[28.959579,45.326718],[28.964392,45.331368],[28.964889,45.33203],[28.975718,45.33205],[28.982536,45.331771],[28.985852,45.332308],[28.987492,45.333076],[28.99126,45.334818],[28.996388,45.336242],[28.998429,45.337848],[29.002602,45.341239],[29.004697,45.342695],[29.007206,45.344031],[29.00982,45.34516],[29.013887,45.346752],[29.016939,45.347422],[29.019742,45.348356],[29.02341,45.349578],[29.028908,45.35169],[29.033868,45.354424],[29.03982,45.358718],[29.04147,45.35974],[29.043856,45.36073],[29.049354,45.359589],[29.052876,45.359232],[29.056809,45.359597],[29.05958,45.360441],[29.060929,45.361267],[29.061862,45.361887],[29.065042,45.363411],[29.070668,45.365625],[29.075411,45.367503],[29.079377,45.370206],[29.081649,45.372498],[29.082277,45.372828],[29.084259,45.37384],[29.088357,45.374364],[29.096617,45.374597],[29.100187,45.374226],[29.102976,45.374185],[29.105597,45.374602],[29.106359,45.374746],[29.106667,45.374886],[29.11139,45.376752],[29.114803,45.378672],[29.119071,45.381231],[29.121935,45.38205],[29.123429,45.382116],[29.124038,45.382152],[29.130953,45.383272],[29.132856,45.383742],[29.138544,45.385148],[29.150787,45.388576],[29.168932,45.395073],[29.176029,45.398367],[29.17874,45.400207],[29.180835,45.402176],[29.182668,45.407251],[29.183817,45.409647],[29.184595,45.410677],[29.185929,45.411537],[29.187336,45.412409],[29.197697,45.415862],[29.200322,45.416195],[29.202897,45.416415],[29.204404,45.416604],[29.207931,45.417259],[29.211581,45.417712],[29.215846,45.419139],[29.220862,45.421159],[29.225627,45.423487],[29.230481,45.42775],[29.236692,45.43201],[29.23978,45.43343],[29.242485,45.434334],[29.245733,45.434756],[29.248428,45.434943],[29.250268,45.435077],[29.2581,45.433125],[29.26506,45.429377],[29.269767,45.427808],[29.2789,45.426824],[29.283138,45.427023],[29.285691,45.4264],[29.293308,45.427971],[29.298887,45.430176],[29.304979,45.43417],[29.307784,45.437196],[29.310576,45.439625],[29.310929,45.439874],[29.317898,45.445832],[29.320424,45.446995],[29.322019,45.447456],[29.324003,45.447569],[29.329459,45.447651],[29.335844,45.445822],[29.342264,45.441812],[29.347246,45.439226],[29.350498,45.43822],[29.358013,45.436932],[29.366597,45.438001],[29.373429,45.437894],[29.373849,45.437922],[29.378015,45.439368],[29.380751,45.439691],[29.385965,45.437753],[29.390055,45.436448],[29.392248,45.436384],[29.395314,45.43672],[29.397944,45.436442],[29.401493,45.43754],[29.404508,45.438802],[29.40894,45.440357],[29.413956,45.441567],[29.419267,45.442515],[29.425603,45.442878],[29.429915,45.442647],[29.432023,45.441137],[29.434407,45.438308],[29.43593,45.43647],[29.436424,45.435891],[29.439131,45.434067],[29.441035,45.433404],[29.444203,45.432767],[29.449476,45.431874],[29.453612,45.430859],[29.459705,45.429302],[29.463803,45.427957],[29.467105,45.426393],[29.471291,45.424156],[29.474568,45.422942],[29.479079,45.42181],[29.48249,45.421468],[29.484397,45.420963],[29.491002,45.419959],[29.494361,45.419179],[29.497799,45.418917],[29.498431,45.418824],[29.502856,45.418425],[29.507899,45.417383],[29.512846,45.41642],[29.514301,45.416082],[29.518598,45.415041],[29.52197,45.414074],[29.529094,45.41312],[29.538169,45.411623],[29.541038,45.410662],[29.541185,45.410597],[29.542116,45.410184],[29.544493,45.409795],[29.526137,45.25339],[29.52577,45.250251],[29.523951,45.246045],[29.522227,45.242206],[29.517968,45.241549],[29.501208,45.240898],[29.481674,45.240433],[29.466265,45.240088],[29.455018,45.239482],[29.444489,45.237703],[29.439535,45.236343],[29.439343,45.235371],[29.43916,45.234398],[29.438988,45.233424],[29.438826,45.232449],[29.438674,45.231473],[29.438533,45.230497],[29.438401,45.229519],[29.438279,45.228542],[29.438168,45.227563],[29.438067,45.226584],[29.437976,45.225605],[29.437895,45.224625],[29.437824,45.223644],[29.437764,45.222664],[29.437713,45.221683],[29.437673,45.220701],[29.437643,45.21972],[29.437623,45.218739],[29.437613,45.217757],[29.437613,45.216775],[29.437624,45.215794],[29.437645,45.214812],[29.437675,45.213831],[29.437716,45.21285],[29.437768,45.211869],[29.437829,45.210888],[29.4379,45.209908],[29.437982,45.208928],[29.438074,45.207948],[29.438176,45.206969],[29.438288,45.205991],[29.438356,45.20504],[29.438433,45.20409],[29.43852,45.203139],[29.438616,45.20219],[29.438722,45.201241],[29.438837,45.200292],[29.438962,45.199344],[29.439097,45.198397],[29.439241,45.19745],[29.439394,45.196504],[29.439557,45.195559],[29.439729,45.194615],[29.439911,45.193672],[29.440103,45.192729],[29.440303,45.191788],[29.440513,45.190847],[29.440733,45.189908],[29.440962,45.18897],[29.441201,45.188033],[29.441448,45.187097],[29.441706,45.186162],[29.441972,45.185229],[29.442248,45.184297],[29.442533,45.183367],[29.442828,45.182438],[29.443132,45.18151],[29.443445,45.180584],[29.443767,45.17966],[29.444099,45.178737],[29.444378,45.176927],[29.445418,45.17129],[29.446756,45.16582],[29.447617,45.162684],[29.448259,45.159825],[29.44978,45.153908],[29.451409,45.148793],[29.452938,45.144393],[29.453527,45.142741],[29.455052,45.138824],[29.455312,45.138192],[29.455629,45.137261],[29.455957,45.136331],[29.456293,45.135403],[29.456639,45.134476],[29.456995,45.133552],[29.457359,45.132629],[29.457733,45.131708],[29.458117,45.130789],[29.45851,45.129872],[29.458912,45.128957],[29.459323,45.128044],[29.459743,45.127133],[29.460173,45.126224],[29.460612,45.125318],[29.46106,45.124413],[29.461518,45.123512],[29.461984,45.122612],[29.462459,45.121715],[29.462944,45.12082],[29.463438,45.119928],[29.46394,45.119038],[29.464452,45.118151],[29.464973,45.117266],[29.465502,45.116384],[29.466041,45.115505],[29.466588,45.114629],[29.467144,45.113755],[29.467572,45.113064],[29.466259,45.106174],[29.465755,45.102329],[29.465474,45.099795],[29.465183,45.096716],[29.465073,45.09416],[29.464761,45.091647],[29.464546,45.089514],[29.463652,45.085502],[29.463449,45.084632],[29.463255,45.083761],[29.463072,45.082889],[29.462898,45.082017],[29.462735,45.081143],[29.462581,45.080268],[29.462437,45.079392],[29.462303,45.078516],[29.462179,45.077639],[29.462065,45.076761],[29.461961,45.075883],[29.461867,45.075004],[29.461783,45.074124],[29.461709,45.073244],[29.461645,45.072364],[29.461591,45.071483],[29.461546,45.070602],[29.461512,45.069721],[29.461488,45.06884],[29.46119,45.067256],[29.460759,45.064049],[29.460546,45.062244],[29.46016,45.06012],[29.459192,45.054747],[29.458895,45.052623],[29.457971,45.045447],[29.457568,45.041758],[29.45693,45.034662],[29.456685,45.033058],[29.455961,45.029669],[29.455876,45.029202],[29.455586,45.02828],[29.455306,45.027357],[29.455035,45.026432],[29.454774,45.025505],[29.454522,45.024578],[29.45428,45.023649],[29.454047,45.022719],[29.453824,45.021787],[29.453611,45.020855],[29.453407,45.019921],[29.453212,45.018987],[29.453027,45.018051],[29.452852,45.017115],[29.452686,45.016177],[29.45253,45.015239],[29.452384,45.0143],[29.452247,45.013361],[29.452119,45.01242],[29.452002,45.011479],[29.451894,45.010538],[29.451795,45.009595],[29.451707,45.008653],[29.451628,45.00771],[29.451558,45.006766],[29.451498,45.005823],[29.451448,45.004879],[29.451408,45.003934],[29.451377,45.00299],[29.451356,45.002045],[29.451345,45.001101],[29.451343,45.000156],[29.451351,44.999211],[29.451368,44.998267],[29.451395,44.997322],[29.450752,44.994688],[29.450254,44.992341],[29.449653,44.989328],[29.449546,44.988991],[29.449096,44.98753],[29.448986,44.987111],[29.448383,44.985327],[29.446602,44.978539],[29.444272,44.968188],[29.441278,44.955526],[29.441027,44.954438],[29.440797,44.953384],[29.440085,44.950045],[29.434446,44.949403],[29.431147,44.949005],[29.424981,44.948148],[29.417423,44.947004],[29.406266,44.945562],[29.397242,44.944234],[29.389136,44.942736],[29.370952,44.940417],[29.36995,44.94027],[29.368623,44.940176],[29.36572,44.93986],[29.365271,44.939845],[29.363939,44.93977],[29.358533,44.939458],[29.354927,44.939291],[29.35209,44.939087],[29.350145,44.939111],[29.345744,44.939129],[29.324712,44.939038],[29.32333,44.939028],[29.321948,44.939011],[29.320567,44.938987],[29.319185,44.938956],[29.317805,44.938918],[29.316424,44.938872],[29.315044,44.93882],[29.313664,44.93876],[29.312286,44.938693],[29.310908,44.938619],[29.30953,44.938538],[29.308154,44.938449],[29.306778,44.938354],[29.305404,44.938251],[29.304031,44.938142],[29.302658,44.938025],[29.301287,44.937901],[29.299918,44.93777],[29.298549,44.937632],[29.297183,44.937487],[29.295817,44.937334],[29.294454,44.937175],[29.293092,44.937009],[29.286913,44.936237],[29.2822,44.935721],[29.281024,44.935633],[29.260971,44.934449],[29.260057,44.934393],[29.254964,44.934075],[29.253633,44.933991],[29.252303,44.933899],[29.250975,44.933801],[29.249647,44.933696],[29.24832,44.933583],[29.246994,44.933464],[29.24567,44.933337],[29.244347,44.933204],[29.243026,44.933063],[29.241706,44.932915],[29.240388,44.93276],[29.239072,44.932599],[29.237757,44.93243],[29.236444,44.932254],[29.235133,44.932071],[29.233824,44.931881],[29.232517,44.931684],[29.231212,44.93148],[29.229909,44.931269],[29.228279,44.931141],[29.225811,44.93096],[29.224485,44.930859],[29.223159,44.930752],[29.221834,44.930637],[29.220511,44.930517],[29.219189,44.930389],[29.217868,44.930255],[29.216549,44.930114],[29.215231,44.929967],[29.213914,44.929813],[29.212599,44.929653],[29.211286,44.929486],[29.209974,44.929313],[29.208664,44.929132],[29.207356,44.928946],[29.20605,44.928753],[29.204746,44.928553],[29.203443,44.928347],[29.202143,44.928134],[29.200845,44.927915],[29.199549,44.927689],[29.198256,44.927457],[29.196965,44.927218],[29.171521,44.922444],[29.170252,44.922203],[29.168986,44.921956],[29.167723,44.921703],[29.166462,44.921443],[29.165203,44.921177],[29.163947,44.920904],[29.162694,44.920625],[29.161444,44.92034],[29.160197,44.920048],[29.158953,44.919751],[29.157711,44.919447],[29.156473,44.919136],[29.155238,44.91882],[29.154006,44.918497],[29.152778,44.918168],[29.151552,44.917833],[29.15033,44.917491],[29.149112,44.917144],[29.147897,44.91679],[29.143879,44.916205],[29.142132,44.915923],[29.140659,44.91568],[29.135542,44.914768],[29.126386,44.913038],[29.123717,44.9126],[29.119491,44.911959],[29.118169,44.911755],[29.116848,44.911544],[29.11553,44.911326],[29.114214,44.911102],[29.112901,44.910871],[29.111589,44.910633],[29.110281,44.910389],[29.108974,44.910138],[29.10767,44.90988],[29.106369,44.909616],[29.105071,44.909346],[29.103775,44.909068],[29.102482,44.908784],[29.101192,44.908494],[29.099905,44.908197],[29.098621,44.907893],[29.097341,44.907583],[29.096063,44.907267],[29.094788,44.906944],[29.093517,44.906614],[29.092249,44.906278],[29.090985,44.905936],[29.089724,44.905587],[29.088466,44.905232],[29.087212,44.904871],[29.085962,44.904503],[29.084716,44.904128],[29.083473,44.903748],[29.069611,44.89946],[29.068307,44.899183],[29.067005,44.8989],[29.065707,44.898609],[29.064411,44.898312],[29.063119,44.898009],[29.06183,44.897699],[29.060544,44.897382],[29.059261,44.897058],[29.057981,44.896728],[29.056705,44.896391],[29.055433,44.896048],[29.054164,44.895698],[29.052898,44.895341],[29.051637,44.894978],[29.050379,44.894609],[29.049125,44.894233],[29.047874,44.893851],[29.046628,44.893462],[29.045386,44.893067],[29.044147,44.892665],[29.042913,44.892257],[29.041684,44.891842],[29.040458,44.891422],[29.039237,44.890995],[29.03802,44.890561],[29.036807,44.890122],[29.035599,44.889676],[29.034396,44.889224],[29.033198,44.888766],[29.032004,44.888301],[29.030815,44.88783],[29.02963,44.887354],[29.028451,44.886871],[29.027277,44.886382],[29.026107,44.885887],[29.024943,44.885386],[29.023784,44.884879],[29.02263,44.884366],[29.021481,44.883847],[29.020338,44.883323],[29.0192,44.882792],[29.018068,44.882255],[29.016941,44.881713],[29.01582,44.881165],[29.014704,44.880611],[29.013594,44.880051],[29.01249,44.879486],[29.011391,44.878915],[29.010299,44.878338],[29.009212,44.877756],[29.008131,44.877168],[29.007057,44.876574],[29.005988,44.875975],[29.004926,44.875371],[29.00387,44.874761],[29.00282,44.874145],[29.001776,44.873524],[29.000739,44.872898],[28.999708,44.872267],[28.998684,44.87163],[28.994516,44.86946],[28.992965,44.86862],[28.976025,44.859344],[28.974919,44.858792],[28.973819,44.858235],[28.972725,44.857672],[28.971637,44.857103],[28.970555,44.856528],[28.969479,44.855947],[28.968409,44.855361],[28.967345,44.854769],[28.966288,44.854172],[28.965237,44.853569],[28.964192,44.85296],[28.963154,44.852345],[28.962122,44.851726],[28.961097,44.8511],[28.960078,44.85047],[28.959066,44.849833],[28.958061,44.849192],[28.957063,44.848545],[28.956071,44.847893],[28.955087,44.847235],[28.954109,44.846573],[28.938088,44.835665],[28.937088,44.835079],[28.936093,44.834488],[28.935104,44.833892],[28.934122,44.833291],[28.933145,44.832685],[28.932175,44.832074],[28.931211,44.831458],[28.930253,44.830837],[28.929301,44.830212],[28.928356,44.829581],[28.927417,44.828946],[28.926484,44.828305],[28.925558,44.82766],[28.924639,44.827011],[28.923726,44.826357],[28.922819,44.825698],[28.92192,44.825034],[28.921027,44.824366],[28.920141,44.823693],[28.890904,44.801402],[28.890027,44.800732],[28.889156,44.800058],[28.888293,44.799379],[28.887437,44.798695],[28.886587,44.798007],[28.885745,44.797315],[28.88491,44.796618],[28.884082,44.795917],[28.883261,44.795212],[28.882447,44.794502],[28.881641,44.793789],[28.880842,44.793071],[28.88005,44.792349],[28.879266,44.791623],[28.878489,44.790893],[28.875923,44.78872],[28.872336,44.785589],[28.860188,44.774649],[28.859806,44.774304],[28.857064,44.771755],[28.85501,44.769799],[28.853487,44.768617],[28.852586,44.767876],[28.851572,44.767036],[28.850706,44.766316],[28.849847,44.765592],[28.848996,44.764863],[28.848153,44.76413],[28.847317,44.763393],[28.846489,44.762651],[28.845669,44.761904],[28.844856,44.761154],[28.844052,44.760399],[28.843255,44.75964],[28.842466,44.758877],[28.841685,44.758109],[28.840912,44.757338],[28.840148,44.756562],[28.839391,44.755782],[28.838642,44.754999],[28.837902,44.754211],[28.837169,44.75342],[28.836445,44.752625],[28.83573,44.751826],[28.835022,44.751023],[28.834323,44.750217],[28.833633,44.749407],[28.832951,44.748593],[28.828843,44.744659],[28.824422,44.739944],[28.823551,44.739308],[28.822687,44.738668],[28.821829,44.738023],[28.820979,44.737374],[28.820136,44.736719],[28.8193,44.73606],[28.818472,44.735397],[28.81765,44.734728],[28.816836,44.734056],[28.816029,44.733379],[28.81523,44.732697],[28.814438,44.732011],[28.813654,44.731321],[28.812877,44.730626],[28.812107,44.729927],[28.811346,44.729224],[28.810592,44.728517],[28.809846,44.727805],[28.809107,44.72709],[28.808376,44.72637],[28.807487,44.725637],[28.806605,44.724899],[28.80573,44.724156],[28.804863,44.723409],[28.804003,44.722658],[28.803152,44.721902],[28.802307,44.721142],[28.801471,44.720378],[28.800642,44.719609],[28.799821,44.718836],[28.799008,44.718059],[28.798203,44.717277],[28.797405,44.716492],[28.796616,44.715703],[28.795835,44.714909],[28.795061,44.714111],[28.794296,44.71331],[28.793539,44.712505],[28.79279,44.711695],[28.792049,44.710882],[28.791317,44.710066],[28.790593,44.709245],[28.789877,44.708421],[28.789169,44.707593],[28.78847,44.706761],[28.787779,44.705926],[28.787097,44.705088],[28.786448,44.704283],[28.785802,44.703478],[28.785165,44.702669],[28.784535,44.701857],[28.783913,44.701042],[28.783299,44.700223],[28.782694,44.699402],[28.782096,44.698578],[28.781507,44.697751],[28.780926,44.69692],[28.780352,44.696087],[28.779787,44.695251],[28.779231,44.694413],[28.778682,44.693571],[28.778142,44.692727],[28.77761,44.69188],[28.777087,44.691031],[28.776571,44.690179],[28.774715,44.687663],[28.772245,44.683954],[28.770297,44.68091],[28.769922,44.680415],[28.769556,44.679917],[28.769198,44.679417],[28.768848,44.678913],[28.768507,44.678406],[28.768174,44.677896],[28.76785,44.677384],[28.767534,44.676869],[28.767227,44.676351],[28.766929,44.675831],[28.766639,44.675308],[28.766358,44.674783],[28.766086,44.674255],[28.765823,44.673725],[28.765569,44.673193],[28.765323,44.672659],[28.765087,44.672123],[28.764859,44.671584],[28.76464,44.671044],[28.764431,44.670502],[28.764018,44.66982],[28.763419,44.669062],[28.762829,44.668301],[28.762247,44.667536],[28.761674,44.666769],[28.76111,44.665998],[28.760554,44.665224],[28.760007,44.664446],[28.759468,44.663666],[28.758939,44.662883],[28.758418,44.662096],[28.757906,44.661307],[28.757403,44.660514],[28.756908,44.659719],[28.756423,44.658921],[28.755946,44.658121],[28.755479,44.657318],[28.755021,44.656512],[28.754571,44.655703],[28.754131,44.654892],[28.75361,44.654233]]]]},"properties":{"alert_id":"852deeb81b69f478","source":"nowcasting","alert_type":"nowcasting","feature_id":"74db092f3074999014","judet_cod":"TL","judet_nume":"Tulcea","county_code":"TL","county_name":"Tulcea","cod_judet":"TL","cod_culoare":1,"cod_culoare_nume":"Galben","culoare":"1","cod":"Galben","fenomen_principal":"Intensificări ale vântului cu viteze la rafală de 50...70 km/h.","fenomen_group":"alte fenomene","zona_text":"Județul Tulcea : Delta Dunarii, respectiv zona localităților: Sarichioi, Jurilovca, Valea Nucarilor, Murighiol, Chilia Veche, Mahmudia, Ceamurlia de Jos, Nufăru, Beștepe, Crișan, C.A. Rosetti, Maliuc, Pardina;<br>Zona de litoral a județului Tulcea , respectiv zona localităților: Jurilovca, Sulina, C.A. Rosetti, Sfântu Gheorghe;<br>","zona_nume":"Tulcea - localitati","zone_name":"Tulcea - localitati","display_name":"Tulcea - localitati","localities":["Delta Dunarii","respectiv zona localităților: Sarichioi","Jurilovca","Valea Nucarilor","Murighiol","Chilia Veche","Mahmudia","Ceamurlia de Jos","Nufăru","Beștepe","Crișan","C.A. Rosetti","Maliuc","Pardina"],"geometry_source":"coordGis","match_confidence":"high","interval_text":"","interval_start":"2026-08-08T23:00:00","valid_from":"2026-08-08T23:00:00","valid_to":"2026-08-09T05:00:00","interval_valabilitate_text":"","interval_end":"2026-08-09T05:00:00","data_expirare":"2026-08-09T05:00:00","mesaj_plain":"Intensificări ale vântului cu viteze la rafală de 50...70 km/h.","source_url":"","source_label":"","notes":"","durata_ore":6.0,"zi":"2026-08-09"}}]}